=== RUN   TestAttackLabProductionDecoratorPreservesAdmission
--- PASS: TestAttackLabProductionDecoratorPreservesAdmission (0.00s)
=== RUN   TestAttackLabProductionDecoratorDefaultsCatalogOff
--- PASS: TestAttackLabProductionDecoratorDefaultsCatalogOff (0.00s)
=== RUN   TestAttackLabBrowserAPIProcess
    attack_lab_browser_process_test.go:20: owned browser fixture only
--- SKIP: TestAttackLabBrowserAPIProcess (0.00s)
=== RUN   TestAttackLabDeploymentRenderedAPIConfig
    attack_lab_deployment_config_test.go:15: owned rendered fixture required
--- SKIP: TestAttackLabDeploymentRenderedAPIConfig (0.00s)
=== RUN   TestAttackLabWorkflowConfigurationIsClosed
--- PASS: TestAttackLabWorkflowConfigurationIsClosed (0.00s)
=== RUN   TestAttackLabWorkflowReadinessSharesHealthyFlightWithoutCaching
--- PASS: TestAttackLabWorkflowReadinessSharesHealthyFlightWithoutCaching (0.01s)
=== RUN   TestAttackLabWorkflowReadinessRequiresEveryPrivateService
--- PASS: TestAttackLabWorkflowReadinessRequiresEveryPrivateService (0.02s)
=== RUN   TestAttackLabWorkflowReadinessBoundsRequests
--- PASS: TestAttackLabWorkflowReadinessBoundsRequests (0.10s)
=== RUN   TestAuditExportAWSClientsUseExplicitHistoricalAuthority
--- PASS: TestAuditExportAWSClientsUseExplicitHistoricalAuthority (0.00s)
=== RUN   TestAuditExportAWSClientsRejectInvalidConfiguration
=== RUN   TestAuditExportAWSClientsRejectInvalidConfiguration/disabled
=== RUN   TestAuditExportAWSClientsRejectInvalidConfiguration/role
=== RUN   TestAuditExportAWSClientsRejectInvalidConfiguration/key
=== RUN   TestAuditExportAWSClientsRejectInvalidConfiguration/region
=== RUN   TestAuditExportAWSClientsRejectInvalidConfiguration/late_region
=== RUN   TestAuditExportAWSClientsRejectInvalidConfiguration/timeout
--- PASS: TestAuditExportAWSClientsRejectInvalidConfiguration (0.01s)
    --- PASS: TestAuditExportAWSClientsRejectInvalidConfiguration/disabled (0.00s)
    --- PASS: TestAuditExportAWSClientsRejectInvalidConfiguration/role (0.00s)
    --- PASS: TestAuditExportAWSClientsRejectInvalidConfiguration/key (0.00s)
    --- PASS: TestAuditExportAWSClientsRejectInvalidConfiguration/region (0.00s)
    --- PASS: TestAuditExportAWSClientsRejectInvalidConfiguration/late_region (0.00s)
    --- PASS: TestAuditExportAWSClientsRejectInvalidConfiguration/timeout (0.00s)
=== RUN   TestAuditExportWebIdentitySessionIsClosed
--- PASS: TestAuditExportWebIdentitySessionIsClosed (0.00s)
=== RUN   TestAuditBrowserReaderUsesCachedWebIdentity
--- PASS: TestAuditBrowserReaderUsesCachedWebIdentity (0.03s)
=== RUN   TestAuditBrowserAPIProcess
    audit_export_browser_process_test.go:36: selected owned browser API not requested
--- SKIP: TestAuditBrowserAPIProcess (0.00s)
=== RUN   TestAuditBrowserAPIProcessRejectsForeignDatabase
--- PASS: TestAuditBrowserAPIProcessRejectsForeignDatabase (0.00s)
=== RUN   TestAuditExportRuntimeEnvironment
--- PASS: TestAuditExportRuntimeEnvironment (0.00s)
=== RUN   TestAuditExportRuntimeEnvironmentRejectsPartialOrInvalid
=== RUN   TestAuditExportRuntimeEnvironmentRejectsPartialOrInvalid/ZASP_AUDIT_EXPORT_POLICIES_JSONmissing
=== RUN   TestAuditExportRuntimeEnvironmentRejectsPartialOrInvalid/ZASP_AUDIT_EXPORT_POLICIES_JSONempty
=== RUN   TestAuditExportRuntimeEnvironmentRejectsPartialOrInvalid/ZASP_AUDIT_EXPORT_POLICIES_JSONonly-empty
=== RUN   TestAuditExportRuntimeEnvironmentRejectsPartialOrInvalid/ZASP_AUDIT_EXPORT_READER_ROLE_ARNmissing
=== RUN   TestAuditExportRuntimeEnvironmentRejectsPartialOrInvalid/ZASP_AUDIT_EXPORT_READER_ROLE_ARNempty
=== RUN   TestAuditExportRuntimeEnvironmentRejectsPartialOrInvalid/ZASP_AUDIT_EXPORT_READER_ROLE_ARNonly-empty
=== RUN   TestAuditExportRuntimeEnvironmentRejectsPartialOrInvalid/ZASP_AUDIT_EXPORT_WEB_IDENTITY_TOKEN_FILEmissing
=== RUN   TestAuditExportRuntimeEnvironmentRejectsPartialOrInvalid/ZASP_AUDIT_EXPORT_WEB_IDENTITY_TOKEN_FILEempty
=== RUN   TestAuditExportRuntimeEnvironmentRejectsPartialOrInvalid/ZASP_AUDIT_EXPORT_WEB_IDENTITY_TOKEN_FILEonly-empty
=== RUN   TestAuditExportRuntimeEnvironmentRejectsPartialOrInvalid/ZASP_AUDIT_EXPORT_CURSOR_SIGNING_KEYmissing
=== RUN   TestAuditExportRuntimeEnvironmentRejectsPartialOrInvalid/ZASP_AUDIT_EXPORT_CURSOR_SIGNING_KEYempty
=== RUN   TestAuditExportRuntimeEnvironmentRejectsPartialOrInvalid/ZASP_AUDIT_EXPORT_CURSOR_SIGNING_KEYonly-empty
--- PASS: TestAuditExportRuntimeEnvironmentRejectsPartialOrInvalid (0.01s)
    --- PASS: TestAuditExportRuntimeEnvironmentRejectsPartialOrInvalid/ZASP_AUDIT_EXPORT_POLICIES_JSONmissing (0.00s)
    --- PASS: TestAuditExportRuntimeEnvironmentRejectsPartialOrInvalid/ZASP_AUDIT_EXPORT_POLICIES_JSONempty (0.00s)
    --- PASS: TestAuditExportRuntimeEnvironmentRejectsPartialOrInvalid/ZASP_AUDIT_EXPORT_POLICIES_JSONonly-empty (0.00s)
    --- PASS: TestAuditExportRuntimeEnvironmentRejectsPartialOrInvalid/ZASP_AUDIT_EXPORT_READER_ROLE_ARNmissing (0.00s)
    --- PASS: TestAuditExportRuntimeEnvironmentRejectsPartialOrInvalid/ZASP_AUDIT_EXPORT_READER_ROLE_ARNempty (0.00s)
    --- PASS: TestAuditExportRuntimeEnvironmentRejectsPartialOrInvalid/ZASP_AUDIT_EXPORT_READER_ROLE_ARNonly-empty (0.00s)
    --- PASS: TestAuditExportRuntimeEnvironmentRejectsPartialOrInvalid/ZASP_AUDIT_EXPORT_WEB_IDENTITY_TOKEN_FILEmissing (0.00s)
    --- PASS: TestAuditExportRuntimeEnvironmentRejectsPartialOrInvalid/ZASP_AUDIT_EXPORT_WEB_IDENTITY_TOKEN_FILEempty (0.00s)
    --- PASS: TestAuditExportRuntimeEnvironmentRejectsPartialOrInvalid/ZASP_AUDIT_EXPORT_WEB_IDENTITY_TOKEN_FILEonly-empty (0.00s)
    --- PASS: TestAuditExportRuntimeEnvironmentRejectsPartialOrInvalid/ZASP_AUDIT_EXPORT_CURSOR_SIGNING_KEYmissing (0.00s)
    --- PASS: TestAuditExportRuntimeEnvironmentRejectsPartialOrInvalid/ZASP_AUDIT_EXPORT_CURSOR_SIGNING_KEYempty (0.00s)
    --- PASS: TestAuditExportRuntimeEnvironmentRejectsPartialOrInvalid/ZASP_AUDIT_EXPORT_CURSOR_SIGNING_KEYonly-empty (0.00s)
=== RUN   TestAuditExportRuntimeTypedConfigurationRevalidated
=== RUN   TestAuditExportRuntimeTypedConfigurationRevalidated/bad_bucket
=== RUN   TestAuditExportRuntimeTypedConfigurationRevalidated/zero_key
=== RUN   TestAuditExportRuntimeTypedConfigurationRevalidated/long_key
=== RUN   TestAuditExportRuntimeTypedConfigurationRevalidated/token_path
=== RUN   TestAuditExportRuntimeTypedConfigurationRevalidated/connector_role
=== RUN   TestAuditExportRuntimeTypedConfigurationRevalidated/selector
=== RUN   TestAuditExportRuntimeTypedConfigurationRevalidated/short_key
=== RUN   TestAuditExportRuntimeTypedConfigurationRevalidated/role
=== RUN   TestAuditExportRuntimeTypedConfigurationRevalidated/empty_policies
=== RUN   TestAuditExportRuntimeTypedConfigurationRevalidated/duplicate_policies
=== RUN   TestAuditExportRuntimeTypedConfigurationRevalidated/too_many_policies
--- PASS: TestAuditExportRuntimeTypedConfigurationRevalidated (0.02s)
    --- PASS: TestAuditExportRuntimeTypedConfigurationRevalidated/bad_bucket (0.00s)
    --- PASS: TestAuditExportRuntimeTypedConfigurationRevalidated/zero_key (0.00s)
    --- PASS: TestAuditExportRuntimeTypedConfigurationRevalidated/long_key (0.00s)
    --- PASS: TestAuditExportRuntimeTypedConfigurationRevalidated/token_path (0.00s)
    --- PASS: TestAuditExportRuntimeTypedConfigurationRevalidated/connector_role (0.00s)
    --- PASS: TestAuditExportRuntimeTypedConfigurationRevalidated/selector (0.00s)
    --- PASS: TestAuditExportRuntimeTypedConfigurationRevalidated/short_key (0.00s)
    --- PASS: TestAuditExportRuntimeTypedConfigurationRevalidated/role (0.00s)
    --- PASS: TestAuditExportRuntimeTypedConfigurationRevalidated/empty_policies (0.00s)
    --- PASS: TestAuditExportRuntimeTypedConfigurationRevalidated/duplicate_policies (0.00s)
    --- PASS: TestAuditExportRuntimeTypedConfigurationRevalidated/too_many_policies (0.00s)
=== RUN   TestAuditExportCredentialsRejectInvalidSTSResults
=== RUN   TestAuditExportCredentialsRejectInvalidSTSResults/empty-access
=== RUN   TestAuditExportCredentialsRejectInvalidSTSResults/empty-secret
=== RUN   TestAuditExportCredentialsRejectInvalidSTSResults/empty-session
=== RUN   TestAuditExportCredentialsRejectInvalidSTSResults/missing-expiry
=== RUN   TestAuditExportCredentialsRejectInvalidSTSResults/expired
=== RUN   TestAuditExportCredentialsRejectInvalidSTSResults/cancelled
=== RUN   TestAuditExportCredentialsRejectInvalidSTSResults/deadline
--- PASS: TestAuditExportCredentialsRejectInvalidSTSResults (0.01s)
    --- PASS: TestAuditExportCredentialsRejectInvalidSTSResults/empty-access (0.00s)
    --- PASS: TestAuditExportCredentialsRejectInvalidSTSResults/empty-secret (0.00s)
    --- PASS: TestAuditExportCredentialsRejectInvalidSTSResults/empty-session (0.00s)
    --- PASS: TestAuditExportCredentialsRejectInvalidSTSResults/missing-expiry (0.00s)
    --- PASS: TestAuditExportCredentialsRejectInvalidSTSResults/expired (0.00s)
    --- PASS: TestAuditExportCredentialsRejectInvalidSTSResults/cancelled (0.00s)
    --- PASS: TestAuditExportCredentialsRejectInvalidSTSResults/deadline (0.01s)
=== RUN   TestAuditExportCredentialsRejectInvalidTokenAuthority
=== RUN   TestAuditExportCredentialsRejectInvalidTokenAuthority/relative
=== RUN   TestAuditExportCredentialsRejectInvalidTokenAuthority/unclean
=== RUN   TestAuditExportCredentialsRejectInvalidTokenAuthority/overlong
=== RUN   TestAuditExportCredentialsRejectInvalidTokenAuthority/nul
=== RUN   TestAuditExportCredentialsRejectInvalidTokenAuthority/newline
=== RUN   TestAuditExportCredentialsRejectInvalidTokenAuthority/short
=== RUN   TestAuditExportCredentialsRejectInvalidTokenAuthority/oversize
=== RUN   TestAuditExportCredentialsRejectInvalidTokenAuthority/whitespace
=== RUN   TestAuditExportCredentialsRejectInvalidTokenAuthority/malformed
=== RUN   TestAuditExportCredentialsRejectInvalidTokenAuthority/missing
--- PASS: TestAuditExportCredentialsRejectInvalidTokenAuthority (0.00s)
    --- PASS: TestAuditExportCredentialsRejectInvalidTokenAuthority/relative (0.00s)
    --- PASS: TestAuditExportCredentialsRejectInvalidTokenAuthority/unclean (0.00s)
    --- PASS: TestAuditExportCredentialsRejectInvalidTokenAuthority/overlong (0.00s)
    --- PASS: TestAuditExportCredentialsRejectInvalidTokenAuthority/nul (0.00s)
    --- PASS: TestAuditExportCredentialsRejectInvalidTokenAuthority/newline (0.00s)
    --- PASS: TestAuditExportCredentialsRejectInvalidTokenAuthority/short (0.00s)
    --- PASS: TestAuditExportCredentialsRejectInvalidTokenAuthority/oversize (0.00s)
    --- PASS: TestAuditExportCredentialsRejectInvalidTokenAuthority/whitespace (0.00s)
    --- PASS: TestAuditExportCredentialsRejectInvalidTokenAuthority/malformed (0.00s)
    --- PASS: TestAuditExportCredentialsRejectInvalidTokenAuthority/missing (0.00s)
=== RUN   TestAuditExportCredentialExchangeSignsPinnedS3Reads
--- PASS: TestAuditExportCredentialExchangeSignsPinnedS3Reads (0.00s)
=== RUN   TestAuditExportFactoryRejectsInvalidAuthorityBeforeIO
=== RUN   TestAuditExportFactoryRejectsInvalidAuthorityBeforeIO/build/nil-context
=== RUN   TestAuditExportFactoryRejectsInvalidAuthorityBeforeIO/build/cancelled
=== RUN   TestAuditExportFactoryRejectsInvalidAuthorityBeforeIO/build/invalid-config
=== RUN   TestAuditExportFactoryRejectsInvalidAuthorityBeforeIO/build/nil-factory
=== RUN   TestAuditExportFactoryRejectsInvalidAuthorityBeforeIO/compose/nil-context
=== RUN   TestAuditExportFactoryRejectsInvalidAuthorityBeforeIO/compose/cancelled
=== RUN   TestAuditExportFactoryRejectsInvalidAuthorityBeforeIO/compose/invalid-config
=== RUN   TestAuditExportFactoryRejectsInvalidAuthorityBeforeIO/compose/nil-factory
--- PASS: TestAuditExportFactoryRejectsInvalidAuthorityBeforeIO (0.01s)
    --- PASS: TestAuditExportFactoryRejectsInvalidAuthorityBeforeIO/build/nil-context (0.00s)
    --- PASS: TestAuditExportFactoryRejectsInvalidAuthorityBeforeIO/build/cancelled (0.00s)
    --- PASS: TestAuditExportFactoryRejectsInvalidAuthorityBeforeIO/build/invalid-config (0.00s)
    --- PASS: TestAuditExportFactoryRejectsInvalidAuthorityBeforeIO/build/nil-factory (0.00s)
    --- PASS: TestAuditExportFactoryRejectsInvalidAuthorityBeforeIO/compose/nil-context (0.00s)
    --- PASS: TestAuditExportFactoryRejectsInvalidAuthorityBeforeIO/compose/cancelled (0.00s)
    --- PASS: TestAuditExportFactoryRejectsInvalidAuthorityBeforeIO/compose/invalid-config (0.00s)
    --- PASS: TestAuditExportFactoryRejectsInvalidAuthorityBeforeIO/compose/nil-factory (0.00s)
=== RUN   TestAuditExportFactoryBuildRejectsAuthorityBeforeDatabaseDial
=== RUN   TestAuditExportFactoryBuildRejectsAuthorityBeforeDatabaseDial/invalid-config
=== RUN   TestAuditExportFactoryBuildRejectsAuthorityBeforeDatabaseDial/nil-factory
--- PASS: TestAuditExportFactoryBuildRejectsAuthorityBeforeDatabaseDial (0.00s)
    --- PASS: TestAuditExportFactoryBuildRejectsAuthorityBeforeDatabaseDial/invalid-config (0.00s)
    --- PASS: TestAuditExportFactoryBuildRejectsAuthorityBeforeDatabaseDial/nil-factory (0.00s)
=== RUN   TestAuditExportFactoryFullCompositionCapability
{"event":"correlation_span","name":"repository.query","kind":"client","trace_id":"22a1d7ed7b35a06d224d11b05aae3665","span_id":"4d71379bc2e720c0","status":"ok","duration_ms":0,"attributes":{"db.operation.name":"query","db.system":"postgresql"}}
{"event":"correlation_span","name":"repository.query","kind":"client","trace_id":"c46891d8979ed1797554934f424c86fc","span_id":"16e15fdf6c56837c","status":"ok","duration_ms":0,"attributes":{"db.operation.name":"query","db.system":"postgresql"}}
{"event":"correlation_span","name":"repository.schema","kind":"client","trace_id":"d5f2e879509ab463d2530738842329cb","span_id":"4009c3a685fbe75b","status":"ok","duration_ms":0,"attributes":{"db.operation.name":"schema","db.system":"postgresql"}}
{"event":"correlation_span","name":"repository.schema","kind":"client","trace_id":"01118c48fb96770a7ce8d6293423dfe1","span_id":"b68a6aa944fc2f25","status":"ok","duration_ms":0,"attributes":{"db.operation.name":"schema","db.system":"postgresql"}}
{"event":"correlation_span","name":"repository.query","kind":"client","trace_id":"7d0fdebac91ba1df91e303832efea717","span_id":"cc0f41a8d5628cdd","status":"ok","duration_ms":0,"attributes":{"db.operation.name":"query","db.system":"postgresql"}}
{"event":"correlation_span","name":"repository.query","kind":"client","trace_id":"53cbe79eceadd536c294f886f4b9574d","span_id":"0705fb4c6da45eb3","status":"ok","duration_ms":0,"attributes":{"db.operation.name":"query","db.system":"postgresql"}}
{"event":"correlation_span","name":"repository.schema","kind":"client","trace_id":"9dbddcf535bbac2e2ebeaf3aa0f18225","span_id":"880c7b990ce383e9","status":"ok","duration_ms":0,"attributes":{"db.operation.name":"schema","db.system":"postgresql"}}
{"event":"correlation_span","name":"repository.schema","kind":"client","trace_id":"4f083e97178f8003c7adb06a4ef8296a","span_id":"d8700536b4ab036d","status":"ok","duration_ms":0,"attributes":{"db.operation.name":"schema","db.system":"postgresql"}}
{"event":"correlation_span","name":"repository.query","kind":"client","trace_id":"8bd25248483c115807e7465f7a1aaef3","span_id":"9edd64e5232eff16","status":"ok","duration_ms":0,"attributes":{"db.operation.name":"query","db.system":"postgresql"}}
{"event":"correlation_span","name":"repository.schema","kind":"client","trace_id":"1ab73f95be4e222675b82d3818fe815c","span_id":"3a7baa9ec2fed3c3","status":"ok","duration_ms":0,"attributes":{"db.operation.name":"schema","db.system":"postgresql"}}
{"event":"correlation_span","name":"repository.query","kind":"client","trace_id":"5db41d99a9037bb15555ff0ada6627c1","span_id":"c73c74258908afad","status":"ok","duration_ms":0,"attributes":{"db.operation.name":"query","db.system":"postgresql"}}
{"event":"correlation_span","name":"repository.query","kind":"client","trace_id":"7eda9fe5c5bbb76b22e2c0cec2ad04c5","span_id":"4c5fd7a5c3d407c2","status":"ok","duration_ms":0,"attributes":{"db.operation.name":"query","db.system":"postgresql"}}
{"event":"correlation_span","name":"repository.schema","kind":"client","trace_id":"1e90dfbca55a8ca4eb496a9682184d41","span_id":"172ad516c95b60e5","status":"ok","duration_ms":0,"attributes":{"db.operation.name":"schema","db.system":"postgresql"}}
{"event":"correlation_span","name":"repository.query","kind":"client","trace_id":"7828d8d203f3c1bad231a40d17c2473f","span_id":"39c739886c043764","status":"ok","duration_ms":0,"attributes":{"db.operation.name":"query","db.system":"postgresql"}}
{"event":"correlation_span","name":"repository.schema","kind":"client","trace_id":"29cc50c8a71ba77aab0510a664cecf1b","span_id":"c73c69fcafd093df","status":"ok","duration_ms":0,"attributes":{"db.operation.name":"schema","db.system":"postgresql"}}
{"event":"correlation_span","name":"repository.query","kind":"client","trace_id":"b46803082d28130bac2fce6e50946f7c","span_id":"13c1df60b34a1f7c","status":"ok","duration_ms":0,"attributes":{"db.operation.name":"query","db.system":"postgresql"}}
{"event":"correlation_span","name":"repository.schema","kind":"client","trace_id":"99954fda6aa11ea35a058efb8a7e4861","span_id":"0144a434d3734e8f","status":"ok","duration_ms":0,"attributes":{"db.operation.name":"schema","db.system":"postgresql"}}
{"event":"correlation_span","name":"repository.query","kind":"client","trace_id":"ca728d56dc80a51213675a828f39b966","span_id":"d5cf5383ec8914d0","status":"ok","duration_ms":0,"attributes":{"db.operation.name":"query","db.system":"postgresql"}}
{"event":"correlation_span","name":"repository.query","kind":"client","trace_id":"ee39fadeef2e3c21ed2c4b4407dec774","span_id":"2c40fc2bb5c6b178","parent_span_id":"ea92c7c49b59366c","status":"ok","duration_ms":0,"attributes":{"db.operation.name":"query","db.system":"postgresql"}}
{"event":"correlation_span","name":"repository.query","kind":"client","trace_id":"ee39fadeef2e3c21ed2c4b4407dec774","span_id":"684019b1b0a39169","parent_span_id":"ea92c7c49b59366c","status":"ok","duration_ms":0,"attributes":{"db.operation.name":"query","db.system":"postgresql"}}
{"correlation_id":"pid_f49c0f07-d785-47d0-9703-aaa917cc46ce","duration_ms":0,"event":"http_request","method":"GET","route":"/api/v1/session/:resource","severity":"INFO","span_id":"ea92c7c49b59366c","status":200,"timestamp":"2026-10-06T02:07:03.357357723Z","trace_id":"ee39fadeef2e3c21ed2c4b4407dec774"}
{"event":"correlation_span","name":"http.request","kind":"server","trace_id":"ee39fadeef2e3c21ed2c4b4407dec774","span_id":"ea92c7c49b59366c","parent_span_id":"ec44de0e1838142b","status":"ok","duration_ms":0,"attributes":{"http.request.method":"GET","http.response.status_code":"200","http.route":"/api/v1/session/:resource"}}
{"event":"correlation_span","name":"repository.query","kind":"client","trace_id":"6886ca91cee41ab1e66b07d1dc6c89aa","span_id":"55947d18f2fd6ab7","status":"ok","duration_ms":0,"attributes":{"db.operation.name":"query","db.system":"postgresql"}}
{"event":"correlation_span","name":"repository.query","kind":"client","trace_id":"d7cd2109cef08fec09269c599aa75426","span_id":"197bb8ab4674e675","status":"ok","duration_ms":0,"attributes":{"db.operation.name":"query","db.system":"postgresql"}}
{"event":"correlation_span","name":"repository.schema","kind":"client","trace_id":"bacf7b31c2877ecd3b1d8a64cb0e6277","span_id":"063ba464535c4185","status":"ok","duration_ms":0,"attributes":{"db.operation.name":"schema","db.system":"postgresql"}}
{"event":"correlation_span","name":"repository.schema","kind":"client","trace_id":"cf09dd253178e33d5213f80fee57371e","span_id":"43669e12a4eb507d","status":"ok","duration_ms":0,"attributes":{"db.operation.name":"schema","db.system":"postgresql"}}
{"event":"correlation_span","name":"repository.query","kind":"client","trace_id":"34b53fd45156a8ba66d7c5cc1f200f6f","span_id":"13a95986966981aa","status":"ok","duration_ms":0,"attributes":{"db.operation.name":"query","db.system":"postgresql"}}
{"event":"correlation_span","name":"repository.query","kind":"client","trace_id":"d762b7a74077b238c8477b106ece33f5","span_id":"2e88f6bdff517a4d","status":"ok","duration_ms":0,"attributes":{"db.operation.name":"query","db.system":"postgresql"}}
{"event":"correlation_span","name":"repository.schema","kind":"client","trace_id":"e196ce6c4220084ddc8c321aa5335299","span_id":"d2761d13b5267608","status":"ok","duration_ms":0,"attributes":{"db.operation.name":"schema","db.system":"postgresql"}}
{"event":"correlation_span","name":"repository.schema","kind":"client","trace_id":"1615c59736c356e4d6c36dc5136c6ddf","span_id":"6e787e02263ad1fd","status":"ok","duration_ms":0,"attributes":{"db.operation.name":"schema","db.system":"postgresql"}}
{"event":"correlation_span","name":"repository.query","kind":"client","trace_id":"881d0e8c799d183486bf0788578f3f66","span_id":"9dc1db6793adc7b7","status":"ok","duration_ms":0,"attributes":{"db.operation.name":"query","db.system":"postgresql"}}
{"event":"correlation_span","name":"repository.schema","kind":"client","trace_id":"bd6297f7d2c96b93ec95b88ebaba4e7d","span_id":"1176175eefbc92d0","status":"ok","duration_ms":0,"attributes":{"db.operation.name":"schema","db.system":"postgresql"}}
{"event":"correlation_span","name":"repository.query","kind":"client","trace_id":"a070c974a6a12f9a4f4fd8c13371875d","span_id":"75b89faea55133c4","status":"ok","duration_ms":0,"attributes":{"db.operation.name":"query","db.system":"postgresql"}}
{"event":"correlation_span","name":"repository.query","kind":"client","trace_id":"53dc98b41ae112858790ee52ef253ed2","span_id":"8a9eb12128900b5e","status":"ok","duration_ms":0,"attributes":{"db.operation.name":"query","db.system":"postgresql"}}
{"event":"correlation_span","name":"repository.schema","kind":"client","trace_id":"fab32058bcca107bafb8ab165a353255","span_id":"e3fc9834ff4e4e2f","status":"ok","duration_ms":0,"attributes":{"db.operation.name":"schema","db.system":"postgresql"}}
{"event":"correlation_span","name":"repository.query","kind":"client","trace_id":"abf225c433cb70182b2c33015112f4b0","span_id":"243ede81b3c6995e","status":"ok","duration_ms":0,"attributes":{"db.operation.name":"query","db.system":"postgresql"}}
{"event":"correlation_span","name":"repository.schema","kind":"client","trace_id":"d1e03f3c5f145b78c50d8ed9fa6d9fa2","span_id":"6e696b055fbe5361","status":"ok","duration_ms":0,"attributes":{"db.operation.name":"schema","db.system":"postgresql"}}
{"event":"correlation_span","name":"repository.query","kind":"client","trace_id":"8df37762c353ea3c13b02f71dfa66af0","span_id":"cc94e62850e77312","status":"ok","duration_ms":0,"attributes":{"db.operation.name":"query","db.system":"postgresql"}}
{"event":"correlation_span","name":"repository.schema","kind":"client","trace_id":"cc30a8c7cf3b0d3b34de072d03326197","span_id":"9da6e743e2a0b7e5","status":"ok","duration_ms":0,"attributes":{"db.operation.name":"schema","db.system":"postgresql"}}
{"event":"correlation_span","name":"repository.query","kind":"client","trace_id":"40ff46e9a595a603a34c25dac0ff972d","span_id":"d248405d7643e31b","status":"ok","duration_ms":0,"attributes":{"db.operation.name":"query","db.system":"postgresql"}}
{"event":"correlation_span","name":"repository.query","kind":"client","trace_id":"29a1a20418f2c37cd1828cbd6e715ac5","span_id":"90d3a907eac8d7e2","parent_span_id":"8fb1702118f9208a","status":"ok","duration_ms":0,"attributes":{"db.operation.name":"query","db.system":"postgresql"}}
{"event":"correlation_span","name":"repository.query","kind":"client","trace_id":"29a1a20418f2c37cd1828cbd6e715ac5","span_id":"91f0b0d6961db406","parent_span_id":"8fb1702118f9208a","status":"ok","duration_ms":0,"attributes":{"db.operation.name":"query","db.system":"postgresql"}}
{"correlation_id":"pid_75c56fe0-2b23-4955-8277-c50955896687","duration_ms":0,"event":"http_request","method":"GET","route":"/api/v1/session/:resource","severity":"INFO","span_id":"8fb1702118f9208a","status":200,"timestamp":"2026-10-06T02:07:03.365081617Z","trace_id":"29a1a20418f2c37cd1828cbd6e715ac5"}
{"event":"correlation_span","name":"http.request","kind":"server","trace_id":"29a1a20418f2c37cd1828cbd6e715ac5","span_id":"8fb1702118f9208a","parent_span_id":"ab8b8a690ecdadd2","status":"ok","duration_ms":0,"attributes":{"http.request.method":"GET","http.response.status_code":"200","http.route":"/api/v1/session/:resource"}}
{"event":"correlation_span","name":"repository.query","kind":"client","trace_id":"d5dbc685b079ea662cbf7f5a7eeb3552","span_id":"3d4f1c343795c26e","status":"ok","duration_ms":0,"attributes":{"db.operation.name":"query","db.system":"postgresql"}}
{"event":"correlation_span","name":"repository.query","kind":"client","trace_id":"320f348c2cbc3db2eb2a8cd6b98b87a4","span_id":"abcb1409ccd93649","status":"ok","duration_ms":0,"attributes":{"db.operation.name":"query","db.system":"postgresql"}}
{"event":"correlation_span","name":"repository.schema","kind":"client","trace_id":"6fff88a73ce479af12c56da3beaa0801","span_id":"d8ed073754de351c","status":"ok","duration_ms":0,"attributes":{"db.operation.name":"schema","db.system":"postgresql"}}
{"event":"correlation_span","name":"repository.schema","kind":"client","trace_id":"2eaf233220d485105142362459e2b99d","span_id":"e736b241d5a11773","status":"ok","duration_ms":0,"attributes":{"db.operation.name":"schema","db.system":"postgresql"}}
{"event":"correlation_span","name":"repository.query","kind":"client","trace_id":"4957a3ffc761d0f783b1f91884c5f6fb","span_id":"7abb480bfb4f4591","status":"ok","duration_ms":0,"attributes":{"db.operation.name":"query","db.system":"postgresql"}}
{"event":"correlation_span","name":"repository.query","kind":"client","trace_id":"e9e793b19089d7ba80bfcf6750388946","span_id":"2d727e9af97e3a7b","status":"ok","duration_ms":0,"attributes":{"db.operation.name":"query","db.system":"postgresql"}}
{"event":"correlation_span","name":"repository.schema","kind":"client","trace_id":"45a12103fac8760750deac8bc5739a4e","span_id":"1fb2c6fc4ca8d1e5","status":"ok","duration_ms":0,"attributes":{"db.operation.name":"schema","db.system":"postgresql"}}
{"event":"correlation_span","name":"repository.schema","kind":"client","trace_id":"faacdb58bdd07d46d082a4824337d678","span_id":"81fb97fbb85dcabb","status":"ok","duration_ms":0,"attributes":{"db.operation.name":"schema","db.system":"postgresql"}}
{"event":"correlation_span","name":"repository.query","kind":"client","trace_id":"f34a48c2a25234fdec9790bf37733e8b","span_id":"81ba176d0351ce11","status":"ok","duration_ms":0,"attributes":{"db.operation.name":"query","db.system":"postgresql"}}
{"event":"correlation_span","name":"repository.schema","kind":"client","trace_id":"c9de749523341c9937fd710fda96a10b","span_id":"f05a9ae3ad4c2cbb","status":"ok","duration_ms":0,"attributes":{"db.operation.name":"schema","db.system":"postgresql"}}
{"event":"correlation_span","name":"repository.query","kind":"client","trace_id":"9dc77042ca9dafa0521f6882887c02f8","span_id":"feba84c09e3032ef","status":"ok","duration_ms":0,"attributes":{"db.operation.name":"query","db.system":"postgresql"}}
{"event":"correlation_span","name":"repository.query","kind":"client","trace_id":"d4ce0d1dbac86358a87a341b009e0177","span_id":"bc14d71e02c29bbb","status":"ok","duration_ms":0,"attributes":{"db.operation.name":"query","db.system":"postgresql"}}
{"event":"correlation_span","name":"repository.schema","kind":"client","trace_id":"18fafaedd6092700ec84d11f5648e90a","span_id":"85e83f155f03132b","status":"ok","duration_ms":0,"attributes":{"db.operation.name":"schema","db.system":"postgresql"}}
{"event":"correlation_span","name":"repository.query","kind":"client","trace_id":"761ee321dca2e9622112dee1cd2a2dbd","span_id":"78feb1c8d09ff7ae","status":"ok","duration_ms":0,"attributes":{"db.operation.name":"query","db.system":"postgresql"}}
{"event":"correlation_span","name":"repository.query","kind":"client","trace_id":"979a0ba11b8c99104e1b4d5770a8311f","span_id":"aa9b44263281f7cc","status":"ok","duration_ms":0,"attributes":{"db.operation.name":"query","db.system":"postgresql"}}
{"event":"correlation_span","name":"repository.schema","kind":"client","trace_id":"38985c2ba8e5bcdead06f08264a2026c","span_id":"97a5cf67cf77331c","status":"ok","duration_ms":0,"attributes":{"db.operation.name":"schema","db.system":"postgresql"}}
{"event":"correlation_span","name":"repository.query","kind":"client","trace_id":"d47ba0c6878eb4bff65455ecfe031684","span_id":"43127844abbf5815","status":"ok","duration_ms":0,"attributes":{"db.operation.name":"query","db.system":"postgresql"}}
{"event":"correlation_span","name":"repository.schema","kind":"client","trace_id":"2517592e7ab54899b5476e2ba5cbc952","span_id":"2d3858a4f811b9c3","status":"ok","duration_ms":0,"attributes":{"db.operation.name":"schema","db.system":"postgresql"}}
{"event":"correlation_span","name":"repository.query","kind":"client","trace_id":"8e846f870a01a28d2bec48cbbc000d43","span_id":"1a047940fcd8ae54","status":"ok","duration_ms":0,"attributes":{"db.operation.name":"query","db.system":"postgresql"}}
{"event":"correlation_span","name":"repository.schema","kind":"client","trace_id":"fe2f101a55219d2d9235a564d03c246d","span_id":"7bc61fc68715bd2a","status":"ok","duration_ms":0,"attributes":{"db.operation.name":"schema","db.system":"postgresql"}}
{"event":"correlation_span","name":"repository.query","kind":"client","trace_id":"c27730538da228326c378216a86be02a","span_id":"eb8ad0bd22ff98b9","status":"ok","duration_ms":0,"attributes":{"db.operation.name":"query","db.system":"postgresql"}}
{"event":"correlation_span","name":"repository.query","kind":"client","trace_id":"3c45db8f7d4abe82c62dae150f3040f0","span_id":"7422d4f1c558251e","parent_span_id":"86bb772f7cc29da7","status":"ok","duration_ms":0,"attributes":{"db.operation.name":"query","db.system":"postgresql"}}
{"event":"correlation_span","name":"repository.query","kind":"client","trace_id":"3c45db8f7d4abe82c62dae150f3040f0","span_id":"2cc4e038bc85e0a5","parent_span_id":"86bb772f7cc29da7","status":"ok","duration_ms":0,"attributes":{"db.operation.name":"query","db.system":"postgresql"}}
{"correlation_id":"pid_727ba824-5609-48b3-9940-1dabc65f3ca2","duration_ms":0,"event":"http_request","method":"GET","route":"/api/v1/session/:resource","severity":"INFO","span_id":"86bb772f7cc29da7","status":200,"timestamp":"2026-10-06T02:07:03.392746259Z","trace_id":"3c45db8f7d4abe82c62dae150f3040f0"}
{"event":"correlation_span","name":"http.request","kind":"server","trace_id":"3c45db8f7d4abe82c62dae150f3040f0","span_id":"86bb772f7cc29da7","parent_span_id":"614b607f3cc97035","status":"ok","duration_ms":0,"attributes":{"http.request.method":"GET","http.response.status_code":"200","http.route":"/api/v1/session/:resource"}}
{"event":"correlation_span","name":"repository.query","kind":"client","trace_id":"80943ee4f3ab09305418daacfc0cfdb6","span_id":"6a58a45a9bd9e826","status":"ok","duration_ms":0,"attributes":{"db.operation.name":"query","db.system":"postgresql"}}
{"event":"correlation_span","name":"repository.query","kind":"client","trace_id":"3e1548c5045f4988ba5ca80fe147ba74","span_id":"1ef2af531a5fc84e","status":"ok","duration_ms":0,"attributes":{"db.operation.name":"query","db.system":"postgresql"}}
{"event":"correlation_span","name":"repository.schema","kind":"client","trace_id":"b43166afedec98a364f1cfed5d2c1b30","span_id":"1e3082035fce792a","status":"ok","duration_ms":0,"attributes":{"db.operation.name":"schema","db.system":"postgresql"}}
{"event":"correlation_span","name":"repository.schema","kind":"client","trace_id":"d97531ee7bd320f0e9f209e95a092fee","span_id":"9c3e18de54e23a63","status":"ok","duration_ms":0,"attributes":{"db.operation.name":"schema","db.system":"postgresql"}}
{"event":"correlation_span","name":"repository.query","kind":"client","trace_id":"f9887a837083f2d4e7d4d21395dbae81","span_id":"6e113555da2f51a5","status":"ok","duration_ms":0,"attributes":{"db.operation.name":"query","db.system":"postgresql"}}
{"event":"correlation_span","name":"repository.query","kind":"client","trace_id":"84b52c213e9f738ac162278c2ee8114a","span_id":"20cfdc00b171311c","status":"ok","duration_ms":0,"attributes":{"db.operation.name":"query","db.system":"postgresql"}}
{"event":"correlation_span","name":"repository.schema","kind":"client","trace_id":"9415e821c3f6cb97da52008b983ccfbf","span_id":"10e6a33c1098732e","status":"ok","duration_ms":0,"attributes":{"db.operation.name":"schema","db.system":"postgresql"}}
{"event":"correlation_span","name":"repository.schema","kind":"client","trace_id":"ef9be47e8f8ce243109a36fb27313fe7","span_id":"673411f736842550","status":"ok","duration_ms":0,"attributes":{"db.operation.name":"schema","db.system":"postgresql"}}
{"event":"correlation_span","name":"repository.query","kind":"client","trace_id":"83e028660595e6948bf3af13bdd93377","span_id":"799126f844da83aa","status":"ok","duration_ms":0,"attributes":{"db.operation.name":"query","db.system":"postgresql"}}
{"event":"correlation_span","name":"repository.schema","kind":"client","trace_id":"d6ca551d42f3ac30b77632c7089599d5","span_id":"5604256462175f3f","status":"ok","duration_ms":0,"attributes":{"db.operation.name":"schema","db.system":"postgresql"}}
{"event":"correlation_span","name":"repository.query","kind":"client","trace_id":"d5750d3ec1a8de422086c5fc3ad9b81a","span_id":"168624a0e9acbbc5","status":"ok","duration_ms":0,"attributes":{"db.operation.name":"query","db.system":"postgresql"}}
{"event":"correlation_span","name":"repository.query","kind":"client","trace_id":"0f8c313b5fd101768e309df94b7e0f7e","span_id":"1ab88d8771822c2b","status":"ok","duration_ms":0,"attributes":{"db.operation.name":"query","db.system":"postgresql"}}
{"event":"correlation_span","name":"repository.schema","kind":"client","trace_id":"aa688e5adc6629de25226a86c60d7450","span_id":"241db967125884df","status":"ok","duration_ms":0,"attributes":{"db.operation.name":"schema","db.system":"postgresql"}}
{"event":"correlation_span","name":"repository.query","kind":"client","trace_id":"ab682cb7782b542644603b57b8ea999a","span_id":"0158c07be0cf59c3","status":"ok","duration_ms":0,"attributes":{"db.operation.name":"query","db.system":"postgresql"}}
{"event":"correlation_span","name":"repository.query","kind":"client","trace_id":"e29f4d779f833448232816e617428f47","span_id":"ac0198f58999c4c4","status":"ok","duration_ms":0,"attributes":{"db.operation.name":"query","db.system":"postgresql"}}
{"event":"correlation_span","name":"repository.schema","kind":"client","trace_id":"48bd1e7858cf4379e611122558eeee46","span_id":"c31eea7a200cb283","status":"ok","duration_ms":0,"attributes":{"db.operation.name":"schema","db.system":"postgresql"}}
{"event":"correlation_span","name":"repository.query","kind":"client","trace_id":"17dd0288112036f4ba2bb64e7ae5daa7","span_id":"16540f115c68b505","status":"ok","duration_ms":0,"attributes":{"db.operation.name":"query","db.system":"postgresql"}}
{"event":"correlation_span","name":"repository.schema","kind":"client","trace_id":"8a1f84f61e0e418d09b276a8a9f76df1","span_id":"2029c87d4623f9db","status":"ok","duration_ms":0,"attributes":{"db.operation.name":"schema","db.system":"postgresql"}}
{"event":"correlation_span","name":"repository.query","kind":"client","trace_id":"aeb8832e400aab69a3448a855f6b0ea8","span_id":"8731211300cb9842","status":"ok","duration_ms":0,"attributes":{"db.operation.name":"query","db.system":"postgresql"}}
{"event":"correlation_span","name":"repository.schema","kind":"client","trace_id":"bfa193966e11fcbf4d4fbc9531dc386b","span_id":"a8fecf8fbe676ee4","status":"ok","duration_ms":0,"attributes":{"db.operation.name":"schema","db.system":"postgresql"}}
{"event":"correlation_span","name":"repository.query","kind":"client","trace_id":"f526c39da5b51c7cba895800ee0c601e","span_id":"80868cd3326be6bf","status":"ok","duration_ms":0,"attributes":{"db.operation.name":"query","db.system":"postgresql"}}
{"event":"correlation_span","name":"repository.query","kind":"client","trace_id":"e462b2085357ad1e0a152d58b404026f","span_id":"143d338ee7736c51","parent_span_id":"9dc06643341111b2","status":"ok","duration_ms":0,"attributes":{"db.operation.name":"query","db.system":"postgresql"}}
{"event":"correlation_span","name":"repository.query","kind":"client","trace_id":"e462b2085357ad1e0a152d58b404026f","span_id":"72afc5232c978fba","parent_span_id":"9dc06643341111b2","status":"ok","duration_ms":0,"attributes":{"db.operation.name":"query","db.system":"postgresql"}}
{"correlation_id":"pid_776df161-12db-4552-8106-31a407dd5e6c","duration_ms":0,"event":"http_request","method":"GET","route":"/api/v1/session/:resource","severity":"INFO","span_id":"9dc06643341111b2","status":200,"timestamp":"2026-10-06T02:07:03.421067485Z","trace_id":"e462b2085357ad1e0a152d58b404026f"}
{"event":"correlation_span","name":"http.request","kind":"server","trace_id":"e462b2085357ad1e0a152d58b404026f","span_id":"9dc06643341111b2","parent_span_id":"0342b1c8f0cc0e5c","status":"ok","duration_ms":0,"attributes":{"http.request.method":"GET","http.response.status_code":"200","http.route":"/api/v1/session/:resource"}}
--- PASS: TestAuditExportFactoryFullCompositionCapability (0.08s)
=== RUN   TestAuditExportFactoryOwnsReturnedTransport
=== RUN   TestAuditExportFactoryOwnsReturnedTransport/factory-error
{"event":"correlation_span","name":"repository.query","kind":"client","trace_id":"092a5a2f45cafe3c3fb7a2af5d684d52","span_id":"a8cf44591eb67b33","status":"ok","duration_ms":0,"attributes":{"db.operation.name":"query","db.system":"postgresql"}}
{"event":"correlation_span","name":"repository.query","kind":"client","trace_id":"c9cad456ff2316f6c7a78cea0febef3b","span_id":"38c252e46c260483","status":"ok","duration_ms":0,"attributes":{"db.operation.name":"query","db.system":"postgresql"}}
{"event":"correlation_span","name":"repository.schema","kind":"client","trace_id":"18a81d7f16d2742c6750b4e0b2c8d1c5","span_id":"c54d1d31ee3b532c","status":"ok","duration_ms":0,"attributes":{"db.operation.name":"schema","db.system":"postgresql"}}
{"event":"correlation_span","name":"repository.schema","kind":"client","trace_id":"d68d7b47f8dc8758311be1d63f755cee","span_id":"e266a372f0584a02","status":"ok","duration_ms":0,"attributes":{"db.operation.name":"schema","db.system":"postgresql"}}
{"event":"correlation_span","name":"repository.query","kind":"client","trace_id":"709f61c3fd7074f35a1ebfbafa5bb7a1","span_id":"80d6b7004c9a30c5","status":"ok","duration_ms":0,"attributes":{"db.operation.name":"query","db.system":"postgresql"}}
{"event":"correlation_span","name":"repository.query","kind":"client","trace_id":"5595ac94b39ff88110f89c514bc82ecb","span_id":"f7e92b19dfac9436","status":"ok","duration_ms":0,"attributes":{"db.operation.name":"query","db.system":"postgresql"}}
{"event":"correlation_span","name":"repository.schema","kind":"client","trace_id":"971eae836e5abf3d3cacdb35e73523bd","span_id":"9f88ae89460554aa","status":"ok","duration_ms":0,"attributes":{"db.operation.name":"schema","db.system":"postgresql"}}
{"event":"correlation_span","name":"repository.schema","kind":"client","trace_id":"8d7921888487619415bf2b9b46644d50","span_id":"21ad877c699af70d","status":"ok","duration_ms":0,"attributes":{"db.operation.name":"schema","db.system":"postgresql"}}
{"event":"correlation_span","name":"repository.query","kind":"client","trace_id":"b46dc4d376f9d173d7c6a5e23aea21bd","span_id":"c1a715b7aedc08ab","status":"ok","duration_ms":0,"attributes":{"db.operation.name":"query","db.system":"postgresql"}}
=== RUN   TestAuditExportFactoryOwnsReturnedTransport/readiness-error
{"event":"correlation_span","name":"repository.query","kind":"client","trace_id":"4e25bdc90e0c2e0359aa6f2f1f9b1843","span_id":"86a66c1893f1dae9","status":"ok","duration_ms":0,"attributes":{"db.operation.name":"query","db.system":"postgresql"}}
{"event":"correlation_span","name":"repository.query","kind":"client","trace_id":"9d0194b7ad31df7fc639381af9247031","span_id":"1e046a9383138f38","status":"ok","duration_ms":0,"attributes":{"db.operation.name":"query","db.system":"postgresql"}}
{"event":"correlation_span","name":"repository.schema","kind":"client","trace_id":"7a28e114672fd4ff32d830fe9eb07372","span_id":"126167587c1e9361","status":"ok","duration_ms":0,"attributes":{"db.operation.name":"schema","db.system":"postgresql"}}
{"event":"correlation_span","name":"repository.schema","kind":"client","trace_id":"41ad15724484ab7bb8a8076d4eba9d47","span_id":"82548b769fcf74d7","status":"ok","duration_ms":0,"attributes":{"db.operation.name":"schema","db.system":"postgresql"}}
{"event":"correlation_span","name":"repository.query","kind":"client","trace_id":"af2162fbef6dcbeafb776ec045c1d1ed","span_id":"0b5fee1812a66d78","status":"ok","duration_ms":0,"attributes":{"db.operation.name":"query","db.system":"postgresql"}}
{"event":"correlation_span","name":"repository.query","kind":"client","trace_id":"6d781baeaee64977515fd579513b9b7d","span_id":"9463cd65892ef349","status":"ok","duration_ms":0,"attributes":{"db.operation.name":"query","db.system":"postgresql"}}
{"event":"correlation_span","name":"repository.schema","kind":"client","trace_id":"72dd7873032b275bff01c3b4ab2cf5d6","span_id":"5d7f56c7913fe6aa","status":"ok","duration_ms":0,"attributes":{"db.operation.name":"schema","db.system":"postgresql"}}
{"event":"correlation_span","name":"repository.schema","kind":"client","trace_id":"ad584a093bf1aa6e335df9166a5973f7","span_id":"d4cebed26aa87fe4","status":"ok","duration_ms":0,"attributes":{"db.operation.name":"schema","db.system":"postgresql"}}
{"event":"correlation_span","name":"repository.query","kind":"client","trace_id":"719d9776eb73c7357689e13238090836","span_id":"198b0f9bc55e16d5","status":"ok","duration_ms":0,"attributes":{"db.operation.name":"query","db.system":"postgresql"}}
{"event":"correlation_span","name":"repository.schema","kind":"client","trace_id":"a939f538987a8fcee73dc38e9242619a","span_id":"a7c5f71048015035","status":"ok","duration_ms":0,"attributes":{"db.operation.name":"schema","db.system":"postgresql"}}
{"event":"correlation_span","name":"repository.query","kind":"client","trace_id":"0e781de126062e4603dfac15c8ea221d","span_id":"4953d96d5d9427d3","status":"ok","duration_ms":0,"attributes":{"db.operation.name":"query","db.system":"postgresql"}}
=== RUN   TestAuditExportFactoryOwnsReturnedTransport/late-cancellation
{"event":"correlation_span","name":"repository.query","kind":"client","trace_id":"0b0461422848abc03934dac6c5008ada","span_id":"64dee9624bd44b98","status":"ok","duration_ms":0,"attributes":{"db.operation.name":"query","db.system":"postgresql"}}
{"event":"correlation_span","name":"repository.query","kind":"client","trace_id":"97c7b17cee92434b504a51075fccc1f6","span_id":"5bd7387d2db930b9","status":"ok","duration_ms":0,"attributes":{"db.operation.name":"query","db.system":"postgresql"}}
{"event":"correlation_span","name":"repository.schema","kind":"client","trace_id":"6c0c9aa6e50b3c7faa210b97805ffdcb","span_id":"b7625931d961e801","status":"ok","duration_ms":0,"attributes":{"db.operation.name":"schema","db.system":"postgresql"}}
{"event":"correlation_span","name":"repository.schema","kind":"client","trace_id":"8b8fcbadb3522f0b70bc285a395d645e","span_id":"b0917bbb1837c483","status":"ok","duration_ms":0,"attributes":{"db.operation.name":"schema","db.system":"postgresql"}}
{"event":"correlation_span","name":"repository.query","kind":"client","trace_id":"fbdceacfbecf7e3709005faf3d2eba5d","span_id":"eaffac219d0bc1d8","status":"ok","duration_ms":0,"attributes":{"db.operation.name":"query","db.system":"postgresql"}}
{"event":"correlation_span","name":"repository.query","kind":"client","trace_id":"8f0df41499ae1dc5a7fec2602d790032","span_id":"48f4e505ed9dc28e","status":"ok","duration_ms":0,"attributes":{"db.operation.name":"query","db.system":"postgresql"}}
{"event":"correlation_span","name":"repository.schema","kind":"client","trace_id":"620c4a94e3bd6e841843b27e60ab734d","span_id":"e1b30d9c99f6b4ca","status":"ok","duration_ms":0,"attributes":{"db.operation.name":"schema","db.system":"postgresql"}}
{"event":"correlation_span","name":"repository.schema","kind":"client","trace_id":"aec8c669fca0e2ddfe01371e00127a9f","span_id":"033ae5016e41371b","status":"ok","duration_ms":0,"attributes":{"db.operation.name":"schema","db.system":"postgresql"}}
{"event":"correlation_span","name":"repository.query","kind":"client","trace_id":"693e8290f4a0e81e4ee6d13b93d3ce24","span_id":"dd522e0ecd814dbb","status":"ok","duration_ms":0,"attributes":{"db.operation.name":"query","db.system":"postgresql"}}
{"event":"correlation_span","name":"repository.schema","kind":"client","trace_id":"5a6c8705ed520a69735eddacad5a7592","span_id":"defdcdb58999b262","status":"ok","duration_ms":0,"attributes":{"db.operation.name":"schema","db.system":"postgresql"}}
{"event":"correlation_span","name":"repository.query","kind":"client","trace_id":"d0386a0b38ed015cd92955e63d23a6db","span_id":"2addbf2959cf2199","status":"ok","duration_ms":0,"attributes":{"db.operation.name":"query","db.system":"postgresql"}}
{"event":"correlation_span","name":"repository.query","kind":"client","trace_id":"ac20209607c3bcf3081f84bd4e8ae2d2","span_id":"32fa089ec883af1e","status":"ok","duration_ms":0,"attributes":{"db.operation.name":"query","db.system":"postgresql"}}
=== RUN   TestAuditExportFactoryOwnsReturnedTransport/empty-storage
{"event":"correlation_span","name":"repository.query","kind":"client","trace_id":"f5e5780fb6f0bad931a52c490b7ab7da","span_id":"75f1aff13f1ee5c8","status":"ok","duration_ms":0,"attributes":{"db.operation.name":"query","db.system":"postgresql"}}
{"event":"correlation_span","name":"repository.query","kind":"client","trace_id":"c5831fe5ad20c5fd6ade952abc96004d","span_id":"18954dbfc9bcc70f","status":"ok","duration_ms":0,"attributes":{"db.operation.name":"query","db.system":"postgresql"}}
{"event":"correlation_span","name":"repository.schema","kind":"client","trace_id":"7a56b5f1f8716c4049db86ca07227f2c","span_id":"6e1365426712f15d","status":"ok","duration_ms":0,"attributes":{"db.operation.name":"schema","db.system":"postgresql"}}
{"event":"correlation_span","name":"repository.schema","kind":"client","trace_id":"7050fee8e6f7540655382dfe1a2058c5","span_id":"2d9ab2fc32f29f97","status":"ok","duration_ms":0,"attributes":{"db.operation.name":"schema","db.system":"postgresql"}}
{"event":"correlation_span","name":"repository.query","kind":"client","trace_id":"5485d6e227b8c15eaf9f6fb6dda7677d","span_id":"b62f6378a71e2d81","status":"ok","duration_ms":0,"attributes":{"db.operation.name":"query","db.system":"postgresql"}}
{"event":"correlation_span","name":"repository.query","kind":"client","trace_id":"9bdb11749a2c4388f766f850f84167c1","span_id":"b5ba1566f4030253","status":"ok","duration_ms":0,"attributes":{"db.operation.name":"query","db.system":"postgresql"}}
{"event":"correlation_span","name":"repository.schema","kind":"client","trace_id":"7f38a96d94fee165d8fe1f3fb74a4356","span_id":"a9981954981878ce","status":"ok","duration_ms":0,"attributes":{"db.operation.name":"schema","db.system":"postgresql"}}
{"event":"correlation_span","name":"repository.schema","kind":"client","trace_id":"25b24464b072d9cd5d23b9c6a5e86e78","span_id":"04b9f00c0e9b21a8","status":"ok","duration_ms":0,"attributes":{"db.operation.name":"schema","db.system":"postgresql"}}
{"event":"correlation_span","name":"repository.query","kind":"client","trace_id":"835970c82525e91e5e6e1070b1c90aaf","span_id":"f384196352a82e13","status":"ok","duration_ms":0,"attributes":{"db.operation.name":"query","db.system":"postgresql"}}
=== RUN   TestAuditExportFactoryOwnsReturnedTransport/malformed-storage
{"event":"correlation_span","name":"repository.query","kind":"client","trace_id":"f82ca151361cec7131d7059217895f84","span_id":"7e34d8160c4207d4","status":"ok","duration_ms":0,"attributes":{"db.operation.name":"query","db.system":"postgresql"}}
{"event":"correlation_span","name":"repository.query","kind":"client","trace_id":"694ea9d63984a41f781d2750a5626620","span_id":"9d19ddb84e9b82d9","status":"ok","duration_ms":0,"attributes":{"db.operation.name":"query","db.system":"postgresql"}}
{"event":"correlation_span","name":"repository.schema","kind":"client","trace_id":"0d5f3899382ae8c67f074109c0ddf792","span_id":"3384ca8d4c1753f7","status":"ok","duration_ms":0,"attributes":{"db.operation.name":"schema","db.system":"postgresql"}}
{"event":"correlation_span","name":"repository.schema","kind":"client","trace_id":"223d47fb2740a6c3060ad3dc4d9a8fe9","span_id":"d13d9e041413151a","status":"ok","duration_ms":0,"attributes":{"db.operation.name":"schema","db.system":"postgresql"}}
{"event":"correlation_span","name":"repository.query","kind":"client","trace_id":"185da75d5798053881d26a9349cb9417","span_id":"da563411bcc3a405","status":"ok","duration_ms":0,"attributes":{"db.operation.name":"query","db.system":"postgresql"}}
{"event":"correlation_span","name":"repository.query","kind":"client","trace_id":"4c6e708b4f9b45990599e534c433f640","span_id":"490bfb1c916adde4","status":"ok","duration_ms":0,"attributes":{"db.operation.name":"query","db.system":"postgresql"}}
{"event":"correlation_span","name":"repository.schema","kind":"client","trace_id":"4ff639af3cc4d3d70653fbb75a4857d0","span_id":"06fbe2db4079b523","status":"ok","duration_ms":0,"attributes":{"db.operation.name":"schema","db.system":"postgresql"}}
{"event":"correlation_span","name":"repository.schema","kind":"client","trace_id":"970700f3db2c5f1d08d39247901f0eae","span_id":"df2b8e18db90683b","status":"ok","duration_ms":0,"attributes":{"db.operation.name":"schema","db.system":"postgresql"}}
{"event":"correlation_span","name":"repository.query","kind":"client","trace_id":"e4db37ae59d9f192bcb3fda75a65c51d","span_id":"fe5cfa75c4aab390","status":"ok","duration_ms":0,"attributes":{"db.operation.name":"query","db.system":"postgresql"}}
=== RUN   TestAuditExportFactoryOwnsReturnedTransport/nil-transport
{"event":"correlation_span","name":"repository.query","kind":"client","trace_id":"6f403878985718208724e08b46a0ef77","span_id":"3f112fa1e602dd13","status":"ok","duration_ms":0,"attributes":{"db.operation.name":"query","db.system":"postgresql"}}
{"event":"correlation_span","name":"repository.query","kind":"client","trace_id":"c6768357b29edbf9610b6b1c3b4bc736","span_id":"4e38ace4a2b75910","status":"ok","duration_ms":0,"attributes":{"db.operation.name":"query","db.system":"postgresql"}}
{"event":"correlation_span","name":"repository.schema","kind":"client","trace_id":"0c928f764e61faad038323ad5e3962af","span_id":"09dd22ccc4217704","status":"ok","duration_ms":0,"attributes":{"db.operation.name":"schema","db.system":"postgresql"}}
{"event":"correlation_span","name":"repository.schema","kind":"client","trace_id":"40844e24bb704620e51923b23b75ea04","span_id":"3739beff3a095d22","status":"ok","duration_ms":0,"attributes":{"db.operation.name":"schema","db.system":"postgresql"}}
{"event":"correlation_span","name":"repository.query","kind":"client","trace_id":"12e4abe4ad932233bd9c6f1b8a3a10a1","span_id":"76e10e949e08d5f5","status":"ok","duration_ms":0,"attributes":{"db.operation.name":"query","db.system":"postgresql"}}
{"event":"correlation_span","name":"repository.query","kind":"client","trace_id":"ebbc77ee6010b57553170b5e2f3e4904","span_id":"b4669ca1ca54cb91","status":"ok","duration_ms":0,"attributes":{"db.operation.name":"query","db.system":"postgresql"}}
{"event":"correlation_span","name":"repository.schema","kind":"client","trace_id":"8c76252b753de37e982d9afd6a8a82a7","span_id":"7ed44d3a7797bdfa","status":"ok","duration_ms":0,"attributes":{"db.operation.name":"schema","db.system":"postgresql"}}
{"event":"correlation_span","name":"repository.schema","kind":"client","trace_id":"e44b9c7ab94c41e357822d1c0810bca9","span_id":"417e26c0e9422228","status":"ok","duration_ms":0,"attributes":{"db.operation.name":"schema","db.system":"postgresql"}}
{"event":"correlation_span","name":"repository.query","kind":"client","trace_id":"114d31a85e1c8c2a580285c138d55f2c","span_id":"6c90538680cf5416","status":"ok","duration_ms":0,"attributes":{"db.operation.name":"query","db.system":"postgresql"}}
=== RUN   TestAuditExportFactoryOwnsReturnedTransport/success
{"event":"correlation_span","name":"repository.query","kind":"client","trace_id":"a7c4b6cd3d04fbb66ef7e8a532cfea22","span_id":"f8f9492e5ea61e13","status":"ok","duration_ms":0,"attributes":{"db.operation.name":"query","db.system":"postgresql"}}
{"event":"correlation_span","name":"repository.query","kind":"client","trace_id":"d5b372b3e946a5e6796748651c0b76d1","span_id":"2cddb88e139d900f","status":"ok","duration_ms":0,"attributes":{"db.operation.name":"query","db.system":"postgresql"}}
{"event":"correlation_span","name":"repository.schema","kind":"client","trace_id":"bc7068850f16bddd0610bb461d12a55f","span_id":"fdaccb5e6fc9aa32","status":"ok","duration_ms":0,"attributes":{"db.operation.name":"schema","db.system":"postgresql"}}
{"event":"correlation_span","name":"repository.schema","kind":"client","trace_id":"ae6f5236fb48147c0cbb44b96ffafe02","span_id":"7b30e0cfd0cbecb0","status":"ok","duration_ms":0,"attributes":{"db.operation.name":"schema","db.system":"postgresql"}}
{"event":"correlation_span","name":"repository.query","kind":"client","trace_id":"928c1d2179a310a25d96efd62d9a6fb2","span_id":"0db4cca43954b26f","status":"ok","duration_ms":0,"attributes":{"db.operation.name":"query","db.system":"postgresql"}}
{"event":"correlation_span","name":"repository.query","kind":"client","trace_id":"3fc23b8474a4c0d72675786a1edf542a","span_id":"1277eed4623b8fe1","status":"ok","duration_ms":0,"attributes":{"db.operation.name":"query","db.system":"postgresql"}}
{"event":"correlation_span","name":"repository.schema","kind":"client","trace_id":"32065d84715ed73943d2795cc55358e3","span_id":"9a6caa20b61296bc","status":"ok","duration_ms":0,"attributes":{"db.operation.name":"schema","db.system":"postgresql"}}
{"event":"correlation_span","name":"repository.schema","kind":"client","trace_id":"793aa31a6669af50bbbb1b1bf9490ef2","span_id":"18aedcf3e62f27a6","status":"ok","duration_ms":0,"attributes":{"db.operation.name":"schema","db.system":"postgresql"}}
{"event":"correlation_span","name":"repository.query","kind":"client","trace_id":"3dde854db6d07dbbdbb271fd558362ca","span_id":"46ffaf13593904fb","status":"ok","duration_ms":0,"attributes":{"db.operation.name":"query","db.system":"postgresql"}}
{"event":"correlation_span","name":"repository.schema","kind":"client","trace_id":"59dd8a1e6440176efed8055272be97ca","span_id":"fb83d59b186257b9","status":"ok","duration_ms":0,"attributes":{"db.operation.name":"schema","db.system":"postgresql"}}
{"event":"correlation_span","name":"repository.query","kind":"client","trace_id":"110509d399a19bc3e855375a2e7599fb","span_id":"67269bb3c01049fa","status":"ok","duration_ms":0,"attributes":{"db.operation.name":"query","db.system":"postgresql"}}
{"event":"correlation_span","name":"repository.query","kind":"client","trace_id":"8a9c0982fce9aad08a81de452cb61775","span_id":"10f31532ef47ffc7","status":"ok","duration_ms":0,"attributes":{"db.operation.name":"query","db.system":"postgresql"}}
{"event":"correlation_span","name":"repository.schema","kind":"client","trace_id":"5117493cadb29ab4cd67e0d9c8019182","span_id":"61e223325b9c710c","status":"ok","duration_ms":0,"attributes":{"db.operation.name":"schema","db.system":"postgresql"}}
{"event":"correlation_span","name":"repository.query","kind":"client","trace_id":"e4c08894cbe96d63a3797eb3621be0ea","span_id":"f58e65b2a1f4076b","status":"ok","duration_ms":0,"attributes":{"db.operation.name":"query","db.system":"postgresql"}}
{"event":"correlation_span","name":"repository.query","kind":"client","trace_id":"8859fdb5636d99b7c727e416cce574d8","span_id":"80a0040f94d3d178","status":"ok","duration_ms":0,"attributes":{"db.operation.name":"query","db.system":"postgresql"}}
{"event":"correlation_span","name":"repository.schema","kind":"client","trace_id":"44fcd07d3d565e66d02534a7432fb0da","span_id":"e105a528cf321964","status":"ok","duration_ms":0,"attributes":{"db.operation.name":"schema","db.system":"postgresql"}}
{"event":"correlation_span","name":"repository.query","kind":"client","trace_id":"7de0365cf5f2ca0066ff235a4156391f","span_id":"3b64c5bff83f256c","status":"ok","duration_ms":0,"attributes":{"db.operation.name":"query","db.system":"postgresql"}}
{"event":"correlation_span","name":"repository.schema","kind":"client","trace_id":"df291d6815e4d701eebfec4b7520ccde","span_id":"866120327590fb31","status":"ok","duration_ms":0,"attributes":{"db.operation.name":"schema","db.system":"postgresql"}}
{"event":"correlation_span","name":"repository.query","kind":"client","trace_id":"f33521378908a2afd33cd8b15b283571","span_id":"152a7721d3bc6fed","status":"ok","duration_ms":0,"attributes":{"db.operation.name":"query","db.system":"postgresql"}}
{"event":"correlation_span","name":"repository.schema","kind":"client","trace_id":"f459a2ce3d1a9e8e768f3d8fcff435f0","span_id":"1b3cad5fa97dabba","status":"ok","duration_ms":0,"attributes":{"db.operation.name":"schema","db.system":"postgresql"}}
{"event":"correlation_span","name":"repository.query","kind":"client","trace_id":"e56cfdefe51d5e70775b17103a35b8c9","span_id":"9fe128777652c70f","status":"ok","duration_ms":0,"attributes":{"db.operation.name":"query","db.system":"postgresql"}}
--- PASS: TestAuditExportFactoryOwnsReturnedTransport (0.09s)
    --- PASS: TestAuditExportFactoryOwnsReturnedTransport/factory-error (0.01s)
    --- PASS: TestAuditExportFactoryOwnsReturnedTransport/readiness-error (0.01s)
    --- PASS: TestAuditExportFactoryOwnsReturnedTransport/late-cancellation (0.02s)
    --- PASS: TestAuditExportFactoryOwnsReturnedTransport/empty-storage (0.01s)
    --- PASS: TestAuditExportFactoryOwnsReturnedTransport/malformed-storage (0.01s)
    --- PASS: TestAuditExportFactoryOwnsReturnedTransport/nil-transport (0.01s)
    --- PASS: TestAuditExportFactoryOwnsReturnedTransport/success (0.03s)
=== RUN   TestAuditExportFactoryResourcesUseExactCachedProviders
--- PASS: TestAuditExportFactoryResourcesUseExactCachedProviders (0.02s)
=== RUN   TestAuditExportRuntimeBootstrapUsesMountedEffectivePermission
{"event":"correlation_span","name":"repository.query","kind":"client","trace_id":"f66933a0fc8808c75a184feb6387a217","span_id":"769d0eb29cdd1b99","status":"ok","duration_ms":0,"attributes":{"db.operation.name":"query","db.system":"postgresql"}}
{"event":"correlation_span","name":"repository.query","kind":"client","trace_id":"ab18d9a868618f94f95170ca1c0c85a2","span_id":"eaf96abb4b80bf8a","status":"ok","duration_ms":0,"attributes":{"db.operation.name":"query","db.system":"postgresql"}}
{"event":"correlation_span","name":"repository.schema","kind":"client","trace_id":"6c0e931c1cc1025dae348edbcce80e66","span_id":"29a7c1b3b6c33fca","status":"ok","duration_ms":0,"attributes":{"db.operation.name":"schema","db.system":"postgresql"}}
{"event":"correlation_span","name":"repository.schema","kind":"client","trace_id":"2cc37c1675f77d0594b74d1bda155b0d","span_id":"c35518dc0326de29","status":"ok","duration_ms":0,"attributes":{"db.operation.name":"schema","db.system":"postgresql"}}
{"event":"correlation_span","name":"repository.query","kind":"client","trace_id":"d0dbc29f416bbe422b9b1cab79fb6c48","span_id":"db6e352fd3cdb496","status":"ok","duration_ms":0,"attributes":{"db.operation.name":"query","db.system":"postgresql"}}
{"event":"correlation_span","name":"repository.query","kind":"client","trace_id":"cfca2bf19cea62e049449423a65ac3a3","span_id":"03bcb368ef2868af","status":"ok","duration_ms":0,"attributes":{"db.operation.name":"query","db.system":"postgresql"}}
{"event":"correlation_span","name":"repository.schema","kind":"client","trace_id":"d6d6f127af39c3f57c9658a4d8bb1111","span_id":"5e16b3e235f8f4b2","status":"ok","duration_ms":0,"attributes":{"db.operation.name":"schema","db.system":"postgresql"}}
{"event":"correlation_span","name":"repository.schema","kind":"client","trace_id":"ba494e11ae24a52c5daef66146fc82e3","span_id":"36fbaa0168ee9169","status":"ok","duration_ms":0,"attributes":{"db.operation.name":"schema","db.system":"postgresql"}}
{"event":"correlation_span","name":"repository.query","kind":"client","trace_id":"2cba7a00580b4973d170005f99ee925c","span_id":"d52cb95c96e8c6b6","status":"ok","duration_ms":0,"attributes":{"db.operation.name":"query","db.system":"postgresql"}}
{"event":"correlation_span","name":"repository.schema","kind":"client","trace_id":"e95f7af5548df19f71bf9561197bce0e","span_id":"3761407109cfc2d1","status":"ok","duration_ms":0,"attributes":{"db.operation.name":"schema","db.system":"postgresql"}}
{"event":"correlation_span","name":"repository.query","kind":"client","trace_id":"96fec5258ac4a82d6c9acb7aa0b40721","span_id":"6e0b3187dd6a249e","status":"ok","duration_ms":0,"attributes":{"db.operation.name":"query","db.system":"postgresql"}}
{"event":"correlation_span","name":"repository.query","kind":"client","trace_id":"aaefb590cc5491bc57cb9a9078fe88e1","span_id":"2aff91ba9a3bb722","status":"ok","duration_ms":0,"attributes":{"db.operation.name":"query","db.system":"postgresql"}}
{"event":"correlation_span","name":"repository.schema","kind":"client","trace_id":"bb58ec2050383f189192c2eef98a5140","span_id":"6064c71b7ca7c52c","status":"ok","duration_ms":0,"attributes":{"db.operation.name":"schema","db.system":"postgresql"}}
{"event":"correlation_span","name":"repository.query","kind":"client","trace_id":"0d808393cd196b0db3467d89202b827c","span_id":"50ca4856e8c38794","status":"ok","duration_ms":0,"attributes":{"db.operation.name":"query","db.system":"postgresql"}}
{"event":"correlation_span","name":"repository.schema","kind":"client","trace_id":"5dc6f913738e4612df0449d5fdf5c18c","span_id":"c26772953109f894","status":"ok","duration_ms":0,"attributes":{"db.operation.name":"schema","db.system":"postgresql"}}
{"event":"correlation_span","name":"repository.query","kind":"client","trace_id":"1bdca1a0fe895ff71f4cc29c207936ce","span_id":"dbee926905cae9c4","status":"ok","duration_ms":0,"attributes":{"db.operation.name":"query","db.system":"postgresql"}}
{"event":"correlation_span","name":"repository.schema","kind":"client","trace_id":"149e649da253dc7a5e31d86776971dfb","span_id":"57ef53680b346401","status":"ok","duration_ms":0,"attributes":{"db.operation.name":"schema","db.system":"postgresql"}}
{"event":"correlation_span","name":"repository.query","kind":"client","trace_id":"7f4b0d84dd5dafa4dca8467677d7e737","span_id":"f91846c90606718b","status":"ok","duration_ms":0,"attributes":{"db.operation.name":"query","db.system":"postgresql"}}
{"event":"correlation_span","name":"repository.query","kind":"client","trace_id":"f8243f076fe04392ba6ec59331430a91","span_id":"91bab8c08c9d88e7","parent_span_id":"ce9758b094551c7b","status":"ok","duration_ms":0,"attributes":{"db.operation.name":"query","db.system":"postgresql"}}
{"event":"correlation_span","name":"repository.query","kind":"client","trace_id":"f8243f076fe04392ba6ec59331430a91","span_id":"dbe14131060142ca","parent_span_id":"ce9758b094551c7b","status":"ok","duration_ms":0,"attributes":{"db.operation.name":"query","db.system":"postgresql"}}
{"correlation_id":"pid_03478006-d978-4eba-a0d9-871ccc1e6bec","duration_ms":0,"event":"http_request","method":"GET","route":"/api/v1/session/:resource","severity":"INFO","span_id":"ce9758b094551c7b","status":200,"timestamp":"2026-10-06T02:07:03.547366142Z","trace_id":"f8243f076fe04392ba6ec59331430a91"}
{"event":"correlation_span","name":"http.request","kind":"server","trace_id":"f8243f076fe04392ba6ec59331430a91","span_id":"ce9758b094551c7b","parent_span_id":"5f7089ea3f7820b9","status":"ok","duration_ms":0,"attributes":{"http.request.method":"GET","http.response.status_code":"200","http.route":"/api/v1/session/:resource"}}
{"event":"correlation_span","name":"repository.query","kind":"client","trace_id":"dc9c57484dae1f7f2b9d3bde9e24856d","span_id":"4546145806bfca87","status":"ok","duration_ms":0,"attributes":{"db.operation.name":"query","db.system":"postgresql"}}
{"event":"correlation_span","name":"repository.query","kind":"client","trace_id":"f60081e3de9028beca184989221f660b","span_id":"a2f0dc102b5611ee","status":"ok","duration_ms":0,"attributes":{"db.operation.name":"query","db.system":"postgresql"}}
{"event":"correlation_span","name":"repository.schema","kind":"client","trace_id":"287d878c510495bd297dec68c7535c68","span_id":"47b5aa74cb96cd7a","status":"ok","duration_ms":0,"attributes":{"db.operation.name":"schema","db.system":"postgresql"}}
{"event":"correlation_span","name":"repository.schema","kind":"client","trace_id":"0f57ae8ba91338bda997cbbf7047bb03","span_id":"359c6802619de104","status":"ok","duration_ms":0,"attributes":{"db.operation.name":"schema","db.system":"postgresql"}}
{"event":"correlation_span","name":"repository.query","kind":"client","trace_id":"f03924e7c0566158e64d131c6d2c0815","span_id":"b7f18fe29b7d8e97","status":"ok","duration_ms":0,"attributes":{"db.operation.name":"query","db.system":"postgresql"}}
{"event":"correlation_span","name":"repository.query","kind":"client","trace_id":"5aa8814c84777e605706a66a3db72103","span_id":"342c7061b211fd02","status":"ok","duration_ms":0,"attributes":{"db.operation.name":"query","db.system":"postgresql"}}
{"event":"correlation_span","name":"repository.schema","kind":"client","trace_id":"912913f54672eee4ccf00ce16459783a","span_id":"f783aaa8e591d26f","status":"ok","duration_ms":0,"attributes":{"db.operation.name":"schema","db.system":"postgresql"}}
{"event":"correlation_span","name":"repository.schema","kind":"client","trace_id":"b7a7b5d8d0eec80f4373e31f1bc5403c","span_id":"fa35724da148c1f0","status":"ok","duration_ms":0,"attributes":{"db.operation.name":"schema","db.system":"postgresql"}}
{"event":"correlation_span","name":"repository.query","kind":"client","trace_id":"cd018711be090b1db52be25df61e49fc","span_id":"ab229e48d29b12af","status":"ok","duration_ms":0,"attributes":{"db.operation.name":"query","db.system":"postgresql"}}
{"event":"correlation_span","name":"repository.schema","kind":"client","trace_id":"f2c1db2c6889b7e6701e45b22246cd42","span_id":"93e82fdd8fe3e788","status":"ok","duration_ms":0,"attributes":{"db.operation.name":"schema","db.system":"postgresql"}}
{"event":"correlation_span","name":"repository.query","kind":"client","trace_id":"904a633fd78d21c17429ac2ded6cf212","span_id":"41484235823bd361","status":"ok","duration_ms":0,"attributes":{"db.operation.name":"query","db.system":"postgresql"}}
{"event":"correlation_span","name":"repository.query","kind":"client","trace_id":"cda0ab7f54c6e9c20e0144ea5fd653fd","span_id":"d0da4834da2cea58","status":"ok","duration_ms":0,"attributes":{"db.operation.name":"query","db.system":"postgresql"}}
{"event":"correlation_span","name":"repository.schema","kind":"client","trace_id":"7799517fc053cdbe88f28a6bc14c43f5","span_id":"0920c64e4cad9d36","status":"ok","duration_ms":0,"attributes":{"db.operation.name":"schema","db.system":"postgresql"}}
{"event":"correlation_span","name":"repository.query","kind":"client","trace_id":"23654c0a4faa942096366453640f9522","span_id":"c9b15386e18b5fb1","status":"ok","duration_ms":0,"attributes":{"db.operation.name":"query","db.system":"postgresql"}}
{"event":"correlation_span","name":"repository.schema","kind":"client","trace_id":"b7a61ffea2e95ee60ee143b3df0ed311","span_id":"3b2740db0a13bc20","status":"ok","duration_ms":0,"attributes":{"db.operation.name":"schema","db.system":"postgresql"}}
{"event":"correlation_span","name":"repository.query","kind":"client","trace_id":"96fe3e3264ca8e8d464566dc97c33dce","span_id":"6b5497ea112e12f5","status":"ok","duration_ms":0,"attributes":{"db.operation.name":"query","db.system":"postgresql"}}
{"event":"correlation_span","name":"repository.schema","kind":"client","trace_id":"8809152446471d5eb5bbb1122dfb2025","span_id":"f7d575ded73ef436","status":"ok","duration_ms":0,"attributes":{"db.operation.name":"schema","db.system":"postgresql"}}
{"event":"correlation_span","name":"repository.query","kind":"client","trace_id":"330e00c7b6af46df6eae852844395494","span_id":"faf71de12f2454d0","status":"ok","duration_ms":0,"attributes":{"db.operation.name":"query","db.system":"postgresql"}}
{"event":"correlation_span","name":"repository.query","kind":"client","trace_id":"cc5a0e4cf3ac2826652ec87ce7dd15df","span_id":"4eb14512abf0a490","parent_span_id":"c6c6eef619312471","status":"ok","duration_ms":0,"attributes":{"db.operation.name":"query","db.system":"postgresql"}}
{"event":"correlation_span","name":"repository.query","kind":"client","trace_id":"cc5a0e4cf3ac2826652ec87ce7dd15df","span_id":"a5d7ef1d90ee4e2c","parent_span_id":"c6c6eef619312471","status":"ok","duration_ms":0,"attributes":{"db.operation.name":"query","db.system":"postgresql"}}
{"correlation_id":"pid_9de930c3-46c0-425a-91d4-0913578ab09b","duration_ms":0,"event":"http_request","method":"GET","route":"/api/v1/session/:resource","severity":"INFO","span_id":"c6c6eef619312471","status":200,"timestamp":"2026-10-06T02:07:03.556926886Z","trace_id":"cc5a0e4cf3ac2826652ec87ce7dd15df"}
{"event":"correlation_span","name":"http.request","kind":"server","trace_id":"cc5a0e4cf3ac2826652ec87ce7dd15df","span_id":"c6c6eef619312471","parent_span_id":"b8502cccb478baeb","status":"ok","duration_ms":0,"attributes":{"http.request.method":"GET","http.response.status_code":"200","http.route":"/api/v1/session/:resource"}}
{"event":"correlation_span","name":"repository.query","kind":"client","trace_id":"41d003344e6f2cdef5b540c98b2f9d36","span_id":"2397dfadbf8b1481","status":"ok","duration_ms":0,"attributes":{"db.operation.name":"query","db.system":"postgresql"}}
{"event":"correlation_span","name":"repository.query","kind":"client","trace_id":"6b143877d9e2daac777d5ed069bc9b2a","span_id":"0b6ccfe637c26c36","status":"ok","duration_ms":0,"attributes":{"db.operation.name":"query","db.system":"postgresql"}}
{"event":"correlation_span","name":"repository.schema","kind":"client","trace_id":"de29db1331a3894dce4cf8cb817b6abb","span_id":"5c7d9b4e3caac937","status":"ok","duration_ms":0,"attributes":{"db.operation.name":"schema","db.system":"postgresql"}}
{"event":"correlation_span","name":"repository.schema","kind":"client","trace_id":"cd8ec33dd7e9d7eddf639d3f8f68e5e6","span_id":"d02b738058abca10","status":"ok","duration_ms":0,"attributes":{"db.operation.name":"schema","db.system":"postgresql"}}
{"event":"correlation_span","name":"repository.query","kind":"client","trace_id":"bdf86fb4b6dd5f2e3e1edbbf215f20cf","span_id":"6b2cc5fad6d1476b","status":"ok","duration_ms":2,"attributes":{"db.operation.name":"query","db.system":"postgresql"}}
{"event":"correlation_span","name":"repository.query","kind":"client","trace_id":"804c116488304c377edebab863954e4c","span_id":"edc00a4e8e36aa12","status":"ok","duration_ms":0,"attributes":{"db.operation.name":"query","db.system":"postgresql"}}
{"event":"correlation_span","name":"repository.schema","kind":"client","trace_id":"43ba8a0d6a87403cf7ea2ddd597682c0","span_id":"b46fd93e0a7b24ed","status":"ok","duration_ms":0,"attributes":{"db.operation.name":"schema","db.system":"postgresql"}}
{"event":"correlation_span","name":"repository.schema","kind":"client","trace_id":"4131144ce3757802d0126157d81b0a1a","span_id":"911fd41b2827ab5a","status":"ok","duration_ms":0,"attributes":{"db.operation.name":"schema","db.system":"postgresql"}}
{"event":"correlation_span","name":"repository.query","kind":"client","trace_id":"902cff2aaed1018cda76e996d61a0bd9","span_id":"5e5d77fe9813cea0","status":"ok","duration_ms":0,"attributes":{"db.operation.name":"query","db.system":"postgresql"}}
{"event":"correlation_span","name":"repository.schema","kind":"client","trace_id":"1aaa91ee76b42eacd71c0604ab8ecd41","span_id":"758053f695e134a4","status":"ok","duration_ms":0,"attributes":{"db.operation.name":"schema","db.system":"postgresql"}}
{"event":"correlation_span","name":"repository.query","kind":"client","trace_id":"df180ad906e5abe4a88969b42f5fc64a","span_id":"55914b810de16891","status":"ok","duration_ms":0,"attributes":{"db.operation.name":"query","db.system":"postgresql"}}
{"event":"correlation_span","name":"repository.query","kind":"client","trace_id":"961ae1816dc1b57486d48543f6322144","span_id":"0ef07deab5fa73f5","status":"ok","duration_ms":0,"attributes":{"db.operation.name":"query","db.system":"postgresql"}}
{"event":"correlation_span","name":"repository.schema","kind":"client","trace_id":"e570215aa12768d00519a04dc34d4788","span_id":"357c18ec1f906a08","status":"ok","duration_ms":0,"attributes":{"db.operation.name":"schema","db.system":"postgresql"}}
{"event":"correlation_span","name":"repository.query","kind":"client","trace_id":"9aaa72882171e5ddf73bf5cd81ff78c5","span_id":"413d1e70a14d77a5","status":"ok","duration_ms":0,"attributes":{"db.operation.name":"query","db.system":"postgresql"}}
{"event":"correlation_span","name":"repository.query","kind":"client","trace_id":"2c3b4539bf2e1c8bd70c312ca0945dae","span_id":"bea8fbfee9a2cef6","status":"ok","duration_ms":0,"attributes":{"db.operation.name":"query","db.system":"postgresql"}}
{"event":"correlation_span","name":"repository.schema","kind":"client","trace_id":"fe10d8b0a7a7bb41415de353de934078","span_id":"bb6622b513312180","status":"ok","duration_ms":0,"attributes":{"db.operation.name":"schema","db.system":"postgresql"}}
{"event":"correlation_span","name":"repository.query","kind":"client","trace_id":"4a0ce0ca6688fd77239ef259855fa870","span_id":"783e3aae29e3eceb","status":"ok","duration_ms":0,"attributes":{"db.operation.name":"query","db.system":"postgresql"}}
{"event":"correlation_span","name":"repository.schema","kind":"client","trace_id":"5ac27d5defb1a15ee61d7790d7fcb84e","span_id":"3c914d3d566e3f8b","status":"ok","duration_ms":0,"attributes":{"db.operation.name":"schema","db.system":"postgresql"}}
{"event":"correlation_span","name":"repository.query","kind":"client","trace_id":"a8bdd84a2a2f7926497ea8e492a69d3f","span_id":"2d244daefb24d113","status":"ok","duration_ms":0,"attributes":{"db.operation.name":"query","db.system":"postgresql"}}
{"event":"correlation_span","name":"repository.schema","kind":"client","trace_id":"36d2c715539941cf325348b85e1c92dd","span_id":"11caabd30b0e43f9","status":"ok","duration_ms":0,"attributes":{"db.operation.name":"schema","db.system":"postgresql"}}
{"event":"correlation_span","name":"repository.query","kind":"client","trace_id":"0e33d7bd896e4057f822aa7888fac649","span_id":"6c2f4decd57012ab","status":"ok","duration_ms":0,"attributes":{"db.operation.name":"query","db.system":"postgresql"}}
{"event":"correlation_span","name":"repository.query","kind":"client","trace_id":"37e6ac43ef7a09bbb8c933384efb58dd","span_id":"e8994df9085a640a","parent_span_id":"b82b06c6ca811853","status":"ok","duration_ms":0,"attributes":{"db.operation.name":"query","db.system":"postgresql"}}
{"event":"correlation_span","name":"repository.query","kind":"client","trace_id":"37e6ac43ef7a09bbb8c933384efb58dd","span_id":"b64e421ad295c975","parent_span_id":"b82b06c6ca811853","status":"ok","duration_ms":0,"attributes":{"db.operation.name":"query","db.system":"postgresql"}}
{"correlation_id":"pid_7f1e77e0-88df-4f9f-acfd-3a1dda2864d8","duration_ms":0,"event":"http_request","method":"GET","route":"/api/v1/session/:resource","severity":"INFO","span_id":"b82b06c6ca811853","status":200,"timestamp":"2026-10-06T02:07:03.595902713Z","trace_id":"37e6ac43ef7a09bbb8c933384efb58dd"}
{"event":"correlation_span","name":"http.request","kind":"server","trace_id":"37e6ac43ef7a09bbb8c933384efb58dd","span_id":"b82b06c6ca811853","parent_span_id":"cb48835e4795cfe7","status":"ok","duration_ms":0,"attributes":{"http.request.method":"GET","http.response.status_code":"200","http.route":"/api/v1/session/:resource"}}
{"event":"correlation_span","name":"repository.query","kind":"client","trace_id":"06582a0a7124564518a4b2760570fff9","span_id":"cde20a38f2f64d3a","status":"ok","duration_ms":0,"attributes":{"db.operation.name":"query","db.system":"postgresql"}}
{"event":"correlation_span","name":"repository.query","kind":"client","trace_id":"ffa7cf8cd8271508f03eea52d9fdcad4","span_id":"d821e6602d162e68","status":"ok","duration_ms":0,"attributes":{"db.operation.name":"query","db.system":"postgresql"}}
{"event":"correlation_span","name":"repository.schema","kind":"client","trace_id":"ad10be400c9c2d663c5aa5aca9c8b6b2","span_id":"9b90ed8e73461839","status":"ok","duration_ms":0,"attributes":{"db.operation.name":"schema","db.system":"postgresql"}}
{"event":"correlation_span","name":"repository.schema","kind":"client","trace_id":"1195a97ba4784b4369587a8da0321c42","span_id":"fa2411342884f764","status":"ok","duration_ms":0,"attributes":{"db.operation.name":"schema","db.system":"postgresql"}}
{"event":"correlation_span","name":"repository.query","kind":"client","trace_id":"2ec3a70bfb7a1a23ac80eb35dabcce60","span_id":"5d11e7bfb7bcc273","status":"ok","duration_ms":0,"attributes":{"db.operation.name":"query","db.system":"postgresql"}}
{"event":"correlation_span","name":"repository.query","kind":"client","trace_id":"59a31dda126851874f342b36b3fdc124","span_id":"5d5c101dddf2e785","status":"ok","duration_ms":0,"attributes":{"db.operation.name":"query","db.system":"postgresql"}}
{"event":"correlation_span","name":"repository.schema","kind":"client","trace_id":"a449cc41419fd682558201639877c660","span_id":"2d528eec98337b3e","status":"ok","duration_ms":0,"attributes":{"db.operation.name":"schema","db.system":"postgresql"}}
{"event":"correlation_span","name":"repository.schema","kind":"client","trace_id":"24266ce4f820c06a1058a316af4e1236","span_id":"3a77650146613375","status":"ok","duration_ms":0,"attributes":{"db.operation.name":"schema","db.system":"postgresql"}}
{"event":"correlation_span","name":"repository.query","kind":"client","trace_id":"0b3bb8cdd48a00a2129d73d36c946ce5","span_id":"e672e8f00e013fbe","status":"ok","duration_ms":0,"attributes":{"db.operation.name":"query","db.system":"postgresql"}}
{"event":"correlation_span","name":"repository.schema","kind":"client","trace_id":"29f23609c9a731bd74160e20d6fa6e2a","span_id":"b7d0dee766cc9fcc","status":"ok","duration_ms":0,"attributes":{"db.operation.name":"schema","db.system":"postgresql"}}
{"event":"correlation_span","name":"repository.query","kind":"client","trace_id":"63b8f834d2ba5bdcf1f9243a2e1f15df","span_id":"5a7e3219cbeda43f","status":"ok","duration_ms":0,"attributes":{"db.operation.name":"query","db.system":"postgresql"}}
{"event":"correlation_span","name":"repository.query","kind":"client","trace_id":"0f1abefde0a188dc22954092f13c4083","span_id":"799c956e42b51598","status":"ok","duration_ms":0,"attributes":{"db.operation.name":"query","db.system":"postgresql"}}
{"event":"correlation_span","name":"repository.schema","kind":"client","trace_id":"8207313cbaa014c73967475e9780284f","span_id":"392d79abefd9dd46","status":"ok","duration_ms":0,"attributes":{"db.operation.name":"schema","db.system":"postgresql"}}
{"event":"correlation_span","name":"repository.query","kind":"client","trace_id":"0d551d87a84cbebaf7301df71de989be","span_id":"f2fa4583a602fe2e","status":"ok","duration_ms":0,"attributes":{"db.operation.name":"query","db.system":"postgresql"}}
{"event":"correlation_span","name":"repository.query","kind":"client","trace_id":"3fbca69058a298f05d1ed62c759a8dab","span_id":"c18a97f6d1375a65","status":"ok","duration_ms":0,"attributes":{"db.operation.name":"query","db.system":"postgresql"}}
{"event":"correlation_span","name":"repository.schema","kind":"client","trace_id":"3dfc6a1fd318fcdcb8cd305c98efeb51","span_id":"4461572835d3b0b9","status":"ok","duration_ms":0,"attributes":{"db.operation.name":"schema","db.system":"postgresql"}}
{"event":"correlation_span","name":"repository.query","kind":"client","trace_id":"9e456d146eb2271d3b60a1546ff1d3b9","span_id":"80222f1dc0fcc2a1","status":"ok","duration_ms":0,"attributes":{"db.operation.name":"query","db.system":"postgresql"}}
{"event":"correlation_span","name":"repository.schema","kind":"client","trace_id":"9c7f8e7dd53f3906c687bcb5a6c5972d","span_id":"03c1c70413a54dde","status":"ok","duration_ms":0,"attributes":{"db.operation.name":"schema","db.system":"postgresql"}}
{"event":"correlation_span","name":"repository.query","kind":"client","trace_id":"df40165f04087679db0ca0058423099f","span_id":"a6a89023a3130ee1","status":"ok","duration_ms":0,"attributes":{"db.operation.name":"query","db.system":"postgresql"}}
{"event":"correlation_span","name":"repository.schema","kind":"client","trace_id":"56848c119dbc2872751007f4b4ed766b","span_id":"7853cfa4809f6264","status":"ok","duration_ms":0,"attributes":{"db.operation.name":"schema","db.system":"postgresql"}}
{"event":"correlation_span","name":"repository.query","kind":"client","trace_id":"08beff200ce8b310f009203aa204f167","span_id":"667d97ae4f7516c1","status":"ok","duration_ms":0,"attributes":{"db.operation.name":"query","db.system":"postgresql"}}
{"event":"correlation_span","name":"repository.query","kind":"client","trace_id":"dfd366e14e2fa50d7f2799dcbe4b8165","span_id":"195d4952624c999a","parent_span_id":"0de8b604e056c7bc","status":"ok","duration_ms":0,"attributes":{"db.operation.name":"query","db.system":"postgresql"}}
{"event":"correlation_span","name":"repository.query","kind":"client","trace_id":"dfd366e14e2fa50d7f2799dcbe4b8165","span_id":"ba18e49dd2434a31","parent_span_id":"0de8b604e056c7bc","status":"ok","duration_ms":0,"attributes":{"db.operation.name":"query","db.system":"postgresql"}}
{"correlation_id":"pid_008a799b-d361-4aca-ac24-7beb7d9b5510","duration_ms":0,"event":"http_request","method":"GET","route":"/api/v1/session/:resource","severity":"INFO","span_id":"0de8b604e056c7bc","status":200,"timestamp":"2026-10-06T02:07:03.622967291Z","trace_id":"dfd366e14e2fa50d7f2799dcbe4b8165"}
{"event":"correlation_span","name":"http.request","kind":"server","trace_id":"dfd366e14e2fa50d7f2799dcbe4b8165","span_id":"0de8b604e056c7bc","parent_span_id":"b2403be77091cbe3","status":"ok","duration_ms":0,"attributes":{"http.request.method":"GET","http.response.status_code":"200","http.route":"/api/v1/session/:resource"}}
--- PASS: TestAuditExportRuntimeBootstrapUsesMountedEffectivePermission (0.09s)
=== RUN   TestAuditExportRuntimeCompositionLateCancellation
{"event":"correlation_span","name":"repository.query","kind":"client","trace_id":"bf1d9e7088033c8a6437e9bf2a623051","span_id":"e839af3eb1de6a9a","status":"ok","duration_ms":0,"attributes":{"db.operation.name":"query","db.system":"postgresql"}}
{"event":"correlation_span","name":"repository.query","kind":"client","trace_id":"b115a10faecc7983004a124e8c2e7534","span_id":"28cbeb8cd047b3a2","status":"ok","duration_ms":0,"attributes":{"db.operation.name":"query","db.system":"postgresql"}}
{"event":"correlation_span","name":"repository.schema","kind":"client","trace_id":"4a132082aad68ae3924eb42dea622552","span_id":"8b233c0267ef292f","status":"ok","duration_ms":0,"attributes":{"db.operation.name":"schema","db.system":"postgresql"}}
{"event":"correlation_span","name":"repository.schema","kind":"client","trace_id":"99b4ad2d9584773f3637aa1380d72996","span_id":"2939ac2ce0d45641","status":"ok","duration_ms":0,"attributes":{"db.operation.name":"schema","db.system":"postgresql"}}
{"event":"correlation_span","name":"repository.query","kind":"client","trace_id":"bb7a3253c2c68e989bbe5fb02361cf63","span_id":"3665d2a51129b4c0","status":"ok","duration_ms":0,"attributes":{"db.operation.name":"query","db.system":"postgresql"}}
{"event":"correlation_span","name":"repository.query","kind":"client","trace_id":"0d26a8f190d44aa6f64845575f060fe6","span_id":"09375e92cc9c7c6e","status":"ok","duration_ms":0,"attributes":{"db.operation.name":"query","db.system":"postgresql"}}
{"event":"correlation_span","name":"repository.schema","kind":"client","trace_id":"03a0a4e11cd2cb11e1c6f0bb76ee6de2","span_id":"c1913df6f107c910","status":"ok","duration_ms":0,"attributes":{"db.operation.name":"schema","db.system":"postgresql"}}
{"event":"correlation_span","name":"repository.schema","kind":"client","trace_id":"066324fa5b9bb098a153f16c82726b74","span_id":"f50b5cc2eda23859","status":"ok","duration_ms":0,"attributes":{"db.operation.name":"schema","db.system":"postgresql"}}
{"event":"correlation_span","name":"repository.query","kind":"client","trace_id":"779ded639d79b71e8f3381b97448c8e6","span_id":"94811cdb36033d0e","status":"ok","duration_ms":0,"attributes":{"db.operation.name":"query","db.system":"postgresql"}}
{"event":"correlation_span","name":"repository.schema","kind":"client","trace_id":"319573906ab948fc68a6f43db5f612ba","span_id":"466abce161c11fb2","status":"ok","duration_ms":0,"attributes":{"db.operation.name":"schema","db.system":"postgresql"}}
{"event":"correlation_span","name":"repository.query","kind":"client","trace_id":"cac025658096ba3881e6c52594113717","span_id":"2843a86cf30bd551","status":"ok","duration_ms":0,"attributes":{"db.operation.name":"query","db.system":"postgresql"}}
{"event":"correlation_span","name":"repository.query","kind":"client","trace_id":"e42e8b623da9df286cdff85e491b9c70","span_id":"46e91f5a4021227f","status":"ok","duration_ms":0,"attributes":{"db.operation.name":"query","db.system":"postgresql"}}
--- PASS: TestAuditExportRuntimeCompositionLateCancellation (0.02s)
=== RUN   TestAuditExportRuntimeCompositionMountReadinessAndCleanup
{"event":"correlation_span","name":"repository.query","kind":"client","trace_id":"1c0d86a5633895796f6aa26ee8994651","span_id":"bffedb954a6e3b87","status":"ok","duration_ms":0,"attributes":{"db.operation.name":"query","db.system":"postgresql"}}
{"event":"correlation_span","name":"repository.query","kind":"client","trace_id":"12edec8561158ad2bee1b8f42d66b6a7","span_id":"721e769da1e73a4d","status":"ok","duration_ms":0,"attributes":{"db.operation.name":"query","db.system":"postgresql"}}
{"event":"correlation_span","name":"repository.schema","kind":"client","trace_id":"3674bd2d20b5963fda2e38caf5a45768","span_id":"55c24d0f52fb54a2","status":"ok","duration_ms":0,"attributes":{"db.operation.name":"schema","db.system":"postgresql"}}
{"event":"correlation_span","name":"repository.schema","kind":"client","trace_id":"0c351f4bc6570e7e9f0e1c80230e6b02","span_id":"ab598d0fb2d09e73","status":"ok","duration_ms":0,"attributes":{"db.operation.name":"schema","db.system":"postgresql"}}
{"event":"correlation_span","name":"repository.query","kind":"client","trace_id":"a69944ef150713817d01378b173fc8c9","span_id":"2cc3d8e5dba7a43a","status":"ok","duration_ms":0,"attributes":{"db.operation.name":"query","db.system":"postgresql"}}
{"event":"correlation_span","name":"repository.query","kind":"client","trace_id":"903227edeed161003217d050e698162f","span_id":"7b88d9925f015c35","status":"ok","duration_ms":0,"attributes":{"db.operation.name":"query","db.system":"postgresql"}}
{"event":"correlation_span","name":"repository.schema","kind":"client","trace_id":"06253328dcfd8a8e4d992a10a771942d","span_id":"396d621a6f983cb5","status":"ok","duration_ms":0,"attributes":{"db.operation.name":"schema","db.system":"postgresql"}}
{"event":"correlation_span","name":"repository.schema","kind":"client","trace_id":"aabdf01397f1cedd92831870d852362f","span_id":"96ab2cf1aaa1d385","status":"ok","duration_ms":0,"attributes":{"db.operation.name":"schema","db.system":"postgresql"}}
{"event":"correlation_span","name":"repository.query","kind":"client","trace_id":"d59325e4d165ae1a4ff03d0ae1e3d8d6","span_id":"63b6a7b9d3279bad","status":"ok","duration_ms":0,"attributes":{"db.operation.name":"query","db.system":"postgresql"}}
{"event":"correlation_span","name":"repository.schema","kind":"client","trace_id":"24039d0276774c8bf3a98594c1d3401e","span_id":"e3cb1254eddfde7a","status":"ok","duration_ms":0,"attributes":{"db.operation.name":"schema","db.system":"postgresql"}}
{"event":"correlation_span","name":"repository.query","kind":"client","trace_id":"358e47b64e8457c58332cdd9c5f9618a","span_id":"64cebe393e1b621e","status":"ok","duration_ms":0,"attributes":{"db.operation.name":"query","db.system":"postgresql"}}
{"event":"correlation_span","name":"repository.query","kind":"client","trace_id":"989a19a7cde634f3f47d1097d631231d","span_id":"8aae4df278f80c00","status":"ok","duration_ms":0,"attributes":{"db.operation.name":"query","db.system":"postgresql"}}
{"event":"correlation_span","name":"repository.schema","kind":"client","trace_id":"091fcf9ddcd80383767d37a1896a69a8","span_id":"72fa030c16ff1ef8","status":"ok","duration_ms":0,"attributes":{"db.operation.name":"schema","db.system":"postgresql"}}
{"event":"correlation_span","name":"repository.query","kind":"client","trace_id":"a9c913a8fa91d8d6bbf97f8ee25f7151","span_id":"fe2682e38382276d","status":"ok","duration_ms":0,"attributes":{"db.operation.name":"query","db.system":"postgresql"}}
{"event":"correlation_span","name":"repository.query","kind":"client","trace_id":"cee9d35b6fc4c72509d0d3d0f2e3ef58","span_id":"9e2b1da8918a7195","status":"ok","duration_ms":0,"attributes":{"db.operation.name":"query","db.system":"postgresql"}}
{"event":"correlation_span","name":"repository.schema","kind":"client","trace_id":"99e718dee0cbc82e040c41da92027b54","span_id":"0a9603b5cbfcea96","status":"ok","duration_ms":0,"attributes":{"db.operation.name":"schema","db.system":"postgresql"}}
{"event":"correlation_span","name":"repository.query","kind":"client","trace_id":"0aa7b9a3178d0cb1197c8a419fab4ee5","span_id":"07ee52343e24e233","status":"ok","duration_ms":0,"attributes":{"db.operation.name":"query","db.system":"postgresql"}}
{"event":"correlation_span","name":"repository.schema","kind":"client","trace_id":"ecf359884c0614e53d7c2810208dcac7","span_id":"13c55ed5c4052d99","status":"ok","duration_ms":0,"attributes":{"db.operation.name":"schema","db.system":"postgresql"}}
{"event":"correlation_span","name":"repository.query","kind":"client","trace_id":"7e731eef34d08f06051ff1e9d1af3196","span_id":"2e4b3c8dcf8df373","status":"ok","duration_ms":0,"attributes":{"db.operation.name":"query","db.system":"postgresql"}}
{"event":"correlation_span","name":"repository.schema","kind":"client","trace_id":"85fd975dde3dda8a55cee1e9c8166f9c","span_id":"1c4e9774e94528c3","status":"ok","duration_ms":0,"attributes":{"db.operation.name":"schema","db.system":"postgresql"}}
{"event":"correlation_span","name":"repository.query","kind":"client","trace_id":"0035a446b5877b5e71378dad980f45b8","span_id":"61526d6ae2a18c03","status":"ok","duration_ms":0,"attributes":{"db.operation.name":"query","db.system":"postgresql"}}
{"event":"correlation_span","name":"repository.query","kind":"client","trace_id":"147e65f407cfba4eda46968d340a6690","span_id":"4f78266af72a28b0","parent_span_id":"07ed8f1ee824b481","status":"ok","duration_ms":0,"attributes":{"db.operation.name":"query","db.system":"postgresql"}}
{"event":"correlation_span","name":"repository.query","kind":"client","trace_id":"147e65f407cfba4eda46968d340a6690","span_id":"2c896df39fe2f13d","parent_span_id":"07ed8f1ee824b481","status":"ok","duration_ms":0,"attributes":{"db.operation.name":"query","db.system":"postgresql"}}
{"event":"correlation_span","name":"repository.query","kind":"client","trace_id":"147e65f407cfba4eda46968d340a6690","span_id":"ed641d0bf614ff30","parent_span_id":"07ed8f1ee824b481","status":"error","duration_ms":0,"attributes":{"db.operation.name":"query","db.system":"postgresql"}}
{"correlation_id":"pid_3434daf1-a2b8-4ce5-8f62-b6163caf10e1","duration_ms":0,"event":"http_request","method":"GET","route":"/api/v1/audit-exports/:resource","severity":"INFO","span_id":"07ed8f1ee824b481","status":503,"timestamp":"2026-10-06T02:07:03.674343546Z","trace_id":"147e65f407cfba4eda46968d340a6690"}
{"event":"correlation_span","name":"http.request","kind":"server","trace_id":"147e65f407cfba4eda46968d340a6690","span_id":"07ed8f1ee824b481","parent_span_id":"6c452c474f2fdb95","status":"error","duration_ms":0,"attributes":{"http.request.method":"GET","http.response.status_code":"503","http.route":"/api/v1/audit-exports/:resource"}}
{"event":"correlation_span","name":"repository.query","kind":"client","trace_id":"781aea3b2172fe43bd2d3a168cbba592","span_id":"020942130f959b17","status":"ok","duration_ms":0,"attributes":{"db.operation.name":"query","db.system":"postgresql"}}
--- PASS: TestAuditExportRuntimeCompositionMountReadinessAndCleanup (0.03s)
=== RUN   TestAuditExportRuntimeCompositionRequiresExportAuthority
{"event":"correlation_span","name":"repository.query","kind":"client","trace_id":"712dbcee9e4fa703a8f522b44f8dd6db","span_id":"5100d3c45c0feebb","status":"ok","duration_ms":0,"attributes":{"db.operation.name":"query","db.system":"postgresql"}}
{"event":"correlation_span","name":"repository.query","kind":"client","trace_id":"ed4fa6c57d596abc642d9a95d6020574","span_id":"93ec5ff66c5c0dd1","status":"ok","duration_ms":0,"attributes":{"db.operation.name":"query","db.system":"postgresql"}}
{"event":"correlation_span","name":"repository.schema","kind":"client","trace_id":"244fbab3bc56940c2da93345c8ce2b8d","span_id":"1175a420978eafc1","status":"ok","duration_ms":0,"attributes":{"db.operation.name":"schema","db.system":"postgresql"}}
{"event":"correlation_span","name":"repository.schema","kind":"client","trace_id":"b18d36153b6f4b1078bb73583d839642","span_id":"a7e3a5c5dac65197","status":"ok","duration_ms":0,"attributes":{"db.operation.name":"schema","db.system":"postgresql"}}
{"event":"correlation_span","name":"repository.query","kind":"client","trace_id":"418c98b5f5d664b5fe7dd2df14250f99","span_id":"903c125816efceb9","status":"ok","duration_ms":0,"attributes":{"db.operation.name":"query","db.system":"postgresql"}}
{"event":"correlation_span","name":"repository.query","kind":"client","trace_id":"acd8263cc519738d928566bbb4a229d3","span_id":"f164a333e3cad96d","status":"ok","duration_ms":0,"attributes":{"db.operation.name":"query","db.system":"postgresql"}}
{"event":"correlation_span","name":"repository.schema","kind":"client","trace_id":"c4bf545772be76d13136e39890ecdfc2","span_id":"216e0425efc17d46","status":"ok","duration_ms":0,"attributes":{"db.operation.name":"schema","db.system":"postgresql"}}
{"event":"correlation_span","name":"repository.schema","kind":"client","trace_id":"180b120212747301119fa8ad5855f07e","span_id":"851d5a483ba51909","status":"ok","duration_ms":0,"attributes":{"db.operation.name":"schema","db.system":"postgresql"}}
{"event":"correlation_span","name":"repository.query","kind":"client","trace_id":"3ecbce6290bf474578ec236a53ac0361","span_id":"92bea24debf72a86","status":"ok","duration_ms":0,"attributes":{"db.operation.name":"query","db.system":"postgresql"}}
{"event":"correlation_span","name":"repository.schema","kind":"client","trace_id":"09a635c6a7607d1ffad5dd2fae79dec0","span_id":"18a5c23b05c41797","status":"ok","duration_ms":0,"attributes":{"db.operation.name":"schema","db.system":"postgresql"}}
{"event":"correlation_span","name":"repository.query","kind":"client","trace_id":"d38192df31d1ad39aa7a9310e1a66c6c","span_id":"1edae34e758c5117","status":"ok","duration_ms":0,"attributes":{"db.operation.name":"query","db.system":"postgresql"}}
{"event":"correlation_span","name":"repository.query","kind":"client","trace_id":"a1426c1c92a203c6a05097bd3a2d2ee6","span_id":"1155985b8f272d15","status":"ok","duration_ms":0,"attributes":{"db.operation.name":"query","db.system":"postgresql"}}
{"event":"correlation_span","name":"repository.query","kind":"client","trace_id":"54e20699b3e293d656108a488ccc07ec","span_id":"c0fb0e14b5ea6793","status":"ok","duration_ms":0,"attributes":{"db.operation.name":"query","db.system":"postgresql"}}
{"event":"correlation_span","name":"repository.schema","kind":"client","trace_id":"6dfde44927dd287fd8d25d7c95221649","span_id":"9f0aca7ab7a19ed5","status":"ok","duration_ms":0,"attributes":{"db.operation.name":"schema","db.system":"postgresql"}}
{"event":"correlation_span","name":"repository.schema","kind":"client","trace_id":"77baf792ee691738215baf067e414a8a","span_id":"d7d2eed137614a1c","status":"ok","duration_ms":0,"attributes":{"db.operation.name":"schema","db.system":"postgresql"}}
{"event":"correlation_span","name":"repository.query","kind":"client","trace_id":"3e6fdfe26b8a3d23ad683ac9aa19cecc","span_id":"2a599eabb7fdbf3a","status":"ok","duration_ms":0,"attributes":{"db.operation.name":"query","db.system":"postgresql"}}
{"event":"correlation_span","name":"repository.query","kind":"client","trace_id":"de4d8378e8d15ef21b6b481c3d478408","span_id":"4bd1e38e2ccce60b","status":"ok","duration_ms":0,"attributes":{"db.operation.name":"query","db.system":"postgresql"}}
{"event":"correlation_span","name":"repository.schema","kind":"client","trace_id":"cddb73b93163fb3dd7fa300041cbe86b","span_id":"d84f5ecf96f8a702","status":"ok","duration_ms":0,"attributes":{"db.operation.name":"schema","db.system":"postgresql"}}
{"event":"correlation_span","name":"repository.schema","kind":"client","trace_id":"ee72eaf7fcd4053e6de5c5f42b0e688c","span_id":"1a985b31b2f058ac","status":"ok","duration_ms":0,"attributes":{"db.operation.name":"schema","db.system":"postgresql"}}
{"event":"correlation_span","name":"repository.query","kind":"client","trace_id":"b98872c850f42e619a93e4527f312e3d","span_id":"6633a767562a9325","status":"ok","duration_ms":0,"attributes":{"db.operation.name":"query","db.system":"postgresql"}}
{"event":"correlation_span","name":"repository.schema","kind":"client","trace_id":"efdb5794831dc32923a82698d5b69b3a","span_id":"77f06f72ae339056","status":"ok","duration_ms":0,"attributes":{"db.operation.name":"schema","db.system":"postgresql"}}
{"event":"correlation_span","name":"repository.query","kind":"client","trace_id":"a388d2a17ec4c8bda67837723322d572","span_id":"14ce66ece28641c4","status":"ok","duration_ms":0,"attributes":{"db.operation.name":"query","db.system":"postgresql"}}
{"event":"correlation_span","name":"repository.query","kind":"client","trace_id":"16752e7aafdd8c0b1f28240fd8bec370","span_id":"aeee41605a296fa4","status":"ok","duration_ms":0,"attributes":{"db.operation.name":"query","db.system":"postgresql"}}
{"event":"correlation_span","name":"repository.query","kind":"client","trace_id":"5a477c4f76cd8779f9ffb68a36607228","span_id":"035406f3858a20b7","status":"ok","duration_ms":0,"attributes":{"db.operation.name":"query","db.system":"postgresql"}}
{"event":"correlation_span","name":"repository.schema","kind":"client","trace_id":"5eae94c5fb1d80b640a75487a15eee11","span_id":"0895d48a9f4537ce","status":"ok","duration_ms":0,"attributes":{"db.operation.name":"schema","db.system":"postgresql"}}
{"event":"correlation_span","name":"repository.schema","kind":"client","trace_id":"271a9fc8c4826440ac3a4a8d4e1020a8","span_id":"2c40daaf35d0058d","status":"ok","duration_ms":0,"attributes":{"db.operation.name":"schema","db.system":"postgresql"}}
{"event":"correlation_span","name":"repository.query","kind":"client","trace_id":"3b1d745bd41ea815c666dd960cc56581","span_id":"29928e07e0416180","status":"ok","duration_ms":0,"attributes":{"db.operation.name":"query","db.system":"postgresql"}}
{"event":"correlation_span","name":"repository.query","kind":"client","trace_id":"06a1a787f5ae9c2b58e4b588a796805f","span_id":"ad9fed8d3831c6ea","status":"ok","duration_ms":0,"attributes":{"db.operation.name":"query","db.system":"postgresql"}}
{"event":"correlation_span","name":"repository.schema","kind":"client","trace_id":"e127cb3a9c400c48a87b3311f0e11bbe","span_id":"e7d7b8e98d3496e5","status":"ok","duration_ms":0,"attributes":{"db.operation.name":"schema","db.system":"postgresql"}}
{"event":"correlation_span","name":"repository.schema","kind":"client","trace_id":"56b1235a2cceb0c8e5ff493c8a8d97cb","span_id":"f80232ee1c023cf8","status":"ok","duration_ms":0,"attributes":{"db.operation.name":"schema","db.system":"postgresql"}}
{"event":"correlation_span","name":"repository.query","kind":"client","trace_id":"e632f03bc349d5d5b0be581ea14c0fa5","span_id":"0ce0ca12ab7f7822","status":"ok","duration_ms":0,"attributes":{"db.operation.name":"query","db.system":"postgresql"}}
{"event":"correlation_span","name":"repository.schema","kind":"client","trace_id":"ffaa9d7c9d55acc17e03aa94101d5856","span_id":"47aac4fb0f75f37e","status":"ok","duration_ms":0,"attributes":{"db.operation.name":"schema","db.system":"postgresql"}}
{"event":"correlation_span","name":"repository.query","kind":"client","trace_id":"6819333a6509f7a9139f21b52a2e2d42","span_id":"e67e3928760218cc","status":"ok","duration_ms":0,"attributes":{"db.operation.name":"query","db.system":"postgresql"}}
--- PASS: TestAuditExportRuntimeCompositionRequiresExportAuthority (0.03s)
=== RUN   TestAuditExportRuntimeAbsentConfigurationDoesNotClaimStorage
{"event":"correlation_span","name":"repository.query","kind":"client","trace_id":"d775e54ad6797a5942fa9af881162361","span_id":"618c0fb0230a44a5","status":"ok","duration_ms":0,"attributes":{"db.operation.name":"query","db.system":"postgresql"}}
{"event":"correlation_span","name":"repository.query","kind":"client","trace_id":"e09961fdb163b3cf7ebb9f2aa54d8ce7","span_id":"d17e776b221f7861","status":"ok","duration_ms":0,"attributes":{"db.operation.name":"query","db.system":"postgresql"}}
{"event":"correlation_span","name":"repository.schema","kind":"client","trace_id":"5da47f81879f42618f506970ccb9365f","span_id":"af2b4455193c4c79","status":"ok","duration_ms":0,"attributes":{"db.operation.name":"schema","db.system":"postgresql"}}
{"event":"correlation_span","name":"repository.schema","kind":"client","trace_id":"8c7f5ad33a11d781197aa8db87e0cb28","span_id":"b2a9f1aca7c1942b","status":"ok","duration_ms":0,"attributes":{"db.operation.name":"schema","db.system":"postgresql"}}
{"event":"correlation_span","name":"repository.query","kind":"client","trace_id":"f5ab725f2445012a106224196c5d8515","span_id":"91a1354247a42ac9","status":"ok","duration_ms":0,"attributes":{"db.operation.name":"query","db.system":"postgresql"}}
{"event":"correlation_span","name":"repository.query","kind":"client","trace_id":"f6e412e90516fd50ebd91edfef9fce72","span_id":"163699453eeecceb","status":"ok","duration_ms":0,"attributes":{"db.operation.name":"query","db.system":"postgresql"}}
{"event":"correlation_span","name":"repository.schema","kind":"client","trace_id":"765c326193b3eaeaffa7aa24928820aa","span_id":"fdc966842f60e3c2","status":"ok","duration_ms":0,"attributes":{"db.operation.name":"schema","db.system":"postgresql"}}
{"event":"correlation_span","name":"repository.schema","kind":"client","trace_id":"e70ea974df15233f3f4b1d555010a53d","span_id":"9c77d33451a086de","status":"ok","duration_ms":0,"attributes":{"db.operation.name":"schema","db.system":"postgresql"}}
{"event":"correlation_span","name":"repository.query","kind":"client","trace_id":"a84fc630650d5622e47f3ff45288392e","span_id":"7317dc511869d467","status":"ok","duration_ms":0,"attributes":{"db.operation.name":"query","db.system":"postgresql"}}
{"event":"correlation_span","name":"repository.schema","kind":"client","trace_id":"d6a4bf5daf2682ff4b0982ce093491f7","span_id":"7258509a01580389","status":"ok","duration_ms":0,"attributes":{"db.operation.name":"schema","db.system":"postgresql"}}
{"event":"correlation_span","name":"repository.query","kind":"client","trace_id":"a5aac7373ba18b093e14e23ed2a86c42","span_id":"367f86086f9163a3","status":"ok","duration_ms":0,"attributes":{"db.operation.name":"query","db.system":"postgresql"}}
{"event":"correlation_span","name":"repository.query","kind":"client","trace_id":"86af6e1f370c7ccbd57f01efb7766ca1","span_id":"ef9ed9aff55ce3f3","status":"ok","duration_ms":0,"attributes":{"db.operation.name":"query","db.system":"postgresql"}}
{"event":"correlation_span","name":"repository.schema","kind":"client","trace_id":"f40337cb3a23d2e8d95e1e8b3aa4e20c","span_id":"2614dcd29dbbf588","status":"ok","duration_ms":0,"attributes":{"db.operation.name":"schema","db.system":"postgresql"}}
{"event":"correlation_span","name":"repository.query","kind":"client","trace_id":"9896afdee952ef218b09a0fd5686e702","span_id":"eb1568fff8ba54ed","status":"ok","duration_ms":0,"attributes":{"db.operation.name":"query","db.system":"postgresql"}}
{"event":"correlation_span","name":"repository.schema","kind":"client","trace_id":"cc6cc080373e4408a52ee4736d3f764c","span_id":"a7cec2c8d929faa0","status":"ok","duration_ms":0,"attributes":{"db.operation.name":"schema","db.system":"postgresql"}}
{"event":"correlation_span","name":"repository.query","kind":"client","trace_id":"007096fb50f0b0e7eee85355ef92c79e","span_id":"541dc53c05492984","status":"ok","duration_ms":0,"attributes":{"db.operation.name":"query","db.system":"postgresql"}}
{"event":"correlation_span","name":"repository.schema","kind":"client","trace_id":"2381d5c512dd0ace326655c0049ff0b6","span_id":"72827a6199a7533f","status":"ok","duration_ms":0,"attributes":{"db.operation.name":"schema","db.system":"postgresql"}}
{"event":"correlation_span","name":"repository.query","kind":"client","trace_id":"8887856ea18ef99acb937b9e294782cd","span_id":"f9981523522db680","status":"ok","duration_ms":0,"attributes":{"db.operation.name":"query","db.system":"postgresql"}}
--- PASS: TestAuditExportRuntimeAbsentConfigurationDoesNotClaimStorage (0.01s)
=== RUN   TestAuditPublicPageCompositionSelectedAndLegacy
=== RUN   TestAuditPublicPageCompositionSelectedAndLegacy/ordinary/legacy
{"event":"correlation_span","name":"repository.schema","kind":"client","trace_id":"2e78832098722b115472058f047b8998","span_id":"c94e362203e037f6","status":"ok","duration_ms":0,"attributes":{"db.operation.name":"schema","db.system":"postgresql"}}
{"event":"correlation_span","name":"repository.schema","kind":"client","trace_id":"3e3bcb10350bc2a72bc46b63b9791178","span_id":"c20253d081b6911d","status":"ok","duration_ms":0,"attributes":{"db.operation.name":"schema","db.system":"postgresql"}}
{"event":"correlation_span","name":"repository.query","kind":"client","trace_id":"abeb51305486959f74ee033ad3bd4a92","span_id":"e8eb5144f9fe7c2a","status":"ok","duration_ms":0,"attributes":{"db.operation.name":"query","db.system":"postgresql"}}
{"event":"correlation_span","name":"repository.query","kind":"client","trace_id":"c313ddb38af52cb210960626e3ba11f3","span_id":"7cc9a986f73c3515","status":"ok","duration_ms":0,"attributes":{"db.operation.name":"query","db.system":"postgresql"}}
{"event":"correlation_span","name":"repository.schema","kind":"client","trace_id":"1dbad50b0d69f18136132d15e1e67a74","span_id":"484a1d047672ec2d","status":"ok","duration_ms":0,"attributes":{"db.operation.name":"schema","db.system":"postgresql"}}
{"event":"correlation_span","name":"repository.schema","kind":"client","trace_id":"0091263d617f6a60276a8ba661844b4d","span_id":"65afb1fa9e49c531","status":"ok","duration_ms":0,"attributes":{"db.operation.name":"schema","db.system":"postgresql"}}
{"event":"correlation_span","name":"repository.query","kind":"client","trace_id":"22702404a134668b862ec6a7b8c9cba2","span_id":"084d2d56fdf6886c","status":"ok","duration_ms":0,"attributes":{"db.operation.name":"query","db.system":"postgresql"}}
{"event":"correlation_span","name":"repository.query","kind":"client","trace_id":"5ebf1c0ee4578a69af0a5e8dcde54346","span_id":"b33a1bdb8d0de68e","parent_span_id":"72be5c37a8a3dff8","status":"ok","duration_ms":0,"attributes":{"db.operation.name":"query","db.system":"postgresql"}}
{"event":"correlation_span","name":"repository.query","kind":"client","trace_id":"5ebf1c0ee4578a69af0a5e8dcde54346","span_id":"f39cf421498a0467","parent_span_id":"72be5c37a8a3dff8","status":"ok","duration_ms":0,"attributes":{"db.operation.name":"query","db.system":"postgresql"}}
{"correlation_id":"pid_2f0cf098-9e0d-473e-9057-b7fb5ecf8568","duration_ms":0,"event":"http_request","method":"GET","route":"/api/v1/audit-events","severity":"INFO","span_id":"72be5c37a8a3dff8","status":200,"timestamp":"2026-10-06T02:07:03.71905533Z","trace_id":"5ebf1c0ee4578a69af0a5e8dcde54346"}
{"event":"correlation_span","name":"http.request","kind":"server","trace_id":"5ebf1c0ee4578a69af0a5e8dcde54346","span_id":"72be5c37a8a3dff8","parent_span_id":"cad498046b60b584","status":"ok","duration_ms":0,"attributes":{"http.request.method":"GET","http.response.status_code":"200","http.route":"/api/v1/audit-events"}}
=== RUN   TestAuditPublicPageCompositionSelectedAndLegacy/ordinary/selected
{"event":"correlation_span","name":"repository.schema","kind":"client","trace_id":"b5ac54ff50026ba94463920368492b45","span_id":"e4aae1049222406e","status":"ok","duration_ms":0,"attributes":{"db.operation.name":"schema","db.system":"postgresql"}}
{"event":"correlation_span","name":"repository.schema","kind":"client","trace_id":"79c715efb0434ec9e39063a386800207","span_id":"9242cbe3cf54e824","status":"ok","duration_ms":0,"attributes":{"db.operation.name":"schema","db.system":"postgresql"}}
{"event":"correlation_span","name":"repository.query","kind":"client","trace_id":"125639f2e94f4b8e1a26233ae62318e9","span_id":"97f40af0c9be17b4","status":"ok","duration_ms":0,"attributes":{"db.operation.name":"query","db.system":"postgresql"}}
{"event":"correlation_span","name":"repository.query","kind":"client","trace_id":"c7b945494ca3c9aba9cf117101746488","span_id":"26fb2a269a4cb078","status":"ok","duration_ms":0,"attributes":{"db.operation.name":"query","db.system":"postgresql"}}
{"event":"correlation_span","name":"repository.schema","kind":"client","trace_id":"8acf24b2f01c9d74dbde8c8685b9e80d","span_id":"c295711ff3bdee2a","status":"ok","duration_ms":0,"attributes":{"db.operation.name":"schema","db.system":"postgresql"}}
{"event":"correlation_span","name":"repository.schema","kind":"client","trace_id":"a494ca43fdfdc13a2339902b0a370cfc","span_id":"7df51f787a6112d6","status":"ok","duration_ms":0,"attributes":{"db.operation.name":"schema","db.system":"postgresql"}}
{"event":"correlation_span","name":"repository.query","kind":"client","trace_id":"1fdd5f7394f3efed743f28f8bc846658","span_id":"489a5088644440ce","status":"ok","duration_ms":0,"attributes":{"db.operation.name":"query","db.system":"postgresql"}}
{"event":"correlation_span","name":"repository.schema","kind":"client","trace_id":"d52de2f79985c281eec31d5230de1c0a","span_id":"6da931319e292b28","status":"ok","duration_ms":0,"attributes":{"db.operation.name":"schema","db.system":"postgresql"}}
=== RUN   TestAuditPublicPageCompositionSelectedAndLegacy/security-agent/legacy
{"event":"correlation_span","name":"repository.query","kind":"client","trace_id":"fa9389d95fd8cf86d48af1f6c5d495df","span_id":"22aaba93e4e56b88","status":"ok","duration_ms":0,"attributes":{"db.operation.name":"query","db.system":"postgresql"}}
{"event":"correlation_span","name":"repository.query","kind":"client","trace_id":"772b1747dc96a894ee2b23a5bdfd1e31","span_id":"1404ca755a82c58f","status":"ok","duration_ms":0,"attributes":{"db.operation.name":"query","db.system":"postgresql"}}
{"event":"correlation_span","name":"repository.schema","kind":"client","trace_id":"624101b8b36805d097041a8edb528c8f","span_id":"36d3fdf51c815403","status":"ok","duration_ms":0,"attributes":{"db.operation.name":"schema","db.system":"postgresql"}}
{"event":"correlation_span","name":"repository.schema","kind":"client","trace_id":"d1a1a0edb2fb24aa2eb7de0839d79f94","span_id":"014512a6dab87518","status":"ok","duration_ms":0,"attributes":{"db.operation.name":"schema","db.system":"postgresql"}}
{"event":"correlation_span","name":"repository.query","kind":"client","trace_id":"2192a65795773483f59069c4e7e6ca48","span_id":"51768935df18d9c2","status":"ok","duration_ms":0,"attributes":{"db.operation.name":"query","db.system":"postgresql"}}
{"event":"correlation_span","name":"repository.query","kind":"client","trace_id":"6506f92fdd25fa5cbd9e3639013a1846","span_id":"a81b0985a3891545","status":"ok","duration_ms":0,"attributes":{"db.operation.name":"query","db.system":"postgresql"}}
{"event":"correlation_span","name":"repository.schema","kind":"client","trace_id":"4d231cb9965cce4bd5cb9874d3efd598","span_id":"91c78baf18a6e098","status":"ok","duration_ms":0,"attributes":{"db.operation.name":"schema","db.system":"postgresql"}}
{"event":"correlation_span","name":"repository.schema","kind":"client","trace_id":"d896ae66405cc041dbaeadce634af4aa","span_id":"c38c535388bb8912","status":"ok","duration_ms":0,"attributes":{"db.operation.name":"schema","db.system":"postgresql"}}
{"event":"correlation_span","name":"repository.query","kind":"client","trace_id":"ced651643749fcbfff1b3f1f17025760","span_id":"07e826eaa642fca4","status":"ok","duration_ms":0,"attributes":{"db.operation.name":"query","db.system":"postgresql"}}
{"event":"correlation_span","name":"repository.schema","kind":"client","trace_id":"ab17f9491775cbd80bcde20ce7578cc1","span_id":"a1227bdc28739b60","status":"ok","duration_ms":0,"attributes":{"db.operation.name":"schema","db.system":"postgresql"}}
{"event":"correlation_span","name":"repository.query","kind":"client","trace_id":"f8d329ef1c6e6c89d3648a89eab2126d","span_id":"e73bbd57def0b3dd","status":"ok","duration_ms":0,"attributes":{"db.operation.name":"query","db.system":"postgresql"}}
{"event":"correlation_span","name":"repository.query","kind":"client","trace_id":"0a79a9edde2e5bba9b417eba4caba835","span_id":"f50ae43e004bf7db","status":"ok","duration_ms":0,"attributes":{"db.operation.name":"query","db.system":"postgresql"}}
{"event":"correlation_span","name":"repository.schema","kind":"client","trace_id":"d6bb3d3246a86dca42db10b68412dd88","span_id":"b229bd897d41a0da","status":"ok","duration_ms":0,"attributes":{"db.operation.name":"schema","db.system":"postgresql"}}
{"event":"correlation_span","name":"repository.query","kind":"client","trace_id":"6e01af641750dacd96103f51882be3c7","span_id":"ba6fdc16ee5637e3","status":"ok","duration_ms":0,"attributes":{"db.operation.name":"query","db.system":"postgresql"}}
{"event":"correlation_span","name":"repository.schema","kind":"client","trace_id":"61d0b3015194ad1b5c6ec8abd7127726","span_id":"d388aad2e82f05d6","status":"ok","duration_ms":0,"attributes":{"db.operation.name":"schema","db.system":"postgresql"}}
{"event":"correlation_span","name":"repository.query","kind":"client","trace_id":"8a42b5b0116c5e484af15bbdd5714002","span_id":"0d8b03e26080d9f2","status":"ok","duration_ms":0,"attributes":{"db.operation.name":"query","db.system":"postgresql"}}
{"event":"correlation_span","name":"repository.schema","kind":"client","trace_id":"797965c5dc6027c99ea747f87db87e09","span_id":"6ffbf0732c2ad52c","status":"ok","duration_ms":0,"attributes":{"db.operation.name":"schema","db.system":"postgresql"}}
{"event":"correlation_span","name":"repository.query","kind":"client","trace_id":"32057460d250aa04cfbdde4d3c245297","span_id":"cb7594654b87972f","status":"ok","duration_ms":0,"attributes":{"db.operation.name":"query","db.system":"postgresql"}}
{"event":"correlation_span","name":"repository.query","kind":"client","trace_id":"ab8987e4da77c54b49ead2acb3f627b8","span_id":"f33c6f6e26e0ffa3","parent_span_id":"c25b7da9429585c8","status":"ok","duration_ms":0,"attributes":{"db.operation.name":"query","db.system":"postgresql"}}
{"event":"correlation_span","name":"repository.query","kind":"client","trace_id":"ab8987e4da77c54b49ead2acb3f627b8","span_id":"d312806821b5bbbb","parent_span_id":"c25b7da9429585c8","status":"ok","duration_ms":0,"attributes":{"db.operation.name":"query","db.system":"postgresql"}}
{"correlation_id":"pid_27d5038f-8ec3-4b16-b1f0-d11184906f61","duration_ms":0,"event":"http_request","method":"GET","route":"/api/v1/audit-events","severity":"INFO","span_id":"c25b7da9429585c8","status":200,"timestamp":"2026-10-06T02:07:03.731869265Z","trace_id":"ab8987e4da77c54b49ead2acb3f627b8"}
{"event":"correlation_span","name":"http.request","kind":"server","trace_id":"ab8987e4da77c54b49ead2acb3f627b8","span_id":"c25b7da9429585c8","parent_span_id":"d787cef269d33eed","status":"ok","duration_ms":0,"attributes":{"http.request.method":"GET","http.response.status_code":"200","http.route":"/api/v1/audit-events"}}
=== RUN   TestAuditPublicPageCompositionSelectedAndLegacy/security-agent/selected
{"event":"correlation_span","name":"repository.query","kind":"client","trace_id":"a5d7c694fa17bb24387685fd81f0250f","span_id":"0610bc96c67d18b2","status":"ok","duration_ms":0,"attributes":{"db.operation.name":"query","db.system":"postgresql"}}
{"event":"correlation_span","name":"repository.query","kind":"client","trace_id":"6c6b40249fae7207c41dae3c2841dfe0","span_id":"2bea4e899d6537ad","status":"ok","duration_ms":0,"attributes":{"db.operation.name":"query","db.system":"postgresql"}}
{"event":"correlation_span","name":"repository.schema","kind":"client","trace_id":"c9ab383ccb2cc321225e9bd2f70520dc","span_id":"15c0a290ace0f584","status":"ok","duration_ms":0,"attributes":{"db.operation.name":"schema","db.system":"postgresql"}}
{"event":"correlation_span","name":"repository.schema","kind":"client","trace_id":"e7265402d13efae7e9d6859a16258f10","span_id":"e5174a9d1bff26c6","status":"ok","duration_ms":0,"attributes":{"db.operation.name":"schema","db.system":"postgresql"}}
{"event":"correlation_span","name":"repository.query","kind":"client","trace_id":"f9b37f5848c9ee0b07b90796d7d5b51d","span_id":"dea3f8c6e2697ad1","status":"ok","duration_ms":0,"attributes":{"db.operation.name":"query","db.system":"postgresql"}}
{"event":"correlation_span","name":"repository.query","kind":"client","trace_id":"863fd07bafafea82f56a8056acab7cfd","span_id":"68641172e83964a2","status":"ok","duration_ms":0,"attributes":{"db.operation.name":"query","db.system":"postgresql"}}
{"event":"correlation_span","name":"repository.schema","kind":"client","trace_id":"a44cc3ddfe0bc06a1b924c5fbcc0cd28","span_id":"79438d559eeccc4d","status":"ok","duration_ms":0,"attributes":{"db.operation.name":"schema","db.system":"postgresql"}}
{"event":"correlation_span","name":"repository.schema","kind":"client","trace_id":"f8b7f02d3d92b7ffad768f86804ff23a","span_id":"e9d35c85395fcd5b","status":"ok","duration_ms":0,"attributes":{"db.operation.name":"schema","db.system":"postgresql"}}
{"event":"correlation_span","name":"repository.query","kind":"client","trace_id":"88bc6667f808da1dc27a13f895312b54","span_id":"bf14328f40d154b2","status":"ok","duration_ms":0,"attributes":{"db.operation.name":"query","db.system":"postgresql"}}
{"event":"correlation_span","name":"repository.schema","kind":"client","trace_id":"74126dcfc7eb9d9d7acf1f800f3cf554","span_id":"e8a09415523cfb05","status":"ok","duration_ms":0,"attributes":{"db.operation.name":"schema","db.system":"postgresql"}}
{"event":"correlation_span","name":"repository.query","kind":"client","trace_id":"753867bbed85ea6df4657273167af8b9","span_id":"8c67634e8bb9d16c","status":"ok","duration_ms":0,"attributes":{"db.operation.name":"query","db.system":"postgresql"}}
{"event":"correlation_span","name":"repository.query","kind":"client","trace_id":"3941281bb6285bf322de26fa2947f359","span_id":"2a1ff352befc13d4","status":"ok","duration_ms":0,"attributes":{"db.operation.name":"query","db.system":"postgresql"}}
{"event":"correlation_span","name":"repository.schema","kind":"client","trace_id":"155b489245e5ada66e4d97fd21ac93b9","span_id":"88b4192756bcda97","status":"ok","duration_ms":0,"attributes":{"db.operation.name":"schema","db.system":"postgresql"}}
{"event":"correlation_span","name":"repository.query","kind":"client","trace_id":"3c6aa8fe926a982fc91b9db522dcfe39","span_id":"ce5017ddaaf4c2a0","status":"ok","duration_ms":0,"attributes":{"db.operation.name":"query","db.system":"postgresql"}}
{"event":"correlation_span","name":"repository.query","kind":"client","trace_id":"51dcf7fa6267ae5ce6c99151e78dbf86","span_id":"6c6750f275027b9f","status":"ok","duration_ms":0,"attributes":{"db.operation.name":"query","db.system":"postgresql"}}
{"event":"correlation_span","name":"repository.schema","kind":"client","trace_id":"b87f85942bad75fe1bf59f1545f29678","span_id":"8fd19d22edb82133","status":"ok","duration_ms":0,"attributes":{"db.operation.name":"schema","db.system":"postgresql"}}
{"event":"correlation_span","name":"repository.query","kind":"client","trace_id":"d1bc938fd9eb0cadf998fca89ed7642f","span_id":"569a24a55104cf76","status":"ok","duration_ms":0,"attributes":{"db.operation.name":"query","db.system":"postgresql"}}
{"event":"correlation_span","name":"repository.schema","kind":"client","trace_id":"40ca123154353715e0c4cc017997de3c","span_id":"bc0dda60703b15e6","status":"ok","duration_ms":0,"attributes":{"db.operation.name":"schema","db.system":"postgresql"}}
{"event":"correlation_span","name":"repository.query","kind":"client","trace_id":"6e9a47d1c376e0ba44eecf7e757d29f8","span_id":"1d72a1062b5d4dd9","status":"ok","duration_ms":0,"attributes":{"db.operation.name":"query","db.system":"postgresql"}}
{"event":"correlation_span","name":"repository.schema","kind":"client","trace_id":"dfd6108c293ca34c3b2158c8ea46734a","span_id":"d2707056483cb779","status":"ok","duration_ms":0,"attributes":{"db.operation.name":"schema","db.system":"postgresql"}}
{"event":"correlation_span","name":"repository.query","kind":"client","trace_id":"bee880bb29efe06d486ccb774fc79e91","span_id":"0cfe14dfe6947c28","status":"ok","duration_ms":0,"attributes":{"db.operation.name":"query","db.system":"postgresql"}}
{"event":"correlation_span","name":"repository.query","kind":"client","trace_id":"13340d141475377b263bae99d4df7c5a","span_id":"685ec0cc267badc9","parent_span_id":"d1c42a8173889795","status":"ok","duration_ms":0,"attributes":{"db.operation.name":"query","db.system":"postgresql"}}
{"event":"correlation_span","name":"repository.query","kind":"client","trace_id":"13340d141475377b263bae99d4df7c5a","span_id":"d82dd8cb1288275c","parent_span_id":"d1c42a8173889795","status":"ok","duration_ms":0,"attributes":{"db.operation.name":"query","db.system":"postgresql"}}
{"event":"correlation_span","name":"repository.query","kind":"client","trace_id":"13340d141475377b263bae99d4df7c5a","span_id":"984b549cfa04c8b3","parent_span_id":"d1c42a8173889795","status":"ok","duration_ms":0,"attributes":{"db.operation.name":"query","db.system":"postgresql"}}
{"correlation_id":"pid_0e385422-6908-4340-85ca-2638625b8bea","duration_ms":8,"event":"http_request","method":"GET","route":"/api/v1/audit-events","severity":"INFO","span_id":"d1c42a8173889795","status":200,"timestamp":"2026-10-06T02:07:03.7648108Z","trace_id":"13340d141475377b263bae99d4df7c5a"}
{"event":"correlation_span","name":"http.request","kind":"server","trace_id":"13340d141475377b263bae99d4df7c5a","span_id":"d1c42a8173889795","parent_span_id":"3a4fa0a7001357d8","status":"ok","duration_ms":8,"attributes":{"http.request.method":"GET","http.response.status_code":"200","http.route":"/api/v1/audit-events"}}
{"event":"correlation_span","name":"repository.query","kind":"client","trace_id":"9fe76337ad0501d6c8ab7e347e1535b7","span_id":"246daf9fc52bb809","parent_span_id":"5d1c5d737f756ff8","status":"ok","duration_ms":0,"attributes":{"db.operation.name":"query","db.system":"postgresql"}}
{"event":"correlation_span","name":"repository.query","kind":"client","trace_id":"9fe76337ad0501d6c8ab7e347e1535b7","span_id":"0177327ec0b2d302","parent_span_id":"5d1c5d737f756ff8","status":"ok","duration_ms":0,"attributes":{"db.operation.name":"query","db.system":"postgresql"}}
{"correlation_id":"pid_56bf77ce-2c6d-4a82-acfc-d58d49026493","duration_ms":9,"event":"http_request","method":"GET","route":"/api/v1/audit-events","severity":"INFO","span_id":"5d1c5d737f756ff8","status":503,"timestamp":"2026-10-06T02:07:03.779097342Z","trace_id":"9fe76337ad0501d6c8ab7e347e1535b7"}
{"event":"correlation_span","name":"http.request","kind":"server","trace_id":"9fe76337ad0501d6c8ab7e347e1535b7","span_id":"5d1c5d737f756ff8","parent_span_id":"8dd1f9c82ec1719c","status":"error","duration_ms":9,"attributes":{"http.request.method":"GET","http.response.status_code":"503","http.route":"/api/v1/audit-events"}}
--- PASS: TestAuditPublicPageCompositionSelectedAndLegacy (0.07s)
    --- PASS: TestAuditPublicPageCompositionSelectedAndLegacy/ordinary/legacy (0.01s)
    --- PASS: TestAuditPublicPageCompositionSelectedAndLegacy/ordinary/selected (0.00s)
    --- PASS: TestAuditPublicPageCompositionSelectedAndLegacy/security-agent/legacy (0.01s)
    --- PASS: TestAuditPublicPageCompositionSelectedAndLegacy/security-agent/selected (0.05s)
=== RUN   TestAuditPublicPageCompositionSelectedStartupRefusal
=== RUN   TestAuditPublicPageCompositionSelectedStartupRefusal/false
{"event":"correlation_span","name":"repository.query","kind":"client","trace_id":"02e012dc86614098316f8a223caca613","span_id":"1aeaa6fd8c938b9d","status":"ok","duration_ms":0,"attributes":{"db.operation.name":"query","db.system":"postgresql"}}
{"event":"correlation_span","name":"repository.query","kind":"client","trace_id":"8e85713b5d985b283f4b8b71bec6ab70","span_id":"5d6ec87d417f235d","status":"ok","duration_ms":0,"attributes":{"db.operation.name":"query","db.system":"postgresql"}}
{"event":"correlation_span","name":"repository.schema","kind":"client","trace_id":"cb8d6bb2b852c44af08b130aa26be075","span_id":"5eba90a41f028030","status":"ok","duration_ms":0,"attributes":{"db.operation.name":"schema","db.system":"postgresql"}}
{"event":"correlation_span","name":"repository.schema","kind":"client","trace_id":"b7e6892915819eb9114eea499cc6ef02","span_id":"59d2e84779c1547f","status":"ok","duration_ms":0,"attributes":{"db.operation.name":"schema","db.system":"postgresql"}}
{"event":"correlation_span","name":"repository.query","kind":"client","trace_id":"7a7325e7ee84ae83b719294ebbcccc5a","span_id":"26e1d0a6072a8e31","status":"ok","duration_ms":0,"attributes":{"db.operation.name":"query","db.system":"postgresql"}}
{"event":"correlation_span","name":"repository.query","kind":"client","trace_id":"bc0b8c51052589a1d71838e22be32584","span_id":"9ffcd6668c80b44e","status":"ok","duration_ms":0,"attributes":{"db.operation.name":"query","db.system":"postgresql"}}
{"event":"correlation_span","name":"repository.schema","kind":"client","trace_id":"a5e2c973776ce7ad4336c1aba0f261fb","span_id":"d37eb965a427c6a7","status":"ok","duration_ms":0,"attributes":{"db.operation.name":"schema","db.system":"postgresql"}}
{"event":"correlation_span","name":"repository.schema","kind":"client","trace_id":"09134191a888af8d565b889df769d585","span_id":"0d273fe5ded27842","status":"ok","duration_ms":0,"attributes":{"db.operation.name":"schema","db.system":"postgresql"}}
{"event":"correlation_span","name":"repository.query","kind":"client","trace_id":"549bd3ee276ec7ba5b5c9ccb8233898a","span_id":"e567400ebb729a7c","status":"ok","duration_ms":0,"attributes":{"db.operation.name":"query","db.system":"postgresql"}}
{"event":"correlation_span","name":"repository.schema","kind":"client","trace_id":"e73f5d1a95812627777790eda0110951","span_id":"0ae966bebb013fe8","status":"ok","duration_ms":0,"attributes":{"db.operation.name":"schema","db.system":"postgresql"}}
{"event":"correlation_span","name":"repository.query","kind":"client","trace_id":"62819172c0323da49292fd1c0a10e6f9","span_id":"8d11a40a0a08adca","status":"ok","duration_ms":0,"attributes":{"db.operation.name":"query","db.system":"postgresql"}}
{"event":"correlation_span","name":"repository.query","kind":"client","trace_id":"06fad95f6fad911de99f09e32e972cc9","span_id":"a85bd0c8c05a6577","status":"ok","duration_ms":0,"attributes":{"db.operation.name":"query","db.system":"postgresql"}}
=== RUN   TestAuditPublicPageCompositionSelectedStartupRefusal/null
{"event":"correlation_span","name":"repository.query","kind":"client","trace_id":"7d67e5803774b91e12f5e68259c7053a","span_id":"d506799bb746b4bf","status":"ok","duration_ms":0,"attributes":{"db.operation.name":"query","db.system":"postgresql"}}
{"event":"correlation_span","name":"repository.query","kind":"client","trace_id":"75e33bba781768e5e9a6739232841ca3","span_id":"9b22719671f751e4","status":"ok","duration_ms":0,"attributes":{"db.operation.name":"query","db.system":"postgresql"}}
{"event":"correlation_span","name":"repository.schema","kind":"client","trace_id":"83fede2974f8dc0c651578b56ef1866c","span_id":"93fd3b9a5e2fcebf","status":"ok","duration_ms":0,"attributes":{"db.operation.name":"schema","db.system":"postgresql"}}
{"event":"correlation_span","name":"repository.schema","kind":"client","trace_id":"43fd991d172290288275cbca59c40dc3","span_id":"1a70089642007499","status":"ok","duration_ms":0,"attributes":{"db.operation.name":"schema","db.system":"postgresql"}}
{"event":"correlation_span","name":"repository.query","kind":"client","trace_id":"e1ddec5881702162b73feadcea8dcf2c","span_id":"11bbf76b9eac18d3","status":"ok","duration_ms":0,"attributes":{"db.operation.name":"query","db.system":"postgresql"}}
{"event":"correlation_span","name":"repository.query","kind":"client","trace_id":"00ad322054ded122ee3ae2703e9f250c","span_id":"f05a60d71f3e8570","status":"ok","duration_ms":0,"attributes":{"db.operation.name":"query","db.system":"postgresql"}}
{"event":"correlation_span","name":"repository.schema","kind":"client","trace_id":"4188d079f76ae62ddf8ca7d8d58ba4b0","span_id":"27de676ff6db1ffe","status":"ok","duration_ms":0,"attributes":{"db.operation.name":"schema","db.system":"postgresql"}}
{"event":"correlation_span","name":"repository.schema","kind":"client","trace_id":"42d85af1385c2b3853fd883233129071","span_id":"f4a73708a67d2c47","status":"ok","duration_ms":0,"attributes":{"db.operation.name":"schema","db.system":"postgresql"}}
{"event":"correlation_span","name":"repository.query","kind":"client","trace_id":"b5e0ba7b9bb871235dca65499cfd5da7","span_id":"e3a95fd5b2a4dbee","status":"ok","duration_ms":0,"attributes":{"db.operation.name":"query","db.system":"postgresql"}}
{"event":"correlation_span","name":"repository.schema","kind":"client","trace_id":"954aa47b62d04710935614d8f460206e","span_id":"5dc58d446982d3ac","status":"ok","duration_ms":0,"attributes":{"db.operation.name":"schema","db.system":"postgresql"}}
{"event":"correlation_span","name":"repository.query","kind":"client","trace_id":"1721f90b1152903bba5662b4a5c34d4a","span_id":"acae849fdeca4b52","status":"ok","duration_ms":0,"attributes":{"db.operation.name":"query","db.system":"postgresql"}}
{"event":"correlation_span","name":"repository.query","kind":"client","trace_id":"0042b4fe3ee5d0b6b62f9d9b3a41b4a2","span_id":"6ec92d977d50f30e","status":"ok","duration_ms":0,"attributes":{"db.operation.name":"query","db.system":"postgresql"}}
=== RUN   TestAuditPublicPageCompositionSelectedStartupRefusal/{"ready":true}
{"event":"correlation_span","name":"repository.query","kind":"client","trace_id":"b6c08476e9fe01e5abbf2f2185f56c34","span_id":"816f3cf85f40ce89","status":"ok","duration_ms":0,"attributes":{"db.operation.name":"query","db.system":"postgresql"}}
{"event":"correlation_span","name":"repository.query","kind":"client","trace_id":"3917a16bf0ce606c701632d913cae991","span_id":"2dd658716afcfe3e","status":"ok","duration_ms":0,"attributes":{"db.operation.name":"query","db.system":"postgresql"}}
{"event":"correlation_span","name":"repository.schema","kind":"client","trace_id":"0830671bbedbbb49123e865d5fa0c59f","span_id":"d96598be6f020dfa","status":"ok","duration_ms":0,"attributes":{"db.operation.name":"schema","db.system":"postgresql"}}
{"event":"correlation_span","name":"repository.schema","kind":"client","trace_id":"beef2740c821792e98dc24d24212b79c","span_id":"d401af69826b7f70","status":"ok","duration_ms":0,"attributes":{"db.operation.name":"schema","db.system":"postgresql"}}
{"event":"correlation_span","name":"repository.query","kind":"client","trace_id":"d61553c0f84a4018defe70ab1cdc4a54","span_id":"0e28d65203a8b1bb","status":"ok","duration_ms":0,"attributes":{"db.operation.name":"query","db.system":"postgresql"}}
{"event":"correlation_span","name":"repository.query","kind":"client","trace_id":"0d025cbebbcb73f5b95e4f37d545da38","span_id":"9600ca6c7775b253","status":"ok","duration_ms":0,"attributes":{"db.operation.name":"query","db.system":"postgresql"}}
{"event":"correlation_span","name":"repository.schema","kind":"client","trace_id":"000e8cb009e271f75c3498c2f11e1311","span_id":"011a65e42f441336","status":"ok","duration_ms":0,"attributes":{"db.operation.name":"schema","db.system":"postgresql"}}
{"event":"correlation_span","name":"repository.schema","kind":"client","trace_id":"b03c26d69457ed41e2ab866649e54c2d","span_id":"a5c371eba1225e3d","status":"ok","duration_ms":0,"attributes":{"db.operation.name":"schema","db.system":"postgresql"}}
{"event":"correlation_span","name":"repository.query","kind":"client","trace_id":"6b16c18a53c622a9554ebeafcd0b1e49","span_id":"1848471fd79dd7b8","status":"ok","duration_ms":0,"attributes":{"db.operation.name":"query","db.system":"postgresql"}}
{"event":"correlation_span","name":"repository.schema","kind":"client","trace_id":"f47a926fb46b9a9a28b4254e4c64de61","span_id":"a807769b59c7b359","status":"ok","duration_ms":0,"attributes":{"db.operation.name":"schema","db.system":"postgresql"}}
{"event":"correlation_span","name":"repository.query","kind":"client","trace_id":"8e5ee5f6eed2ac45ca44b9a935935a89","span_id":"55f4bb1ea0f7ef58","status":"ok","duration_ms":0,"attributes":{"db.operation.name":"query","db.system":"postgresql"}}
{"event":"correlation_span","name":"repository.query","kind":"client","trace_id":"cf2842b468bdc6fde3a4af9d23665ad3","span_id":"73fc61265a0a829f","status":"ok","duration_ms":0,"attributes":{"db.operation.name":"query","db.system":"postgresql"}}
=== RUN   TestAuditPublicPageCompositionSelectedStartupRefusal/true
{"event":"correlation_span","name":"repository.query","kind":"client","trace_id":"a7a4b6d3a277808d305cbb68ba4f4020","span_id":"f5f425da9e30a171","status":"ok","duration_ms":0,"attributes":{"db.operation.name":"query","db.system":"postgresql"}}
{"event":"correlation_span","name":"repository.query","kind":"client","trace_id":"a3cfd85731b7bc9a7a2c296966376517","span_id":"94ea4d6bc5a23685","status":"ok","duration_ms":0,"attributes":{"db.operation.name":"query","db.system":"postgresql"}}
{"event":"correlation_span","name":"repository.schema","kind":"client","trace_id":"3e0e8f0eb8bdf5f5b26fd679223eb6c9","span_id":"1031fd052945ac7c","status":"ok","duration_ms":0,"attributes":{"db.operation.name":"schema","db.system":"postgresql"}}
{"event":"correlation_span","name":"repository.schema","kind":"client","trace_id":"7f0c28ef9d23c3be9ffd0950e894fc13","span_id":"3b5bb80b92c4cff0","status":"ok","duration_ms":0,"attributes":{"db.operation.name":"schema","db.system":"postgresql"}}
{"event":"correlation_span","name":"repository.query","kind":"client","trace_id":"042227f12a7192e946140b1d617c9887","span_id":"c7760e8aef0c6800","status":"ok","duration_ms":0,"attributes":{"db.operation.name":"query","db.system":"postgresql"}}
{"event":"correlation_span","name":"repository.query","kind":"client","trace_id":"e507b6500959a339e053da567a57985b","span_id":"7d1b046c42d113a3","status":"ok","duration_ms":0,"attributes":{"db.operation.name":"query","db.system":"postgresql"}}
{"event":"correlation_span","name":"repository.schema","kind":"client","trace_id":"9eb4e2a886675aaa7bec8faaa152edb7","span_id":"cf8971b93893c9d0","status":"ok","duration_ms":0,"attributes":{"db.operation.name":"schema","db.system":"postgresql"}}
{"event":"correlation_span","name":"repository.schema","kind":"client","trace_id":"0f629222feaad157c700cd51b5112e51","span_id":"ae4cccc39cd91e36","status":"ok","duration_ms":0,"attributes":{"db.operation.name":"schema","db.system":"postgresql"}}
{"event":"correlation_span","name":"repository.query","kind":"client","trace_id":"c88c6f9c75438185639a8a3f3b3b7634","span_id":"450a56e2d925c230","status":"ok","duration_ms":0,"attributes":{"db.operation.name":"query","db.system":"postgresql"}}
{"event":"correlation_span","name":"repository.schema","kind":"client","trace_id":"1ab96f7f01d23638d1f441ec2284783d","span_id":"7d565291944c2a3f","status":"ok","duration_ms":0,"attributes":{"db.operation.name":"schema","db.system":"postgresql"}}
{"event":"correlation_span","name":"repository.query","kind":"client","trace_id":"840b645e887ea83a861114dfd702e65b","span_id":"b9c958d84e58cfe8","status":"ok","duration_ms":0,"attributes":{"db.operation.name":"query","db.system":"postgresql"}}
{"event":"correlation_span","name":"repository.query","kind":"client","trace_id":"cef4a83f7cc3336d5a3c81e22621cb17","span_id":"318af11be4e8da1e","status":"ok","duration_ms":0,"attributes":{"db.operation.name":"query","db.system":"postgresql"}}
--- PASS: TestAuditPublicPageCompositionSelectedStartupRefusal (0.07s)
    --- PASS: TestAuditPublicPageCompositionSelectedStartupRefusal/false (0.02s)
    --- PASS: TestAuditPublicPageCompositionSelectedStartupRefusal/null (0.02s)
    --- PASS: TestAuditPublicPageCompositionSelectedStartupRefusal/{"ready":true} (0.02s)
    --- PASS: TestAuditPublicPageCompositionSelectedStartupRefusal/true (0.02s)
=== RUN   TestP7ProductionCompositionRejectsMissingEnforcement
--- PASS: TestP7ProductionCompositionRejectsMissingEnforcement (0.00s)
=== RUN   TestP7ProductionCompositionInjectsEveryRouter
=== RUN   TestP7ProductionCompositionInjectsEveryRouter/listSensors
=== RUN   TestP7ProductionCompositionInjectsEveryRouter/listComplianceEvidence
=== RUN   TestP7ProductionCompositionInjectsEveryRouter/getAuditExport
=== RUN   TestP7ProductionCompositionInjectsEveryRouter/getSecurityAgentExport
--- PASS: TestP7ProductionCompositionInjectsEveryRouter (0.11s)
    --- PASS: TestP7ProductionCompositionInjectsEveryRouter/listSensors (0.00s)
    --- PASS: TestP7ProductionCompositionInjectsEveryRouter/listComplianceEvidence (0.00s)
    --- PASS: TestP7ProductionCompositionInjectsEveryRouter/getAuditExport (0.00s)
    --- PASS: TestP7ProductionCompositionInjectsEveryRouter/getSecurityAgentExport (0.00s)
=== RUN   TestP7GuardedRuntimeReadinessCallback
=== RUN   TestP7GuardedRuntimeReadinessCallback/healthy
=== RUN   TestP7GuardedRuntimeReadinessCallback/services_refused
=== RUN   TestP7GuardedRuntimeReadinessCallback/discovery_refused
=== RUN   TestP7GuardedRuntimeReadinessCallback/agent_refused
=== RUN   TestP7GuardedRuntimeReadinessCallback/previous_refused
--- PASS: TestP7GuardedRuntimeReadinessCallback (0.48s)
    --- PASS: TestP7GuardedRuntimeReadinessCallback/healthy (0.48s)
    --- PASS: TestP7GuardedRuntimeReadinessCallback/services_refused (0.00s)
    --- PASS: TestP7GuardedRuntimeReadinessCallback/discovery_refused (0.00s)
    --- PASS: TestP7GuardedRuntimeReadinessCallback/agent_refused (0.00s)
    --- PASS: TestP7GuardedRuntimeReadinessCallback/previous_refused (0.00s)
=== RUN   TestP7GuardedRuntimeReadinessStartupGate
=== RUN   TestP7GuardedRuntimeReadinessStartupGate/healthy
=== RUN   TestP7GuardedRuntimeReadinessStartupGate/discovery_refused
=== RUN   TestP7GuardedRuntimeReadinessStartupGate/agent_refused
=== RUN   TestP7GuardedRuntimeReadinessStartupGate/expired_context
=== RUN   TestP7GuardedRuntimeReadinessStartupGate/invalid_key
--- PASS: TestP7GuardedRuntimeReadinessStartupGate (0.00s)
    --- PASS: TestP7GuardedRuntimeReadinessStartupGate/healthy (0.00s)
    --- PASS: TestP7GuardedRuntimeReadinessStartupGate/discovery_refused (0.00s)
    --- PASS: TestP7GuardedRuntimeReadinessStartupGate/agent_refused (0.00s)
    --- PASS: TestP7GuardedRuntimeReadinessStartupGate/expired_context (0.00s)
    --- PASS: TestP7GuardedRuntimeReadinessStartupGate/invalid_key (0.00s)
=== RUN   TestTemporalAutomaticFindingDecorator
--- PASS: TestTemporalAutomaticFindingDecorator (0.00s)
=== RUN   TestComplianceStorageFactoryBoundary
{"event":"correlation_span","name":"repository.query","kind":"client","trace_id":"55f705de1ab14b2b35dfb0af84a5922f","span_id":"42e0bd2c2ceea23f","status":"ok","duration_ms":0,"attributes":{"db.operation.name":"query","db.system":"postgresql"}}
{"event":"correlation_span","name":"repository.query","kind":"client","trace_id":"7e1a4d65303e537d08333639a8fcd135","span_id":"15b7bdbc5b096ce5","status":"ok","duration_ms":0,"attributes":{"db.operation.name":"query","db.system":"postgresql"}}
{"event":"correlation_span","name":"repository.schema","kind":"client","trace_id":"07b367cc9d234d0d860f2ea71258e893","span_id":"a47b8a07f594991e","status":"ok","duration_ms":0,"attributes":{"db.operation.name":"schema","db.system":"postgresql"}}
{"event":"correlation_span","name":"repository.schema","kind":"client","trace_id":"bcf3233d81b0ff468d7b9cb88a68fb71","span_id":"66c9f2cee8190347","status":"ok","duration_ms":0,"attributes":{"db.operation.name":"schema","db.system":"postgresql"}}
{"event":"correlation_span","name":"repository.query","kind":"client","trace_id":"4bbb3bcf65191b701a8168b2f28484c8","span_id":"4a2b0152d5f221dc","status":"ok","duration_ms":0,"attributes":{"db.operation.name":"query","db.system":"postgresql"}}
{"event":"correlation_span","name":"repository.query","kind":"client","trace_id":"039cc56c1c07ee8fce81d07f9509902c","span_id":"0258016185d234de","status":"ok","duration_ms":0,"attributes":{"db.operation.name":"query","db.system":"postgresql"}}
{"event":"correlation_span","name":"repository.schema","kind":"client","trace_id":"0a58aa1ac9d16dee6fab250f2ceb59d4","span_id":"a09d129dcb3b66ec","status":"ok","duration_ms":0,"attributes":{"db.operation.name":"schema","db.system":"postgresql"}}
{"event":"correlation_span","name":"repository.schema","kind":"client","trace_id":"0ffc3eda0f3e1ba37fe19fc0b9b7e7eb","span_id":"daf02d4abeb1a1c6","status":"ok","duration_ms":0,"attributes":{"db.operation.name":"schema","db.system":"postgresql"}}
{"event":"correlation_span","name":"repository.query","kind":"client","trace_id":"22985920a91dc6d413b3eddc7549abfc","span_id":"a96c1d22e6236736","status":"ok","duration_ms":0,"attributes":{"db.operation.name":"query","db.system":"postgresql"}}
--- PASS: TestComplianceStorageFactoryBoundary (0.01s)
=== RUN   TestComplianceBrowserAPIProcess
    compliance_browser_process_test.go:72: owned browser fixture not selected
--- SKIP: TestComplianceBrowserAPIProcess (0.00s)
=== RUN   TestComplianceAPIProductionComposition
=== RUN   TestComplianceAPIProductionComposition/installed
=== RUN   TestComplianceAPIProductionComposition/disabled
=== RUN   TestComplianceAPIProductionComposition/absent
=== RUN   TestComplianceAPIProductionComposition/unregistered
--- PASS: TestComplianceAPIProductionComposition (0.26s)
    --- PASS: TestComplianceAPIProductionComposition/installed (0.12s)
    --- PASS: TestComplianceAPIProductionComposition/disabled (0.03s)
    --- PASS: TestComplianceAPIProductionComposition/absent (0.03s)
    --- PASS: TestComplianceAPIProductionComposition/unregistered (0.08s)
=== RUN   TestComplianceAPIConfiguration
--- PASS: TestComplianceAPIConfiguration (0.01s)
=== RUN   TestComplianceDeploymentRenderedAPIConfig
    compliance_deployment_config_test.go:15: requires the owned rendered manifest fixture
--- SKIP: TestComplianceDeploymentRenderedAPIConfig (0.00s)
=== RUN   TestConnectorSecretsDriverUsesKMSAndAcceptsOneBoundedAWSRepresentation
--- PASS: TestConnectorSecretsDriverUsesKMSAndAcceptsOneBoundedAWSRepresentation (0.00s)
=== RUN   TestConnectorProviderHTTPClientDisablesAmbientProxyRedirectsAndLegacyTLS
--- PASS: TestConnectorProviderHTTPClientDisablesAmbientProxyRedirectsAndLegacyTLS (0.00s)
=== RUN   TestGitHubExchangeUsesFixedEndpointsStrictParsersAndReferenceOnlyResult
--- PASS: TestGitHubExchangeUsesFixedEndpointsStrictParsersAndReferenceOnlyResult (0.12s)
=== RUN   TestGitHubInstallationAuthorityRejectsUserAndPermissionDriftBeforePersistence
=== RUN   TestGitHubInstallationAuthorityRejectsUserAndPermissionDriftBeforePersistence/user
=== RUN   TestGitHubInstallationAuthorityRejectsUserAndPermissionDriftBeforePersistence/write_permission
=== RUN   TestGitHubInstallationAuthorityRejectsUserAndPermissionDriftBeforePersistence/extra_permission
=== RUN   TestGitHubInstallationAuthorityRejectsUserAndPermissionDriftBeforePersistence/foreign_selection
--- PASS: TestGitHubInstallationAuthorityRejectsUserAndPermissionDriftBeforePersistence (0.00s)
    --- PASS: TestGitHubInstallationAuthorityRejectsUserAndPermissionDriftBeforePersistence/user (0.00s)
    --- PASS: TestGitHubInstallationAuthorityRejectsUserAndPermissionDriftBeforePersistence/write_permission (0.00s)
    --- PASS: TestGitHubInstallationAuthorityRejectsUserAndPermissionDriftBeforePersistence/extra_permission (0.00s)
    --- PASS: TestGitHubInstallationAuthorityRejectsUserAndPermissionDriftBeforePersistence/foreign_selection (0.00s)
=== RUN   TestGitHubRecoveryAfterProviderResponseBeforeFirstGrantWriteNeverRepeatsExchange
--- PASS: TestGitHubRecoveryAfterProviderResponseBeforeFirstGrantWriteNeverRepeatsExchange (0.00s)
=== RUN   TestGitHubAppMintsInstallationTokenInMemoryOnly
--- PASS: TestGitHubAppMintsInstallationTokenInMemoryOnly (0.05s)
=== RUN   TestProviderManifestDecodersRejectMalformedDurableState
--- PASS: TestProviderManifestDecodersRejectMalformedDurableState (0.00s)
=== RUN   TestOktaExchangePersistsDeterministicOutcomeAndRevokesTransientTokens
--- PASS: TestOktaExchangePersistsDeterministicOutcomeAndRevokesTransientTokens (0.00s)
=== RUN   TestPerformConnectorJSONRejectsRedirectWrongMediaTypeOversizeAndTrailingValues
=== RUN   TestPerformConnectorJSONRejectsRedirectWrongMediaTypeOversizeAndTrailingValues/redirect
=== RUN   TestPerformConnectorJSONRejectsRedirectWrongMediaTypeOversizeAndTrailingValues/media
=== RUN   TestPerformConnectorJSONRejectsRedirectWrongMediaTypeOversizeAndTrailingValues/media_prefix
=== RUN   TestPerformConnectorJSONRejectsRedirectWrongMediaTypeOversizeAndTrailingValues/oversize
=== RUN   TestPerformConnectorJSONRejectsRedirectWrongMediaTypeOversizeAndTrailingValues/oversize_whitespace
=== RUN   TestPerformConnectorJSONRejectsRedirectWrongMediaTypeOversizeAndTrailingValues/trailing
--- PASS: TestPerformConnectorJSONRejectsRedirectWrongMediaTypeOversizeAndTrailingValues (0.00s)
    --- PASS: TestPerformConnectorJSONRejectsRedirectWrongMediaTypeOversizeAndTrailingValues/redirect (0.00s)
    --- PASS: TestPerformConnectorJSONRejectsRedirectWrongMediaTypeOversizeAndTrailingValues/media (0.00s)
    --- PASS: TestPerformConnectorJSONRejectsRedirectWrongMediaTypeOversizeAndTrailingValues/media_prefix (0.00s)
    --- PASS: TestPerformConnectorJSONRejectsRedirectWrongMediaTypeOversizeAndTrailingValues/oversize (0.00s)
    --- PASS: TestPerformConnectorJSONRejectsRedirectWrongMediaTypeOversizeAndTrailingValues/oversize_whitespace (0.00s)
    --- PASS: TestPerformConnectorJSONRejectsRedirectWrongMediaTypeOversizeAndTrailingValues/trailing (0.00s)
=== RUN   TestConnectorRejectionRuntimePostgres
    connector_rejection_runtime_test.go:18: requires the owned mounted connector-rejection fixture
--- SKIP: TestConnectorRejectionRuntimePostgres (0.00s)
=== RUN   TestDiscoveryRuntimeRepositorySelectsInstalledProfile
=== RUN   TestDiscoveryRuntimeRepositorySelectsInstalledProfile/installed
=== RUN   TestDiscoveryRuntimeRepositorySelectsInstalledProfile/absent
=== RUN   TestDiscoveryRuntimeRepositorySelectsInstalledProfile/no-interface
=== RUN   TestDiscoveryRuntimeRepositorySelectsInstalledProfile/invalid-installed
--- PASS: TestDiscoveryRuntimeRepositorySelectsInstalledProfile (0.00s)
    --- PASS: TestDiscoveryRuntimeRepositorySelectsInstalledProfile/installed (0.00s)
    --- PASS: TestDiscoveryRuntimeRepositorySelectsInstalledProfile/absent (0.00s)
    --- PASS: TestDiscoveryRuntimeRepositorySelectsInstalledProfile/no-interface (0.00s)
    --- PASS: TestDiscoveryRuntimeRepositorySelectsInstalledProfile/invalid-installed (0.00s)
=== RUN   TestDiscoveryRuntimeCapabilityForwardsAndRefusesInvalidInputs
=== RUN   TestDiscoveryRuntimeCapabilityForwardsAndRefusesInvalidInputs/nil-wrapper
=== RUN   TestDiscoveryRuntimeCapabilityForwardsAndRefusesInvalidInputs/nil-next
=== RUN   TestDiscoveryRuntimeCapabilityForwardsAndRefusesInvalidInputs/typed-nil
=== RUN   TestDiscoveryRuntimeCapabilityForwardsAndRefusesInvalidInputs/nil-context
=== RUN   TestDiscoveryRuntimeCapabilityForwardsAndRefusesInvalidInputs/cancelled
--- PASS: TestDiscoveryRuntimeCapabilityForwardsAndRefusesInvalidInputs (0.00s)
    --- PASS: TestDiscoveryRuntimeCapabilityForwardsAndRefusesInvalidInputs/nil-wrapper (0.00s)
    --- PASS: TestDiscoveryRuntimeCapabilityForwardsAndRefusesInvalidInputs/nil-next (0.00s)
    --- PASS: TestDiscoveryRuntimeCapabilityForwardsAndRefusesInvalidInputs/typed-nil (0.00s)
    --- PASS: TestDiscoveryRuntimeCapabilityForwardsAndRefusesInvalidInputs/nil-context (0.00s)
    --- PASS: TestDiscoveryRuntimeCapabilityForwardsAndRefusesInvalidInputs/cancelled (0.00s)
=== RUN   TestExistingTestDraftMountedProductionComposition
=== RUN   TestExistingTestDraftMountedProductionComposition/healthy
{"event":"correlation_span","name":"repository.query","kind":"client","trace_id":"f027d649f925893a9d267dfa4068cf40","span_id":"0fd6b3e9c2c9eada","status":"ok","duration_ms":0,"attributes":{"db.operation.name":"query","db.system":"postgresql"}}
{"event":"correlation_span","name":"repository.query","kind":"client","trace_id":"0abac64f1c1ed18f41ec9fe3420f464b","span_id":"45f00fff450000a0","status":"ok","duration_ms":0,"attributes":{"db.operation.name":"query","db.system":"postgresql"}}
{"event":"correlation_span","name":"repository.schema","kind":"client","trace_id":"839675828dcf7addedafc8f9be79d5b6","span_id":"e31c801ffe94a404","status":"ok","duration_ms":0,"attributes":{"db.operation.name":"schema","db.system":"postgresql"}}
{"event":"correlation_span","name":"repository.schema","kind":"client","trace_id":"6550158e972618505b7df93173feace8","span_id":"df60007ac5dc5fc5","status":"ok","duration_ms":0,"attributes":{"db.operation.name":"schema","db.system":"postgresql"}}
{"event":"correlation_span","name":"repository.query","kind":"client","trace_id":"23d3e39b24ae0bae7fddffe856e0b00f","span_id":"a2d136df2a5885ad","status":"ok","duration_ms":0,"attributes":{"db.operation.name":"query","db.system":"postgresql"}}
{"event":"correlation_span","name":"repository.query","kind":"client","trace_id":"4ad68fcd59fd496d7fc1bf88289f7cd9","span_id":"3bcb341e4d5a20fc","status":"ok","duration_ms":0,"attributes":{"db.operation.name":"query","db.system":"postgresql"}}
{"event":"correlation_span","name":"repository.schema","kind":"client","trace_id":"37392d7f8202b9e821f2fd109cae5070","span_id":"8ee059f5a6478ed5","status":"ok","duration_ms":0,"attributes":{"db.operation.name":"schema","db.system":"postgresql"}}
{"event":"correlation_span","name":"repository.schema","kind":"client","trace_id":"f2bddb93875ded50dbe3dc5e7d64f78a","span_id":"15bcb0ef420b479a","status":"ok","duration_ms":0,"attributes":{"db.operation.name":"schema","db.system":"postgresql"}}
{"event":"correlation_span","name":"repository.query","kind":"client","trace_id":"21657b556a3747455bfa5a8240a7056c","span_id":"ab5158525c6c4980","status":"ok","duration_ms":0,"attributes":{"db.operation.name":"query","db.system":"postgresql"}}
{"event":"correlation_span","name":"repository.schema","kind":"client","trace_id":"c60933fd01c6a82e07ade827f5f81215","span_id":"a14f0a3d2ec9f2ad","status":"ok","duration_ms":0,"attributes":{"db.operation.name":"schema","db.system":"postgresql"}}
{"event":"correlation_span","name":"repository.query","kind":"client","trace_id":"48353206502c86d001ad99e1d6139dfc","span_id":"bbf3ece7c274100d","status":"ok","duration_ms":0,"attributes":{"db.operation.name":"query","db.system":"postgresql"}}
{"event":"correlation_span","name":"repository.query","kind":"client","trace_id":"1d75437ba9d258f76881a6cf4702c056","span_id":"efac8477b07d0619","status":"ok","duration_ms":0,"attributes":{"db.operation.name":"query","db.system":"postgresql"}}
{"event":"correlation_span","name":"repository.schema","kind":"client","trace_id":"3733c663209fa0b14d684dada81bdfef","span_id":"ee40670934fdbacc","status":"ok","duration_ms":0,"attributes":{"db.operation.name":"schema","db.system":"postgresql"}}
{"event":"correlation_span","name":"repository.query","kind":"client","trace_id":"335d661fdd407b7f12addc137572eaa3","span_id":"fd15c4f0ce8bd5d4","status":"ok","duration_ms":0,"attributes":{"db.operation.name":"query","db.system":"postgresql"}}
{"event":"correlation_span","name":"repository.schema","kind":"client","trace_id":"bdbd8cd2647380b5237c3dd75984286f","span_id":"06f541c03707c80a","status":"ok","duration_ms":0,"attributes":{"db.operation.name":"schema","db.system":"postgresql"}}
{"event":"correlation_span","name":"repository.query","kind":"client","trace_id":"86ff1e8466eb8be2e20e3ce2e6d2a954","span_id":"2e28d0cbe36f382e","status":"ok","duration_ms":0,"attributes":{"db.operation.name":"query","db.system":"postgresql"}}
{"event":"correlation_span","name":"repository.schema","kind":"client","trace_id":"575a9b018a7f2a9e2181ad07e85379c6","span_id":"9c0957fb7cd96562","status":"ok","duration_ms":0,"attributes":{"db.operation.name":"schema","db.system":"postgresql"}}
{"event":"correlation_span","name":"repository.query","kind":"client","trace_id":"8e6e8d92170ba468b2dab21e039846df","span_id":"52ee38dee36a8db6","status":"ok","duration_ms":0,"attributes":{"db.operation.name":"query","db.system":"postgresql"}}
{"event":"correlation_span","name":"repository.query","kind":"client","trace_id":"870b38405c16282a9466be32ee102039","span_id":"decc1386b5e5e1e1","parent_span_id":"63315a5d4cb83308","status":"ok","duration_ms":0,"attributes":{"db.operation.name":"query","db.system":"postgresql"}}
{"event":"correlation_span","name":"repository.query","kind":"client","trace_id":"870b38405c16282a9466be32ee102039","span_id":"ec71cf48b905f5b8","parent_span_id":"63315a5d4cb83308","status":"ok","duration_ms":0,"attributes":{"db.operation.name":"query","db.system":"postgresql"}}
{"event":"correlation_span","name":"repository.query","kind":"client","trace_id":"870b38405c16282a9466be32ee102039","span_id":"524eacab1596d9d0","parent_span_id":"63315a5d4cb83308","status":"ok","duration_ms":60,"attributes":{"db.operation.name":"query","db.system":"postgresql"}}
{"event":"correlation_span","name":"repository.query","kind":"client","trace_id":"870b38405c16282a9466be32ee102039","span_id":"62d5300d0b44084d","parent_span_id":"63315a5d4cb83308","status":"ok","duration_ms":0,"attributes":{"db.operation.name":"query","db.system":"postgresql"}}
{"event":"correlation_span","name":"repository.query","kind":"client","trace_id":"870b38405c16282a9466be32ee102039","span_id":"a257fc4c08eb6301","parent_span_id":"63315a5d4cb83308","status":"ok","duration_ms":46,"attributes":{"db.operation.name":"query","db.system":"postgresql"}}
{"correlation_id":"pid_284f73ed-5729-44f4-9bf8-79cfee026a43","duration_ms":202,"event":"http_request","method":"POST","route":"/api/v1/security-agents","severity":"INFO","span_id":"63315a5d4cb83308","status":201,"timestamp":"2026-10-06T02:07:05.120350903Z","trace_id":"870b38405c16282a9466be32ee102039"}
{"correlation_id":"pid_284f73ed-5729-44f4-9bf8-79cfee026a43","event":"audit_outcome","operation":"POST /api/v1/security-agents","outcome":"succeeded","severity":"INFO","timestamp":"2026-10-06T02:07:05.120411995Z","trace_id":"870b38405c16282a9466be32ee102039"}
{"event":"correlation_span","name":"http.request","kind":"server","trace_id":"870b38405c16282a9466be32ee102039","span_id":"63315a5d4cb83308","parent_span_id":"5c132235b11595da","status":"ok","duration_ms":202,"attributes":{"http.request.method":"POST","http.response.status_code":"201","http.route":"/api/v1/security-agents"}}
=== RUN   TestExistingTestDraftMountedProductionComposition/missing_permission
{"event":"correlation_span","name":"repository.query","kind":"client","trace_id":"25ddcee448ad9cca09b59ee187a36d27","span_id":"820919a20aa1a81a","status":"ok","duration_ms":0,"attributes":{"db.operation.name":"query","db.system":"postgresql"}}
{"event":"correlation_span","name":"repository.query","kind":"client","trace_id":"cc77e5ebaeb09a47061b5b0ee593c331","span_id":"b32be580d6f79740","status":"ok","duration_ms":0,"attributes":{"db.operation.name":"query","db.system":"postgresql"}}
{"event":"correlation_span","name":"repository.schema","kind":"client","trace_id":"f4f1525234bdae798a5aff4020ceb1ab","span_id":"bc0f9743bcb6900a","status":"ok","duration_ms":0,"attributes":{"db.operation.name":"schema","db.system":"postgresql"}}
{"event":"correlation_span","name":"repository.schema","kind":"client","trace_id":"4e5846464ed4686091676a9d825a8209","span_id":"b84780a8c17af504","status":"ok","duration_ms":0,"attributes":{"db.operation.name":"schema","db.system":"postgresql"}}
{"event":"correlation_span","name":"repository.query","kind":"client","trace_id":"d7358caa6706b0f12f72ffb0b9a556c1","span_id":"7b12fb6805c3b923","status":"ok","duration_ms":0,"attributes":{"db.operation.name":"query","db.system":"postgresql"}}
{"event":"correlation_span","name":"repository.query","kind":"client","trace_id":"7498d75c38390cfc6c78c16d0b0110bd","span_id":"c9d7025547e3e5b1","status":"ok","duration_ms":0,"attributes":{"db.operation.name":"query","db.system":"postgresql"}}
{"event":"correlation_span","name":"repository.schema","kind":"client","trace_id":"a3aa44159811b4a96c3dd0514da424b7","span_id":"aff29a1f0740426c","status":"ok","duration_ms":0,"attributes":{"db.operation.name":"schema","db.system":"postgresql"}}
{"event":"correlation_span","name":"repository.schema","kind":"client","trace_id":"d3d515310e7de3166b5ca2fa46ea08f0","span_id":"36638bf7d7f2c0c6","status":"ok","duration_ms":0,"attributes":{"db.operation.name":"schema","db.system":"postgresql"}}
{"event":"correlation_span","name":"repository.query","kind":"client","trace_id":"8aebef40107220c8795a5379793bee1b","span_id":"01f66436521ef4c2","status":"ok","duration_ms":0,"attributes":{"db.operation.name":"query","db.system":"postgresql"}}
{"event":"correlation_span","name":"repository.schema","kind":"client","trace_id":"60495e828e856654c94ede9a9569fe30","span_id":"c20102d86c7e2fa2","status":"ok","duration_ms":0,"attributes":{"db.operation.name":"schema","db.system":"postgresql"}}
{"event":"correlation_span","name":"repository.query","kind":"client","trace_id":"5fc08a77a4b7a76519b1f99598ee1584","span_id":"572e153f78bf467c","status":"ok","duration_ms":0,"attributes":{"db.operation.name":"query","db.system":"postgresql"}}
{"event":"correlation_span","name":"repository.query","kind":"client","trace_id":"781502ab31091fe43f544c531625d599","span_id":"9d6858929069d147","status":"ok","duration_ms":0,"attributes":{"db.operation.name":"query","db.system":"postgresql"}}
{"event":"correlation_span","name":"repository.schema","kind":"client","trace_id":"c0acb7b95ef5ec6ffb787f1639022646","span_id":"6d1f3823d0432031","status":"ok","duration_ms":0,"attributes":{"db.operation.name":"schema","db.system":"postgresql"}}
{"event":"correlation_span","name":"repository.query","kind":"client","trace_id":"26ea28931a392a59093acb5192364a4e","span_id":"c0c8f4963a8b323a","status":"ok","duration_ms":0,"attributes":{"db.operation.name":"query","db.system":"postgresql"}}
{"event":"correlation_span","name":"repository.schema","kind":"client","trace_id":"7c7e90857bc3bc9ea129e1e0e5d26313","span_id":"2db858bc276ea598","status":"ok","duration_ms":0,"attributes":{"db.operation.name":"schema","db.system":"postgresql"}}
{"event":"correlation_span","name":"repository.query","kind":"client","trace_id":"0ff0d66cb72fc5ab400219f8a933fa0a","span_id":"5f0cf30ea6131a2c","status":"ok","duration_ms":0,"attributes":{"db.operation.name":"query","db.system":"postgresql"}}
{"event":"correlation_span","name":"repository.schema","kind":"client","trace_id":"743173900b4139314e2a7d6a5b54278a","span_id":"3d824d42b21c508d","status":"ok","duration_ms":0,"attributes":{"db.operation.name":"schema","db.system":"postgresql"}}
{"event":"correlation_span","name":"repository.query","kind":"client","trace_id":"71fbca82bd494b78af767adb07ec4c78","span_id":"d42e51b4f745b9c4","status":"ok","duration_ms":0,"attributes":{"db.operation.name":"query","db.system":"postgresql"}}
{"event":"correlation_span","name":"repository.query","kind":"client","trace_id":"0bcf58c409693e87dc53f05ace3b156f","span_id":"fd6b6f3b3cb3a967","parent_span_id":"2e97013425b8b3ba","status":"ok","duration_ms":0,"attributes":{"db.operation.name":"query","db.system":"postgresql"}}
{"correlation_id":"pid_dd4cecb2-f8ee-45a1-8ce4-1db3dac428ed","duration_ms":0,"event":"http_request","method":"POST","route":"/api/v1/security-agents","severity":"INFO","span_id":"2e97013425b8b3ba","status":403,"timestamp":"2026-10-06T02:07:05.129976751Z","trace_id":"0bcf58c409693e87dc53f05ace3b156f"}
{"correlation_id":"pid_dd4cecb2-f8ee-45a1-8ce4-1db3dac428ed","event":"audit_outcome","operation":"POST /api/v1/security-agents","outcome":"rejected","severity":"INFO","timestamp":"2026-10-06T02:07:05.130019715Z","trace_id":"0bcf58c409693e87dc53f05ace3b156f"}
{"event":"correlation_span","name":"http.request","kind":"server","trace_id":"0bcf58c409693e87dc53f05ace3b156f","span_id":"2e97013425b8b3ba","parent_span_id":"87c8b0b1f6f327c1","status":"ok","duration_ms":0,"attributes":{"http.request.method":"POST","http.response.status_code":"403","http.route":"/api/v1/security-agents"}}
=== RUN   TestExistingTestDraftMountedProductionComposition/wrong_csrf
{"event":"correlation_span","name":"repository.query","kind":"client","trace_id":"30bdaae6357f3db83e0eb9a44701d9ed","span_id":"f6732d862db11229","status":"ok","duration_ms":0,"attributes":{"db.operation.name":"query","db.system":"postgresql"}}
{"event":"correlation_span","name":"repository.query","kind":"client","trace_id":"8ff7e2889db632b08a2d6a1e8c84fdaa","span_id":"8b908e7d51966d84","status":"ok","duration_ms":0,"attributes":{"db.operation.name":"query","db.system":"postgresql"}}
{"event":"correlation_span","name":"repository.schema","kind":"client","trace_id":"fa099e850926b4f2ea6667da353ba5b7","span_id":"1b52e9928ed2610f","status":"ok","duration_ms":0,"attributes":{"db.operation.name":"schema","db.system":"postgresql"}}
{"event":"correlation_span","name":"repository.schema","kind":"client","trace_id":"0f215eebbefea21a0fe1a9b688a4e171","span_id":"4b568a0a353c0177","status":"ok","duration_ms":0,"attributes":{"db.operation.name":"schema","db.system":"postgresql"}}
{"event":"correlation_span","name":"repository.query","kind":"client","trace_id":"94a4d6010e087498cf229f4f5cd03a45","span_id":"7882d18e587f0e96","status":"ok","duration_ms":0,"attributes":{"db.operation.name":"query","db.system":"postgresql"}}
{"event":"correlation_span","name":"repository.query","kind":"client","trace_id":"54b3fc9db52af8daa7ef012036e53c8d","span_id":"6a1f6625a15dc472","status":"ok","duration_ms":0,"attributes":{"db.operation.name":"query","db.system":"postgresql"}}
{"event":"correlation_span","name":"repository.schema","kind":"client","trace_id":"b52dfc599541df9dce1089fae72d5a3a","span_id":"4af670a32a9ff694","status":"ok","duration_ms":0,"attributes":{"db.operation.name":"schema","db.system":"postgresql"}}
{"event":"correlation_span","name":"repository.schema","kind":"client","trace_id":"6eb7666bea310e90d72ed2538e3fdbe1","span_id":"467804ffb78c590a","status":"ok","duration_ms":0,"attributes":{"db.operation.name":"schema","db.system":"postgresql"}}
{"event":"correlation_span","name":"repository.query","kind":"client","trace_id":"6bc79daa47258ce7c57570dfd43784c5","span_id":"b5488388ced94b60","status":"ok","duration_ms":0,"attributes":{"db.operation.name":"query","db.system":"postgresql"}}
{"event":"correlation_span","name":"repository.schema","kind":"client","trace_id":"904885c9e20cd6935935a0009c8ac2ec","span_id":"66b8c6af823027e1","status":"ok","duration_ms":0,"attributes":{"db.operation.name":"schema","db.system":"postgresql"}}
{"event":"correlation_span","name":"repository.query","kind":"client","trace_id":"5ce3aca22e270c907254df6a084c7c69","span_id":"9623e525bcc21dc2","status":"ok","duration_ms":0,"attributes":{"db.operation.name":"query","db.system":"postgresql"}}
{"event":"correlation_span","name":"repository.query","kind":"client","trace_id":"3216f25c917c4c42b5b4e4b2f7d68932","span_id":"62131b3fa0f55442","status":"ok","duration_ms":0,"attributes":{"db.operation.name":"query","db.system":"postgresql"}}
{"event":"correlation_span","name":"repository.schema","kind":"client","trace_id":"edcd5d827781f99dc347faab8a1956a4","span_id":"cb421590e18bccfa","status":"ok","duration_ms":0,"attributes":{"db.operation.name":"schema","db.system":"postgresql"}}
{"event":"correlation_span","name":"repository.query","kind":"client","trace_id":"561263b12b614e05927af4c7171848bc","span_id":"23e6dff54cbb8d71","status":"ok","duration_ms":0,"attributes":{"db.operation.name":"query","db.system":"postgresql"}}
{"event":"correlation_span","name":"repository.schema","kind":"client","trace_id":"259fe1c313b5f9fe7e76266966c1f15f","span_id":"2426ee8b6dd36535","status":"ok","duration_ms":0,"attributes":{"db.operation.name":"schema","db.system":"postgresql"}}
{"event":"correlation_span","name":"repository.query","kind":"client","trace_id":"8b9056b814915a69c8bdf82f0a9da93c","span_id":"22c0161be2b127c6","status":"ok","duration_ms":0,"attributes":{"db.operation.name":"query","db.system":"postgresql"}}
{"event":"correlation_span","name":"repository.schema","kind":"client","trace_id":"4a82924349ac0c3f546af17f37348d8a","span_id":"9520b33de2fc2ef5","status":"ok","duration_ms":0,"attributes":{"db.operation.name":"schema","db.system":"postgresql"}}
{"event":"correlation_span","name":"repository.query","kind":"client","trace_id":"d28fbd1574e9d41ff734822446398b6a","span_id":"5cd33bade7f968e9","status":"ok","duration_ms":0,"attributes":{"db.operation.name":"query","db.system":"postgresql"}}
{"event":"correlation_span","name":"repository.query","kind":"client","trace_id":"4f080c43d3f7281e4cabf385a02444f5","span_id":"7fa07ddd35e99b20","parent_span_id":"8772f06e6a61d511","status":"ok","duration_ms":0,"attributes":{"db.operation.name":"query","db.system":"postgresql"}}
{"correlation_id":"pid_1fd34683-b30f-4aea-8c5c-72231e65ec92","duration_ms":0,"event":"http_request","method":"POST","route":"/api/v1/security-agents","severity":"INFO","span_id":"8772f06e6a61d511","status":403,"timestamp":"2026-10-06T02:07:05.138890781Z","trace_id":"4f080c43d3f7281e4cabf385a02444f5"}
{"correlation_id":"pid_1fd34683-b30f-4aea-8c5c-72231e65ec92","event":"audit_outcome","operation":"POST /api/v1/security-agents","outcome":"rejected","severity":"INFO","timestamp":"2026-10-06T02:07:05.138935158Z","trace_id":"4f080c43d3f7281e4cabf385a02444f5"}
{"event":"correlation_span","name":"http.request","kind":"server","trace_id":"4f080c43d3f7281e4cabf385a02444f5","span_id":"8772f06e6a61d511","parent_span_id":"82899206c677de07","status":"ok","duration_ms":0,"attributes":{"http.request.method":"POST","http.response.status_code":"403","http.route":"/api/v1/security-agents"}}
=== RUN   TestExistingTestDraftMountedProductionComposition/wrong_origin
{"event":"correlation_span","name":"repository.query","kind":"client","trace_id":"cfb792aea9fed2094cbbfff312013d51","span_id":"a56d60af6f0fe124","status":"ok","duration_ms":0,"attributes":{"db.operation.name":"query","db.system":"postgresql"}}
{"event":"correlation_span","name":"repository.query","kind":"client","trace_id":"b27954673393d9c2134e87454cb59192","span_id":"ac088862650c6fda","status":"ok","duration_ms":0,"attributes":{"db.operation.name":"query","db.system":"postgresql"}}
{"event":"correlation_span","name":"repository.schema","kind":"client","trace_id":"1b878cfbaf667be3b78d2579138d5261","span_id":"def6a66752678bd5","status":"ok","duration_ms":0,"attributes":{"db.operation.name":"schema","db.system":"postgresql"}}
{"event":"correlation_span","name":"repository.schema","kind":"client","trace_id":"b66d4cf1cabfa5e491da5cecacb0d1a1","span_id":"7380940be0a7957b","status":"ok","duration_ms":0,"attributes":{"db.operation.name":"schema","db.system":"postgresql"}}
{"event":"correlation_span","name":"repository.query","kind":"client","trace_id":"c16d6bb746a3aede54b589d9eeff0d0a","span_id":"3c35cbbed8191dfa","status":"ok","duration_ms":0,"attributes":{"db.operation.name":"query","db.system":"postgresql"}}
{"event":"correlation_span","name":"repository.query","kind":"client","trace_id":"5e1b15f199a49c5450ad29c34fdfe5ec","span_id":"ac3a92a5c2661863","status":"ok","duration_ms":0,"attributes":{"db.operation.name":"query","db.system":"postgresql"}}
{"event":"correlation_span","name":"repository.schema","kind":"client","trace_id":"59cc2c40b2eaa6c62a867d5d1accd8ca","span_id":"5bbd441f55c1e01f","status":"ok","duration_ms":0,"attributes":{"db.operation.name":"schema","db.system":"postgresql"}}
{"event":"correlation_span","name":"repository.schema","kind":"client","trace_id":"1ab1788eaab74a2d9b31d2634b5a4e43","span_id":"0cc2823591704902","status":"ok","duration_ms":0,"attributes":{"db.operation.name":"schema","db.system":"postgresql"}}
{"event":"correlation_span","name":"repository.query","kind":"client","trace_id":"642af7bdab8c8564133f09f8daa38e4a","span_id":"701d2fbb5a3f7995","status":"ok","duration_ms":0,"attributes":{"db.operation.name":"query","db.system":"postgresql"}}
{"event":"correlation_span","name":"repository.schema","kind":"client","trace_id":"3864d27491ea6d03bd264718ff7c9514","span_id":"21f3ebde27af182b","status":"ok","duration_ms":0,"attributes":{"db.operation.name":"schema","db.system":"postgresql"}}
{"event":"correlation_span","name":"repository.query","kind":"client","trace_id":"9969098b8579b90c779f912239fd28c6","span_id":"fc77c1373e829c62","status":"ok","duration_ms":0,"attributes":{"db.operation.name":"query","db.system":"postgresql"}}
{"event":"correlation_span","name":"repository.query","kind":"client","trace_id":"ebdd5f68e36de2554c3741b4a8744995","span_id":"a92886ee0d98fc1d","status":"ok","duration_ms":0,"attributes":{"db.operation.name":"query","db.system":"postgresql"}}
{"event":"correlation_span","name":"repository.schema","kind":"client","trace_id":"11d5419900b53504a89ff8e94caa58cb","span_id":"c079588e991b4799","status":"ok","duration_ms":0,"attributes":{"db.operation.name":"schema","db.system":"postgresql"}}
{"event":"correlation_span","name":"repository.query","kind":"client","trace_id":"cbf445bb23833e5934fe06a84f5951a7","span_id":"cf59004a23671b25","status":"ok","duration_ms":0,"attributes":{"db.operation.name":"query","db.system":"postgresql"}}
{"event":"correlation_span","name":"repository.schema","kind":"client","trace_id":"c1f44ca2bcf0c7ef18164e516f410d31","span_id":"33eca2aa6f9b684e","status":"ok","duration_ms":0,"attributes":{"db.operation.name":"schema","db.system":"postgresql"}}
{"event":"correlation_span","name":"repository.query","kind":"client","trace_id":"0f6d2cc41e1c63d6d0e063da92afef2f","span_id":"517041b5d66e4257","status":"ok","duration_ms":0,"attributes":{"db.operation.name":"query","db.system":"postgresql"}}
{"event":"correlation_span","name":"repository.schema","kind":"client","trace_id":"d2b06db17e964b2daa8083a22b04ac22","span_id":"b305923656a33c74","status":"ok","duration_ms":0,"attributes":{"db.operation.name":"schema","db.system":"postgresql"}}
{"event":"correlation_span","name":"repository.query","kind":"client","trace_id":"5dfc9763f518906d1db33f28af36423f","span_id":"4f41ebad631f452d","status":"ok","duration_ms":0,"attributes":{"db.operation.name":"query","db.system":"postgresql"}}
=== RUN   TestExistingTestDraftMountedProductionComposition/foreign_scope
{"event":"correlation_span","name":"repository.query","kind":"client","trace_id":"800908d7213da353675bc709e739dc8d","span_id":"ba9c1b0c88237452","status":"ok","duration_ms":0,"attributes":{"db.operation.name":"query","db.system":"postgresql"}}
{"event":"correlation_span","name":"repository.query","kind":"client","trace_id":"522d23bd55b939ba6950ce5a19474ef1","span_id":"66a39d1861caed17","status":"ok","duration_ms":0,"attributes":{"db.operation.name":"query","db.system":"postgresql"}}
{"event":"correlation_span","name":"repository.schema","kind":"client","trace_id":"8fcea340dc6343cd816ad9a43418d502","span_id":"00a2f68a00e64260","status":"ok","duration_ms":0,"attributes":{"db.operation.name":"schema","db.system":"postgresql"}}
{"event":"correlation_span","name":"repository.schema","kind":"client","trace_id":"08129654098e7ce24ac4af04bbc89733","span_id":"89077aa161fb368c","status":"ok","duration_ms":0,"attributes":{"db.operation.name":"schema","db.system":"postgresql"}}
{"event":"correlation_span","name":"repository.query","kind":"client","trace_id":"92fb75ad6b5782119299bb9980bb4233","span_id":"6c6e0570dfb1309f","status":"ok","duration_ms":0,"attributes":{"db.operation.name":"query","db.system":"postgresql"}}
{"event":"correlation_span","name":"repository.query","kind":"client","trace_id":"f250614c05e278977898015e4943fbb2","span_id":"bf38d7cc4a105714","status":"ok","duration_ms":0,"attributes":{"db.operation.name":"query","db.system":"postgresql"}}
{"event":"correlation_span","name":"repository.schema","kind":"client","trace_id":"b144e8b9a37abe3ddf4c001b11704496","span_id":"ba02499123d87d02","status":"ok","duration_ms":0,"attributes":{"db.operation.name":"schema","db.system":"postgresql"}}
{"event":"correlation_span","name":"repository.schema","kind":"client","trace_id":"e2845f5ec9a510dc7e62cde38b15693d","span_id":"fea18bd9f9704893","status":"ok","duration_ms":0,"attributes":{"db.operation.name":"schema","db.system":"postgresql"}}
{"event":"correlation_span","name":"repository.query","kind":"client","trace_id":"f9791d28eddb7e0a57848b35ea54fb84","span_id":"6e46fe120003b7bd","status":"ok","duration_ms":0,"attributes":{"db.operation.name":"query","db.system":"postgresql"}}
{"event":"correlation_span","name":"repository.schema","kind":"client","trace_id":"25db7d03466e6c1fe1cfa9d0fc993eb8","span_id":"370bc3c5d48d657e","status":"ok","duration_ms":0,"attributes":{"db.operation.name":"schema","db.system":"postgresql"}}
{"event":"correlation_span","name":"repository.query","kind":"client","trace_id":"c565fd67beb04269907f880cefa1709e","span_id":"3d056caa74521db0","status":"ok","duration_ms":0,"attributes":{"db.operation.name":"query","db.system":"postgresql"}}
{"event":"correlation_span","name":"repository.query","kind":"client","trace_id":"45ee1c85da5d2f2d65a9942f7cfc8bfb","span_id":"50cccf421ec95521","status":"ok","duration_ms":0,"attributes":{"db.operation.name":"query","db.system":"postgresql"}}
{"event":"correlation_span","name":"repository.schema","kind":"client","trace_id":"41773480afd14f051d30729c30f298bb","span_id":"3dd4fbba5aa32e5c","status":"ok","duration_ms":0,"attributes":{"db.operation.name":"schema","db.system":"postgresql"}}
{"event":"correlation_span","name":"repository.query","kind":"client","trace_id":"cd8dc9f87463a1f028eef9d49b7fd442","span_id":"35745bf4e084a13c","status":"ok","duration_ms":0,"attributes":{"db.operation.name":"query","db.system":"postgresql"}}
{"event":"correlation_span","name":"repository.schema","kind":"client","trace_id":"c74a9f18911596396b4ee6b4c148583f","span_id":"d9d6252321cb823d","status":"ok","duration_ms":0,"attributes":{"db.operation.name":"schema","db.system":"postgresql"}}
{"event":"correlation_span","name":"repository.query","kind":"client","trace_id":"0fd82871d614500d155ae766dfff4766","span_id":"7d9dd48bf195112b","status":"ok","duration_ms":0,"attributes":{"db.operation.name":"query","db.system":"postgresql"}}
{"event":"correlation_span","name":"repository.schema","kind":"client","trace_id":"8d98b2668fef56ee13d67a01e7cc5d0e","span_id":"b4b124b70dce4fdd","status":"ok","duration_ms":0,"attributes":{"db.operation.name":"schema","db.system":"postgresql"}}
{"event":"correlation_span","name":"repository.query","kind":"client","trace_id":"fafdb6388c0651695413902fd3d655d3","span_id":"c49ab39e49886dec","status":"ok","duration_ms":0,"attributes":{"db.operation.name":"query","db.system":"postgresql"}}
{"event":"correlation_span","name":"repository.query","kind":"client","trace_id":"0f9a19508632739466ae6e7a1061a610","span_id":"185608ec15dd099b","parent_span_id":"eda352d521f9da93","status":"ok","duration_ms":0,"attributes":{"db.operation.name":"query","db.system":"postgresql"}}
{"correlation_id":"pid_be43a4c2-234b-4df7-a0b3-07d8d3fb5911","duration_ms":0,"event":"http_request","method":"POST","route":"/api/v1/security-agents","severity":"INFO","span_id":"eda352d521f9da93","status":409,"timestamp":"2026-10-06T02:07:05.155244305Z","trace_id":"0f9a19508632739466ae6e7a1061a610"}
{"correlation_id":"pid_be43a4c2-234b-4df7-a0b3-07d8d3fb5911","event":"audit_outcome","operation":"POST /api/v1/security-agents","outcome":"rejected","severity":"INFO","timestamp":"2026-10-06T02:07:05.155292898Z","trace_id":"0f9a19508632739466ae6e7a1061a610"}
{"event":"correlation_span","name":"http.request","kind":"server","trace_id":"0f9a19508632739466ae6e7a1061a610","span_id":"eda352d521f9da93","parent_span_id":"1a042bb091503d4c","status":"ok","duration_ms":0,"attributes":{"http.request.method":"POST","http.response.status_code":"409","http.route":"/api/v1/security-agents"}}
=== RUN   TestExistingTestDraftMountedProductionComposition/corrupt55
{"event":"correlation_span","name":"repository.query","kind":"client","trace_id":"5b52541deabb3abefb311281c27e03b7","span_id":"669ce55c90d90ad7","status":"ok","duration_ms":0,"attributes":{"db.operation.name":"query","db.system":"postgresql"}}
{"event":"correlation_span","name":"repository.query","kind":"client","trace_id":"1e6782d148215ca26b1fa9a06ba3073a","span_id":"2fd751ea544bb8dd","status":"ok","duration_ms":0,"attributes":{"db.operation.name":"query","db.system":"postgresql"}}
{"event":"correlation_span","name":"repository.schema","kind":"client","trace_id":"4901bd85b809887e6869a2b9189cec53","span_id":"577f41016c03f1a8","status":"ok","duration_ms":0,"attributes":{"db.operation.name":"schema","db.system":"postgresql"}}
{"event":"correlation_span","name":"repository.schema","kind":"client","trace_id":"f94cca8f372bd722de1d8de67f395e5f","span_id":"2520a32450f5134a","status":"ok","duration_ms":0,"attributes":{"db.operation.name":"schema","db.system":"postgresql"}}
{"event":"correlation_span","name":"repository.query","kind":"client","trace_id":"eecf2d19856532f360635bf84e30e603","span_id":"455c9c69b60f2c8a","status":"ok","duration_ms":0,"attributes":{"db.operation.name":"query","db.system":"postgresql"}}
{"event":"correlation_span","name":"repository.query","kind":"client","trace_id":"e6aa844055fd7a97479c912c1f7f7397","span_id":"4b36195922b3017a","status":"ok","duration_ms":0,"attributes":{"db.operation.name":"query","db.system":"postgresql"}}
{"event":"correlation_span","name":"repository.schema","kind":"client","trace_id":"1178fd3debecc3230d12f78d20cf5bf5","span_id":"be1f21f0ff5dea55","status":"ok","duration_ms":0,"attributes":{"db.operation.name":"schema","db.system":"postgresql"}}
{"event":"correlation_span","name":"repository.schema","kind":"client","trace_id":"e1a56ed6d700b72eaa00848d0f7f0166","span_id":"ef650aaa5955ba66","status":"ok","duration_ms":0,"attributes":{"db.operation.name":"schema","db.system":"postgresql"}}
{"event":"correlation_span","name":"repository.query","kind":"client","trace_id":"497304508473cc651a3f2f765269d152","span_id":"a0639390bd8d01a5","status":"ok","duration_ms":0,"attributes":{"db.operation.name":"query","db.system":"postgresql"}}
{"event":"correlation_span","name":"repository.schema","kind":"client","trace_id":"0937708a73b706aa2bcbed31ccad4303","span_id":"89ce509f3e39314e","status":"ok","duration_ms":0,"attributes":{"db.operation.name":"schema","db.system":"postgresql"}}
{"event":"correlation_span","name":"repository.query","kind":"client","trace_id":"13e1f0966c8d985dd1c3ce8fb6e48414","span_id":"a6f1f1995a54f6f4","status":"ok","duration_ms":0,"attributes":{"db.operation.name":"query","db.system":"postgresql"}}
{"event":"correlation_span","name":"repository.query","kind":"client","trace_id":"555281a74cb43d7fbb338658191631b8","span_id":"1df2053618194ad4","status":"ok","duration_ms":0,"attributes":{"db.operation.name":"query","db.system":"postgresql"}}
{"event":"correlation_span","name":"repository.schema","kind":"client","trace_id":"afc15826a365ed1ea79fe8700cfa9ffa","span_id":"c5e7f444d5c09ead","status":"ok","duration_ms":0,"attributes":{"db.operation.name":"schema","db.system":"postgresql"}}
{"event":"correlation_span","name":"repository.query","kind":"client","trace_id":"f08c243bf78b8bd951fc9b63ceaa1867","span_id":"c19a64d776d9525c","status":"ok","duration_ms":0,"attributes":{"db.operation.name":"query","db.system":"postgresql"}}
{"event":"correlation_span","name":"repository.schema","kind":"client","trace_id":"1813c1af6f77732fc51e8f3c662d785c","span_id":"8719a854b6fbeee4","status":"ok","duration_ms":0,"attributes":{"db.operation.name":"schema","db.system":"postgresql"}}
{"event":"correlation_span","name":"repository.query","kind":"client","trace_id":"051edf16269ada4aac4262d1f52d7986","span_id":"1e40726cb5312c3e","status":"ok","duration_ms":0,"attributes":{"db.operation.name":"query","db.system":"postgresql"}}
{"event":"correlation_span","name":"repository.schema","kind":"client","trace_id":"feb6fc5603f037142ad20e539d9c5577","span_id":"c000979385bcead0","status":"ok","duration_ms":0,"attributes":{"db.operation.name":"schema","db.system":"postgresql"}}
{"event":"correlation_span","name":"repository.query","kind":"client","trace_id":"c9194bf409ed444f813f88c368dba0ae","span_id":"b314db71ff75f62b","status":"ok","duration_ms":0,"attributes":{"db.operation.name":"query","db.system":"postgresql"}}
{"event":"correlation_span","name":"repository.query","kind":"client","trace_id":"0bcf9d0fcf579f17e1418709dbba7674","span_id":"a6fef6f85fe5b4f6","parent_span_id":"c594463aa237c8d8","status":"ok","duration_ms":0,"attributes":{"db.operation.name":"query","db.system":"postgresql"}}
{"event":"correlation_span","name":"repository.query","kind":"client","trace_id":"0bcf9d0fcf579f17e1418709dbba7674","span_id":"9eefab65b6fce529","parent_span_id":"c594463aa237c8d8","status":"ok","duration_ms":0,"attributes":{"db.operation.name":"query","db.system":"postgresql"}}
{"event":"correlation_span","name":"repository.query","kind":"client","trace_id":"0bcf9d0fcf579f17e1418709dbba7674","span_id":"c83167323e450914","parent_span_id":"c594463aa237c8d8","status":"error","duration_ms":0,"attributes":{"db.operation.name":"query","db.system":"postgresql"}}
{"correlation_id":"pid_28a9dae8-f398-41ce-9de0-81d5011baf29","duration_ms":56,"event":"http_request","method":"POST","route":"/api/v1/security-agents","severity":"INFO","span_id":"c594463aa237c8d8","status":503,"timestamp":"2026-10-06T02:07:05.219306652Z","trace_id":"0bcf9d0fcf579f17e1418709dbba7674"}
{"correlation_id":"pid_28a9dae8-f398-41ce-9de0-81d5011baf29","event":"audit_outcome","operation":"POST /api/v1/security-agents","outcome":"rejected","severity":"INFO","timestamp":"2026-10-06T02:07:05.21937828Z","trace_id":"0bcf9d0fcf579f17e1418709dbba7674"}
{"event":"correlation_span","name":"http.request","kind":"server","trace_id":"0bcf9d0fcf579f17e1418709dbba7674","span_id":"c594463aa237c8d8","parent_span_id":"2c81b8ebe6042bb7","status":"error","duration_ms":56,"attributes":{"http.request.method":"POST","http.response.status_code":"503","http.route":"/api/v1/security-agents"}}
--- PASS: TestExistingTestDraftMountedProductionComposition (0.31s)
    --- PASS: TestExistingTestDraftMountedProductionComposition/healthy (0.21s)
    --- PASS: TestExistingTestDraftMountedProductionComposition/missing_permission (0.01s)
    --- PASS: TestExistingTestDraftMountedProductionComposition/wrong_csrf (0.01s)
    --- PASS: TestExistingTestDraftMountedProductionComposition/wrong_origin (0.01s)
    --- PASS: TestExistingTestDraftMountedProductionComposition/foreign_scope (0.01s)
    --- PASS: TestExistingTestDraftMountedProductionComposition/corrupt55 (0.06s)
=== RUN   TestExistingTestCatalogMountedProductionComposition
{"event":"correlation_span","name":"repository.query","kind":"client","trace_id":"7bef2398584342f50ddb7e98f1fb458f","span_id":"bf42c677784a4a14","status":"ok","duration_ms":0,"attributes":{"db.operation.name":"query","db.system":"postgresql"}}
{"event":"correlation_span","name":"repository.query","kind":"client","trace_id":"5f7389ff1380ec75c166d02be18132e2","span_id":"416892bbc2295712","status":"ok","duration_ms":0,"attributes":{"db.operation.name":"query","db.system":"postgresql"}}
{"event":"correlation_span","name":"repository.schema","kind":"client","trace_id":"8a90e8f170e56e98704cdff959f7223d","span_id":"d9f28690f91309ee","status":"ok","duration_ms":0,"attributes":{"db.operation.name":"schema","db.system":"postgresql"}}
{"event":"correlation_span","name":"repository.schema","kind":"client","trace_id":"4f11b703dfc60c9d1b675b171d61a086","span_id":"bb18c92e241773a1","status":"ok","duration_ms":0,"attributes":{"db.operation.name":"schema","db.system":"postgresql"}}
{"event":"correlation_span","name":"repository.query","kind":"client","trace_id":"58e7ad870058ac898d3ee38713df557b","span_id":"d1f37aa593ee7692","status":"ok","duration_ms":0,"attributes":{"db.operation.name":"query","db.system":"postgresql"}}
{"event":"correlation_span","name":"repository.query","kind":"client","trace_id":"6eb2863ef78e3a384ae81a7109d24b06","span_id":"a5868b65dcbd7894","status":"ok","duration_ms":0,"attributes":{"db.operation.name":"query","db.system":"postgresql"}}
{"event":"correlation_span","name":"repository.schema","kind":"client","trace_id":"a8ed22c66ad1af70eadc3d3dd027ae19","span_id":"50b2563c3114a08c","status":"ok","duration_ms":0,"attributes":{"db.operation.name":"schema","db.system":"postgresql"}}
{"event":"correlation_span","name":"repository.schema","kind":"client","trace_id":"a225d716295b2444508216bc5d71f73c","span_id":"66b4bf570251289f","status":"ok","duration_ms":0,"attributes":{"db.operation.name":"schema","db.system":"postgresql"}}
{"event":"correlation_span","name":"repository.query","kind":"client","trace_id":"f2f8f75d047755bdd179c53353f78a92","span_id":"c2a193dc0423a18c","status":"ok","duration_ms":0,"attributes":{"db.operation.name":"query","db.system":"postgresql"}}
{"event":"correlation_span","name":"repository.schema","kind":"client","trace_id":"58b82f2888631ea5b68f0e98110f468e","span_id":"a8857d4c5b42b9eb","status":"ok","duration_ms":0,"attributes":{"db.operation.name":"schema","db.system":"postgresql"}}
{"event":"correlation_span","name":"repository.query","kind":"client","trace_id":"fba51db7d4b970da9d71deaaa5a3084c","span_id":"f1f02cae18816677","status":"ok","duration_ms":0,"attributes":{"db.operation.name":"query","db.system":"postgresql"}}
{"event":"correlation_span","name":"repository.query","kind":"client","trace_id":"5646f193421fd25590008236801c27ae","span_id":"e0c56f54cba74061","status":"ok","duration_ms":0,"attributes":{"db.operation.name":"query","db.system":"postgresql"}}
{"event":"correlation_span","name":"repository.schema","kind":"client","trace_id":"6ae8a068b168431fac711b27acaa3618","span_id":"5188fd0a03e2ba16","status":"ok","duration_ms":0,"attributes":{"db.operation.name":"schema","db.system":"postgresql"}}
{"event":"correlation_span","name":"repository.query","kind":"client","trace_id":"be81785d58857c38ee8d76ee1e8fd754","span_id":"86a333ad45c34707","status":"ok","duration_ms":0,"attributes":{"db.operation.name":"query","db.system":"postgresql"}}
{"event":"correlation_span","name":"repository.schema","kind":"client","trace_id":"7a4b3f8e49fad8ea6b5a7b2a2d677492","span_id":"7e5c8fb13aaf0a57","status":"ok","duration_ms":0,"attributes":{"db.operation.name":"schema","db.system":"postgresql"}}
{"event":"correlation_span","name":"repository.query","kind":"client","trace_id":"03dd384a3a950cb7150e4d9cc7000b00","span_id":"2c72abf553e09ecd","status":"ok","duration_ms":0,"attributes":{"db.operation.name":"query","db.system":"postgresql"}}
{"event":"correlation_span","name":"repository.schema","kind":"client","trace_id":"9727a515343b8952cd77fba1c9f91397","span_id":"d94cc020267765c4","status":"ok","duration_ms":0,"attributes":{"db.operation.name":"schema","db.system":"postgresql"}}
{"event":"correlation_span","name":"repository.query","kind":"client","trace_id":"67e94829d3383e8db4e61725fd72cc8b","span_id":"047f453b1ea96084","status":"ok","duration_ms":0,"attributes":{"db.operation.name":"query","db.system":"postgresql"}}
{"event":"correlation_span","name":"repository.query","kind":"client","trace_id":"34f579f8b5f66270e5b3c6cef15eab48","span_id":"4d97a473caf53c48","parent_span_id":"6041bb5d6d436760","status":"ok","duration_ms":0,"attributes":{"db.operation.name":"query","db.system":"postgresql"}}
{"correlation_id":"pid_413c5e6a-b5bf-4c9c-98c6-32ff93779d74","duration_ms":0,"event":"http_request","method":"GET","route":"/api/v1/security-agent-templates","severity":"INFO","span_id":"6041bb5d6d436760","status":200,"timestamp":"2026-10-06T02:07:05.228290454Z","trace_id":"34f579f8b5f66270e5b3c6cef15eab48"}
{"event":"correlation_span","name":"http.request","kind":"server","trace_id":"34f579f8b5f66270e5b3c6cef15eab48","span_id":"6041bb5d6d436760","parent_span_id":"073fb10627546fbd","status":"ok","duration_ms":0,"attributes":{"http.request.method":"GET","http.response.status_code":"200","http.route":"/api/v1/security-agent-templates"}}
{"event":"correlation_span","name":"repository.query","kind":"client","trace_id":"f372c1b1ea79fc4ef120eb113c33bf2f","span_id":"34c3f7029a9aa828","parent_span_id":"f0078a1a98fedfa6","status":"ok","duration_ms":0,"attributes":{"db.operation.name":"query","db.system":"postgresql"}}
{"correlation_id":"pid_2864a80e-7404-4aa8-8982-d17951f433ad","duration_ms":0,"event":"http_request","method":"GET","route":"/unmatched","severity":"INFO","span_id":"f0078a1a98fedfa6","status":200,"timestamp":"2026-10-06T02:07:05.228729444Z","trace_id":"f372c1b1ea79fc4ef120eb113c33bf2f"}
{"event":"correlation_span","name":"http.request","kind":"server","trace_id":"f372c1b1ea79fc4ef120eb113c33bf2f","span_id":"f0078a1a98fedfa6","parent_span_id":"8f545e3dd021590d","status":"ok","duration_ms":0,"attributes":{"http.request.method":"GET","http.response.status_code":"200","http.route":"/unmatched"}}
{"event":"correlation_span","name":"repository.query","kind":"client","trace_id":"68e2e20156d2413adfd49b3ad68f6381","span_id":"647b7e3c2084f36f","parent_span_id":"128d83de03570772","status":"ok","duration_ms":0,"attributes":{"db.operation.name":"query","db.system":"postgresql"}}
{"correlation_id":"pid_e5d01d91-29a3-40b6-a26d-72746dcf4a4d","duration_ms":0,"event":"http_request","method":"GET","route":"/api/v1/security-agent-templates","severity":"INFO","span_id":"128d83de03570772","status":503,"timestamp":"2026-10-06T02:07:05.22901911Z","trace_id":"68e2e20156d2413adfd49b3ad68f6381"}
{"event":"correlation_span","name":"http.request","kind":"server","trace_id":"68e2e20156d2413adfd49b3ad68f6381","span_id":"128d83de03570772","parent_span_id":"bb0ee5a82b371b40","status":"error","duration_ms":0,"attributes":{"http.request.method":"GET","http.response.status_code":"503","http.route":"/api/v1/security-agent-templates"}}
{"event":"correlation_span","name":"repository.query","kind":"client","trace_id":"ec534aad4a3d5ea7dba819edeed44cb4","span_id":"99d72eb3a47673cb","parent_span_id":"0c53db4bdbb71312","status":"ok","duration_ms":0,"attributes":{"db.operation.name":"query","db.system":"postgresql"}}
{"correlation_id":"pid_cc0f1a7b-6912-4485-ad31-661f67590eeb","duration_ms":0,"event":"http_request","method":"GET","route":"/unmatched","severity":"INFO","span_id":"0c53db4bdbb71312","status":503,"timestamp":"2026-10-06T02:07:05.229580646Z","trace_id":"ec534aad4a3d5ea7dba819edeed44cb4"}
{"event":"correlation_span","name":"http.request","kind":"server","trace_id":"ec534aad4a3d5ea7dba819edeed44cb4","span_id":"0c53db4bdbb71312","parent_span_id":"db20103daaf76b9a","status":"error","duration_ms":0,"attributes":{"http.request.method":"GET","http.response.status_code":"503","http.route":"/unmatched"}}
{"event":"correlation_span","name":"repository.query","kind":"client","trace_id":"981e65c7e60c4de7297ee974077d235a","span_id":"d191108160c18856","parent_span_id":"faf8d7018322224f","status":"ok","duration_ms":0,"attributes":{"db.operation.name":"query","db.system":"postgresql"}}
{"correlation_id":"pid_6af21029-73da-4d7d-8760-793f16d98668","duration_ms":0,"event":"http_request","method":"GET","route":"/api/v1/security-agent-templates","severity":"INFO","span_id":"faf8d7018322224f","status":200,"timestamp":"2026-10-06T02:07:05.230090473Z","trace_id":"981e65c7e60c4de7297ee974077d235a"}
{"event":"correlation_span","name":"http.request","kind":"server","trace_id":"981e65c7e60c4de7297ee974077d235a","span_id":"faf8d7018322224f","parent_span_id":"7c07ca68d72cc222","status":"ok","duration_ms":0,"attributes":{"http.request.method":"GET","http.response.status_code":"200","http.route":"/api/v1/security-agent-templates"}}
{"event":"correlation_span","name":"repository.query","kind":"client","trace_id":"6d075d181632bfef94e10d03d86dec3c","span_id":"db5d56a5a1b6bfd7","parent_span_id":"4913c80559094539","status":"ok","duration_ms":0,"attributes":{"db.operation.name":"query","db.system":"postgresql"}}
{"correlation_id":"pid_8af3d0c0-8699-4ba8-841b-618f2f37af91","duration_ms":0,"event":"http_request","method":"GET","route":"/unmatched","severity":"INFO","span_id":"4913c80559094539","status":200,"timestamp":"2026-10-06T02:07:05.230490134Z","trace_id":"6d075d181632bfef94e10d03d86dec3c"}
{"event":"correlation_span","name":"http.request","kind":"server","trace_id":"6d075d181632bfef94e10d03d86dec3c","span_id":"4913c80559094539","parent_span_id":"157cb792710f29a8","status":"ok","duration_ms":0,"attributes":{"http.request.method":"GET","http.response.status_code":"200","http.route":"/unmatched"}}
--- PASS: TestExistingTestCatalogMountedProductionComposition (0.01s)
=== RUN   TestTracedDatabasePreservesExistingTestDraftAuthority
--- PASS: TestTracedDatabasePreservesExistingTestDraftAuthority (0.00s)
=== RUN   TestExportWorkflowConfigurationIsClosed
--- PASS: TestExportWorkflowConfigurationIsClosed (0.00s)
=== RUN   TestExportWorkflowProductionCatalogRequiresWorkersAndAdmission
=== RUN   TestExportWorkflowProductionCatalogRequiresWorkersAndAdmission/ready
=== RUN   TestExportWorkflowProductionCatalogRequiresWorkersAndAdmission/disabled
=== RUN   TestExportWorkflowProductionCatalogRequiresWorkersAndAdmission/admission_absent
=== RUN   TestExportWorkflowProductionCatalogRequiresWorkersAndAdmission/admission_drift
=== RUN   TestExportWorkflowProductionCatalogRequiresWorkersAndAdmission/worker_unavailable
=== RUN   TestExportWorkflowProductionCatalogRequiresWorkersAndAdmission/missing_storage
--- PASS: TestExportWorkflowProductionCatalogRequiresWorkersAndAdmission (0.62s)
    --- PASS: TestExportWorkflowProductionCatalogRequiresWorkersAndAdmission/ready (0.12s)
    --- PASS: TestExportWorkflowProductionCatalogRequiresWorkersAndAdmission/disabled (0.15s)
    --- PASS: TestExportWorkflowProductionCatalogRequiresWorkersAndAdmission/admission_absent (0.11s)
    --- PASS: TestExportWorkflowProductionCatalogRequiresWorkersAndAdmission/admission_drift (0.12s)
    --- PASS: TestExportWorkflowProductionCatalogRequiresWorkersAndAdmission/worker_unavailable (0.12s)
    --- PASS: TestExportWorkflowProductionCatalogRequiresWorkersAndAdmission/missing_storage (0.00s)
=== RUN   TestProductionFindingTicketSecretResolverReadsOnlyExactWebhookReference
--- PASS: TestProductionFindingTicketSecretResolverReadsOnlyExactWebhookReference (0.00s)
=== RUN   TestProductionFindingTicketGeneratorsReturnExactIndependentAuthority
--- PASS: TestProductionFindingTicketGeneratorsReturnExactIndependentAuthority (0.00s)
=== RUN   TestP7IdentityTracedNativeRuntime
    identity_native_runtime_test.go:32: requires owned parent fixture
--- SKIP: TestP7IdentityTracedNativeRuntime (0.00s)
=== RUN   TestRunLifecycleWorkersStartsAllAndCancelsSiblings
--- PASS: TestRunLifecycleWorkersStartsAllAndCancelsSiblings (0.00s)
=== RUN   TestRunLifecycleWorkersFailsClosedWhenOneWorkerStops
--- PASS: TestRunLifecycleWorkersFailsClosedWhenOneWorkerStops (0.00s)
=== RUN   TestRunLifecycleWorkersRejectsInvalidConfiguration
--- PASS: TestRunLifecycleWorkersRejectsInvalidConfiguration (0.00s)
=== RUN   TestRunPrintsExactBuildVersion
=== PAUSE TestRunPrintsExactBuildVersion
=== RUN   TestRunRejectsInvalidBuildVersionWithoutOutput
=== PAUSE TestRunRejectsInvalidBuildVersionWithoutOutput
=== RUN   TestRunReturnsWriterFailure
=== PAUSE TestRunReturnsWriterFailure
=== RUN   TestRunRejectsNilWriter
=== PAUSE TestRunRejectsNilWriter
=== RUN   TestDefaultBuildVersion
=== PAUSE TestDefaultBuildVersion
=== RUN   TestServeProcessExposesExactHealthEndpoints
=== PAUSE TestServeProcessExposesExactHealthEndpoints
=== RUN   TestServeProcessFailsBeforeOrClosesListener
=== PAUSE TestServeProcessFailsBeforeOrClosesListener
=== RUN   TestNangoOAuthProviderBindsLifecycleToExactTenantAndPrivateAuthority
--- PASS: TestNangoOAuthProviderBindsLifecycleToExactTenantAndPrivateAuthority (0.00s)
=== RUN   TestNangoOAuthProviderRejectsAuthorityDriftBeforeNangoIO
--- PASS: TestNangoOAuthProviderRejectsAuthorityDriftBeforeNangoIO (0.00s)
=== RUN   TestNangoOAuthProviderRejectsMalformedWorkspaceProofBeforeActivation
--- PASS: TestNangoOAuthProviderRejectsMalformedWorkspaceProofBeforeActivation (0.00s)
=== RUN   TestNangoServiceSecretResolverMapsOnlyExactPrivateReference
--- PASS: TestNangoServiceSecretResolverMapsOnlyExactPrivateReference (0.00s)
=== RUN   TestProductionNangoRegistrationIsOptionalAndAddsOnlySlackLongTailAuthority
--- PASS: TestProductionNangoRegistrationIsOptionalAndAddsOnlySlackLongTailAuthority (0.00s)
=== RUN   TestNangoCapabilityReadinessCachesOnlySuccessAndRechecksClockRollback
--- PASS: TestNangoCapabilityReadinessCachesOnlySuccessAndRechecksClockRollback (0.00s)
=== RUN   TestOperationalMetricsNormalizeAndBoundHostileLabels
--- PASS: TestOperationalMetricsNormalizeAndBoundHostileLabels (0.02s)
=== RUN   TestAuditExportOperationalLabelsAreBounded
--- PASS: TestAuditExportOperationalLabelsAreBounded (0.00s)
=== RUN   TestOperationalSLOHistogramsSurviveDetailedSeriesOverflow
--- PASS: TestOperationalSLOHistogramsSurviveDetailedSeriesOverflow (0.00s)
=== RUN   TestStructuredCorrelationRecordDoesNotClaimOpenTelemetryExport
--- PASS: TestStructuredCorrelationRecordDoesNotClaimOpenTelemetryExport (0.00s)
=== RUN   TestEdgeSecurityAcceptsOnlyExactTrustedTLSForwarding
=== RUN   TestEdgeSecurityAcceptsOnlyExactTrustedTLSForwarding/proto
=== RUN   TestEdgeSecurityAcceptsOnlyExactTrustedTLSForwarding/forwarded_host
=== RUN   TestEdgeSecurityAcceptsOnlyExactTrustedTLSForwarding/forwarded_port
=== RUN   TestEdgeSecurityAcceptsOnlyExactTrustedTLSForwarding/forwarded_for
=== RUN   TestEdgeSecurityAcceptsOnlyExactTrustedTLSForwarding/raw_forwarded
=== RUN   TestEdgeSecurityAcceptsOnlyExactTrustedTLSForwarding/host
=== RUN   TestEdgeSecurityAcceptsOnlyExactTrustedTLSForwarding/origin
=== RUN   TestEdgeSecurityAcceptsOnlyExactTrustedTLSForwarding/proxy
--- PASS: TestEdgeSecurityAcceptsOnlyExactTrustedTLSForwarding (0.00s)
    --- PASS: TestEdgeSecurityAcceptsOnlyExactTrustedTLSForwarding/proto (0.00s)
    --- PASS: TestEdgeSecurityAcceptsOnlyExactTrustedTLSForwarding/forwarded_host (0.00s)
    --- PASS: TestEdgeSecurityAcceptsOnlyExactTrustedTLSForwarding/forwarded_port (0.00s)
    --- PASS: TestEdgeSecurityAcceptsOnlyExactTrustedTLSForwarding/forwarded_for (0.00s)
    --- PASS: TestEdgeSecurityAcceptsOnlyExactTrustedTLSForwarding/raw_forwarded (0.00s)
    --- PASS: TestEdgeSecurityAcceptsOnlyExactTrustedTLSForwarding/host (0.00s)
    --- PASS: TestEdgeSecurityAcceptsOnlyExactTrustedTLSForwarding/origin (0.00s)
    --- PASS: TestEdgeSecurityAcceptsOnlyExactTrustedTLSForwarding/proxy (0.00s)
=== RUN   TestOperationalMiddlewareRedactsAndBoundsTraffic
--- PASS: TestOperationalMiddlewareRedactsAndBoundsTraffic (0.00s)
=== RUN   TestRepositoryAndProviderBoundariesExportChildSpansAndMetrics
--- PASS: TestRepositoryAndProviderBoundariesExportChildSpansAndMetrics (0.00s)
=== RUN   TestTrustedForwardedClientDrivesSpoofProofRateLimit
--- PASS: TestTrustedForwardedClientDrivesSpoofProofRateLimit (0.00s)
=== RUN   TestOperationalMiddlewarePropagatesBoundedRequestDeadline
--- PASS: TestOperationalMiddlewarePropagatesBoundedRequestDeadline (0.01s)
=== RUN   TestOrderedHTTPTracingVerifier
--- PASS: TestOrderedHTTPTracingVerifier (0.00s)
=== RUN   TestOrderedHTTPRuntimeCompositionRequiresAuthority
{"event":"correlation_span","name":"repository.schema","kind":"client","trace_id":"632b90aeb7bccf530c41ce671bc6586d","span_id":"a1d180cd0d29bc87","status":"ok","duration_ms":0,"attributes":{"db.operation.name":"schema","db.system":"postgresql"}}
{"event":"correlation_span","name":"repository.schema","kind":"client","trace_id":"25d29ee148756d1d282913db3b7b07d7","span_id":"46abae456108f790","status":"ok","duration_ms":0,"attributes":{"db.operation.name":"schema","db.system":"postgresql"}}
{"event":"correlation_span","name":"repository.query","kind":"client","trace_id":"ff79a0666ead7b9a7a2dae626e07f2ad","span_id":"5f639baedfe73544","status":"ok","duration_ms":0,"attributes":{"db.operation.name":"query","db.system":"postgresql"}}
{"event":"correlation_span","name":"repository.query","kind":"client","trace_id":"2f338d06035bbfc14d20bd01c6cf8827","span_id":"d8ee7616b35bd89e","status":"ok","duration_ms":0,"attributes":{"db.operation.name":"query","db.system":"postgresql"}}
{"event":"correlation_span","name":"repository.schema","kind":"client","trace_id":"260d831d6e83b16711c7e9df80415097","span_id":"4264a5824c0fc7d3","status":"ok","duration_ms":0,"attributes":{"db.operation.name":"schema","db.system":"postgresql"}}
{"event":"correlation_span","name":"repository.schema","kind":"client","trace_id":"1cff3cb395a96db782959fa7d24d3483","span_id":"a951c2210637de90","status":"ok","duration_ms":0,"attributes":{"db.operation.name":"schema","db.system":"postgresql"}}
{"event":"correlation_span","name":"repository.query","kind":"client","trace_id":"981847934460ca2a86044dadf4e45202","span_id":"2fbcaab5133c1d0d","status":"ok","duration_ms":0,"attributes":{"db.operation.name":"query","db.system":"postgresql"}}
{"event":"correlation_span","name":"repository.schema","kind":"client","trace_id":"ab336452e6334cdc9e3bd8b7d4fcd203","span_id":"78edc5b1e68d7929","status":"ok","duration_ms":0,"attributes":{"db.operation.name":"schema","db.system":"postgresql"}}
{"event":"correlation_span","name":"repository.schema","kind":"client","trace_id":"c41c93fb3b831846a61e97e67c4c9467","span_id":"2275c6e97499b331","status":"ok","duration_ms":0,"attributes":{"db.operation.name":"schema","db.system":"postgresql"}}
{"event":"correlation_span","name":"repository.query","kind":"client","trace_id":"e5cf8143d4f14a859a5136141c0124b1","span_id":"3a2e665a6b1ed038","status":"ok","duration_ms":0,"attributes":{"db.operation.name":"query","db.system":"postgresql"}}
{"event":"correlation_span","name":"repository.query","kind":"client","trace_id":"fd324795c235b6ad1742ae1be6e744e0","span_id":"5a74f6096a98ad94","status":"ok","duration_ms":0,"attributes":{"db.operation.name":"query","db.system":"postgresql"}}
{"event":"correlation_span","name":"repository.schema","kind":"client","trace_id":"2d5d129c805736dc97603b03a071752e","span_id":"66a947bbcf3c457b","status":"ok","duration_ms":0,"attributes":{"db.operation.name":"schema","db.system":"postgresql"}}
{"event":"correlation_span","name":"repository.schema","kind":"client","trace_id":"ce5c3267c7083b7f51b44970f929d6b3","span_id":"f1b04bdb454751e6","status":"ok","duration_ms":0,"attributes":{"db.operation.name":"schema","db.system":"postgresql"}}
{"event":"correlation_span","name":"repository.query","kind":"client","trace_id":"151ff46275433cf9a3e59c4a6d184889","span_id":"a93aebb463946c57","status":"ok","duration_ms":0,"attributes":{"db.operation.name":"query","db.system":"postgresql"}}
--- PASS: TestOrderedHTTPRuntimeCompositionRequiresAuthority (0.01s)
=== RUN   TestP7OrderedReadinessRoutingCharacterization
=== RUN   TestP7OrderedReadinessRoutingCharacterization/current_typed_release_without_actor_proof
    ordered_readiness_routing_characterization_test.go:47: PRIVATE_DIAGNOSTIC call-entry remaining=999.997016ms expired=false
PRIVATE_DIAGNOSTIC production-authorization-pin elapsed=204.483224ms remaining=795.4533ms expired=false
PRIVATE_DIAGNOSTIC production-public-pin elapsed=104.784143ms remaining=690.616118ms expired=false
    ordered_readiness_routing_characterization_test.go:72: PRIVATE_DIAGNOSTIC QueryRow-entry remaining=690.556438ms expired=false
    ordered_readiness_routing_characterization_test.go:76: PRIVATE_DIAGNOSTIC fake-authorization-pin elapsed=195.97301ms remaining=494.529566ms expired=false
    ordered_readiness_routing_characterization_test.go:79: PRIVATE_DIAGNOSTIC fake-public-pin elapsed=107.813988ms remaining=386.600385ms expired=false
    ordered_readiness_routing_characterization_test.go:49: PRIVATE_DIAGNOSTIC call-return elapsed=613.750153ms remaining=386.246833ms expired=false error=false
    ordered_readiness_routing_characterization_test.go:57: current=true refused=false QueryRow=1 Begin=0 Exec=0
=== RUN   TestP7OrderedReadinessRoutingCharacterization/noncurrent_exact_release_control
    ordered_readiness_routing_characterization_test.go:47: PRIVATE_DIAGNOSTIC call-entry remaining=999.992158ms expired=false
    ordered_readiness_routing_characterization_test.go:72: PRIVATE_DIAGNOSTIC QueryRow-entry remaining=893.593021ms expired=false
    ordered_readiness_routing_characterization_test.go:49: PRIVATE_DIAGNOSTIC call-return elapsed=224.704984ms remaining=775.287153ms expired=false error=false
    ordered_readiness_routing_characterization_test.go:57: current=false refused=false QueryRow=1 Begin=0 Exec=0
--- PASS: TestP7OrderedReadinessRoutingCharacterization (0.84s)
    --- PASS: TestP7OrderedReadinessRoutingCharacterization/current_typed_release_without_actor_proof (0.61s)
    --- PASS: TestP7OrderedReadinessRoutingCharacterization/noncurrent_exact_release_control (0.22s)
=== RUN   TestProductionPolicyHistoryOwnsHardenedExplicitAWSAuthority
--- PASS: TestProductionPolicyHistoryOwnsHardenedExplicitAWSAuthority (0.00s)
=== RUN   TestProductionPolicyHistoryRejectsForeignOrMutableIndexAuthority
=== RUN   TestProductionPolicyHistoryRejectsForeignOrMutableIndexAuthority/http
=== RUN   TestProductionPolicyHistoryRejectsForeignOrMutableIndexAuthority/foreign_region
=== RUN   TestProductionPolicyHistoryRejectsForeignOrMutableIndexAuthority/path
=== RUN   TestProductionPolicyHistoryRejectsForeignOrMutableIndexAuthority/index
--- PASS: TestProductionPolicyHistoryRejectsForeignOrMutableIndexAuthority (0.00s)
    --- PASS: TestProductionPolicyHistoryRejectsForeignOrMutableIndexAuthority/http (0.00s)
    --- PASS: TestProductionPolicyHistoryRejectsForeignOrMutableIndexAuthority/foreign_region (0.00s)
    --- PASS: TestProductionPolicyHistoryRejectsForeignOrMutableIndexAuthority/path (0.00s)
    --- PASS: TestProductionPolicyHistoryRejectsForeignOrMutableIndexAuthority/index (0.00s)
=== RUN   TestRuntimePostgresCancellationShutdownDiagnostic
    postgres_shutdown_diagnostic_test.go:14: owned PostgreSQL shutdown diagnostic only
--- SKIP: TestRuntimePostgresCancellationShutdownDiagnostic (0.00s)
=== RUN   TestMountPublicSurfaceRoutesOnlyTheExactStytchWebhookPath
--- PASS: TestMountPublicSurfaceRoutesOnlyTheExactStytchWebhookPath (0.00s)
=== RUN   TestReconciliationMaintenanceStartsUnavailable
--- PASS: TestReconciliationMaintenanceStartsUnavailable (0.00s)
=== RUN   TestReconciliationMaintenancePrometheusExposition
    reconciliation_maintenance_test.go:28: enable actual Prometheus exposition validation with ZASP_PROMTOOL_BIN
--- SKIP: TestReconciliationMaintenancePrometheusExposition (0.00s)
=== RUN   TestReconciliationMaintenanceRejectsStaleFailedAndForeignSamples
--- PASS: TestReconciliationMaintenanceRejectsStaleFailedAndForeignSamples (0.00s)
=== RUN   TestReconciliationMaintenanceStopsAndInvalidatesBeforeShutdown
--- PASS: TestReconciliationMaintenanceStopsAndInvalidatesBeforeShutdown (0.00s)
=== RUN   TestReconciliationMaintenanceDiscardsLateSuccessAfterCancellation
--- PASS: TestReconciliationMaintenanceDiscardsLateSuccessAfterCancellation (0.00s)
=== RUN   TestAWSCustomerRolePrefixesAreBoundedAndExact
--- PASS: TestAWSCustomerRolePrefixesAreBoundedAndExact (0.00s)
=== RUN   TestReferenceSecretResolverMapsOnlyCanonicalNamespaces
--- PASS: TestReferenceSecretResolverMapsOnlyCanonicalNamespaces (0.00s)
=== RUN   TestAWSReferenceIdentityUsesOnlyExplicitScopedAssumeRoleCredentials
--- PASS: TestAWSReferenceIdentityUsesOnlyExplicitScopedAssumeRoleCredentials (0.00s)
=== RUN   TestReferenceProviderConfigurationDecodersRejectTrailingDocuments
--- PASS: TestReferenceProviderConfigurationDecodersRejectTrailingDocuments (0.00s)
=== RUN   TestKubernetesReferenceProbeRejectsAnyDNSAddressOutsideConfiguredCIDRsBeforeSecrets
--- PASS: TestKubernetesReferenceProbeRejectsAnyDNSAddressOutsideConfiguredCIDRsBeforeSecrets (0.00s)
=== RUN   TestRunContextMountedProductionComposition
{"event":"correlation_span","name":"repository.query","kind":"client","trace_id":"4533b8db0ec8c73e12c10671b9085ca3","span_id":"e72f41ac121572cb","status":"ok","duration_ms":0,"attributes":{"db.operation.name":"query","db.system":"postgresql"}}
{"event":"correlation_span","name":"repository.query","kind":"client","trace_id":"a309e22ac8a25136bb7028e446127779","span_id":"525b8b02efe61643","status":"ok","duration_ms":0,"attributes":{"db.operation.name":"query","db.system":"postgresql"}}
{"event":"correlation_span","name":"repository.schema","kind":"client","trace_id":"d41ce443fac394bd250b373608a36200","span_id":"487686f45f4b80f5","status":"ok","duration_ms":0,"attributes":{"db.operation.name":"schema","db.system":"postgresql"}}
{"event":"correlation_span","name":"repository.schema","kind":"client","trace_id":"27b8d2055b8b5df1e69b7544d99eccd2","span_id":"6d3e2c9971f6351d","status":"ok","duration_ms":0,"attributes":{"db.operation.name":"schema","db.system":"postgresql"}}
{"event":"correlation_span","name":"repository.query","kind":"client","trace_id":"a7716f5e8fd479e93fc1ec0f2ff33de8","span_id":"14a6006580693db9","status":"ok","duration_ms":0,"attributes":{"db.operation.name":"query","db.system":"postgresql"}}
{"event":"correlation_span","name":"repository.query","kind":"client","trace_id":"08fce32301cb0d8b940aaaa8485a5647","span_id":"71335f9e106da904","status":"ok","duration_ms":0,"attributes":{"db.operation.name":"query","db.system":"postgresql"}}
{"event":"correlation_span","name":"repository.schema","kind":"client","trace_id":"7ffa48104fbc1f26988425d0c222fd36","span_id":"e48b5f6b14c9b73b","status":"ok","duration_ms":0,"attributes":{"db.operation.name":"schema","db.system":"postgresql"}}
{"event":"correlation_span","name":"repository.schema","kind":"client","trace_id":"d719f85b29d4920e0c0cea292fa7203d","span_id":"54c8f193ac8eb390","status":"ok","duration_ms":0,"attributes":{"db.operation.name":"schema","db.system":"postgresql"}}
{"event":"correlation_span","name":"repository.query","kind":"client","trace_id":"ae12e0d4464dd9c97edbf12bcfbd8aee","span_id":"023fe83d9712e727","status":"ok","duration_ms":0,"attributes":{"db.operation.name":"query","db.system":"postgresql"}}
{"event":"correlation_span","name":"repository.schema","kind":"client","trace_id":"8a23a6b6db53792573a70ee6e2ab1cf9","span_id":"6c15bc112e73958e","status":"ok","duration_ms":0,"attributes":{"db.operation.name":"schema","db.system":"postgresql"}}
{"event":"correlation_span","name":"repository.query","kind":"client","trace_id":"b3280587d05ea3a57b788bc0db534988","span_id":"10ce2901cebf6a04","status":"ok","duration_ms":0,"attributes":{"db.operation.name":"query","db.system":"postgresql"}}
{"event":"correlation_span","name":"repository.query","kind":"client","trace_id":"5151071944d8f9a84c352a53354d04a0","span_id":"81073a49bf80c3ce","status":"ok","duration_ms":0,"attributes":{"db.operation.name":"query","db.system":"postgresql"}}
{"event":"correlation_span","name":"repository.schema","kind":"client","trace_id":"a1e6b4c924139e39a0261c8d11380e19","span_id":"ea4305ca60b8ab25","status":"ok","duration_ms":0,"attributes":{"db.operation.name":"schema","db.system":"postgresql"}}
{"event":"correlation_span","name":"repository.query","kind":"client","trace_id":"6d14ab2bae7792cb687f8f30475bb31e","span_id":"5cb7a11bb18ed33e","status":"ok","duration_ms":0,"attributes":{"db.operation.name":"query","db.system":"postgresql"}}
{"event":"correlation_span","name":"repository.schema","kind":"client","trace_id":"c847ea078453a4430d7c1bc38224a584","span_id":"88b5a915b6599d2e","status":"ok","duration_ms":0,"attributes":{"db.operation.name":"schema","db.system":"postgresql"}}
{"event":"correlation_span","name":"repository.query","kind":"client","trace_id":"ea63fb91f3a1d3789097d05e1e491bb4","span_id":"1404016e4a33f9e3","status":"ok","duration_ms":0,"attributes":{"db.operation.name":"query","db.system":"postgresql"}}
{"event":"correlation_span","name":"repository.schema","kind":"client","trace_id":"9777ce4df4ae0e942e6e68c3885e3eea","span_id":"d303c028f248eeba","status":"ok","duration_ms":0,"attributes":{"db.operation.name":"schema","db.system":"postgresql"}}
{"event":"correlation_span","name":"repository.query","kind":"client","trace_id":"d2888e8a2b17723e7bb2eea366c3a24d","span_id":"0f85940f9b0bd846","status":"ok","duration_ms":0,"attributes":{"db.operation.name":"query","db.system":"postgresql"}}
{"event":"correlation_span","name":"repository.query","kind":"client","trace_id":"a3fbf952daa68c19e37515b800324404","span_id":"d5232ecdf06341af","parent_span_id":"12a3b7195ec91504","status":"ok","duration_ms":0,"attributes":{"db.operation.name":"query","db.system":"postgresql"}}
{"event":"correlation_span","name":"repository.query","kind":"client","trace_id":"a3fbf952daa68c19e37515b800324404","span_id":"a94f88316e573d18","parent_span_id":"12a3b7195ec91504","status":"ok","duration_ms":0,"attributes":{"db.operation.name":"query","db.system":"postgresql"}}
{"event":"correlation_span","name":"repository.query","kind":"client","trace_id":"a3fbf952daa68c19e37515b800324404","span_id":"38115164eca8d928","parent_span_id":"12a3b7195ec91504","status":"ok","duration_ms":0,"attributes":{"db.operation.name":"query","db.system":"postgresql"}}
{"correlation_id":"pid_0ba4f357-6d2c-4737-91a0-45857583f6ee","duration_ms":2,"event":"http_request","method":"GET","route":"/unmatched","severity":"INFO","span_id":"12a3b7195ec91504","status":200,"timestamp":"2026-10-06T02:07:06.760304241Z","trace_id":"a3fbf952daa68c19e37515b800324404"}
{"event":"correlation_span","name":"http.request","kind":"server","trace_id":"a3fbf952daa68c19e37515b800324404","span_id":"12a3b7195ec91504","parent_span_id":"b566a93c1c7ed8c8","status":"ok","duration_ms":2,"attributes":{"http.request.method":"GET","http.response.status_code":"200","http.route":"/unmatched"}}
{"event":"correlation_span","name":"repository.query","kind":"client","trace_id":"50c6143cdcb26353bf1690a9ffa02c93","span_id":"474ef2582cdbcf22","parent_span_id":"eef2d60214992628","status":"ok","duration_ms":0,"attributes":{"db.operation.name":"query","db.system":"postgresql"}}
{"event":"correlation_span","name":"repository.query","kind":"client","trace_id":"50c6143cdcb26353bf1690a9ffa02c93","span_id":"ccb082a1e87fd205","parent_span_id":"eef2d60214992628","status":"ok","duration_ms":0,"attributes":{"db.operation.name":"query","db.system":"postgresql"}}
{"event":"correlation_span","name":"repository.query","kind":"client","trace_id":"50c6143cdcb26353bf1690a9ffa02c93","span_id":"5405bfc73c6cc22e","parent_span_id":"eef2d60214992628","status":"ok","duration_ms":0,"attributes":{"db.operation.name":"query","db.system":"postgresql"}}
{"correlation_id":"pid_2c91eefb-4f46-43d9-b89e-08c6f740aa3a","duration_ms":1,"event":"http_request","method":"GET","route":"/unmatched","severity":"INFO","span_id":"eef2d60214992628","status":200,"timestamp":"2026-10-06T02:07:06.762244011Z","trace_id":"50c6143cdcb26353bf1690a9ffa02c93"}
{"event":"correlation_span","name":"http.request","kind":"server","trace_id":"50c6143cdcb26353bf1690a9ffa02c93","span_id":"eef2d60214992628","parent_span_id":"3eb89fb8c56cb1db","status":"ok","duration_ms":1,"attributes":{"http.request.method":"GET","http.response.status_code":"200","http.route":"/unmatched"}}
{"event":"correlation_span","name":"repository.query","kind":"client","trace_id":"0b669b82bd72977f1c8fee084b17d996","span_id":"0b34e93dd43f80f4","parent_span_id":"11c76007fe3d1eaf","status":"ok","duration_ms":0,"attributes":{"db.operation.name":"query","db.system":"postgresql"}}
{"event":"correlation_span","name":"repository.query","kind":"client","trace_id":"0b669b82bd72977f1c8fee084b17d996","span_id":"d391c2b2fd8ff414","parent_span_id":"11c76007fe3d1eaf","status":"ok","duration_ms":0,"attributes":{"db.operation.name":"query","db.system":"postgresql"}}
{"correlation_id":"pid_4e5df2f9-0caa-4f47-97b9-2569a216105c","duration_ms":0,"event":"http_request","method":"GET","route":"/unmatched","severity":"INFO","span_id":"11c76007fe3d1eaf","status":503,"timestamp":"2026-10-06T02:07:06.762800058Z","trace_id":"0b669b82bd72977f1c8fee084b17d996"}
{"event":"correlation_span","name":"http.request","kind":"server","trace_id":"0b669b82bd72977f1c8fee084b17d996","span_id":"11c76007fe3d1eaf","parent_span_id":"497a659125b040b7","status":"error","duration_ms":0,"attributes":{"http.request.method":"GET","http.response.status_code":"503","http.route":"/unmatched"}}
--- PASS: TestRunContextMountedProductionComposition (0.01s)
=== RUN   TestTracedDatabasePreservesRunContextAuthority
=== RUN   TestTracedDatabasePreservesRunContextAuthority/legacy
=== RUN   TestTracedDatabasePreservesRunContextAuthority/registered54
=== RUN   TestTracedDatabasePreservesRunContextAuthority/corrupt54
--- PASS: TestTracedDatabasePreservesRunContextAuthority (0.00s)
    --- PASS: TestTracedDatabasePreservesRunContextAuthority/legacy (0.00s)
    --- PASS: TestTracedDatabasePreservesRunContextAuthority/registered54 (0.00s)
    --- PASS: TestTracedDatabasePreservesRunContextAuthority/corrupt54 (0.00s)
=== RUN   TestRuntimeServicesRejectPartialEnabledConfig
--- PASS: TestRuntimeServicesRejectPartialEnabledConfig (0.00s)
=== RUN   TestAPISessionIndexSelectionReachesSelectedProvider
=== RUN   TestAPISessionIndexSelectionReachesSelectedProvider/#00
=== RUN   TestAPISessionIndexSelectionReachesSelectedProvider/zasp-runtime-sessions-v1
=== RUN   TestAPISessionIndexSelectionReachesSelectedProvider/zasp-runtime-sessions-v2
=== RUN   TestAPISessionIndexSelectionReachesSelectedProvider/zasp-runtime-sessions-v3
=== RUN   TestAPISessionIndexSelectionReachesSelectedProvider/*
--- PASS: TestAPISessionIndexSelectionReachesSelectedProvider (0.01s)
    --- PASS: TestAPISessionIndexSelectionReachesSelectedProvider/#00 (0.00s)
    --- PASS: TestAPISessionIndexSelectionReachesSelectedProvider/zasp-runtime-sessions-v1 (0.00s)
    --- PASS: TestAPISessionIndexSelectionReachesSelectedProvider/zasp-runtime-sessions-v2 (0.00s)
    --- PASS: TestAPISessionIndexSelectionReachesSelectedProvider/zasp-runtime-sessions-v3 (0.00s)
    --- PASS: TestAPISessionIndexSelectionReachesSelectedProvider/* (0.00s)
=== RUN   TestAPISessionIndexConfigurationRejectsUnknownGeneration
--- PASS: TestAPISessionIndexConfigurationRejectsUnknownGeneration (0.00s)
=== RUN   TestRuntimeSessionSearchCompositionSelectsRepositoryAuthority
=== RUN   TestRuntimeSessionSearchCompositionSelectsRepositoryAuthority/default
{"event":"correlation_span","name":"repository.schema","kind":"client","trace_id":"241077254cf858db94f99ceebfe8be5b","span_id":"e057b910c862b9b2","status":"ok","duration_ms":0,"attributes":{"db.operation.name":"schema","db.system":"postgresql"}}
{"event":"correlation_span","name":"repository.schema","kind":"client","trace_id":"db757b37ccb721ae762b8ad68eba16bc","span_id":"86ddd905d9c5f844","status":"ok","duration_ms":0,"attributes":{"db.operation.name":"schema","db.system":"postgresql"}}
{"event":"correlation_span","name":"repository.query","kind":"client","trace_id":"c396fdc925829d8235573333a9b433be","span_id":"ccbd9e88698d718c","status":"ok","duration_ms":0,"attributes":{"db.operation.name":"query","db.system":"postgresql"}}
{"event":"correlation_span","name":"repository.query","kind":"client","trace_id":"acb3ee834c0038d1acd04d340518db14","span_id":"e3e4983f94e44f30","status":"ok","duration_ms":0,"attributes":{"db.operation.name":"query","db.system":"postgresql"}}
{"event":"correlation_span","name":"repository.schema","kind":"client","trace_id":"40ba5784734d5182303354b452fd0044","span_id":"62136292ca92c1df","status":"ok","duration_ms":0,"attributes":{"db.operation.name":"schema","db.system":"postgresql"}}
{"event":"correlation_span","name":"repository.schema","kind":"client","trace_id":"f79e208ec9f0a807e6b20dd718ded23a","span_id":"283c9c2cffbdb126","status":"ok","duration_ms":0,"attributes":{"db.operation.name":"schema","db.system":"postgresql"}}
{"event":"correlation_span","name":"repository.query","kind":"client","trace_id":"13c2a955489c20114fd1c1445df80356","span_id":"8ede4816398e4c0d","status":"ok","duration_ms":0,"attributes":{"db.operation.name":"query","db.system":"postgresql"}}
{"event":"correlation_span","name":"repository.schema","kind":"client","trace_id":"a0bc9b64f96284eead523bd5c4c63246","span_id":"a056ed111f94528e","status":"ok","duration_ms":0,"attributes":{"db.operation.name":"schema","db.system":"postgresql"}}
{"event":"correlation_span","name":"repository.query","kind":"client","trace_id":"78aa8ef9126b803a4e93f42de5c27498","span_id":"1c2050c97109a8c4","status":"error","duration_ms":0,"attributes":{"db.operation.name":"query","db.system":"postgresql"}}
{"event":"correlation_span","name":"repository.schema","kind":"client","trace_id":"d975e15b304b627dd0d0ec62d7dde622","span_id":"b3876f71dca5f416","status":"ok","duration_ms":0,"attributes":{"db.operation.name":"schema","db.system":"postgresql"}}
{"event":"correlation_span","name":"repository.query","kind":"client","trace_id":"a2c5cd49938c9bdb561d0d26207e15f1","span_id":"a6d9b4909535b987","status":"error","duration_ms":0,"attributes":{"db.operation.name":"query","db.system":"postgresql"}}
=== RUN   TestRuntimeSessionSearchCompositionSelectsRepositoryAuthority/explicit_v1
{"event":"correlation_span","name":"repository.schema","kind":"client","trace_id":"f20f7697bac2605a40c8655a686e1d60","span_id":"87ff2debf95f1a90","status":"ok","duration_ms":0,"attributes":{"db.operation.name":"schema","db.system":"postgresql"}}
{"event":"correlation_span","name":"repository.schema","kind":"client","trace_id":"8ade38a9940d0c4ca4a368f6a9481483","span_id":"d984193cdec95664","status":"ok","duration_ms":0,"attributes":{"db.operation.name":"schema","db.system":"postgresql"}}
{"event":"correlation_span","name":"repository.query","kind":"client","trace_id":"4f383325aacc8ca456db70faccb2806a","span_id":"eb83c2f461581a0b","status":"ok","duration_ms":0,"attributes":{"db.operation.name":"query","db.system":"postgresql"}}
{"event":"correlation_span","name":"repository.query","kind":"client","trace_id":"d5e174416dc5064617826e95bc5b7cbf","span_id":"0cbaf9f04c61eba8","status":"ok","duration_ms":0,"attributes":{"db.operation.name":"query","db.system":"postgresql"}}
{"event":"correlation_span","name":"repository.schema","kind":"client","trace_id":"accffb10a8457f8087d24b9039947784","span_id":"c19510cbf5ab10d3","status":"ok","duration_ms":0,"attributes":{"db.operation.name":"schema","db.system":"postgresql"}}
{"event":"correlation_span","name":"repository.schema","kind":"client","trace_id":"1d1d6015dbe7e6d19c26bccf3166602a","span_id":"57724c7f93df38b9","status":"ok","duration_ms":0,"attributes":{"db.operation.name":"schema","db.system":"postgresql"}}
{"event":"correlation_span","name":"repository.query","kind":"client","trace_id":"6ef40e04008b6f9f9674a7923a535b72","span_id":"eb59be665619e922","status":"ok","duration_ms":0,"attributes":{"db.operation.name":"query","db.system":"postgresql"}}
{"event":"correlation_span","name":"repository.schema","kind":"client","trace_id":"03a980b9a16b66810db4056ebc9e586c","span_id":"562576dadfe785e0","status":"ok","duration_ms":0,"attributes":{"db.operation.name":"schema","db.system":"postgresql"}}
{"event":"correlation_span","name":"repository.query","kind":"client","trace_id":"eb2ca3c449a61dfde90f013e9351d51f","span_id":"733b2eb7715feeab","status":"error","duration_ms":0,"attributes":{"db.operation.name":"query","db.system":"postgresql"}}
{"event":"correlation_span","name":"repository.schema","kind":"client","trace_id":"72482d4bb17c2e13fdaa96513aa24d13","span_id":"fa45797634501850","status":"ok","duration_ms":0,"attributes":{"db.operation.name":"schema","db.system":"postgresql"}}
{"event":"correlation_span","name":"repository.query","kind":"client","trace_id":"8bb11e3845577a6f58aff3a11627a751","span_id":"49a5c197ef1eae7b","status":"error","duration_ms":0,"attributes":{"db.operation.name":"query","db.system":"postgresql"}}
=== RUN   TestRuntimeSessionSearchCompositionSelectsRepositoryAuthority/v2_ready
{"event":"correlation_span","name":"repository.schema","kind":"client","trace_id":"ce604e42ce4eb70f016ee88e686f4865","span_id":"1cf0ea157918198f","status":"ok","duration_ms":0,"attributes":{"db.operation.name":"schema","db.system":"postgresql"}}
{"event":"correlation_span","name":"repository.schema","kind":"client","trace_id":"108ce1356dc4c8f97e519c4fb2565ecd","span_id":"4c5a32c7a93a7608","status":"ok","duration_ms":0,"attributes":{"db.operation.name":"schema","db.system":"postgresql"}}
{"event":"correlation_span","name":"repository.query","kind":"client","trace_id":"70245bd604efd35275be01d90756ca03","span_id":"3dc6718add25db83","status":"ok","duration_ms":0,"attributes":{"db.operation.name":"query","db.system":"postgresql"}}
{"event":"correlation_span","name":"repository.query","kind":"client","trace_id":"3a2263aa97674a498fb8048d29fd79f8","span_id":"26e214d5f3523353","status":"ok","duration_ms":0,"attributes":{"db.operation.name":"query","db.system":"postgresql"}}
{"event":"correlation_span","name":"repository.schema","kind":"client","trace_id":"5ce9f0bfe8367b486e1327c09dae694f","span_id":"42dc525886c767de","status":"ok","duration_ms":0,"attributes":{"db.operation.name":"schema","db.system":"postgresql"}}
{"event":"correlation_span","name":"repository.schema","kind":"client","trace_id":"948ff87b7f68d51dfaf72bfc2185fa39","span_id":"2ab7fe6854e2fdc1","status":"ok","duration_ms":0,"attributes":{"db.operation.name":"schema","db.system":"postgresql"}}
{"event":"correlation_span","name":"repository.query","kind":"client","trace_id":"a79346cba97b1feb2823ff48512ccbf0","span_id":"46490e918b2a60ee","status":"ok","duration_ms":0,"attributes":{"db.operation.name":"query","db.system":"postgresql"}}
{"event":"correlation_span","name":"repository.query","kind":"client","trace_id":"1a399eae746ee579559d6c9d6d4215cf","span_id":"bf558c4313475ef2","status":"ok","duration_ms":0,"attributes":{"db.operation.name":"query","db.system":"postgresql"}}
{"event":"correlation_span","name":"repository.schema","kind":"client","trace_id":"4e9b28c4d250344eeedf935892aad210","span_id":"e6eab10c656db54c","status":"ok","duration_ms":0,"attributes":{"db.operation.name":"schema","db.system":"postgresql"}}
{"event":"correlation_span","name":"repository.query","kind":"client","trace_id":"235424687e9989c9cf32171dc8a32d32","span_id":"b58f62a6969372f5","status":"error","duration_ms":0,"attributes":{"db.operation.name":"query","db.system":"postgresql"}}
{"event":"correlation_span","name":"repository.query","kind":"client","trace_id":"35124938efb254f9090871990563636a","span_id":"338b98515fc24c29","status":"ok","duration_ms":0,"attributes":{"db.operation.name":"query","db.system":"postgresql"}}
{"event":"correlation_span","name":"repository.schema","kind":"client","trace_id":"37b0b005db81d3037cbd12d7c66fe5e2","span_id":"f7604975ec49cab7","status":"ok","duration_ms":0,"attributes":{"db.operation.name":"schema","db.system":"postgresql"}}
{"event":"correlation_span","name":"repository.query","kind":"client","trace_id":"6b33db4da5e0e8afc500a4bd4f49b3d5","span_id":"51ee56f792859d8f","status":"error","duration_ms":0,"attributes":{"db.operation.name":"query","db.system":"postgresql"}}
=== RUN   TestRuntimeSessionSearchCompositionSelectsRepositoryAuthority/v2_denied
{"event":"correlation_span","name":"repository.schema","kind":"client","trace_id":"bdda999f21fa5c978c77f7fbc667558e","span_id":"5847bc250765cc9d","status":"ok","duration_ms":0,"attributes":{"db.operation.name":"schema","db.system":"postgresql"}}
{"event":"correlation_span","name":"repository.schema","kind":"client","trace_id":"05cf1b98ca3297c300acfb39b29e9a6e","span_id":"8b0ada4d9864eb63","status":"ok","duration_ms":0,"attributes":{"db.operation.name":"schema","db.system":"postgresql"}}
{"event":"correlation_span","name":"repository.query","kind":"client","trace_id":"63005216d7a3de1ccf5d34a405c601bd","span_id":"e6941863488d6f4a","status":"ok","duration_ms":0,"attributes":{"db.operation.name":"query","db.system":"postgresql"}}
{"event":"correlation_span","name":"repository.query","kind":"client","trace_id":"b019c6e9c5825891f3514fc88a3e90e9","span_id":"f648775c96f45c0a","status":"ok","duration_ms":0,"attributes":{"db.operation.name":"query","db.system":"postgresql"}}
{"event":"correlation_span","name":"repository.schema","kind":"client","trace_id":"9696da308a7d0386aa06c8b187c55da2","span_id":"ffa9f81925b82159","status":"ok","duration_ms":0,"attributes":{"db.operation.name":"schema","db.system":"postgresql"}}
{"event":"correlation_span","name":"repository.schema","kind":"client","trace_id":"306c031aedeb9532191f3b8e7234b92c","span_id":"be85c185f176f4fe","status":"ok","duration_ms":0,"attributes":{"db.operation.name":"schema","db.system":"postgresql"}}
{"event":"correlation_span","name":"repository.query","kind":"client","trace_id":"940f497dbd176d975a242cfa9077d21d","span_id":"ad51ec6901cb4a7d","status":"ok","duration_ms":0,"attributes":{"db.operation.name":"query","db.system":"postgresql"}}
{"event":"correlation_span","name":"repository.query","kind":"client","trace_id":"5a5bcc6ebf9513a5c798e9cb34cec69a","span_id":"8f96f4b8765f6e29","status":"ok","duration_ms":0,"attributes":{"db.operation.name":"query","db.system":"postgresql"}}
{"event":"correlation_span","name":"repository.query","kind":"client","trace_id":"482ca9e3ffb44983d6463590ad78c93b","span_id":"68ad3258c164d173","status":"ok","duration_ms":0,"attributes":{"db.operation.name":"query","db.system":"postgresql"}}
=== RUN   TestRuntimeSessionSearchCompositionSelectsRepositoryAuthority/v2_malformed
{"event":"correlation_span","name":"repository.schema","kind":"client","trace_id":"982d49cb2d3adde6d9383eabc7001003","span_id":"ffd3acafa3c8e909","status":"ok","duration_ms":0,"attributes":{"db.operation.name":"schema","db.system":"postgresql"}}
{"event":"correlation_span","name":"repository.schema","kind":"client","trace_id":"89e3dacba93b256574232cc01d90f9a9","span_id":"e336a21d34891c3a","status":"ok","duration_ms":0,"attributes":{"db.operation.name":"schema","db.system":"postgresql"}}
{"event":"correlation_span","name":"repository.query","kind":"client","trace_id":"f6ac9e4f8186965a41f0393224c0654c","span_id":"8fc36a5491a552c9","status":"ok","duration_ms":0,"attributes":{"db.operation.name":"query","db.system":"postgresql"}}
{"event":"correlation_span","name":"repository.query","kind":"client","trace_id":"60c4f028b31d3090b94419fc781a2e67","span_id":"3af09abf6de2dead","status":"ok","duration_ms":0,"attributes":{"db.operation.name":"query","db.system":"postgresql"}}
{"event":"correlation_span","name":"repository.schema","kind":"client","trace_id":"f338316c9cee95378a82e94f5ce490f6","span_id":"d8729d681c0936e0","status":"ok","duration_ms":0,"attributes":{"db.operation.name":"schema","db.system":"postgresql"}}
{"event":"correlation_span","name":"repository.schema","kind":"client","trace_id":"b7138b3cdd9047cf985c3f6d82ebfa95","span_id":"e6b7c46ba1aeefc8","status":"ok","duration_ms":0,"attributes":{"db.operation.name":"schema","db.system":"postgresql"}}
{"event":"correlation_span","name":"repository.query","kind":"client","trace_id":"4c2cfb4915eb72c2b0d5798bafe75029","span_id":"42b1bc696e11835c","status":"ok","duration_ms":0,"attributes":{"db.operation.name":"query","db.system":"postgresql"}}
{"event":"correlation_span","name":"repository.query","kind":"client","trace_id":"e4ea5af2979a0d8b5d06d961a52d5371","span_id":"ad829a99308812ff","status":"ok","duration_ms":0,"attributes":{"db.operation.name":"query","db.system":"postgresql"}}
{"event":"correlation_span","name":"repository.query","kind":"client","trace_id":"0231c32e7cba322b4cadb06d1efe3ab4","span_id":"ab7c5ea0dad630c6","status":"ok","duration_ms":0,"attributes":{"db.operation.name":"query","db.system":"postgresql"}}
=== RUN   TestRuntimeSessionSearchCompositionSelectsRepositoryAuthority/v2_missing
{"event":"correlation_span","name":"repository.schema","kind":"client","trace_id":"61b9087849bc70278caa7e6541a069b0","span_id":"623d5685c46f20b7","status":"ok","duration_ms":0,"attributes":{"db.operation.name":"schema","db.system":"postgresql"}}
{"event":"correlation_span","name":"repository.schema","kind":"client","trace_id":"95e154c49b3c119dbe79655901dee595","span_id":"d68303a450bea321","status":"ok","duration_ms":0,"attributes":{"db.operation.name":"schema","db.system":"postgresql"}}
{"event":"correlation_span","name":"repository.query","kind":"client","trace_id":"89b4f1024220cd82dfbb3bc698362619","span_id":"c7834cfd425a8e33","status":"ok","duration_ms":0,"attributes":{"db.operation.name":"query","db.system":"postgresql"}}
{"event":"correlation_span","name":"repository.query","kind":"client","trace_id":"18b162c520b7c9c1ecc4ebcf008f6eec","span_id":"bc227e3ce897d17f","status":"ok","duration_ms":0,"attributes":{"db.operation.name":"query","db.system":"postgresql"}}
{"event":"correlation_span","name":"repository.schema","kind":"client","trace_id":"6d65b2777595be8d8a76023aebf39631","span_id":"49db1cffa4a94969","status":"ok","duration_ms":0,"attributes":{"db.operation.name":"schema","db.system":"postgresql"}}
{"event":"correlation_span","name":"repository.schema","kind":"client","trace_id":"f20b06e320da9530b4d88c9410d9d04b","span_id":"49e973a65c1c4eaa","status":"ok","duration_ms":0,"attributes":{"db.operation.name":"schema","db.system":"postgresql"}}
{"event":"correlation_span","name":"repository.query","kind":"client","trace_id":"711da0e39586f0bb92684563703979de","span_id":"95a68438f1bbd598","status":"ok","duration_ms":0,"attributes":{"db.operation.name":"query","db.system":"postgresql"}}
{"event":"correlation_span","name":"repository.query","kind":"client","trace_id":"ebf4dd5057b3ad0fa485bf750f4f78d5","span_id":"d227dc8b727d1e5b","status":"error","duration_ms":0,"attributes":{"db.operation.name":"query","db.system":"postgresql"}}
{"event":"correlation_span","name":"repository.query","kind":"client","trace_id":"2001e4b50862569735a5847d3a36bdb3","span_id":"de8b15a299382f38","status":"error","duration_ms":0,"attributes":{"db.operation.name":"query","db.system":"postgresql"}}
--- PASS: TestRuntimeSessionSearchCompositionSelectsRepositoryAuthority (0.03s)
    --- PASS: TestRuntimeSessionSearchCompositionSelectsRepositoryAuthority/default (0.00s)
    --- PASS: TestRuntimeSessionSearchCompositionSelectsRepositoryAuthority/explicit_v1 (0.00s)
    --- PASS: TestRuntimeSessionSearchCompositionSelectsRepositoryAuthority/v2_ready (0.00s)
    --- PASS: TestRuntimeSessionSearchCompositionSelectsRepositoryAuthority/v2_denied (0.00s)
    --- PASS: TestRuntimeSessionSearchCompositionSelectsRepositoryAuthority/v2_malformed (0.00s)
    --- PASS: TestRuntimeSessionSearchCompositionSelectsRepositoryAuthority/v2_missing (0.00s)
=== RUN   TestProductionPolicyHistoryClosesIdleSessionSearchConnection
--- PASS: TestProductionPolicyHistoryClosesIdleSessionSearchConnection (0.00s)
=== RUN   TestLoadRuntimeConfigIsStrict
=== RUN   TestLoadRuntimeConfigIsStrict/missing_ZASP_ENVIRONMENT
=== RUN   TestLoadRuntimeConfigIsStrict/missing_ZASP_PRODUCT_LISTEN_ADDRESS
=== RUN   TestLoadRuntimeConfigIsStrict/missing_ZASP_INTERNAL_LISTEN_ADDRESS
=== RUN   TestLoadRuntimeConfigIsStrict/missing_ZASP_PUBLIC_ORIGIN
=== RUN   TestLoadRuntimeConfigIsStrict/missing_ZASP_COOKIE_SECURE
=== RUN   TestLoadRuntimeConfigIsStrict/missing_ZASP_TRUSTED_PROXY_CIDRS
=== RUN   TestLoadRuntimeConfigIsStrict/missing_ZASP_REQUEST_RATE_PER_SECOND
=== RUN   TestLoadRuntimeConfigIsStrict/missing_ZASP_REQUEST_BURST
=== RUN   TestLoadRuntimeConfigIsStrict/missing_ZASP_PROVIDER_TIMEOUT
=== RUN   TestLoadRuntimeConfigIsStrict/missing_ZASP_REQUEST_TIMEOUT
=== RUN   TestLoadRuntimeConfigIsStrict/missing_ZASP_SHUTDOWN_TIMEOUT
=== RUN   TestLoadRuntimeConfigIsStrict/missing_ZASP_READINESS_INTERVAL
=== RUN   TestLoadRuntimeConfigIsStrict/missing_ZASP_READINESS_MAX_INTERVAL
=== RUN   TestLoadRuntimeConfigIsStrict/missing_ZASP_DISCOVERY_PARSER_VERSION
=== RUN   TestLoadRuntimeConfigIsStrict/missing_ZASP_DISCOVERY_TOOL_VERSION
=== RUN   TestLoadRuntimeConfigIsStrict/missing_ZASP_DEPLOYMENT_MODE
=== RUN   TestLoadRuntimeConfigIsStrict/missing_ZASP_POSTGRES_DSN
=== RUN   TestLoadRuntimeConfigIsStrict/missing_ZASP_SECURITY_AGENT_POSTGRES_DSN
=== RUN   TestLoadRuntimeConfigIsStrict/missing_ZASP_STYTCH_BASE_URL
=== RUN   TestLoadRuntimeConfigIsStrict/missing_ZASP_STYTCH_AUTHORIZE_URL
=== RUN   TestLoadRuntimeConfigIsStrict/missing_ZASP_STYTCH_PROJECT_ID
=== RUN   TestLoadRuntimeConfigIsStrict/missing_ZASP_STYTCH_SECRET
=== RUN   TestLoadRuntimeConfigIsStrict/missing_ZASP_STYTCH_WEBHOOK_SECRET
=== RUN   TestLoadRuntimeConfigIsStrict/missing_ZASP_STYTCH_PUBLIC_TOKEN
=== RUN   TestLoadRuntimeConfigIsStrict/missing_ZASP_STYTCH_ORGANIZATION_ID
=== RUN   TestLoadRuntimeConfigIsStrict/missing_ZASP_WORKFLOW_SIGNING_KEY
=== RUN   TestLoadRuntimeConfigIsStrict/missing_ZASP_TOKEN_REVEAL_KEY
=== RUN   TestLoadRuntimeConfigIsStrict/missing_ZASP_CONNECTOR_AWS_REGION
=== RUN   TestLoadRuntimeConfigIsStrict/missing_ZASP_CONNECTOR_ROLE_ARN
=== RUN   TestLoadRuntimeConfigIsStrict/missing_ZASP_CONNECTOR_WEB_IDENTITY_TOKEN_FILE
=== RUN   TestLoadRuntimeConfigIsStrict/missing_ZASP_CONNECTOR_KMS_KEY_ARN
=== RUN   TestLoadRuntimeConfigIsStrict/missing_ZASP_CONNECTOR_SECRET_PREFIX
=== RUN   TestLoadRuntimeConfigIsStrict/missing_ZASP_POLICY_HISTORY_ENDPOINT
=== RUN   TestLoadRuntimeConfigIsStrict/missing_ZASP_POLICY_HISTORY_INDEX
=== RUN   TestLoadRuntimeConfigIsStrict/missing_ZASP_AWS_CUSTOMER_ROLE_PREFIXES
=== RUN   TestLoadRuntimeConfigIsStrict/missing_ZASP_AWS_CUSTOMER_ROLE_ARNS
=== RUN   TestLoadRuntimeConfigIsStrict/missing_ZASP_FINDING_TICKET_EGRESS_CIDRS
=== RUN   TestLoadRuntimeConfigIsStrict/missing_ZASP_GITHUB_CLIENT_ID
=== RUN   TestLoadRuntimeConfigIsStrict/missing_ZASP_GITHUB_CLIENT_SECRET_REFERENCE
=== RUN   TestLoadRuntimeConfigIsStrict/missing_ZASP_GITHUB_APP_ID
=== RUN   TestLoadRuntimeConfigIsStrict/missing_ZASP_GITHUB_PRIVATE_KEY_REFERENCE
=== RUN   TestLoadRuntimeConfigIsStrict/missing_ZASP_OKTA_CLIENT_ID
=== RUN   TestLoadRuntimeConfigIsStrict/missing_ZASP_OKTA_CLIENT_SECRET_REFERENCE
--- PASS: TestLoadRuntimeConfigIsStrict (0.02s)
    --- PASS: TestLoadRuntimeConfigIsStrict/missing_ZASP_ENVIRONMENT (0.00s)
    --- PASS: TestLoadRuntimeConfigIsStrict/missing_ZASP_PRODUCT_LISTEN_ADDRESS (0.00s)
    --- PASS: TestLoadRuntimeConfigIsStrict/missing_ZASP_INTERNAL_LISTEN_ADDRESS (0.00s)
    --- PASS: TestLoadRuntimeConfigIsStrict/missing_ZASP_PUBLIC_ORIGIN (0.00s)
    --- PASS: TestLoadRuntimeConfigIsStrict/missing_ZASP_COOKIE_SECURE (0.00s)
    --- PASS: TestLoadRuntimeConfigIsStrict/missing_ZASP_TRUSTED_PROXY_CIDRS (0.00s)
    --- PASS: TestLoadRuntimeConfigIsStrict/missing_ZASP_REQUEST_RATE_PER_SECOND (0.00s)
    --- PASS: TestLoadRuntimeConfigIsStrict/missing_ZASP_REQUEST_BURST (0.00s)
    --- PASS: TestLoadRuntimeConfigIsStrict/missing_ZASP_PROVIDER_TIMEOUT (0.00s)
    --- PASS: TestLoadRuntimeConfigIsStrict/missing_ZASP_REQUEST_TIMEOUT (0.00s)
    --- PASS: TestLoadRuntimeConfigIsStrict/missing_ZASP_SHUTDOWN_TIMEOUT (0.00s)
    --- PASS: TestLoadRuntimeConfigIsStrict/missing_ZASP_READINESS_INTERVAL (0.00s)
    --- PASS: TestLoadRuntimeConfigIsStrict/missing_ZASP_READINESS_MAX_INTERVAL (0.00s)
    --- PASS: TestLoadRuntimeConfigIsStrict/missing_ZASP_DISCOVERY_PARSER_VERSION (0.00s)
    --- PASS: TestLoadRuntimeConfigIsStrict/missing_ZASP_DISCOVERY_TOOL_VERSION (0.00s)
    --- PASS: TestLoadRuntimeConfigIsStrict/missing_ZASP_DEPLOYMENT_MODE (0.00s)
    --- PASS: TestLoadRuntimeConfigIsStrict/missing_ZASP_POSTGRES_DSN (0.00s)
    --- PASS: TestLoadRuntimeConfigIsStrict/missing_ZASP_SECURITY_AGENT_POSTGRES_DSN (0.00s)
    --- PASS: TestLoadRuntimeConfigIsStrict/missing_ZASP_STYTCH_BASE_URL (0.00s)
    --- PASS: TestLoadRuntimeConfigIsStrict/missing_ZASP_STYTCH_AUTHORIZE_URL (0.00s)
    --- PASS: TestLoadRuntimeConfigIsStrict/missing_ZASP_STYTCH_PROJECT_ID (0.00s)
    --- PASS: TestLoadRuntimeConfigIsStrict/missing_ZASP_STYTCH_SECRET (0.00s)
    --- PASS: TestLoadRuntimeConfigIsStrict/missing_ZASP_STYTCH_WEBHOOK_SECRET (0.00s)
    --- PASS: TestLoadRuntimeConfigIsStrict/missing_ZASP_STYTCH_PUBLIC_TOKEN (0.00s)
    --- PASS: TestLoadRuntimeConfigIsStrict/missing_ZASP_STYTCH_ORGANIZATION_ID (0.00s)
    --- PASS: TestLoadRuntimeConfigIsStrict/missing_ZASP_WORKFLOW_SIGNING_KEY (0.00s)
    --- PASS: TestLoadRuntimeConfigIsStrict/missing_ZASP_TOKEN_REVEAL_KEY (0.00s)
    --- PASS: TestLoadRuntimeConfigIsStrict/missing_ZASP_CONNECTOR_AWS_REGION (0.00s)
    --- PASS: TestLoadRuntimeConfigIsStrict/missing_ZASP_CONNECTOR_ROLE_ARN (0.00s)
    --- PASS: TestLoadRuntimeConfigIsStrict/missing_ZASP_CONNECTOR_WEB_IDENTITY_TOKEN_FILE (0.00s)
    --- PASS: TestLoadRuntimeConfigIsStrict/missing_ZASP_CONNECTOR_KMS_KEY_ARN (0.00s)
    --- PASS: TestLoadRuntimeConfigIsStrict/missing_ZASP_CONNECTOR_SECRET_PREFIX (0.00s)
    --- PASS: TestLoadRuntimeConfigIsStrict/missing_ZASP_POLICY_HISTORY_ENDPOINT (0.00s)
    --- PASS: TestLoadRuntimeConfigIsStrict/missing_ZASP_POLICY_HISTORY_INDEX (0.00s)
    --- PASS: TestLoadRuntimeConfigIsStrict/missing_ZASP_AWS_CUSTOMER_ROLE_PREFIXES (0.00s)
    --- PASS: TestLoadRuntimeConfigIsStrict/missing_ZASP_AWS_CUSTOMER_ROLE_ARNS (0.00s)
    --- PASS: TestLoadRuntimeConfigIsStrict/missing_ZASP_FINDING_TICKET_EGRESS_CIDRS (0.00s)
    --- PASS: TestLoadRuntimeConfigIsStrict/missing_ZASP_GITHUB_CLIENT_ID (0.00s)
    --- PASS: TestLoadRuntimeConfigIsStrict/missing_ZASP_GITHUB_CLIENT_SECRET_REFERENCE (0.00s)
    --- PASS: TestLoadRuntimeConfigIsStrict/missing_ZASP_GITHUB_APP_ID (0.00s)
    --- PASS: TestLoadRuntimeConfigIsStrict/missing_ZASP_GITHUB_PRIVATE_KEY_REFERENCE (0.00s)
    --- PASS: TestLoadRuntimeConfigIsStrict/missing_ZASP_OKTA_CLIENT_ID (0.00s)
    --- PASS: TestLoadRuntimeConfigIsStrict/missing_ZASP_OKTA_CLIENT_SECRET_REFERENCE (0.00s)
=== RUN   TestConnectorWorkerOwnerIsPerProcessAndBounded
--- PASS: TestConnectorWorkerOwnerIsPerProcessAndBounded (0.00s)
=== RUN   TestRuntimeNangoConfigurationIsOptionalAllOrNothingAndPrivate
--- PASS: TestRuntimeNangoConfigurationIsOptionalAllOrNothingAndPrivate (0.00s)
=== RUN   TestRuntimeRejectsMemoryDependenciesInProduction
--- PASS: TestRuntimeRejectsMemoryDependenciesInProduction (0.00s)
=== RUN   TestComposeRuntimeDependenciesRejectsSchemaDrift
{"event":"correlation_span","name":"repository.schema","kind":"client","trace_id":"1a4dbbeaa7994862d0a2bc5ff1a81446","span_id":"ac43604abb4629bf","status":"ok","duration_ms":0,"attributes":{"db.operation.name":"schema","db.system":"postgresql"}}
--- PASS: TestComposeRuntimeDependenciesRejectsSchemaDrift (0.00s)
=== RUN   TestServeRuntimeSplitsProductAndInternalListeners
--- PASS: TestServeRuntimeSplitsProductAndInternalListeners (0.00s)
=== RUN   TestServeRuntimeRunsAndCancelsConnectorLifecycleWorker
--- PASS: TestServeRuntimeRunsAndCancelsConnectorLifecycleWorker (0.00s)
=== RUN   TestServeRuntimeBoundsHostileLifecycleWorkerShutdown
--- PASS: TestServeRuntimeBoundsHostileLifecycleWorkerShutdown (0.10s)
=== RUN   TestServeRuntimeReadinessTracksRequiredProviderChecks
--- PASS: TestServeRuntimeReadinessTracksRequiredProviderChecks (0.30s)
=== RUN   TestServeRuntimeClosesProductListenerAfterPartialStartup
--- PASS: TestServeRuntimeClosesProductListenerAfterPartialStartup (0.00s)
=== RUN   TestSecurityAgentExportBrowserAPIProcess
    security_agent_export_browser_process_test.go:58: owned export browser parent only
--- SKIP: TestSecurityAgentExportBrowserAPIProcess (0.00s)
=== RUN   TestSecurityAgentExportBrowserReadinessDestinations
--- PASS: TestSecurityAgentExportBrowserReadinessDestinations (0.00s)
=== RUN   TestSecurityAgentExportAPIProductionComposition
=== RUN   TestSecurityAgentExportAPIProductionComposition/installed
=== RUN   TestSecurityAgentExportAPIProductionComposition/absent
=== RUN   TestSecurityAgentExportAPIProductionComposition/drift
=== RUN   TestSecurityAgentExportAPIProductionComposition/disabled
--- PASS: TestSecurityAgentExportAPIProductionComposition (0.46s)
    --- PASS: TestSecurityAgentExportAPIProductionComposition/installed (0.23s)
    --- PASS: TestSecurityAgentExportAPIProductionComposition/absent (0.12s)
    --- PASS: TestSecurityAgentExportAPIProductionComposition/drift (0.08s)
    --- PASS: TestSecurityAgentExportAPIProductionComposition/disabled (0.03s)
=== RUN   TestAutomaticRulesMountedRollout
=== RUN   TestAutomaticRulesMountedRollout/absent/configured=false
{"event":"correlation_span","name":"repository.query","kind":"client","trace_id":"eabb13fbea9825b7c226da2681129e05","span_id":"80ef8eeeb91b0d05","status":"ok","duration_ms":0,"attributes":{"db.operation.name":"query","db.system":"postgresql"}}
{"event":"correlation_span","name":"repository.query","kind":"client","trace_id":"0adefb0ca8d6d98b77a97a9f8fe6962f","span_id":"648d6761c71a7c33","status":"ok","duration_ms":0,"attributes":{"db.operation.name":"query","db.system":"postgresql"}}
{"event":"correlation_span","name":"repository.schema","kind":"client","trace_id":"f2b0b048c13eb8cdce76c4c4157541e6","span_id":"d11272ae070cf67b","status":"ok","duration_ms":0,"attributes":{"db.operation.name":"schema","db.system":"postgresql"}}
{"event":"correlation_span","name":"repository.schema","kind":"client","trace_id":"201b4018e5fdf2354ad11f6b95c1d633","span_id":"a5ea57eae0165205","status":"ok","duration_ms":0,"attributes":{"db.operation.name":"schema","db.system":"postgresql"}}
{"event":"correlation_span","name":"repository.query","kind":"client","trace_id":"680f7550595633812fa4e475d3e7a093","span_id":"8785a42076ac5b46","status":"ok","duration_ms":0,"attributes":{"db.operation.name":"query","db.system":"postgresql"}}
{"event":"correlation_span","name":"repository.query","kind":"client","trace_id":"e6a809d7828442999e137d934ec221dd","span_id":"71df3503d73c88a6","status":"ok","duration_ms":0,"attributes":{"db.operation.name":"query","db.system":"postgresql"}}
{"event":"correlation_span","name":"repository.schema","kind":"client","trace_id":"b0e6f01a1abf501354e3b6d37624c818","span_id":"a371270bd680fb3b","status":"ok","duration_ms":0,"attributes":{"db.operation.name":"schema","db.system":"postgresql"}}
{"event":"correlation_span","name":"repository.schema","kind":"client","trace_id":"53906e317164694f9f8a00f40cae96a4","span_id":"61c0ce9aa2240a28","status":"ok","duration_ms":0,"attributes":{"db.operation.name":"schema","db.system":"postgresql"}}
{"event":"correlation_span","name":"repository.query","kind":"client","trace_id":"3e6970b905e2aff1fb13c815fd10bbdd","span_id":"5346c58eb6984b4e","status":"ok","duration_ms":0,"attributes":{"db.operation.name":"query","db.system":"postgresql"}}
{"event":"correlation_span","name":"repository.schema","kind":"client","trace_id":"2982df36084344e6a143752b43c9c70f","span_id":"79326a1d01930bb8","status":"ok","duration_ms":0,"attributes":{"db.operation.name":"schema","db.system":"postgresql"}}
{"event":"correlation_span","name":"repository.query","kind":"client","trace_id":"3877645da615b1590ccac00af75fafb4","span_id":"983d59722bd728ec","status":"ok","duration_ms":0,"attributes":{"db.operation.name":"query","db.system":"postgresql"}}
{"event":"correlation_span","name":"repository.query","kind":"client","trace_id":"0ed109074330a68a6c063b076c20b56c","span_id":"daede8bc550656e6","status":"ok","duration_ms":0,"attributes":{"db.operation.name":"query","db.system":"postgresql"}}
{"event":"correlation_span","name":"repository.schema","kind":"client","trace_id":"47e846c8bb5807def181a56d19721016","span_id":"75e5731a0e9501a9","status":"ok","duration_ms":0,"attributes":{"db.operation.name":"schema","db.system":"postgresql"}}
{"event":"correlation_span","name":"repository.query","kind":"client","trace_id":"20ccd377f6cb832d43070c3153859497","span_id":"bf086f739d8076d4","status":"ok","duration_ms":0,"attributes":{"db.operation.name":"query","db.system":"postgresql"}}
{"event":"correlation_span","name":"repository.schema","kind":"client","trace_id":"75a2d63a510f34236a59644807b4091c","span_id":"9f1b6c5c8a344331","status":"ok","duration_ms":0,"attributes":{"db.operation.name":"schema","db.system":"postgresql"}}
{"event":"correlation_span","name":"repository.query","kind":"client","trace_id":"9051cd197c5504b151912b9079d0729f","span_id":"1ce9ab700429d2ba","status":"ok","duration_ms":0,"attributes":{"db.operation.name":"query","db.system":"postgresql"}}
{"event":"correlation_span","name":"repository.schema","kind":"client","trace_id":"fff37b3f0511733783d20f9dd2e9370b","span_id":"cff29ff7233135c4","status":"ok","duration_ms":0,"attributes":{"db.operation.name":"schema","db.system":"postgresql"}}
{"event":"correlation_span","name":"repository.query","kind":"client","trace_id":"90e7ff041f3b00ca2b9b8d96b050d93e","span_id":"4d945b5db64bf132","status":"ok","duration_ms":0,"attributes":{"db.operation.name":"query","db.system":"postgresql"}}
{"event":"correlation_span","name":"repository.query","kind":"client","trace_id":"2920b22f1e9d7e9b099b22a1f4c480f8","span_id":"8c416282cf75fc0f","parent_span_id":"17d26c3efc462e71","status":"ok","duration_ms":0,"attributes":{"db.operation.name":"query","db.system":"postgresql"}}
{"event":"correlation_span","name":"repository.query","kind":"client","trace_id":"2920b22f1e9d7e9b099b22a1f4c480f8","span_id":"5239aa271bd1ea85","parent_span_id":"17d26c3efc462e71","status":"ok","duration_ms":0,"attributes":{"db.operation.name":"query","db.system":"postgresql"}}
{"event":"correlation_span","name":"repository.query","kind":"client","trace_id":"2920b22f1e9d7e9b099b22a1f4c480f8","span_id":"fa0565257da82bfe","parent_span_id":"17d26c3efc462e71","status":"ok","duration_ms":0,"attributes":{"db.operation.name":"query","db.system":"postgresql"}}
{"correlation_id":"pid_3bfb7dc3-f7de-454d-b178-3c23b1a68142","duration_ms":2,"event":"http_request","method":"POST","route":"/api/v1/security-agents","severity":"INFO","span_id":"17d26c3efc462e71","status":201,"timestamp":"2026-10-06T02:07:07.708132148Z","trace_id":"2920b22f1e9d7e9b099b22a1f4c480f8"}
{"correlation_id":"pid_3bfb7dc3-f7de-454d-b178-3c23b1a68142","event":"audit_outcome","operation":"POST /api/v1/security-agents","outcome":"succeeded","severity":"INFO","timestamp":"2026-10-06T02:07:07.708194021Z","trace_id":"2920b22f1e9d7e9b099b22a1f4c480f8"}
{"event":"correlation_span","name":"http.request","kind":"server","trace_id":"2920b22f1e9d7e9b099b22a1f4c480f8","span_id":"17d26c3efc462e71","parent_span_id":"eda2eb0165c08a4f","status":"ok","duration_ms":2,"attributes":{"http.request.method":"POST","http.response.status_code":"201","http.route":"/api/v1/security-agents"}}
=== RUN   TestAutomaticRulesMountedRollout/absent/configured=true
{"event":"correlation_span","name":"repository.query","kind":"client","trace_id":"255d6cad17a3c257a9e47fb5ba3fc994","span_id":"5cab2f0f6088a263","status":"ok","duration_ms":0,"attributes":{"db.operation.name":"query","db.system":"postgresql"}}
{"event":"correlation_span","name":"repository.query","kind":"client","trace_id":"12fde744b4b0c01fde43f5285fbbe987","span_id":"2a8ec76697ed5921","status":"ok","duration_ms":0,"attributes":{"db.operation.name":"query","db.system":"postgresql"}}
{"event":"correlation_span","name":"repository.schema","kind":"client","trace_id":"0e6a2773d779790cd93af88ebe01aa93","span_id":"bfa51226e58c4be3","status":"ok","duration_ms":0,"attributes":{"db.operation.name":"schema","db.system":"postgresql"}}
{"event":"correlation_span","name":"repository.schema","kind":"client","trace_id":"9cd136df65af15363e64ef75054f7031","span_id":"57ee017afcd23d06","status":"ok","duration_ms":0,"attributes":{"db.operation.name":"schema","db.system":"postgresql"}}
{"event":"correlation_span","name":"repository.query","kind":"client","trace_id":"0b2abe1894936e1a279a90252a4dd0db","span_id":"72f915a39105083d","status":"ok","duration_ms":0,"attributes":{"db.operation.name":"query","db.system":"postgresql"}}
{"event":"correlation_span","name":"repository.query","kind":"client","trace_id":"c84a97f9db15efad76725f1f31610bdf","span_id":"aa08db5beebb3e58","status":"ok","duration_ms":0,"attributes":{"db.operation.name":"query","db.system":"postgresql"}}
{"event":"correlation_span","name":"repository.schema","kind":"client","trace_id":"d616a9bda43c8f93ce8ccb14e6e2aa5d","span_id":"eb134fb0a517c454","status":"ok","duration_ms":0,"attributes":{"db.operation.name":"schema","db.system":"postgresql"}}
{"event":"correlation_span","name":"repository.schema","kind":"client","trace_id":"a58f5bdadd326a9c9a073bbfa0a3db59","span_id":"783d210d5df6ac52","status":"ok","duration_ms":0,"attributes":{"db.operation.name":"schema","db.system":"postgresql"}}
{"event":"correlation_span","name":"repository.query","kind":"client","trace_id":"d31cdba403927b03345b387f6674f3a0","span_id":"aa32553900b84c46","status":"ok","duration_ms":0,"attributes":{"db.operation.name":"query","db.system":"postgresql"}}
{"event":"correlation_span","name":"repository.schema","kind":"client","trace_id":"ec043525b5c5e2757e476a274dc935da","span_id":"6e1877e9c1d8450f","status":"ok","duration_ms":0,"attributes":{"db.operation.name":"schema","db.system":"postgresql"}}
{"event":"correlation_span","name":"repository.query","kind":"client","trace_id":"77b1a3b90aafd2203808e89a122b00c4","span_id":"33c14d866b6c7d9b","status":"ok","duration_ms":0,"attributes":{"db.operation.name":"query","db.system":"postgresql"}}
{"event":"correlation_span","name":"repository.query","kind":"client","trace_id":"3dc2419267be7070df741278778b532c","span_id":"a2634915159d72f7","status":"ok","duration_ms":0,"attributes":{"db.operation.name":"query","db.system":"postgresql"}}
{"event":"correlation_span","name":"repository.schema","kind":"client","trace_id":"1e3b2417e78964120f910f4271ae21c0","span_id":"ab3e286b1af7debc","status":"ok","duration_ms":0,"attributes":{"db.operation.name":"schema","db.system":"postgresql"}}
{"event":"correlation_span","name":"repository.query","kind":"client","trace_id":"575828de4bec1402a225180d8cb7e3c6","span_id":"019a689f5d4f54d8","status":"ok","duration_ms":0,"attributes":{"db.operation.name":"query","db.system":"postgresql"}}
{"event":"correlation_span","name":"repository.schema","kind":"client","trace_id":"452c0bca30446fd2711c208fe3dbc433","span_id":"05af502154c494aa","status":"ok","duration_ms":0,"attributes":{"db.operation.name":"schema","db.system":"postgresql"}}
{"event":"correlation_span","name":"repository.query","kind":"client","trace_id":"0bf94a9d68c044b42f55be474cd8e27f","span_id":"0d2e3f4017e4bee8","status":"ok","duration_ms":0,"attributes":{"db.operation.name":"query","db.system":"postgresql"}}
{"event":"correlation_span","name":"repository.schema","kind":"client","trace_id":"ea728dcff6452e4adfa6e084ddfc866f","span_id":"07d6713b0caac412","status":"ok","duration_ms":0,"attributes":{"db.operation.name":"schema","db.system":"postgresql"}}
{"event":"correlation_span","name":"repository.query","kind":"client","trace_id":"d26d4f4be4b17a583c313fe9778ed43f","span_id":"8329b0b298701657","status":"ok","duration_ms":0,"attributes":{"db.operation.name":"query","db.system":"postgresql"}}
{"event":"correlation_span","name":"repository.query","kind":"client","trace_id":"03800637bbbc0147dc00124a3cf85d24","span_id":"7097810514ca6216","parent_span_id":"3b5da35b06c8393f","status":"ok","duration_ms":0,"attributes":{"db.operation.name":"query","db.system":"postgresql"}}
{"event":"correlation_span","name":"repository.query","kind":"client","trace_id":"03800637bbbc0147dc00124a3cf85d24","span_id":"c7fad07e07050101","parent_span_id":"3b5da35b06c8393f","status":"ok","duration_ms":0,"attributes":{"db.operation.name":"query","db.system":"postgresql"}}
{"event":"correlation_span","name":"repository.query","kind":"client","trace_id":"03800637bbbc0147dc00124a3cf85d24","span_id":"2a870a7860e52396","parent_span_id":"3b5da35b06c8393f","status":"ok","duration_ms":0,"attributes":{"db.operation.name":"query","db.system":"postgresql"}}
{"correlation_id":"pid_71ec52e0-0f0c-460a-b6ba-0fdcb5bc33d0","duration_ms":2,"event":"http_request","method":"POST","route":"/api/v1/security-agents","severity":"INFO","span_id":"3b5da35b06c8393f","status":503,"timestamp":"2026-10-06T02:07:07.720869398Z","trace_id":"03800637bbbc0147dc00124a3cf85d24"}
{"correlation_id":"pid_71ec52e0-0f0c-460a-b6ba-0fdcb5bc33d0","event":"audit_outcome","operation":"POST /api/v1/security-agents","outcome":"rejected","severity":"INFO","timestamp":"2026-10-06T02:07:07.720914225Z","trace_id":"03800637bbbc0147dc00124a3cf85d24"}
{"event":"correlation_span","name":"http.request","kind":"server","trace_id":"03800637bbbc0147dc00124a3cf85d24","span_id":"3b5da35b06c8393f","parent_span_id":"9e65653f9b491656","status":"error","duration_ms":2,"attributes":{"http.request.method":"POST","http.response.status_code":"503","http.route":"/api/v1/security-agents"}}
=== RUN   TestAutomaticRulesMountedRollout/invalid/configured=false
{"event":"correlation_span","name":"repository.query","kind":"client","trace_id":"52a41e79d12f8a19afb07636cd82d051","span_id":"e5e9c31a2251557b","status":"ok","duration_ms":0,"attributes":{"db.operation.name":"query","db.system":"postgresql"}}
{"event":"correlation_span","name":"repository.query","kind":"client","trace_id":"1083f888f610f23919b1f537142b0709","span_id":"f720fd450c514391","status":"ok","duration_ms":0,"attributes":{"db.operation.name":"query","db.system":"postgresql"}}
{"event":"correlation_span","name":"repository.schema","kind":"client","trace_id":"f33317cd018dff9008059cfe0d2df2e6","span_id":"f618f2b0bfa5efd2","status":"ok","duration_ms":0,"attributes":{"db.operation.name":"schema","db.system":"postgresql"}}
{"event":"correlation_span","name":"repository.schema","kind":"client","trace_id":"be147b8aca3cb18af031fe86f1ef7bdf","span_id":"3add7a28d3ece540","status":"ok","duration_ms":0,"attributes":{"db.operation.name":"schema","db.system":"postgresql"}}
{"event":"correlation_span","name":"repository.query","kind":"client","trace_id":"d7819b5a6c8cd080b4d709c6e98b2e21","span_id":"56234cda80a8b12b","status":"ok","duration_ms":0,"attributes":{"db.operation.name":"query","db.system":"postgresql"}}
{"event":"correlation_span","name":"repository.query","kind":"client","trace_id":"bccc27082caaa73dd1a000d133777c10","span_id":"0c6816e3a3c9a328","status":"ok","duration_ms":0,"attributes":{"db.operation.name":"query","db.system":"postgresql"}}
{"event":"correlation_span","name":"repository.schema","kind":"client","trace_id":"94fffb75b4ebbb360093898594b78b70","span_id":"36511bdc3b968899","status":"ok","duration_ms":0,"attributes":{"db.operation.name":"schema","db.system":"postgresql"}}
{"event":"correlation_span","name":"repository.schema","kind":"client","trace_id":"56a1142d3ee04549ff39a7bc5c969f8f","span_id":"edac0cf9dcf6fa42","status":"ok","duration_ms":0,"attributes":{"db.operation.name":"schema","db.system":"postgresql"}}
{"event":"correlation_span","name":"repository.query","kind":"client","trace_id":"d4d947891fcffd0405e26b7a8586e511","span_id":"7eefee0e98e339db","status":"ok","duration_ms":0,"attributes":{"db.operation.name":"query","db.system":"postgresql"}}
{"event":"correlation_span","name":"repository.schema","kind":"client","trace_id":"08172782316e533e0b06d1bbab755dc3","span_id":"d4d12beb8b53a459","status":"ok","duration_ms":0,"attributes":{"db.operation.name":"schema","db.system":"postgresql"}}
{"event":"correlation_span","name":"repository.query","kind":"client","trace_id":"15ae27f0c8946314b12064c169f9ccde","span_id":"2139845e0c4abe3e","status":"ok","duration_ms":0,"attributes":{"db.operation.name":"query","db.system":"postgresql"}}
{"event":"correlation_span","name":"repository.query","kind":"client","trace_id":"c80bdda1df7c387c422233265db072b9","span_id":"00abd1f031238f02","status":"ok","duration_ms":0,"attributes":{"db.operation.name":"query","db.system":"postgresql"}}
{"event":"correlation_span","name":"repository.schema","kind":"client","trace_id":"cf91517dd518614e031e55e80dca72e1","span_id":"aff4103e0d3bf292","status":"ok","duration_ms":0,"attributes":{"db.operation.name":"schema","db.system":"postgresql"}}
{"event":"correlation_span","name":"repository.query","kind":"client","trace_id":"38717590e740d09bd3c0dd7b8ba3d8ec","span_id":"569d1c44af0c521b","status":"ok","duration_ms":0,"attributes":{"db.operation.name":"query","db.system":"postgresql"}}
{"event":"correlation_span","name":"repository.schema","kind":"client","trace_id":"ae651342e7edecb2e7900b60f27b2932","span_id":"675be232fa3e1f09","status":"ok","duration_ms":0,"attributes":{"db.operation.name":"schema","db.system":"postgresql"}}
{"event":"correlation_span","name":"repository.query","kind":"client","trace_id":"da5fd269aeb56b4aa6df658bb00f9749","span_id":"fa4844996f641647","status":"ok","duration_ms":0,"attributes":{"db.operation.name":"query","db.system":"postgresql"}}
{"event":"correlation_span","name":"repository.schema","kind":"client","trace_id":"b64ae853bfe05a21a6666d6eb508d4bf","span_id":"4ebd25f623c3712d","status":"ok","duration_ms":0,"attributes":{"db.operation.name":"schema","db.system":"postgresql"}}
{"event":"correlation_span","name":"repository.query","kind":"client","trace_id":"3bf6f18fbfab1aac2edd8fbc301884b5","span_id":"79d48cdd41c717de","status":"ok","duration_ms":0,"attributes":{"db.operation.name":"query","db.system":"postgresql"}}
{"event":"correlation_span","name":"repository.query","kind":"client","trace_id":"a91cfc76be04935e7c062cb95e95dfe4","span_id":"6fd3beb7a2a0c919","parent_span_id":"07be98a89cf401b5","status":"ok","duration_ms":0,"attributes":{"db.operation.name":"query","db.system":"postgresql"}}
{"event":"correlation_span","name":"repository.query","kind":"client","trace_id":"a91cfc76be04935e7c062cb95e95dfe4","span_id":"5ef4834b42f8a8f3","parent_span_id":"07be98a89cf401b5","status":"ok","duration_ms":0,"attributes":{"db.operation.name":"query","db.system":"postgresql"}}
{"event":"correlation_span","name":"repository.query","kind":"client","trace_id":"a91cfc76be04935e7c062cb95e95dfe4","span_id":"1949a7be84ca3781","parent_span_id":"07be98a89cf401b5","status":"ok","duration_ms":0,"attributes":{"db.operation.name":"query","db.system":"postgresql"}}
{"correlation_id":"pid_6ba272be-7166-4e2c-8ae8-a9269b556edf","duration_ms":2,"event":"http_request","method":"POST","route":"/api/v1/security-agents","severity":"INFO","span_id":"07be98a89cf401b5","status":201,"timestamp":"2026-10-06T02:07:07.731965853Z","trace_id":"a91cfc76be04935e7c062cb95e95dfe4"}
{"correlation_id":"pid_6ba272be-7166-4e2c-8ae8-a9269b556edf","event":"audit_outcome","operation":"POST /api/v1/security-agents","outcome":"succeeded","severity":"INFO","timestamp":"2026-10-06T02:07:07.732011492Z","trace_id":"a91cfc76be04935e7c062cb95e95dfe4"}
{"event":"correlation_span","name":"http.request","kind":"server","trace_id":"a91cfc76be04935e7c062cb95e95dfe4","span_id":"07be98a89cf401b5","parent_span_id":"3f98adaa76438da6","status":"ok","duration_ms":2,"attributes":{"http.request.method":"POST","http.response.status_code":"201","http.route":"/api/v1/security-agents"}}
=== RUN   TestAutomaticRulesMountedRollout/invalid/configured=true
{"event":"correlation_span","name":"repository.query","kind":"client","trace_id":"11034a15cbd2740d940cd7ccc815c1d3","span_id":"c5cdd93a4a870952","status":"ok","duration_ms":0,"attributes":{"db.operation.name":"query","db.system":"postgresql"}}
{"event":"correlation_span","name":"repository.query","kind":"client","trace_id":"25901c8088a6e7fe00d33dcd44681f4f","span_id":"3033475f6b842aeb","status":"ok","duration_ms":0,"attributes":{"db.operation.name":"query","db.system":"postgresql"}}
{"event":"correlation_span","name":"repository.schema","kind":"client","trace_id":"79bc9da35fbf6a325c15903d05e1d349","span_id":"819857a649b472a8","status":"ok","duration_ms":0,"attributes":{"db.operation.name":"schema","db.system":"postgresql"}}
{"event":"correlation_span","name":"repository.schema","kind":"client","trace_id":"a2cb58f47f441d3de3da94cc14fcf66e","span_id":"c52d16090d040c86","status":"ok","duration_ms":0,"attributes":{"db.operation.name":"schema","db.system":"postgresql"}}
{"event":"correlation_span","name":"repository.query","kind":"client","trace_id":"4cae67e77ba57be8f9aec76ceeb842a2","span_id":"e88a32506126746d","status":"ok","duration_ms":0,"attributes":{"db.operation.name":"query","db.system":"postgresql"}}
{"event":"correlation_span","name":"repository.query","kind":"client","trace_id":"529bf72bce48930d204e0fee5e8822cd","span_id":"97e3f819252abb23","status":"ok","duration_ms":0,"attributes":{"db.operation.name":"query","db.system":"postgresql"}}
{"event":"correlation_span","name":"repository.schema","kind":"client","trace_id":"29770c60a4cb80c876517f8913eee8f2","span_id":"8cb6882c267c9e62","status":"ok","duration_ms":0,"attributes":{"db.operation.name":"schema","db.system":"postgresql"}}
{"event":"correlation_span","name":"repository.schema","kind":"client","trace_id":"4e2f84b8a682e24a4cab7ef18dc1f158","span_id":"4b73cac67d631fe5","status":"ok","duration_ms":0,"attributes":{"db.operation.name":"schema","db.system":"postgresql"}}
{"event":"correlation_span","name":"repository.query","kind":"client","trace_id":"56a5b0fb96c02de61db5e249ca8623ce","span_id":"d9efa2e8872fce9d","status":"ok","duration_ms":0,"attributes":{"db.operation.name":"query","db.system":"postgresql"}}
{"event":"correlation_span","name":"repository.schema","kind":"client","trace_id":"e6a82e1978d09d2057135c5587d694d1","span_id":"b88c4bcb31afa871","status":"ok","duration_ms":0,"attributes":{"db.operation.name":"schema","db.system":"postgresql"}}
{"event":"correlation_span","name":"repository.query","kind":"client","trace_id":"5ef63d76c1c7f28f6598e77527641ddc","span_id":"303eee3165544b69","status":"ok","duration_ms":0,"attributes":{"db.operation.name":"query","db.system":"postgresql"}}
{"event":"correlation_span","name":"repository.query","kind":"client","trace_id":"c99f4492862b869ec23a9e6bd14171ea","span_id":"5d3728e21d15ef05","status":"ok","duration_ms":0,"attributes":{"db.operation.name":"query","db.system":"postgresql"}}
{"event":"correlation_span","name":"repository.schema","kind":"client","trace_id":"29cbc20b4249e2e964b5854e53874797","span_id":"6c37fef236268b38","status":"ok","duration_ms":0,"attributes":{"db.operation.name":"schema","db.system":"postgresql"}}
{"event":"correlation_span","name":"repository.query","kind":"client","trace_id":"27df48cfa4223a263156fb2b1e417482","span_id":"d1eec93743b2649b","status":"ok","duration_ms":0,"attributes":{"db.operation.name":"query","db.system":"postgresql"}}
{"event":"correlation_span","name":"repository.schema","kind":"client","trace_id":"331b0ae3a599c08eef5914e308c09c10","span_id":"e18ccf2c319fda25","status":"ok","duration_ms":0,"attributes":{"db.operation.name":"schema","db.system":"postgresql"}}
{"event":"correlation_span","name":"repository.query","kind":"client","trace_id":"cd3503f434768426d5a75deb75c461a1","span_id":"07d6046d5a69c06a","status":"ok","duration_ms":0,"attributes":{"db.operation.name":"query","db.system":"postgresql"}}
{"event":"correlation_span","name":"repository.schema","kind":"client","trace_id":"4e26d4b084df8621730570ffe9420470","span_id":"e299d2d165ffb609","status":"ok","duration_ms":0,"attributes":{"db.operation.name":"schema","db.system":"postgresql"}}
{"event":"correlation_span","name":"repository.query","kind":"client","trace_id":"d8987953e09da3770d91e5b6b926b01e","span_id":"7cac4c71dd5630d4","status":"ok","duration_ms":0,"attributes":{"db.operation.name":"query","db.system":"postgresql"}}
{"event":"correlation_span","name":"repository.query","kind":"client","trace_id":"1915695227841c981986e005784f05a6","span_id":"22ecbf04a1066c17","parent_span_id":"8ad7317a09c5b913","status":"ok","duration_ms":0,"attributes":{"db.operation.name":"query","db.system":"postgresql"}}
{"event":"correlation_span","name":"repository.query","kind":"client","trace_id":"1915695227841c981986e005784f05a6","span_id":"ecf02158fab3f92f","parent_span_id":"8ad7317a09c5b913","status":"ok","duration_ms":0,"attributes":{"db.operation.name":"query","db.system":"postgresql"}}
{"event":"correlation_span","name":"repository.query","kind":"client","trace_id":"1915695227841c981986e005784f05a6","span_id":"90d0f1230e3ceb4d","parent_span_id":"8ad7317a09c5b913","status":"ok","duration_ms":0,"attributes":{"db.operation.name":"query","db.system":"postgresql"}}
{"event":"correlation_span","name":"repository.query","kind":"client","trace_id":"1915695227841c981986e005784f05a6","span_id":"7278fba8c7dc7da1","parent_span_id":"8ad7317a09c5b913","status":"ok","duration_ms":0,"attributes":{"db.operation.name":"query","db.system":"postgresql"}}
{"correlation_id":"pid_0372085b-f4e9-4590-bf07-31f5fc99623c","duration_ms":3,"event":"http_request","method":"POST","route":"/api/v1/security-agents","severity":"INFO","span_id":"8ad7317a09c5b913","status":503,"timestamp":"2026-10-06T02:07:07.744081057Z","trace_id":"1915695227841c981986e005784f05a6"}
{"correlation_id":"pid_0372085b-f4e9-4590-bf07-31f5fc99623c","event":"audit_outcome","operation":"POST /api/v1/security-agents","outcome":"rejected","severity":"INFO","timestamp":"2026-10-06T02:07:07.744126035Z","trace_id":"1915695227841c981986e005784f05a6"}
{"event":"correlation_span","name":"http.request","kind":"server","trace_id":"1915695227841c981986e005784f05a6","span_id":"8ad7317a09c5b913","parent_span_id":"c2c3472c53f9900f","status":"error","duration_ms":3,"attributes":{"http.request.method":"POST","http.response.status_code":"503","http.route":"/api/v1/security-agents"}}
=== RUN   TestAutomaticRulesMountedRollout/ready/configured=false
{"event":"correlation_span","name":"repository.query","kind":"client","trace_id":"33a8bc0c970026a7dc99b67bd6529072","span_id":"8e4d0aaeb201dfc7","status":"ok","duration_ms":0,"attributes":{"db.operation.name":"query","db.system":"postgresql"}}
{"event":"correlation_span","name":"repository.query","kind":"client","trace_id":"8756cf95e9e90db62b920277b4cb0463","span_id":"b06329a13b89d058","status":"ok","duration_ms":0,"attributes":{"db.operation.name":"query","db.system":"postgresql"}}
{"event":"correlation_span","name":"repository.schema","kind":"client","trace_id":"57410a68e5bdd7d02cb4cdd8d5ab69c8","span_id":"b7508332181909e8","status":"ok","duration_ms":0,"attributes":{"db.operation.name":"schema","db.system":"postgresql"}}
{"event":"correlation_span","name":"repository.schema","kind":"client","trace_id":"261d4c0c1aafe7455808f301c058f926","span_id":"68a5a259c35193eb","status":"ok","duration_ms":0,"attributes":{"db.operation.name":"schema","db.system":"postgresql"}}
{"event":"correlation_span","name":"repository.query","kind":"client","trace_id":"b507034b812f9b3a4517962adc8b8515","span_id":"5e23a5d87488f117","status":"ok","duration_ms":0,"attributes":{"db.operation.name":"query","db.system":"postgresql"}}
{"event":"correlation_span","name":"repository.query","kind":"client","trace_id":"565f6590bd4c4c84502a392f75ad0f03","span_id":"5ec54452e421dbfc","status":"ok","duration_ms":0,"attributes":{"db.operation.name":"query","db.system":"postgresql"}}
{"event":"correlation_span","name":"repository.schema","kind":"client","trace_id":"75e72486df53756eea878f1b4d9c6752","span_id":"8f2c1616cb75c378","status":"ok","duration_ms":0,"attributes":{"db.operation.name":"schema","db.system":"postgresql"}}
{"event":"correlation_span","name":"repository.schema","kind":"client","trace_id":"432f91ad03edd8f9070fd21970a1c9f9","span_id":"76ba8cd488ff19a3","status":"ok","duration_ms":0,"attributes":{"db.operation.name":"schema","db.system":"postgresql"}}
{"event":"correlation_span","name":"repository.query","kind":"client","trace_id":"702e664692ef72fe11786b302e12e6c9","span_id":"a27296eca4a5fc80","status":"ok","duration_ms":0,"attributes":{"db.operation.name":"query","db.system":"postgresql"}}
{"event":"correlation_span","name":"repository.schema","kind":"client","trace_id":"ae3da732b1378fa3906769eed2ff653c","span_id":"9e73d21312b2495e","status":"ok","duration_ms":0,"attributes":{"db.operation.name":"schema","db.system":"postgresql"}}
{"event":"correlation_span","name":"repository.query","kind":"client","trace_id":"49865b6331131b170019d8d00ef23d2c","span_id":"3b0a646bb6e168b3","status":"ok","duration_ms":0,"attributes":{"db.operation.name":"query","db.system":"postgresql"}}
{"event":"correlation_span","name":"repository.query","kind":"client","trace_id":"c66f83802101cc33698e21b5c5b26f97","span_id":"b3613adf167e5468","status":"ok","duration_ms":0,"attributes":{"db.operation.name":"query","db.system":"postgresql"}}
{"event":"correlation_span","name":"repository.schema","kind":"client","trace_id":"4a1a485e7e10e04998a593b971e2baf6","span_id":"67b745e1b1ca942e","status":"ok","duration_ms":0,"attributes":{"db.operation.name":"schema","db.system":"postgresql"}}
{"event":"correlation_span","name":"repository.query","kind":"client","trace_id":"eb44ff99c8c0ebb1e95ef88f6ddbd24f","span_id":"9c6cf798d6396e4f","status":"ok","duration_ms":0,"attributes":{"db.operation.name":"query","db.system":"postgresql"}}
{"event":"correlation_span","name":"repository.schema","kind":"client","trace_id":"39214589fcc290b6504827fd6baefd1f","span_id":"d6a469063d7ada04","status":"ok","duration_ms":0,"attributes":{"db.operation.name":"schema","db.system":"postgresql"}}
{"event":"correlation_span","name":"repository.query","kind":"client","trace_id":"7b4fbddfd1ddc9dc3ac042e63a4830ea","span_id":"47c341c24af37274","status":"ok","duration_ms":0,"attributes":{"db.operation.name":"query","db.system":"postgresql"}}
{"event":"correlation_span","name":"repository.schema","kind":"client","trace_id":"1fd5a06727323124ab062606b04ae74b","span_id":"56a8b79690a9c95e","status":"ok","duration_ms":0,"attributes":{"db.operation.name":"schema","db.system":"postgresql"}}
{"event":"correlation_span","name":"repository.query","kind":"client","trace_id":"5a415a259e7352aa53b2fc65dfd20fc6","span_id":"b869e3ed0c5819f8","status":"ok","duration_ms":0,"attributes":{"db.operation.name":"query","db.system":"postgresql"}}
{"event":"correlation_span","name":"repository.query","kind":"client","trace_id":"e818eff5783437e83f0d9272a2507842","span_id":"aa40e9109d0061ce","parent_span_id":"b5e5237850d80765","status":"ok","duration_ms":0,"attributes":{"db.operation.name":"query","db.system":"postgresql"}}
{"event":"correlation_span","name":"repository.query","kind":"client","trace_id":"e818eff5783437e83f0d9272a2507842","span_id":"df0cf6410c2a7008","parent_span_id":"b5e5237850d80765","status":"ok","duration_ms":0,"attributes":{"db.operation.name":"query","db.system":"postgresql"}}
{"event":"correlation_span","name":"repository.query","kind":"client","trace_id":"e818eff5783437e83f0d9272a2507842","span_id":"a1a8470857bee57c","parent_span_id":"b5e5237850d80765","status":"ok","duration_ms":0,"attributes":{"db.operation.name":"query","db.system":"postgresql"}}
{"correlation_id":"pid_456b4d79-683e-4abb-a4f5-6409acf934d3","duration_ms":2,"event":"http_request","method":"POST","route":"/api/v1/security-agents","severity":"INFO","span_id":"b5e5237850d80765","status":201,"timestamp":"2026-10-06T02:07:07.756064398Z","trace_id":"e818eff5783437e83f0d9272a2507842"}
{"correlation_id":"pid_456b4d79-683e-4abb-a4f5-6409acf934d3","event":"audit_outcome","operation":"POST /api/v1/security-agents","outcome":"succeeded","severity":"INFO","timestamp":"2026-10-06T02:07:07.756109777Z","trace_id":"e818eff5783437e83f0d9272a2507842"}
{"event":"correlation_span","name":"http.request","kind":"server","trace_id":"e818eff5783437e83f0d9272a2507842","span_id":"b5e5237850d80765","parent_span_id":"dc91a87eae1b38ae","status":"ok","duration_ms":2,"attributes":{"http.request.method":"POST","http.response.status_code":"201","http.route":"/api/v1/security-agents"}}
=== RUN   TestAutomaticRulesMountedRollout/ready/configured=true
{"event":"correlation_span","name":"repository.query","kind":"client","trace_id":"6c8685848376b273546061e44245d549","span_id":"cc2bf3c11797d414","status":"ok","duration_ms":0,"attributes":{"db.operation.name":"query","db.system":"postgresql"}}
{"event":"correlation_span","name":"repository.query","kind":"client","trace_id":"4b6b88aca076804826604965f6637419","span_id":"5a0d68bfe0c69bf4","status":"ok","duration_ms":0,"attributes":{"db.operation.name":"query","db.system":"postgresql"}}
{"event":"correlation_span","name":"repository.schema","kind":"client","trace_id":"1f129544d3e57d5ba9dd6d4c63fba1e1","span_id":"9224cdf23ae22d63","status":"ok","duration_ms":0,"attributes":{"db.operation.name":"schema","db.system":"postgresql"}}
{"event":"correlation_span","name":"repository.schema","kind":"client","trace_id":"76de9635022b028af452129e6fc40256","span_id":"736dd51c2c3e1126","status":"ok","duration_ms":0,"attributes":{"db.operation.name":"schema","db.system":"postgresql"}}
{"event":"correlation_span","name":"repository.query","kind":"client","trace_id":"e2f6927db0ce3f336950b8cc972420e2","span_id":"a53cd220fa29fbb5","status":"ok","duration_ms":0,"attributes":{"db.operation.name":"query","db.system":"postgresql"}}
{"event":"correlation_span","name":"repository.query","kind":"client","trace_id":"56108159b49a69e0ed80cd86ec6150da","span_id":"7d56cefc88da7421","status":"ok","duration_ms":0,"attributes":{"db.operation.name":"query","db.system":"postgresql"}}
{"event":"correlation_span","name":"repository.schema","kind":"client","trace_id":"d84a8f0a4be6782dfd4d06f6f8e61073","span_id":"855e13215377b0ac","status":"ok","duration_ms":0,"attributes":{"db.operation.name":"schema","db.system":"postgresql"}}
{"event":"correlation_span","name":"repository.schema","kind":"client","trace_id":"2d8f52cf201aa670ee61cd099d998fdb","span_id":"462f3483c9fa0b7a","status":"ok","duration_ms":0,"attributes":{"db.operation.name":"schema","db.system":"postgresql"}}
{"event":"correlation_span","name":"repository.query","kind":"client","trace_id":"eb2847905bcc3f62a872fc28fc0028d3","span_id":"7554fdf36731c213","status":"ok","duration_ms":0,"attributes":{"db.operation.name":"query","db.system":"postgresql"}}
{"event":"correlation_span","name":"repository.schema","kind":"client","trace_id":"0d2fb3fc6ffd8bef51c9b5b96d96c302","span_id":"88b8107bd7c22691","status":"ok","duration_ms":0,"attributes":{"db.operation.name":"schema","db.system":"postgresql"}}
{"event":"correlation_span","name":"repository.query","kind":"client","trace_id":"0cf0ab23d4e6a5f4a583c76ca2bbdec9","span_id":"b4efc33e5362b800","status":"ok","duration_ms":0,"attributes":{"db.operation.name":"query","db.system":"postgresql"}}
{"event":"correlation_span","name":"repository.query","kind":"client","trace_id":"57dde4efab302e6f570398f626d9593e","span_id":"ce6ae94fc2596c34","status":"ok","duration_ms":0,"attributes":{"db.operation.name":"query","db.system":"postgresql"}}
{"event":"correlation_span","name":"repository.schema","kind":"client","trace_id":"5b581c8fdc13a264ee43752731a4c3a9","span_id":"14c479b36ac219a6","status":"ok","duration_ms":0,"attributes":{"db.operation.name":"schema","db.system":"postgresql"}}
{"event":"correlation_span","name":"repository.query","kind":"client","trace_id":"1354841723296051d9da6bbed931d5fa","span_id":"a32be5cacb70f66f","status":"ok","duration_ms":0,"attributes":{"db.operation.name":"query","db.system":"postgresql"}}
{"event":"correlation_span","name":"repository.schema","kind":"client","trace_id":"10aa7e497e58e053c6cc61c5db5e343f","span_id":"e6c70f6008683d08","status":"ok","duration_ms":0,"attributes":{"db.operation.name":"schema","db.system":"postgresql"}}
{"event":"correlation_span","name":"repository.query","kind":"client","trace_id":"2afeae04880c1c61cb051dc0bd5db639","span_id":"5c33217eb2c4602d","status":"ok","duration_ms":0,"attributes":{"db.operation.name":"query","db.system":"postgresql"}}
{"event":"correlation_span","name":"repository.schema","kind":"client","trace_id":"4aea3f9b63da454c7dd4122c4a017e83","span_id":"d1232cf0e9c87185","status":"ok","duration_ms":0,"attributes":{"db.operation.name":"schema","db.system":"postgresql"}}
{"event":"correlation_span","name":"repository.query","kind":"client","trace_id":"63ca05391e8347023cdeac92319b2638","span_id":"18d7acca4c422fe5","status":"ok","duration_ms":0,"attributes":{"db.operation.name":"query","db.system":"postgresql"}}
{"event":"correlation_span","name":"repository.query","kind":"client","trace_id":"c3489fd0b99211965591ea81fcb1900e","span_id":"b7529ab0210f4759","parent_span_id":"a1f73c47f6560a26","status":"ok","duration_ms":0,"attributes":{"db.operation.name":"query","db.system":"postgresql"}}
{"event":"correlation_span","name":"repository.query","kind":"client","trace_id":"c3489fd0b99211965591ea81fcb1900e","span_id":"9da29d8736038034","parent_span_id":"a1f73c47f6560a26","status":"ok","duration_ms":0,"attributes":{"db.operation.name":"query","db.system":"postgresql"}}
{"event":"correlation_span","name":"repository.query","kind":"client","trace_id":"c3489fd0b99211965591ea81fcb1900e","span_id":"30885e8a8a63455f","parent_span_id":"a1f73c47f6560a26","status":"ok","duration_ms":0,"attributes":{"db.operation.name":"query","db.system":"postgresql"}}
{"event":"correlation_span","name":"repository.query","kind":"client","trace_id":"c3489fd0b99211965591ea81fcb1900e","span_id":"e6bafd12abff59ee","parent_span_id":"a1f73c47f6560a26","status":"ok","duration_ms":0,"attributes":{"db.operation.name":"query","db.system":"postgresql"}}
{"event":"correlation_span","name":"repository.query","kind":"client","trace_id":"c3489fd0b99211965591ea81fcb1900e","span_id":"68f481cc03a92411","parent_span_id":"a1f73c47f6560a26","status":"ok","duration_ms":0,"attributes":{"db.operation.name":"query","db.system":"postgresql"}}
{"correlation_id":"pid_af687ec4-883c-4864-b9ef-5fc9e165a34c","duration_ms":3,"event":"http_request","method":"POST","route":"/api/v1/security-agents","severity":"INFO","span_id":"a1f73c47f6560a26","status":201,"timestamp":"2026-10-06T02:07:07.768977328Z","trace_id":"c3489fd0b99211965591ea81fcb1900e"}
{"correlation_id":"pid_af687ec4-883c-4864-b9ef-5fc9e165a34c","event":"audit_outcome","operation":"POST /api/v1/security-agents","outcome":"succeeded","severity":"INFO","timestamp":"2026-10-06T02:07:07.769013262Z","trace_id":"c3489fd0b99211965591ea81fcb1900e"}
{"event":"correlation_span","name":"http.request","kind":"server","trace_id":"c3489fd0b99211965591ea81fcb1900e","span_id":"a1f73c47f6560a26","parent_span_id":"573a64c32aa6c5dc","status":"ok","duration_ms":3,"attributes":{"http.request.method":"POST","http.response.status_code":"201","http.route":"/api/v1/security-agents"}}
--- PASS: TestAutomaticRulesMountedRollout (0.07s)
    --- PASS: TestAutomaticRulesMountedRollout/absent/configured=false (0.01s)
    --- PASS: TestAutomaticRulesMountedRollout/absent/configured=true (0.01s)
    --- PASS: TestAutomaticRulesMountedRollout/invalid/configured=false (0.01s)
    --- PASS: TestAutomaticRulesMountedRollout/invalid/configured=true (0.01s)
    --- PASS: TestAutomaticRulesMountedRollout/ready/configured=false (0.01s)
    --- PASS: TestAutomaticRulesMountedRollout/ready/configured=true (0.01s)
=== RUN   TestTemporalHumanMountedProductionComposition
=== RUN   TestTemporalHumanMountedProductionComposition/ordered=false
{"event":"correlation_span","name":"repository.query","kind":"client","trace_id":"b7e3af52efca089d905b4471f2f52dee","span_id":"916b432648917d5e","status":"ok","duration_ms":0,"attributes":{"db.operation.name":"query","db.system":"postgresql"}}
{"event":"correlation_span","name":"repository.query","kind":"client","trace_id":"62a8a4af860566ca9d563eb4c36de198","span_id":"533773f191f2ac91","status":"ok","duration_ms":0,"attributes":{"db.operation.name":"query","db.system":"postgresql"}}
{"event":"correlation_span","name":"repository.schema","kind":"client","trace_id":"1c8f137e6c52a2aa2cdb8c70ef2648e8","span_id":"8706f7d3ea3ddd2c","status":"ok","duration_ms":0,"attributes":{"db.operation.name":"schema","db.system":"postgresql"}}
{"event":"correlation_span","name":"repository.schema","kind":"client","trace_id":"d909482eb2e4edb2ea1ec19bee9cc2c8","span_id":"3106953d3f2f3928","status":"ok","duration_ms":0,"attributes":{"db.operation.name":"schema","db.system":"postgresql"}}
{"event":"correlation_span","name":"repository.query","kind":"client","trace_id":"3adb62d3898fca313fee5e64d9370114","span_id":"aa9b0a26efa9fbb0","status":"ok","duration_ms":0,"attributes":{"db.operation.name":"query","db.system":"postgresql"}}
{"event":"correlation_span","name":"repository.query","kind":"client","trace_id":"0d09a5d22353e529d1ebe1dc68f9a387","span_id":"cd60f37afa995ef5","status":"ok","duration_ms":0,"attributes":{"db.operation.name":"query","db.system":"postgresql"}}
{"event":"correlation_span","name":"repository.schema","kind":"client","trace_id":"ea27415f2b4ecd5dc85c5069fcb667c8","span_id":"f4ac31e23c08b8e4","status":"ok","duration_ms":0,"attributes":{"db.operation.name":"schema","db.system":"postgresql"}}
{"event":"correlation_span","name":"repository.schema","kind":"client","trace_id":"846bee0cc25b5b81a04cf03a76bf1c60","span_id":"102888d06f3ba97f","status":"ok","duration_ms":0,"attributes":{"db.operation.name":"schema","db.system":"postgresql"}}
{"event":"correlation_span","name":"repository.query","kind":"client","trace_id":"7ee699f353952e08ece7a09ba7a1ad39","span_id":"f54becd3fc52c285","status":"ok","duration_ms":0,"attributes":{"db.operation.name":"query","db.system":"postgresql"}}
{"event":"correlation_span","name":"repository.schema","kind":"client","trace_id":"22f484f9a7dc61b0c145c5428ca42055","span_id":"30cb795919214717","status":"ok","duration_ms":0,"attributes":{"db.operation.name":"schema","db.system":"postgresql"}}
{"event":"correlation_span","name":"repository.query","kind":"client","trace_id":"0168f36d1c835d920bba3eef676891c3","span_id":"dc9552802ad719a6","status":"ok","duration_ms":0,"attributes":{"db.operation.name":"query","db.system":"postgresql"}}
{"event":"correlation_span","name":"repository.query","kind":"client","trace_id":"8fc2240acff6d457029d2a7cc3511be9","span_id":"a50640250ba1b0dd","status":"ok","duration_ms":0,"attributes":{"db.operation.name":"query","db.system":"postgresql"}}
{"event":"correlation_span","name":"repository.schema","kind":"client","trace_id":"eff20d61a56ff203865f7cf779ffd6fb","span_id":"87e15da57283dcc5","status":"ok","duration_ms":0,"attributes":{"db.operation.name":"schema","db.system":"postgresql"}}
{"event":"correlation_span","name":"repository.query","kind":"client","trace_id":"da7f9bd1bf65fe263f63aa96651ab3b5","span_id":"3ef3caf277511b91","status":"ok","duration_ms":0,"attributes":{"db.operation.name":"query","db.system":"postgresql"}}
{"event":"correlation_span","name":"repository.schema","kind":"client","trace_id":"4238474dd785978c7961595648fc5c12","span_id":"dbc94e2538c0416a","status":"ok","duration_ms":0,"attributes":{"db.operation.name":"schema","db.system":"postgresql"}}
{"event":"correlation_span","name":"repository.query","kind":"client","trace_id":"e9df911f0cbc7887994630e6ab4d4317","span_id":"5c16929220d6a056","status":"ok","duration_ms":0,"attributes":{"db.operation.name":"query","db.system":"postgresql"}}
{"event":"correlation_span","name":"repository.schema","kind":"client","trace_id":"17bffe3c271cd31e09bb9cb9d9f3ba3d","span_id":"28a0b3709d06a3f3","status":"ok","duration_ms":0,"attributes":{"db.operation.name":"schema","db.system":"postgresql"}}
{"event":"correlation_span","name":"repository.query","kind":"client","trace_id":"e50fc6d43354f5fcfb67ab6c33319e1c","span_id":"4c24772067c074bd","status":"ok","duration_ms":0,"attributes":{"db.operation.name":"query","db.system":"postgresql"}}
{"event":"correlation_span","name":"repository.query","kind":"client","trace_id":"b9bd176b3115d29ba7720edaf6019645","span_id":"52ec6e4d4266db73","parent_span_id":"0b12d8aa55796a8d","status":"ok","duration_ms":0,"attributes":{"db.operation.name":"query","db.system":"postgresql"}}
{"event":"correlation_span","name":"repository.query","kind":"client","trace_id":"b9bd176b3115d29ba7720edaf6019645","span_id":"06dd0f0597428a3c","parent_span_id":"0b12d8aa55796a8d","status":"ok","duration_ms":0,"attributes":{"db.operation.name":"query","db.system":"postgresql"}}
{"correlation_id":"pid_ecaba514-7a90-4988-8398-f8e724ab20e9","duration_ms":53,"event":"http_request","method":"POST","route":"/api/v1/security-agents/:resource","severity":"INFO","span_id":"0b12d8aa55796a8d","status":202,"timestamp":"2026-10-06T02:07:07.831482642Z","trace_id":"b9bd176b3115d29ba7720edaf6019645"}
{"correlation_id":"pid_ecaba514-7a90-4988-8398-f8e724ab20e9","event":"audit_outcome","operation":"POST /api/v1/security-agents/:resource","outcome":"succeeded","severity":"INFO","timestamp":"2026-10-06T02:07:07.831618687Z","trace_id":"b9bd176b3115d29ba7720edaf6019645"}
{"event":"correlation_span","name":"http.request","kind":"server","trace_id":"b9bd176b3115d29ba7720edaf6019645","span_id":"0b12d8aa55796a8d","parent_span_id":"ac37451998486986","status":"ok","duration_ms":54,"attributes":{"http.request.method":"POST","http.response.status_code":"202","http.route":"/api/v1/security-agents/:resource"}}
{"event":"correlation_span","name":"repository.query","kind":"client","trace_id":"a11185b0e03a2bc1666710022fb57471","span_id":"3da6eb3ba5067627","parent_span_id":"d986b3fa7a2364e6","status":"ok","duration_ms":0,"attributes":{"db.operation.name":"query","db.system":"postgresql"}}
{"event":"correlation_span","name":"repository.query","kind":"client","trace_id":"a11185b0e03a2bc1666710022fb57471","span_id":"eeadfc8ae9b5034f","parent_span_id":"d986b3fa7a2364e6","status":"ok","duration_ms":0,"attributes":{"db.operation.name":"query","db.system":"postgresql"}}
{"correlation_id":"pid_bc00c240-ceea-4654-b9c6-b4fe3fd25b42","duration_ms":47,"event":"http_request","method":"POST","route":"/api/v1/security-agents/:resource","severity":"INFO","span_id":"d986b3fa7a2364e6","status":503,"timestamp":"2026-10-06T02:07:07.879658991Z","trace_id":"a11185b0e03a2bc1666710022fb57471"}
{"correlation_id":"pid_bc00c240-ceea-4654-b9c6-b4fe3fd25b42","event":"audit_outcome","operation":"POST /api/v1/security-agents/:resource","outcome":"rejected","severity":"INFO","timestamp":"2026-10-06T02:07:07.879733072Z","trace_id":"a11185b0e03a2bc1666710022fb57471"}
{"event":"correlation_span","name":"http.request","kind":"server","trace_id":"a11185b0e03a2bc1666710022fb57471","span_id":"d986b3fa7a2364e6","parent_span_id":"861a5319cfb1fb90","status":"error","duration_ms":47,"attributes":{"http.request.method":"POST","http.response.status_code":"503","http.route":"/api/v1/security-agents/:resource"}}
=== RUN   TestTemporalHumanMountedProductionComposition/ordered=true
{"event":"correlation_span","name":"repository.query","kind":"client","trace_id":"647866fa0de73d7fd13cc21f0c48be0b","span_id":"a4f959fde708cb89","status":"ok","duration_ms":0,"attributes":{"db.operation.name":"query","db.system":"postgresql"}}
{"event":"correlation_span","name":"repository.query","kind":"client","trace_id":"31d1d37280ef70b8818844b11b774aa9","span_id":"9e874438e92925a6","status":"ok","duration_ms":0,"attributes":{"db.operation.name":"query","db.system":"postgresql"}}
{"event":"correlation_span","name":"repository.schema","kind":"client","trace_id":"b4f7265c3f2451ed7f0ccc03c7e426d6","span_id":"252021d7acc985b4","status":"ok","duration_ms":0,"attributes":{"db.operation.name":"schema","db.system":"postgresql"}}
{"event":"correlation_span","name":"repository.schema","kind":"client","trace_id":"9304e60ff9fd329c273c726721639a46","span_id":"177ac7485cecad96","status":"ok","duration_ms":0,"attributes":{"db.operation.name":"schema","db.system":"postgresql"}}
{"event":"correlation_span","name":"repository.query","kind":"client","trace_id":"921d939b876ad43fa4726cdd6a2dddf8","span_id":"861cc118cc635588","status":"ok","duration_ms":0,"attributes":{"db.operation.name":"query","db.system":"postgresql"}}
{"event":"correlation_span","name":"repository.query","kind":"client","trace_id":"d44404950cb924dad537ca36e2cab319","span_id":"ec2dfc3c02ec2717","status":"ok","duration_ms":0,"attributes":{"db.operation.name":"query","db.system":"postgresql"}}
{"event":"correlation_span","name":"repository.schema","kind":"client","trace_id":"7aa601e6f9721869c02a9a7ef14e4991","span_id":"394dfffe8e2b961f","status":"ok","duration_ms":0,"attributes":{"db.operation.name":"schema","db.system":"postgresql"}}
{"event":"correlation_span","name":"repository.schema","kind":"client","trace_id":"d0dec9710c723d757654dea9a2802542","span_id":"f35be28dda742aa6","status":"ok","duration_ms":0,"attributes":{"db.operation.name":"schema","db.system":"postgresql"}}
{"event":"correlation_span","name":"repository.query","kind":"client","trace_id":"81508245ebb7b26dfd496626110b845e","span_id":"fcee31063f114543","status":"ok","duration_ms":0,"attributes":{"db.operation.name":"query","db.system":"postgresql"}}
{"event":"correlation_span","name":"repository.schema","kind":"client","trace_id":"0180da85c080635c9c8a2f6f8abfa055","span_id":"eac14f675cacbcf0","status":"ok","duration_ms":0,"attributes":{"db.operation.name":"schema","db.system":"postgresql"}}
{"event":"correlation_span","name":"repository.query","kind":"client","trace_id":"e7efdbcc4eff86b16dc1d600f741fd70","span_id":"1902bf6c2830aec0","status":"ok","duration_ms":0,"attributes":{"db.operation.name":"query","db.system":"postgresql"}}
{"event":"correlation_span","name":"repository.query","kind":"client","trace_id":"e02133fc30232509dc88bccb17a32c4f","span_id":"b1e9ed0dc923a4cd","status":"ok","duration_ms":0,"attributes":{"db.operation.name":"query","db.system":"postgresql"}}
{"event":"correlation_span","name":"repository.schema","kind":"client","trace_id":"1a6176b60119bae0dfb897df67020862","span_id":"b7f9c9b9ad4336dc","status":"ok","duration_ms":0,"attributes":{"db.operation.name":"schema","db.system":"postgresql"}}
{"event":"correlation_span","name":"repository.query","kind":"client","trace_id":"e12a2f728b65a32175bbfe214525d53a","span_id":"d5f79a4e4f32c278","status":"ok","duration_ms":0,"attributes":{"db.operation.name":"query","db.system":"postgresql"}}
{"event":"correlation_span","name":"repository.ordered_http_release","kind":"client","trace_id":"92636b0477e907b0e5d0badb262289cb","span_id":"bdb96bb4a36edb76","status":"ok","duration_ms":0,"attributes":{"db.operation.name":"deployment_ready","db.system":"postgresql"}}
{"event":"correlation_span","name":"repository.schema","kind":"client","trace_id":"d2c340b346e803c8120d99e2f3288fb1","span_id":"84677cb17931af87","status":"ok","duration_ms":0,"attributes":{"db.operation.name":"schema","db.system":"postgresql"}}
{"event":"correlation_span","name":"repository.query","kind":"client","trace_id":"048f5be66cf0647d67b4a1bf627334d1","span_id":"21df694f0a0911d2","status":"ok","duration_ms":0,"attributes":{"db.operation.name":"query","db.system":"postgresql"}}
{"event":"correlation_span","name":"repository.schema","kind":"client","trace_id":"9cf4ce47223a498e01e619815a66dcbc","span_id":"e1360681cdb6702e","status":"ok","duration_ms":0,"attributes":{"db.operation.name":"schema","db.system":"postgresql"}}
{"event":"correlation_span","name":"repository.query","kind":"client","trace_id":"a26f0fc1cbb07544d316ebcd220cadda","span_id":"9775597eebb9dbcd","status":"ok","duration_ms":0,"attributes":{"db.operation.name":"query","db.system":"postgresql"}}
{"event":"correlation_span","name":"repository.query","kind":"client","trace_id":"bfa68e2763e0b46a591b09db781dd956","span_id":"68ebbc94d4a0c670","parent_span_id":"967176c8ade38a87","status":"ok","duration_ms":0,"attributes":{"db.operation.name":"query","db.system":"postgresql"}}
{"event":"correlation_span","name":"repository.query","kind":"client","trace_id":"bfa68e2763e0b46a591b09db781dd956","span_id":"252bbd7eff7c02c5","parent_span_id":"967176c8ade38a87","status":"ok","duration_ms":0,"attributes":{"db.operation.name":"query","db.system":"postgresql"}}
{"event":"correlation_span","name":"repository.query","kind":"client","trace_id":"bfa68e2763e0b46a591b09db781dd956","span_id":"92d0b443c6ddc73d","parent_span_id":"967176c8ade38a87","status":"ok","duration_ms":0,"attributes":{"db.operation.name":"query","db.system":"postgresql"}}
{"correlation_id":"pid_5c998617-17a7-4036-b9eb-caa8f956c2dd","duration_ms":53,"event":"http_request","method":"POST","route":"/api/v1/security-agents/:resource","severity":"INFO","span_id":"967176c8ade38a87","status":202,"timestamp":"2026-10-06T02:07:07.94296841Z","trace_id":"bfa68e2763e0b46a591b09db781dd956"}
{"correlation_id":"pid_5c998617-17a7-4036-b9eb-caa8f956c2dd","event":"audit_outcome","operation":"POST /api/v1/security-agents/:resource","outcome":"succeeded","severity":"INFO","timestamp":"2026-10-06T02:07:07.943047219Z","trace_id":"bfa68e2763e0b46a591b09db781dd956"}
{"event":"correlation_span","name":"http.request","kind":"server","trace_id":"bfa68e2763e0b46a591b09db781dd956","span_id":"967176c8ade38a87","parent_span_id":"cef4b30fe5005666","status":"ok","duration_ms":53,"attributes":{"http.request.method":"POST","http.response.status_code":"202","http.route":"/api/v1/security-agents/:resource"}}
{"event":"correlation_span","name":"repository.query","kind":"client","trace_id":"1e1d2a974ebb12208c5f1827c9097d72","span_id":"8a2bda5b48113bba","parent_span_id":"8ffaabdbcab9b0da","status":"ok","duration_ms":0,"attributes":{"db.operation.name":"query","db.system":"postgresql"}}
{"event":"correlation_span","name":"repository.query","kind":"client","trace_id":"1e1d2a974ebb12208c5f1827c9097d72","span_id":"efc94f1b0bbd63b5","parent_span_id":"8ffaabdbcab9b0da","status":"ok","duration_ms":0,"attributes":{"db.operation.name":"query","db.system":"postgresql"}}
{"correlation_id":"pid_a673dd80-3c95-4f1e-be96-b0b061947cb5","duration_ms":0,"event":"http_request","method":"POST","route":"/api/v1/security-agents/:resource","severity":"INFO","span_id":"8ffaabdbcab9b0da","status":503,"timestamp":"2026-10-06T02:07:07.943521302Z","trace_id":"1e1d2a974ebb12208c5f1827c9097d72"}
{"correlation_id":"pid_a673dd80-3c95-4f1e-be96-b0b061947cb5","event":"audit_outcome","operation":"POST /api/v1/security-agents/:resource","outcome":"rejected","severity":"INFO","timestamp":"2026-10-06T02:07:07.943563726Z","trace_id":"1e1d2a974ebb12208c5f1827c9097d72"}
{"event":"correlation_span","name":"http.request","kind":"server","trace_id":"1e1d2a974ebb12208c5f1827c9097d72","span_id":"8ffaabdbcab9b0da","parent_span_id":"414304f380685d68","status":"error","duration_ms":0,"attributes":{"http.request.method":"POST","http.response.status_code":"503","http.route":"/api/v1/security-agents/:resource"}}
--- PASS: TestTemporalHumanMountedProductionComposition (0.17s)
    --- PASS: TestTemporalHumanMountedProductionComposition/ordered=false (0.11s)
    --- PASS: TestTemporalHumanMountedProductionComposition/ordered=true (0.06s)
=== RUN   TestTemporalHumanTracingCapability
--- PASS: TestTemporalHumanTracingCapability (0.00s)
=== RUN   TestTemporalLifecycleRuntimePublicRepository
=== RUN   TestTemporalLifecycleRuntimePublicRepository/cancel/handled
=== RUN   TestTemporalLifecycleRuntimePublicRepository/cancel/unhandled
=== RUN   TestTemporalLifecycleRuntimePublicRepository/cancel/no-interface
=== RUN   TestTemporalLifecycleRuntimePublicRepository/cancel/error-handled
=== RUN   TestTemporalLifecycleRuntimePublicRepository/cancel/error-unhandled
=== RUN   TestTemporalLifecycleRuntimePublicRepository/read/handled
=== RUN   TestTemporalLifecycleRuntimePublicRepository/read/unhandled
=== RUN   TestTemporalLifecycleRuntimePublicRepository/read/no-interface
=== RUN   TestTemporalLifecycleRuntimePublicRepository/read/error-handled
=== RUN   TestTemporalLifecycleRuntimePublicRepository/read/error-unhandled
=== RUN   TestTemporalLifecycleRuntimePublicRepository/decide/handled
=== RUN   TestTemporalLifecycleRuntimePublicRepository/decide/unhandled
=== RUN   TestTemporalLifecycleRuntimePublicRepository/decide/no-interface
=== RUN   TestTemporalLifecycleRuntimePublicRepository/decide/error-handled
=== RUN   TestTemporalLifecycleRuntimePublicRepository/decide/error-unhandled
=== RUN   TestTemporalLifecycleRuntimePublicRepository/page/handled
=== RUN   TestTemporalLifecycleRuntimePublicRepository/page/unhandled
=== RUN   TestTemporalLifecycleRuntimePublicRepository/page/no-interface
=== RUN   TestTemporalLifecycleRuntimePublicRepository/page/error-handled
=== RUN   TestTemporalLifecycleRuntimePublicRepository/page/error-unhandled
--- PASS: TestTemporalLifecycleRuntimePublicRepository (0.04s)
    --- PASS: TestTemporalLifecycleRuntimePublicRepository/cancel/handled (0.00s)
    --- PASS: TestTemporalLifecycleRuntimePublicRepository/cancel/unhandled (0.00s)
    --- PASS: TestTemporalLifecycleRuntimePublicRepository/cancel/no-interface (0.00s)
    --- PASS: TestTemporalLifecycleRuntimePublicRepository/cancel/error-handled (0.00s)
    --- PASS: TestTemporalLifecycleRuntimePublicRepository/cancel/error-unhandled (0.00s)
    --- PASS: TestTemporalLifecycleRuntimePublicRepository/read/handled (0.00s)
    --- PASS: TestTemporalLifecycleRuntimePublicRepository/read/unhandled (0.00s)
    --- PASS: TestTemporalLifecycleRuntimePublicRepository/read/no-interface (0.00s)
    --- PASS: TestTemporalLifecycleRuntimePublicRepository/read/error-handled (0.00s)
    --- PASS: TestTemporalLifecycleRuntimePublicRepository/read/error-unhandled (0.00s)
    --- PASS: TestTemporalLifecycleRuntimePublicRepository/decide/handled (0.00s)
    --- PASS: TestTemporalLifecycleRuntimePublicRepository/decide/unhandled (0.00s)
    --- PASS: TestTemporalLifecycleRuntimePublicRepository/decide/no-interface (0.00s)
    --- PASS: TestTemporalLifecycleRuntimePublicRepository/decide/error-handled (0.00s)
    --- PASS: TestTemporalLifecycleRuntimePublicRepository/decide/error-unhandled (0.00s)
    --- PASS: TestTemporalLifecycleRuntimePublicRepository/page/handled (0.00s)
    --- PASS: TestTemporalLifecycleRuntimePublicRepository/page/unhandled (0.00s)
    --- PASS: TestTemporalLifecycleRuntimePublicRepository/page/no-interface (0.00s)
    --- PASS: TestTemporalLifecycleRuntimePublicRepository/page/error-handled (0.00s)
    --- PASS: TestTemporalLifecycleRuntimePublicRepository/page/error-unhandled (0.00s)
=== RUN   TestTemporalLifecycleRuntimeForwardingContract
=== RUN   TestTemporalLifecycleRuntimeForwardingContract/nil_wrapper
=== RUN   TestTemporalLifecycleRuntimeForwardingContract/nil_next
=== RUN   TestTemporalLifecycleRuntimeForwardingContract/typed_nil
=== RUN   TestTemporalLifecycleRuntimeForwardingContract/nil_context
=== RUN   TestTemporalLifecycleRuntimeForwardingContract/cancelled
--- PASS: TestTemporalLifecycleRuntimeForwardingContract (0.00s)
    --- PASS: TestTemporalLifecycleRuntimeForwardingContract/nil_wrapper (0.00s)
    --- PASS: TestTemporalLifecycleRuntimeForwardingContract/nil_next (0.00s)
    --- PASS: TestTemporalLifecycleRuntimeForwardingContract/typed_nil (0.00s)
    --- PASS: TestTemporalLifecycleRuntimeForwardingContract/nil_context (0.00s)
    --- PASS: TestTemporalLifecycleRuntimeForwardingContract/cancelled (0.00s)
=== CONT  TestRunPrintsExactBuildVersion
=== CONT  TestServeProcessExposesExactHealthEndpoints
=== RUN   TestRunPrintsExactBuildVersion/dev
=== CONT  TestRunRejectsInvalidBuildVersionWithoutOutput
=== CONT  TestRunRejectsNilWriter
=== PAUSE TestRunPrintsExactBuildVersion/dev
=== RUN   TestRunRejectsInvalidBuildVersionWithoutOutput/#00
--- PASS: TestRunRejectsNilWriter (0.00s)
=== RUN   TestRunPrintsExactBuildVersion/0.1.0-test.1
=== PAUSE TestRunRejectsInvalidBuildVersionWithoutOutput/#00
=== CONT  TestRunReturnsWriterFailure
=== PAUSE TestRunPrintsExactBuildVersion/0.1.0-test.1
=== CONT  TestServeProcessFailsBeforeOrClosesListener
=== RUN   TestRunPrintsExactBuildVersion/A_b+c.d-9
--- PASS: TestRunReturnsWriterFailure (0.00s)
=== RUN   TestRunRejectsInvalidBuildVersionWithoutOutput/.1.0.0
=== PAUSE TestRunRejectsInvalidBuildVersionWithoutOutput/.1.0.0
=== RUN   TestRunRejectsInvalidBuildVersionWithoutOutput/-dev
=== RUN   TestServeProcessFailsBeforeOrClosesListener/invalid_before_listen
=== PAUSE TestRunRejectsInvalidBuildVersionWithoutOutput/-dev
=== RUN   TestRunRejectsInvalidBuildVersionWithoutOutput/_dev
=== PAUSE TestRunRejectsInvalidBuildVersionWithoutOutput/_dev
=== PAUSE TestRunPrintsExactBuildVersion/A_b+c.d-9
=== RUN   TestRunRejectsInvalidBuildVersionWithoutOutput/dev_
=== RUN   TestServeProcessFailsBeforeOrClosesListener/canceled_before_listen
=== RUN   TestRunPrintsExactBuildVersion/aaaaaaaaaaaaaaaaaaaaaaaaaaaaaaaaaaaaaaaaaaaaaaaaaaaaaaaaaaaaaaaa
=== PAUSE TestRunRejectsInvalidBuildVersionWithoutOutput/dev_
=== RUN   TestServeProcessFailsBeforeOrClosesListener/listen_failure
=== PAUSE TestRunPrintsExactBuildVersion/aaaaaaaaaaaaaaaaaaaaaaaaaaaaaaaaaaaaaaaaaaaaaaaaaaaaaaaaaaaaaaaa
=== RUN   TestRunRejectsInvalidBuildVersionWithoutOutput/dev_build
=== PAUSE TestRunRejectsInvalidBuildVersionWithoutOutput/dev_build
=== RUN   TestRunRejectsInvalidBuildVersionWithoutOutput/dev_next
=== CONT  TestDefaultBuildVersion
=== PAUSE TestRunRejectsInvalidBuildVersionWithoutOutput/dev_next
=== RUN   TestRunRejectsInvalidBuildVersionWithoutOutput/dev_next#01
=== CONT  TestRunPrintsExactBuildVersion/dev
=== PAUSE TestRunRejectsInvalidBuildVersionWithoutOutput/dev_next#01
=== RUN   TestRunRejectsInvalidBuildVersionWithoutOutput/dev/path
=== PAUSE TestRunRejectsInvalidBuildVersionWithoutOutput/dev/path
=== RUN   TestServeProcessFailsBeforeOrClosesListener/listen_failure_closes_returned_candidate
=== RUN   TestRunRejectsInvalidBuildVersionWithoutOutput/dévelop
=== PAUSE TestRunRejectsInvalidBuildVersionWithoutOutput/dévelop
=== CONT  TestRunPrintsExactBuildVersion/aaaaaaaaaaaaaaaaaaaaaaaaaaaaaaaaaaaaaaaaaaaaaaaaaaaaaaaaaaaaaaaa
=== CONT  TestRunPrintsExactBuildVersion/0.1.0-test.1
--- PASS: TestDefaultBuildVersion (0.00s)
=== RUN   TestRunRejectsInvalidBuildVersionWithoutOutput/dev\x00next
=== PAUSE TestRunRejectsInvalidBuildVersionWithoutOutput/dev\x00next
=== RUN   TestServeProcessFailsBeforeOrClosesListener/cleanup_failure_wins_listen_failure
=== RUN   TestRunRejectsInvalidBuildVersionWithoutOutput/aaaaaaaaaaaaaaaaaaaaaaaaaaaaaaaaaaaaaaaaaaaaaaaaaaaaaaaaaaaaaaaaa
=== PAUSE TestRunRejectsInvalidBuildVersionWithoutOutput/aaaaaaaaaaaaaaaaaaaaaaaaaaaaaaaaaaaaaaaaaaaaaaaaaaaaaaaaaaaaaaaaa
=== CONT  TestRunRejectsInvalidBuildVersionWithoutOutput/.1.0.0
=== RUN   TestServeProcessFailsBeforeOrClosesListener/writer_failure_closes_listener
=== CONT  TestRunPrintsExactBuildVersion/A_b+c.d-9
=== CONT  TestRunRejectsInvalidBuildVersionWithoutOutput/dev_build
=== RUN   TestServeProcessFailsBeforeOrClosesListener/writer_panic_closes_listener
=== CONT  TestRunRejectsInvalidBuildVersionWithoutOutput/aaaaaaaaaaaaaaaaaaaaaaaaaaaaaaaaaaaaaaaaaaaaaaaaaaaaaaaaaaaaaaaaa
=== CONT  TestRunRejectsInvalidBuildVersionWithoutOutput/dev\x00next
--- PASS: TestServeProcessFailsBeforeOrClosesListener (0.00s)
    --- PASS: TestServeProcessFailsBeforeOrClosesListener/invalid_before_listen (0.00s)
    --- PASS: TestServeProcessFailsBeforeOrClosesListener/canceled_before_listen (0.00s)
    --- PASS: TestServeProcessFailsBeforeOrClosesListener/listen_failure (0.00s)
    --- PASS: TestServeProcessFailsBeforeOrClosesListener/listen_failure_closes_returned_candidate (0.00s)
    --- PASS: TestServeProcessFailsBeforeOrClosesListener/cleanup_failure_wins_listen_failure (0.00s)
    --- PASS: TestServeProcessFailsBeforeOrClosesListener/writer_failure_closes_listener (0.00s)
    --- PASS: TestServeProcessFailsBeforeOrClosesListener/writer_panic_closes_listener (0.00s)
=== CONT  TestRunRejectsInvalidBuildVersionWithoutOutput/dev_next#01
=== CONT  TestRunRejectsInvalidBuildVersionWithoutOutput/dévelop
=== CONT  TestRunRejectsInvalidBuildVersionWithoutOutput/dev_next
=== CONT  TestRunRejectsInvalidBuildVersionWithoutOutput/-dev
=== CONT  TestRunRejectsInvalidBuildVersionWithoutOutput/dev/path
=== CONT  TestRunRejectsInvalidBuildVersionWithoutOutput/_dev
=== CONT  TestRunRejectsInvalidBuildVersionWithoutOutput/#00
=== CONT  TestRunRejectsInvalidBuildVersionWithoutOutput/dev_
--- PASS: TestRunRejectsInvalidBuildVersionWithoutOutput (0.00s)
    --- PASS: TestRunRejectsInvalidBuildVersionWithoutOutput/.1.0.0 (0.00s)
    --- PASS: TestRunRejectsInvalidBuildVersionWithoutOutput/dev_build (0.00s)
    --- PASS: TestRunRejectsInvalidBuildVersionWithoutOutput/aaaaaaaaaaaaaaaaaaaaaaaaaaaaaaaaaaaaaaaaaaaaaaaaaaaaaaaaaaaaaaaaa (0.00s)
    --- PASS: TestRunRejectsInvalidBuildVersionWithoutOutput/dev\x00next (0.00s)
    --- PASS: TestRunRejectsInvalidBuildVersionWithoutOutput/dev_next#01 (0.00s)
    --- PASS: TestRunRejectsInvalidBuildVersionWithoutOutput/dévelop (0.00s)
    --- PASS: TestRunRejectsInvalidBuildVersionWithoutOutput/dev_next (0.00s)
    --- PASS: TestRunRejectsInvalidBuildVersionWithoutOutput/-dev (0.00s)
    --- PASS: TestRunRejectsInvalidBuildVersionWithoutOutput/dev/path (0.00s)
    --- PASS: TestRunRejectsInvalidBuildVersionWithoutOutput/_dev (0.00s)
    --- PASS: TestRunRejectsInvalidBuildVersionWithoutOutput/#00 (0.00s)
    --- PASS: TestRunRejectsInvalidBuildVersionWithoutOutput/dev_ (0.00s)
--- PASS: TestRunPrintsExactBuildVersion (0.00s)
    --- PASS: TestRunPrintsExactBuildVersion/dev (0.00s)
    --- PASS: TestRunPrintsExactBuildVersion/aaaaaaaaaaaaaaaaaaaaaaaaaaaaaaaaaaaaaaaaaaaaaaaaaaaaaaaaaaaaaaaa (0.00s)
    --- PASS: TestRunPrintsExactBuildVersion/0.1.0-test.1 (0.00s)
    --- PASS: TestRunPrintsExactBuildVersion/A_b+c.d-9 (0.00s)
--- PASS: TestServeProcessExposesExactHealthEndpoints (0.00s)
=== RUN   TestAttackLabProductionDecoratorPreservesAdmission
--- PASS: TestAttackLabProductionDecoratorPreservesAdmission (0.00s)
=== RUN   TestAttackLabProductionDecoratorDefaultsCatalogOff
--- PASS: TestAttackLabProductionDecoratorDefaultsCatalogOff (0.00s)
=== RUN   TestAttackLabBrowserAPIProcess
    attack_lab_browser_process_test.go:20: owned browser fixture only
--- SKIP: TestAttackLabBrowserAPIProcess (0.00s)
=== RUN   TestAttackLabDeploymentRenderedAPIConfig
    attack_lab_deployment_config_test.go:15: owned rendered fixture required
--- SKIP: TestAttackLabDeploymentRenderedAPIConfig (0.00s)
=== RUN   TestAttackLabWorkflowConfigurationIsClosed
--- PASS: TestAttackLabWorkflowConfigurationIsClosed (0.00s)
=== RUN   TestAttackLabWorkflowReadinessSharesHealthyFlightWithoutCaching
--- PASS: TestAttackLabWorkflowReadinessSharesHealthyFlightWithoutCaching (0.01s)
=== RUN   TestAttackLabWorkflowReadinessRequiresEveryPrivateService
--- PASS: TestAttackLabWorkflowReadinessRequiresEveryPrivateService (0.03s)
=== RUN   TestAttackLabWorkflowReadinessBoundsRequests
--- PASS: TestAttackLabWorkflowReadinessBoundsRequests (0.10s)
=== RUN   TestAuditExportAWSClientsUseExplicitHistoricalAuthority
--- PASS: TestAuditExportAWSClientsUseExplicitHistoricalAuthority (0.00s)
=== RUN   TestAuditExportAWSClientsRejectInvalidConfiguration
=== RUN   TestAuditExportAWSClientsRejectInvalidConfiguration/disabled
=== RUN   TestAuditExportAWSClientsRejectInvalidConfiguration/role
=== RUN   TestAuditExportAWSClientsRejectInvalidConfiguration/key
=== RUN   TestAuditExportAWSClientsRejectInvalidConfiguration/region
=== RUN   TestAuditExportAWSClientsRejectInvalidConfiguration/late_region
=== RUN   TestAuditExportAWSClientsRejectInvalidConfiguration/timeout
--- PASS: TestAuditExportAWSClientsRejectInvalidConfiguration (0.01s)
    --- PASS: TestAuditExportAWSClientsRejectInvalidConfiguration/disabled (0.00s)
    --- PASS: TestAuditExportAWSClientsRejectInvalidConfiguration/role (0.00s)
    --- PASS: TestAuditExportAWSClientsRejectInvalidConfiguration/key (0.00s)
    --- PASS: TestAuditExportAWSClientsRejectInvalidConfiguration/region (0.00s)
    --- PASS: TestAuditExportAWSClientsRejectInvalidConfiguration/late_region (0.00s)
    --- PASS: TestAuditExportAWSClientsRejectInvalidConfiguration/timeout (0.00s)
=== RUN   TestAuditExportWebIdentitySessionIsClosed
--- PASS: TestAuditExportWebIdentitySessionIsClosed (0.00s)
=== RUN   TestAuditBrowserReaderUsesCachedWebIdentity
--- PASS: TestAuditBrowserReaderUsesCachedWebIdentity (0.03s)
=== RUN   TestAuditBrowserAPIProcess
    audit_export_browser_process_test.go:36: selected owned browser API not requested
--- SKIP: TestAuditBrowserAPIProcess (0.00s)
=== RUN   TestAuditBrowserAPIProcessRejectsForeignDatabase
--- PASS: TestAuditBrowserAPIProcessRejectsForeignDatabase (0.00s)
=== RUN   TestAuditExportRuntimeEnvironment
--- PASS: TestAuditExportRuntimeEnvironment (0.00s)
=== RUN   TestAuditExportRuntimeEnvironmentRejectsPartialOrInvalid
=== RUN   TestAuditExportRuntimeEnvironmentRejectsPartialOrInvalid/ZASP_AUDIT_EXPORT_POLICIES_JSONmissing
=== RUN   TestAuditExportRuntimeEnvironmentRejectsPartialOrInvalid/ZASP_AUDIT_EXPORT_POLICIES_JSONempty
=== RUN   TestAuditExportRuntimeEnvironmentRejectsPartialOrInvalid/ZASP_AUDIT_EXPORT_POLICIES_JSONonly-empty
=== RUN   TestAuditExportRuntimeEnvironmentRejectsPartialOrInvalid/ZASP_AUDIT_EXPORT_READER_ROLE_ARNmissing
=== RUN   TestAuditExportRuntimeEnvironmentRejectsPartialOrInvalid/ZASP_AUDIT_EXPORT_READER_ROLE_ARNempty
=== RUN   TestAuditExportRuntimeEnvironmentRejectsPartialOrInvalid/ZASP_AUDIT_EXPORT_READER_ROLE_ARNonly-empty
=== RUN   TestAuditExportRuntimeEnvironmentRejectsPartialOrInvalid/ZASP_AUDIT_EXPORT_WEB_IDENTITY_TOKEN_FILEmissing
=== RUN   TestAuditExportRuntimeEnvironmentRejectsPartialOrInvalid/ZASP_AUDIT_EXPORT_WEB_IDENTITY_TOKEN_FILEempty
=== RUN   TestAuditExportRuntimeEnvironmentRejectsPartialOrInvalid/ZASP_AUDIT_EXPORT_WEB_IDENTITY_TOKEN_FILEonly-empty
=== RUN   TestAuditExportRuntimeEnvironmentRejectsPartialOrInvalid/ZASP_AUDIT_EXPORT_CURSOR_SIGNING_KEYmissing
=== RUN   TestAuditExportRuntimeEnvironmentRejectsPartialOrInvalid/ZASP_AUDIT_EXPORT_CURSOR_SIGNING_KEYempty
=== RUN   TestAuditExportRuntimeEnvironmentRejectsPartialOrInvalid/ZASP_AUDIT_EXPORT_CURSOR_SIGNING_KEYonly-empty
--- PASS: TestAuditExportRuntimeEnvironmentRejectsPartialOrInvalid (0.02s)
    --- PASS: TestAuditExportRuntimeEnvironmentRejectsPartialOrInvalid/ZASP_AUDIT_EXPORT_POLICIES_JSONmissing (0.00s)
    --- PASS: TestAuditExportRuntimeEnvironmentRejectsPartialOrInvalid/ZASP_AUDIT_EXPORT_POLICIES_JSONempty (0.00s)
    --- PASS: TestAuditExportRuntimeEnvironmentRejectsPartialOrInvalid/ZASP_AUDIT_EXPORT_POLICIES_JSONonly-empty (0.00s)
    --- PASS: TestAuditExportRuntimeEnvironmentRejectsPartialOrInvalid/ZASP_AUDIT_EXPORT_READER_ROLE_ARNmissing (0.00s)
    --- PASS: TestAuditExportRuntimeEnvironmentRejectsPartialOrInvalid/ZASP_AUDIT_EXPORT_READER_ROLE_ARNempty (0.00s)
    --- PASS: TestAuditExportRuntimeEnvironmentRejectsPartialOrInvalid/ZASP_AUDIT_EXPORT_READER_ROLE_ARNonly-empty (0.00s)
    --- PASS: TestAuditExportRuntimeEnvironmentRejectsPartialOrInvalid/ZASP_AUDIT_EXPORT_WEB_IDENTITY_TOKEN_FILEmissing (0.00s)
    --- PASS: TestAuditExportRuntimeEnvironmentRejectsPartialOrInvalid/ZASP_AUDIT_EXPORT_WEB_IDENTITY_TOKEN_FILEempty (0.00s)
    --- PASS: TestAuditExportRuntimeEnvironmentRejectsPartialOrInvalid/ZASP_AUDIT_EXPORT_WEB_IDENTITY_TOKEN_FILEonly-empty (0.00s)
    --- PASS: TestAuditExportRuntimeEnvironmentRejectsPartialOrInvalid/ZASP_AUDIT_EXPORT_CURSOR_SIGNING_KEYmissing (0.00s)
    --- PASS: TestAuditExportRuntimeEnvironmentRejectsPartialOrInvalid/ZASP_AUDIT_EXPORT_CURSOR_SIGNING_KEYempty (0.00s)
    --- PASS: TestAuditExportRuntimeEnvironmentRejectsPartialOrInvalid/ZASP_AUDIT_EXPORT_CURSOR_SIGNING_KEYonly-empty (0.00s)
=== RUN   TestAuditExportRuntimeTypedConfigurationRevalidated
=== RUN   TestAuditExportRuntimeTypedConfigurationRevalidated/empty_policies
=== RUN   TestAuditExportRuntimeTypedConfigurationRevalidated/duplicate_policies
=== RUN   TestAuditExportRuntimeTypedConfigurationRevalidated/selector
=== RUN   TestAuditExportRuntimeTypedConfigurationRevalidated/bad_bucket
=== RUN   TestAuditExportRuntimeTypedConfigurationRevalidated/short_key
=== RUN   TestAuditExportRuntimeTypedConfigurationRevalidated/long_key
=== RUN   TestAuditExportRuntimeTypedConfigurationRevalidated/token_path
=== RUN   TestAuditExportRuntimeTypedConfigurationRevalidated/too_many_policies
=== RUN   TestAuditExportRuntimeTypedConfigurationRevalidated/zero_key
=== RUN   TestAuditExportRuntimeTypedConfigurationRevalidated/role
=== RUN   TestAuditExportRuntimeTypedConfigurationRevalidated/connector_role
--- PASS: TestAuditExportRuntimeTypedConfigurationRevalidated (0.02s)
    --- PASS: TestAuditExportRuntimeTypedConfigurationRevalidated/empty_policies (0.00s)
    --- PASS: TestAuditExportRuntimeTypedConfigurationRevalidated/duplicate_policies (0.00s)
    --- PASS: TestAuditExportRuntimeTypedConfigurationRevalidated/selector (0.00s)
    --- PASS: TestAuditExportRuntimeTypedConfigurationRevalidated/bad_bucket (0.00s)
    --- PASS: TestAuditExportRuntimeTypedConfigurationRevalidated/short_key (0.00s)
    --- PASS: TestAuditExportRuntimeTypedConfigurationRevalidated/long_key (0.00s)
    --- PASS: TestAuditExportRuntimeTypedConfigurationRevalidated/token_path (0.00s)
    --- PASS: TestAuditExportRuntimeTypedConfigurationRevalidated/too_many_policies (0.00s)
    --- PASS: TestAuditExportRuntimeTypedConfigurationRevalidated/zero_key (0.00s)
    --- PASS: TestAuditExportRuntimeTypedConfigurationRevalidated/role (0.00s)
    --- PASS: TestAuditExportRuntimeTypedConfigurationRevalidated/connector_role (0.00s)
=== RUN   TestAuditExportCredentialsRejectInvalidSTSResults
=== RUN   TestAuditExportCredentialsRejectInvalidSTSResults/empty-access
=== RUN   TestAuditExportCredentialsRejectInvalidSTSResults/empty-secret
=== RUN   TestAuditExportCredentialsRejectInvalidSTSResults/empty-session
=== RUN   TestAuditExportCredentialsRejectInvalidSTSResults/missing-expiry
=== RUN   TestAuditExportCredentialsRejectInvalidSTSResults/expired
=== RUN   TestAuditExportCredentialsRejectInvalidSTSResults/cancelled
=== RUN   TestAuditExportCredentialsRejectInvalidSTSResults/deadline
--- PASS: TestAuditExportCredentialsRejectInvalidSTSResults (0.01s)
    --- PASS: TestAuditExportCredentialsRejectInvalidSTSResults/empty-access (0.00s)
    --- PASS: TestAuditExportCredentialsRejectInvalidSTSResults/empty-secret (0.00s)
    --- PASS: TestAuditExportCredentialsRejectInvalidSTSResults/empty-session (0.00s)
    --- PASS: TestAuditExportCredentialsRejectInvalidSTSResults/missing-expiry (0.00s)
    --- PASS: TestAuditExportCredentialsRejectInvalidSTSResults/expired (0.00s)
    --- PASS: TestAuditExportCredentialsRejectInvalidSTSResults/cancelled (0.00s)
    --- PASS: TestAuditExportCredentialsRejectInvalidSTSResults/deadline (0.01s)
=== RUN   TestAuditExportCredentialsRejectInvalidTokenAuthority
=== RUN   TestAuditExportCredentialsRejectInvalidTokenAuthority/relative
=== RUN   TestAuditExportCredentialsRejectInvalidTokenAuthority/unclean
=== RUN   TestAuditExportCredentialsRejectInvalidTokenAuthority/overlong
=== RUN   TestAuditExportCredentialsRejectInvalidTokenAuthority/nul
=== RUN   TestAuditExportCredentialsRejectInvalidTokenAuthority/newline
=== RUN   TestAuditExportCredentialsRejectInvalidTokenAuthority/short
=== RUN   TestAuditExportCredentialsRejectInvalidTokenAuthority/oversize
=== RUN   TestAuditExportCredentialsRejectInvalidTokenAuthority/whitespace
=== RUN   TestAuditExportCredentialsRejectInvalidTokenAuthority/malformed
=== RUN   TestAuditExportCredentialsRejectInvalidTokenAuthority/missing
--- PASS: TestAuditExportCredentialsRejectInvalidTokenAuthority (0.00s)
    --- PASS: TestAuditExportCredentialsRejectInvalidTokenAuthority/relative (0.00s)
    --- PASS: TestAuditExportCredentialsRejectInvalidTokenAuthority/unclean (0.00s)
    --- PASS: TestAuditExportCredentialsRejectInvalidTokenAuthority/overlong (0.00s)
    --- PASS: TestAuditExportCredentialsRejectInvalidTokenAuthority/nul (0.00s)
    --- PASS: TestAuditExportCredentialsRejectInvalidTokenAuthority/newline (0.00s)
    --- PASS: TestAuditExportCredentialsRejectInvalidTokenAuthority/short (0.00s)
    --- PASS: TestAuditExportCredentialsRejectInvalidTokenAuthority/oversize (0.00s)
    --- PASS: TestAuditExportCredentialsRejectInvalidTokenAuthority/whitespace (0.00s)
    --- PASS: TestAuditExportCredentialsRejectInvalidTokenAuthority/malformed (0.00s)
    --- PASS: TestAuditExportCredentialsRejectInvalidTokenAuthority/missing (0.00s)
=== RUN   TestAuditExportCredentialExchangeSignsPinnedS3Reads
--- PASS: TestAuditExportCredentialExchangeSignsPinnedS3Reads (0.00s)
=== RUN   TestAuditExportFactoryRejectsInvalidAuthorityBeforeIO
=== RUN   TestAuditExportFactoryRejectsInvalidAuthorityBeforeIO/build/nil-context
=== RUN   TestAuditExportFactoryRejectsInvalidAuthorityBeforeIO/build/cancelled
=== RUN   TestAuditExportFactoryRejectsInvalidAuthorityBeforeIO/build/invalid-config
=== RUN   TestAuditExportFactoryRejectsInvalidAuthorityBeforeIO/build/nil-factory
=== RUN   TestAuditExportFactoryRejectsInvalidAuthorityBeforeIO/compose/nil-context
=== RUN   TestAuditExportFactoryRejectsInvalidAuthorityBeforeIO/compose/cancelled
=== RUN   TestAuditExportFactoryRejectsInvalidAuthorityBeforeIO/compose/invalid-config
=== RUN   TestAuditExportFactoryRejectsInvalidAuthorityBeforeIO/compose/nil-factory
--- PASS: TestAuditExportFactoryRejectsInvalidAuthorityBeforeIO (0.01s)
    --- PASS: TestAuditExportFactoryRejectsInvalidAuthorityBeforeIO/build/nil-context (0.00s)
    --- PASS: TestAuditExportFactoryRejectsInvalidAuthorityBeforeIO/build/cancelled (0.00s)
    --- PASS: TestAuditExportFactoryRejectsInvalidAuthorityBeforeIO/build/invalid-config (0.00s)
    --- PASS: TestAuditExportFactoryRejectsInvalidAuthorityBeforeIO/build/nil-factory (0.00s)
    --- PASS: TestAuditExportFactoryRejectsInvalidAuthorityBeforeIO/compose/nil-context (0.00s)
    --- PASS: TestAuditExportFactoryRejectsInvalidAuthorityBeforeIO/compose/cancelled (0.00s)
    --- PASS: TestAuditExportFactoryRejectsInvalidAuthorityBeforeIO/compose/invalid-config (0.00s)
    --- PASS: TestAuditExportFactoryRejectsInvalidAuthorityBeforeIO/compose/nil-factory (0.00s)
=== RUN   TestAuditExportFactoryBuildRejectsAuthorityBeforeDatabaseDial
=== RUN   TestAuditExportFactoryBuildRejectsAuthorityBeforeDatabaseDial/invalid-config
=== RUN   TestAuditExportFactoryBuildRejectsAuthorityBeforeDatabaseDial/nil-factory
--- PASS: TestAuditExportFactoryBuildRejectsAuthorityBeforeDatabaseDial (0.01s)
    --- PASS: TestAuditExportFactoryBuildRejectsAuthorityBeforeDatabaseDial/invalid-config (0.00s)
    --- PASS: TestAuditExportFactoryBuildRejectsAuthorityBeforeDatabaseDial/nil-factory (0.00s)
=== RUN   TestAuditExportFactoryFullCompositionCapability
{"event":"correlation_span","name":"repository.query","kind":"client","trace_id":"a09ca57270b38f8ec7c800a4e5585696","span_id":"d757481a2216353c","status":"ok","duration_ms":0,"attributes":{"db.operation.name":"query","db.system":"postgresql"}}
{"event":"correlation_span","name":"repository.query","kind":"client","trace_id":"6677fd5b7adff7b7d8a45424659cb933","span_id":"d9980de684f27fdc","status":"ok","duration_ms":0,"attributes":{"db.operation.name":"query","db.system":"postgresql"}}
{"event":"correlation_span","name":"repository.schema","kind":"client","trace_id":"ee1a166125800427268504ff144f8c4a","span_id":"e75d4637fee83bba","status":"ok","duration_ms":0,"attributes":{"db.operation.name":"schema","db.system":"postgresql"}}
{"event":"correlation_span","name":"repository.schema","kind":"client","trace_id":"23d47297773f98f501ed5493a0d625d3","span_id":"3c9ff7045733a25f","status":"ok","duration_ms":0,"attributes":{"db.operation.name":"schema","db.system":"postgresql"}}
{"event":"correlation_span","name":"repository.query","kind":"client","trace_id":"f18b34633fdc4df49cf40bb7b4b8fe9d","span_id":"e571f2caed22c329","status":"ok","duration_ms":0,"attributes":{"db.operation.name":"query","db.system":"postgresql"}}
{"event":"correlation_span","name":"repository.query","kind":"client","trace_id":"a149ac03e59d231c439cdefe559e343e","span_id":"e3c3c77a4585b392","status":"ok","duration_ms":0,"attributes":{"db.operation.name":"query","db.system":"postgresql"}}
{"event":"correlation_span","name":"repository.schema","kind":"client","trace_id":"b30dd5935a4c14dd1d9af1823bc63a27","span_id":"5d58ccac693b0ea1","status":"ok","duration_ms":0,"attributes":{"db.operation.name":"schema","db.system":"postgresql"}}
{"event":"correlation_span","name":"repository.schema","kind":"client","trace_id":"95a7296a5b69e30cf8971e761a32227d","span_id":"37f2f778a9176ac4","status":"ok","duration_ms":0,"attributes":{"db.operation.name":"schema","db.system":"postgresql"}}
{"event":"correlation_span","name":"repository.query","kind":"client","trace_id":"b993b846c443a4d8021a732c82359c61","span_id":"801ccf7c7c5d1438","status":"ok","duration_ms":0,"attributes":{"db.operation.name":"query","db.system":"postgresql"}}
{"event":"correlation_span","name":"repository.schema","kind":"client","trace_id":"429d8493efa6304471cb389987b7296b","span_id":"b7da4107cdd96093","status":"ok","duration_ms":0,"attributes":{"db.operation.name":"schema","db.system":"postgresql"}}
{"event":"correlation_span","name":"repository.query","kind":"client","trace_id":"2dc2f34e697b94cc2dfbd3eef4a5fb89","span_id":"057da13282de62ac","status":"ok","duration_ms":0,"attributes":{"db.operation.name":"query","db.system":"postgresql"}}
{"event":"correlation_span","name":"repository.query","kind":"client","trace_id":"e50afd696e7f0400ef97e4fde755308d","span_id":"b4d382088cebe390","status":"ok","duration_ms":0,"attributes":{"db.operation.name":"query","db.system":"postgresql"}}
{"event":"correlation_span","name":"repository.schema","kind":"client","trace_id":"1268c522a33b3f5482f13d4003df0f43","span_id":"ebdcdf8ba349e4ea","status":"ok","duration_ms":0,"attributes":{"db.operation.name":"schema","db.system":"postgresql"}}
{"event":"correlation_span","name":"repository.query","kind":"client","trace_id":"36a9883ec7822f878c8b86821310f58d","span_id":"4564f36bf1ed40ed","status":"ok","duration_ms":0,"attributes":{"db.operation.name":"query","db.system":"postgresql"}}
{"event":"correlation_span","name":"repository.schema","kind":"client","trace_id":"18e8d362ff4549c9446b8191ff2f41cc","span_id":"f630aae5b3ca9b91","status":"ok","duration_ms":0,"attributes":{"db.operation.name":"schema","db.system":"postgresql"}}
{"event":"correlation_span","name":"repository.query","kind":"client","trace_id":"92a02a925553bb7fe893512463fa6fff","span_id":"a521617690a95958","status":"ok","duration_ms":0,"attributes":{"db.operation.name":"query","db.system":"postgresql"}}
{"event":"correlation_span","name":"repository.schema","kind":"client","trace_id":"6a4c110cb7b1591d7122e32597052c10","span_id":"e65c90203a396dbe","status":"ok","duration_ms":0,"attributes":{"db.operation.name":"schema","db.system":"postgresql"}}
{"event":"correlation_span","name":"repository.query","kind":"client","trace_id":"28d897ba9dd16ef607d42b43abb26c96","span_id":"1966278a1d9aa1c2","status":"ok","duration_ms":0,"attributes":{"db.operation.name":"query","db.system":"postgresql"}}
{"event":"correlation_span","name":"repository.query","kind":"client","trace_id":"c7802d35fac31115b18bdf3b0b07fa28","span_id":"fd35cda0bb68f295","parent_span_id":"986337ceab776dfa","status":"ok","duration_ms":0,"attributes":{"db.operation.name":"query","db.system":"postgresql"}}
{"event":"correlation_span","name":"repository.query","kind":"client","trace_id":"c7802d35fac31115b18bdf3b0b07fa28","span_id":"8496faad92ed279b","parent_span_id":"986337ceab776dfa","status":"ok","duration_ms":0,"attributes":{"db.operation.name":"query","db.system":"postgresql"}}
{"correlation_id":"pid_47b08aab-1f18-4b48-86a2-c61bf8f38d10","duration_ms":0,"event":"http_request","method":"GET","route":"/api/v1/session/:resource","severity":"INFO","span_id":"986337ceab776dfa","status":200,"timestamp":"2026-10-06T02:07:08.2467728Z","trace_id":"c7802d35fac31115b18bdf3b0b07fa28"}
{"event":"correlation_span","name":"http.request","kind":"server","trace_id":"c7802d35fac31115b18bdf3b0b07fa28","span_id":"986337ceab776dfa","parent_span_id":"712363f0161ca0f4","status":"ok","duration_ms":0,"attributes":{"http.request.method":"GET","http.response.status_code":"200","http.route":"/api/v1/session/:resource"}}
{"event":"correlation_span","name":"repository.query","kind":"client","trace_id":"b9aebd41c2c171b21379b5346e9e6c9e","span_id":"15bd120908302b10","status":"ok","duration_ms":0,"attributes":{"db.operation.name":"query","db.system":"postgresql"}}
{"event":"correlation_span","name":"repository.query","kind":"client","trace_id":"3052087225fc19fbf43c00fe7d9fae3b","span_id":"8f82d9b8263b6b98","status":"ok","duration_ms":0,"attributes":{"db.operation.name":"query","db.system":"postgresql"}}
{"event":"correlation_span","name":"repository.schema","kind":"client","trace_id":"a41b0aba8bf41ea9b41087e7873e539b","span_id":"799afc66ae6baa57","status":"ok","duration_ms":0,"attributes":{"db.operation.name":"schema","db.system":"postgresql"}}
{"event":"correlation_span","name":"repository.schema","kind":"client","trace_id":"7846b9c2661abbb6e6fa71718504fd51","span_id":"8b463af10ad56fae","status":"ok","duration_ms":0,"attributes":{"db.operation.name":"schema","db.system":"postgresql"}}
{"event":"correlation_span","name":"repository.query","kind":"client","trace_id":"0c7bdd926a2eac08ab0eb613b611980b","span_id":"9d8362101d6c6c65","status":"ok","duration_ms":0,"attributes":{"db.operation.name":"query","db.system":"postgresql"}}
{"event":"correlation_span","name":"repository.query","kind":"client","trace_id":"f29d04275adfdc0f91b4445fbcc9b60b","span_id":"a35abc6e90e3d5ea","status":"ok","duration_ms":0,"attributes":{"db.operation.name":"query","db.system":"postgresql"}}
{"event":"correlation_span","name":"repository.schema","kind":"client","trace_id":"34208948c6c52eb101f6e9128dc0462d","span_id":"c47f31648a6622e7","status":"ok","duration_ms":0,"attributes":{"db.operation.name":"schema","db.system":"postgresql"}}
{"event":"correlation_span","name":"repository.schema","kind":"client","trace_id":"1fc81bb8dabc77f2c99cc6a31a904592","span_id":"f40c8f85928e44ef","status":"ok","duration_ms":0,"attributes":{"db.operation.name":"schema","db.system":"postgresql"}}
{"event":"correlation_span","name":"repository.query","kind":"client","trace_id":"0d5718fbe26ab19929998ce81fd83209","span_id":"63d32b41d427a2df","status":"ok","duration_ms":0,"attributes":{"db.operation.name":"query","db.system":"postgresql"}}
{"event":"correlation_span","name":"repository.schema","kind":"client","trace_id":"ad1d952372da2d1c00997410a865a415","span_id":"6d1f845e650154ba","status":"ok","duration_ms":0,"attributes":{"db.operation.name":"schema","db.system":"postgresql"}}
{"event":"correlation_span","name":"repository.query","kind":"client","trace_id":"fd07a2f8776b0e1d8068e7f44b23c08e","span_id":"869029539f76a982","status":"ok","duration_ms":0,"attributes":{"db.operation.name":"query","db.system":"postgresql"}}
{"event":"correlation_span","name":"repository.query","kind":"client","trace_id":"7d34eea0b49ec2a116de05b9b85210c6","span_id":"701c41935af7ee51","status":"ok","duration_ms":0,"attributes":{"db.operation.name":"query","db.system":"postgresql"}}
{"event":"correlation_span","name":"repository.schema","kind":"client","trace_id":"2ba2183f958757d98707da29ff37a773","span_id":"54d1f4ea786b14d5","status":"ok","duration_ms":0,"attributes":{"db.operation.name":"schema","db.system":"postgresql"}}
{"event":"correlation_span","name":"repository.query","kind":"client","trace_id":"aef484ebec1d753d13d197c19c0909c6","span_id":"40d3adf1f6b7708e","status":"ok","duration_ms":0,"attributes":{"db.operation.name":"query","db.system":"postgresql"}}
{"event":"correlation_span","name":"repository.schema","kind":"client","trace_id":"b7a32c6ea06c4ef721b86661470f7bee","span_id":"8d3bf1af8836e810","status":"ok","duration_ms":0,"attributes":{"db.operation.name":"schema","db.system":"postgresql"}}
{"event":"correlation_span","name":"repository.query","kind":"client","trace_id":"3165ccd5a32d268b1492953e1935fab2","span_id":"c7a8097606dd49f7","status":"ok","duration_ms":0,"attributes":{"db.operation.name":"query","db.system":"postgresql"}}
{"event":"correlation_span","name":"repository.schema","kind":"client","trace_id":"dc06dcb6d944014f303580cf2c7cb0f1","span_id":"85111327812f274e","status":"ok","duration_ms":0,"attributes":{"db.operation.name":"schema","db.system":"postgresql"}}
{"event":"correlation_span","name":"repository.query","kind":"client","trace_id":"9e98dc084746300c6d4282b0361d6386","span_id":"e5b22dc62421cfb8","status":"ok","duration_ms":0,"attributes":{"db.operation.name":"query","db.system":"postgresql"}}
{"event":"correlation_span","name":"repository.query","kind":"client","trace_id":"dbaa5af52b90b886967dba2896e4fb6b","span_id":"4582dedc904892ed","parent_span_id":"7fad82d0389ae256","status":"ok","duration_ms":0,"attributes":{"db.operation.name":"query","db.system":"postgresql"}}
{"event":"correlation_span","name":"repository.query","kind":"client","trace_id":"dbaa5af52b90b886967dba2896e4fb6b","span_id":"d1c6000caa21cf4b","parent_span_id":"7fad82d0389ae256","status":"ok","duration_ms":0,"attributes":{"db.operation.name":"query","db.system":"postgresql"}}
{"correlation_id":"pid_ab0b8a92-6c19-46f2-a60f-531e90ca73a1","duration_ms":0,"event":"http_request","method":"GET","route":"/api/v1/session/:resource","severity":"INFO","span_id":"7fad82d0389ae256","status":200,"timestamp":"2026-10-06T02:07:08.256095151Z","trace_id":"dbaa5af52b90b886967dba2896e4fb6b"}
{"event":"correlation_span","name":"http.request","kind":"server","trace_id":"dbaa5af52b90b886967dba2896e4fb6b","span_id":"7fad82d0389ae256","parent_span_id":"df9cac10b5e483cd","status":"ok","duration_ms":0,"attributes":{"http.request.method":"GET","http.response.status_code":"200","http.route":"/api/v1/session/:resource"}}
{"event":"correlation_span","name":"repository.query","kind":"client","trace_id":"20135a87720b13f12a78b9e9c433f79c","span_id":"cf6f01bbcf99a57d","status":"ok","duration_ms":0,"attributes":{"db.operation.name":"query","db.system":"postgresql"}}
{"event":"correlation_span","name":"repository.query","kind":"client","trace_id":"0089216570fdae68a3615e6d0929a88c","span_id":"67d05b71513ac476","status":"ok","duration_ms":0,"attributes":{"db.operation.name":"query","db.system":"postgresql"}}
{"event":"correlation_span","name":"repository.schema","kind":"client","trace_id":"6f22792d411fce267f0368d792a4f64f","span_id":"15bd25005aba0758","status":"ok","duration_ms":0,"attributes":{"db.operation.name":"schema","db.system":"postgresql"}}
{"event":"correlation_span","name":"repository.schema","kind":"client","trace_id":"089ab3bc359573263fcfa96e55a455b1","span_id":"b5de513f9b6d496f","status":"ok","duration_ms":0,"attributes":{"db.operation.name":"schema","db.system":"postgresql"}}
{"event":"correlation_span","name":"repository.query","kind":"client","trace_id":"a3e7f0091ffb6eebb003b3b9d7497a69","span_id":"fb773f2dd005c380","status":"ok","duration_ms":0,"attributes":{"db.operation.name":"query","db.system":"postgresql"}}
{"event":"correlation_span","name":"repository.query","kind":"client","trace_id":"6514f57e7067bf4f807689b4f6c08549","span_id":"ecabf5af9231db64","status":"ok","duration_ms":0,"attributes":{"db.operation.name":"query","db.system":"postgresql"}}
{"event":"correlation_span","name":"repository.schema","kind":"client","trace_id":"9089af1751d3c06713a0eb26125af5fb","span_id":"1a8526fa46dced92","status":"ok","duration_ms":0,"attributes":{"db.operation.name":"schema","db.system":"postgresql"}}
{"event":"correlation_span","name":"repository.schema","kind":"client","trace_id":"1d44e6517ff8e342686c38dca2ffc4e5","span_id":"f7af017f9f0dc7f3","status":"ok","duration_ms":0,"attributes":{"db.operation.name":"schema","db.system":"postgresql"}}
{"event":"correlation_span","name":"repository.query","kind":"client","trace_id":"cea0af530b29d8f0dd38b81a38515265","span_id":"27abfc802df5f801","status":"ok","duration_ms":0,"attributes":{"db.operation.name":"query","db.system":"postgresql"}}
{"event":"correlation_span","name":"repository.schema","kind":"client","trace_id":"da3319e59ed98d9320206590a09fcb95","span_id":"38e67a36b3c9d661","status":"ok","duration_ms":0,"attributes":{"db.operation.name":"schema","db.system":"postgresql"}}
{"event":"correlation_span","name":"repository.query","kind":"client","trace_id":"bebcdc375eeb05fb2a6ecbfb7a10b522","span_id":"0dc3711242d6350f","status":"ok","duration_ms":0,"attributes":{"db.operation.name":"query","db.system":"postgresql"}}
{"event":"correlation_span","name":"repository.query","kind":"client","trace_id":"c43953e615c0df9116d122073d33dd5a","span_id":"0fa37fdf5acd0454","status":"ok","duration_ms":0,"attributes":{"db.operation.name":"query","db.system":"postgresql"}}
{"event":"correlation_span","name":"repository.schema","kind":"client","trace_id":"97209d5218eaf9f3905ea03ddd45fcbf","span_id":"9975fac26b61fd2d","status":"ok","duration_ms":0,"attributes":{"db.operation.name":"schema","db.system":"postgresql"}}
{"event":"correlation_span","name":"repository.query","kind":"client","trace_id":"66c77ad8bd0bd9e33a7b8224f4f71648","span_id":"fd93fabfb8297a18","status":"ok","duration_ms":0,"attributes":{"db.operation.name":"query","db.system":"postgresql"}}
{"event":"correlation_span","name":"repository.query","kind":"client","trace_id":"91c74074a69ea100119d7a4a6af8cfc4","span_id":"7cdd1af9948376e1","status":"ok","duration_ms":0,"attributes":{"db.operation.name":"query","db.system":"postgresql"}}
{"event":"correlation_span","name":"repository.schema","kind":"client","trace_id":"020364625c861add1f15c38e2170ec1f","span_id":"bf35802080a1711d","status":"ok","duration_ms":0,"attributes":{"db.operation.name":"schema","db.system":"postgresql"}}
{"event":"correlation_span","name":"repository.query","kind":"client","trace_id":"5619014e1f0ecdd0b01e304f63e5bf33","span_id":"b0c2a20af584996a","status":"ok","duration_ms":0,"attributes":{"db.operation.name":"query","db.system":"postgresql"}}
{"event":"correlation_span","name":"repository.schema","kind":"client","trace_id":"69009eb7407f9cf2db83b85dcd572e15","span_id":"4dc1340380cfa718","status":"ok","duration_ms":0,"attributes":{"db.operation.name":"schema","db.system":"postgresql"}}
{"event":"correlation_span","name":"repository.query","kind":"client","trace_id":"05bfce9b3deee925a0cf5203a2147c0c","span_id":"100de5d6ce6d79b5","status":"ok","duration_ms":0,"attributes":{"db.operation.name":"query","db.system":"postgresql"}}
{"event":"correlation_span","name":"repository.schema","kind":"client","trace_id":"a30302ad8eccd26482080346b1948906","span_id":"fc94f7eff2e84731","status":"ok","duration_ms":0,"attributes":{"db.operation.name":"schema","db.system":"postgresql"}}
{"event":"correlation_span","name":"repository.query","kind":"client","trace_id":"6dabc0fb2c2a9b913e4a95a25132213c","span_id":"58660b45ffded860","status":"ok","duration_ms":0,"attributes":{"db.operation.name":"query","db.system":"postgresql"}}
{"event":"correlation_span","name":"repository.query","kind":"client","trace_id":"462721346693cabba2cdeab6a839e524","span_id":"2796e6ac53ddc483","parent_span_id":"6915f00eae1430d7","status":"ok","duration_ms":0,"attributes":{"db.operation.name":"query","db.system":"postgresql"}}
{"event":"correlation_span","name":"repository.query","kind":"client","trace_id":"462721346693cabba2cdeab6a839e524","span_id":"e057fc9404d4eb5c","parent_span_id":"6915f00eae1430d7","status":"ok","duration_ms":0,"attributes":{"db.operation.name":"query","db.system":"postgresql"}}
{"correlation_id":"pid_5356b48f-d58c-4c42-81a8-485a4422aff1","duration_ms":0,"event":"http_request","method":"GET","route":"/api/v1/session/:resource","severity":"INFO","span_id":"6915f00eae1430d7","status":200,"timestamp":"2026-10-06T02:07:08.282319195Z","trace_id":"462721346693cabba2cdeab6a839e524"}
{"event":"correlation_span","name":"http.request","kind":"server","trace_id":"462721346693cabba2cdeab6a839e524","span_id":"6915f00eae1430d7","parent_span_id":"d7cbbb98616a9e52","status":"ok","duration_ms":0,"attributes":{"http.request.method":"GET","http.response.status_code":"200","http.route":"/api/v1/session/:resource"}}
{"event":"correlation_span","name":"repository.query","kind":"client","trace_id":"cb49a740d75319a17651be459aa9d4e1","span_id":"3ae79b80de5e7233","status":"ok","duration_ms":0,"attributes":{"db.operation.name":"query","db.system":"postgresql"}}
{"event":"correlation_span","name":"repository.query","kind":"client","trace_id":"1f874b79016168f3fdedc0f0017ae86c","span_id":"f46cd27a4e37201f","status":"ok","duration_ms":0,"attributes":{"db.operation.name":"query","db.system":"postgresql"}}
{"event":"correlation_span","name":"repository.schema","kind":"client","trace_id":"4de4e4a3493cc61b66c261bb278513ce","span_id":"99a8b3aa74b98335","status":"ok","duration_ms":0,"attributes":{"db.operation.name":"schema","db.system":"postgresql"}}
{"event":"correlation_span","name":"repository.schema","kind":"client","trace_id":"59a357f0b8d0500ffd6828012cb42fbd","span_id":"edd661b736480610","status":"ok","duration_ms":0,"attributes":{"db.operation.name":"schema","db.system":"postgresql"}}
{"event":"correlation_span","name":"repository.query","kind":"client","trace_id":"10e97fb30a1bb1633bcceb60c9d15232","span_id":"7e570ee1800e3a30","status":"ok","duration_ms":0,"attributes":{"db.operation.name":"query","db.system":"postgresql"}}
{"event":"correlation_span","name":"repository.query","kind":"client","trace_id":"8e105d67ca454aaf783793da05055d15","span_id":"9a98e07ca43942c1","status":"ok","duration_ms":0,"attributes":{"db.operation.name":"query","db.system":"postgresql"}}
{"event":"correlation_span","name":"repository.schema","kind":"client","trace_id":"3094ce726b0f86bb0f39aba82cadaa74","span_id":"a3b9e420e37d5b0f","status":"ok","duration_ms":0,"attributes":{"db.operation.name":"schema","db.system":"postgresql"}}
{"event":"correlation_span","name":"repository.schema","kind":"client","trace_id":"671a1910c49c77ff395a8e906372dd05","span_id":"10e661ccb02cf3ac","status":"ok","duration_ms":0,"attributes":{"db.operation.name":"schema","db.system":"postgresql"}}
{"event":"correlation_span","name":"repository.query","kind":"client","trace_id":"23a69ae987730a223adc5674ed598c06","span_id":"01188c83613091b4","status":"ok","duration_ms":0,"attributes":{"db.operation.name":"query","db.system":"postgresql"}}
{"event":"correlation_span","name":"repository.schema","kind":"client","trace_id":"fed5d72119c97e9cefd7497e9c332615","span_id":"3ec6e0ffaf22809f","status":"ok","duration_ms":0,"attributes":{"db.operation.name":"schema","db.system":"postgresql"}}
{"event":"correlation_span","name":"repository.query","kind":"client","trace_id":"f04a01616365ba6098d8d1ffa318d4b2","span_id":"af2b62b9454ab9f8","status":"ok","duration_ms":0,"attributes":{"db.operation.name":"query","db.system":"postgresql"}}
{"event":"correlation_span","name":"repository.query","kind":"client","trace_id":"ae6cb6b67ac3b08ceb4001b2c12c5db1","span_id":"dbbb5c43fe3ce962","status":"ok","duration_ms":0,"attributes":{"db.operation.name":"query","db.system":"postgresql"}}
{"event":"correlation_span","name":"repository.schema","kind":"client","trace_id":"497a1b074155f2fef75d10e535f4a155","span_id":"baa89febdea2f5e8","status":"ok","duration_ms":0,"attributes":{"db.operation.name":"schema","db.system":"postgresql"}}
{"event":"correlation_span","name":"repository.query","kind":"client","trace_id":"14f77020e5c882817ee9de8c507fb2ea","span_id":"58edde516f46974e","status":"ok","duration_ms":0,"attributes":{"db.operation.name":"query","db.system":"postgresql"}}
{"event":"correlation_span","name":"repository.query","kind":"client","trace_id":"2e938ae37de5783215aec97b52144e00","span_id":"6b74f7363fcc1421","status":"ok","duration_ms":0,"attributes":{"db.operation.name":"query","db.system":"postgresql"}}
{"event":"correlation_span","name":"repository.schema","kind":"client","trace_id":"44c146186005a72f913a0a793cb522bd","span_id":"542e2f1073143973","status":"ok","duration_ms":0,"attributes":{"db.operation.name":"schema","db.system":"postgresql"}}
{"event":"correlation_span","name":"repository.query","kind":"client","trace_id":"c23dcd7f49ace945a45ab658a72f3c13","span_id":"e78e4b4ff0f01d49","status":"ok","duration_ms":0,"attributes":{"db.operation.name":"query","db.system":"postgresql"}}
{"event":"correlation_span","name":"repository.schema","kind":"client","trace_id":"c8a0f240f725678daab374db927ab307","span_id":"4a8e1d2d9cfe196e","status":"ok","duration_ms":0,"attributes":{"db.operation.name":"schema","db.system":"postgresql"}}
{"event":"correlation_span","name":"repository.query","kind":"client","trace_id":"63b5cb0e15cad0c9e3b6db780efedc1d","span_id":"1d8417806eaa05d1","status":"ok","duration_ms":0,"attributes":{"db.operation.name":"query","db.system":"postgresql"}}
{"event":"correlation_span","name":"repository.schema","kind":"client","trace_id":"cb18eaef65a3102c0a2eefa40a835780","span_id":"536f71fcce68303c","status":"ok","duration_ms":0,"attributes":{"db.operation.name":"schema","db.system":"postgresql"}}
{"event":"correlation_span","name":"repository.query","kind":"client","trace_id":"910d7b9e1391e7ad7116bd412372d0f8","span_id":"b263d48593ce8417","status":"ok","duration_ms":0,"attributes":{"db.operation.name":"query","db.system":"postgresql"}}
{"event":"correlation_span","name":"repository.query","kind":"client","trace_id":"97e98a228f3ea8a497bc3abd4f31d08f","span_id":"7b8a40a80582b9cd","parent_span_id":"b477b041e32a7935","status":"ok","duration_ms":0,"attributes":{"db.operation.name":"query","db.system":"postgresql"}}
{"event":"correlation_span","name":"repository.query","kind":"client","trace_id":"97e98a228f3ea8a497bc3abd4f31d08f","span_id":"731e17cd564899a2","parent_span_id":"b477b041e32a7935","status":"ok","duration_ms":0,"attributes":{"db.operation.name":"query","db.system":"postgresql"}}
{"correlation_id":"pid_fea2b091-9ac2-48f4-b21b-c050b9ff6ced","duration_ms":0,"event":"http_request","method":"GET","route":"/api/v1/session/:resource","severity":"INFO","span_id":"b477b041e32a7935","status":200,"timestamp":"2026-10-06T02:07:08.309867987Z","trace_id":"97e98a228f3ea8a497bc3abd4f31d08f"}
{"event":"correlation_span","name":"http.request","kind":"server","trace_id":"97e98a228f3ea8a497bc3abd4f31d08f","span_id":"b477b041e32a7935","parent_span_id":"a39f97cdda733014","status":"ok","duration_ms":0,"attributes":{"http.request.method":"GET","http.response.status_code":"200","http.route":"/api/v1/session/:resource"}}
--- PASS: TestAuditExportFactoryFullCompositionCapability (0.07s)
=== RUN   TestAuditExportFactoryOwnsReturnedTransport
=== RUN   TestAuditExportFactoryOwnsReturnedTransport/factory-error
{"event":"correlation_span","name":"repository.query","kind":"client","trace_id":"0901c46fa1e6a78e4b06b2bc9e1e4584","span_id":"1f9a00f54b003e82","status":"ok","duration_ms":0,"attributes":{"db.operation.name":"query","db.system":"postgresql"}}
{"event":"correlation_span","name":"repository.query","kind":"client","trace_id":"0ef8a01bc123dfc3825ca786607bc147","span_id":"00333720453c0642","status":"ok","duration_ms":0,"attributes":{"db.operation.name":"query","db.system":"postgresql"}}
{"event":"correlation_span","name":"repository.schema","kind":"client","trace_id":"6e39fbeab78c59bd575ec8c140e32cfe","span_id":"28a626647bcaa1fd","status":"ok","duration_ms":0,"attributes":{"db.operation.name":"schema","db.system":"postgresql"}}
{"event":"correlation_span","name":"repository.schema","kind":"client","trace_id":"afbea4ed96859b969e02497fe6d1ae79","span_id":"fabf00712736ceca","status":"ok","duration_ms":0,"attributes":{"db.operation.name":"schema","db.system":"postgresql"}}
{"event":"correlation_span","name":"repository.query","kind":"client","trace_id":"8663ad87158bd4137709aae7f18440fb","span_id":"54fb9162ca51f238","status":"ok","duration_ms":0,"attributes":{"db.operation.name":"query","db.system":"postgresql"}}
{"event":"correlation_span","name":"repository.query","kind":"client","trace_id":"b95d9daf63ee8c734d9b0fc57a8727cb","span_id":"43becd5014715cfa","status":"ok","duration_ms":0,"attributes":{"db.operation.name":"query","db.system":"postgresql"}}
{"event":"correlation_span","name":"repository.schema","kind":"client","trace_id":"d9f31af253fd180b52cf26104b3a1d55","span_id":"f3be5259c616a0f7","status":"ok","duration_ms":0,"attributes":{"db.operation.name":"schema","db.system":"postgresql"}}
{"event":"correlation_span","name":"repository.schema","kind":"client","trace_id":"248ac738ece2588c1d582803d975b942","span_id":"cbf2aedba132ff38","status":"ok","duration_ms":0,"attributes":{"db.operation.name":"schema","db.system":"postgresql"}}
{"event":"correlation_span","name":"repository.query","kind":"client","trace_id":"9aa683cfae04548c70698edf5655188d","span_id":"adc0f98483d35617","status":"ok","duration_ms":0,"attributes":{"db.operation.name":"query","db.system":"postgresql"}}
=== RUN   TestAuditExportFactoryOwnsReturnedTransport/readiness-error
{"event":"correlation_span","name":"repository.query","kind":"client","trace_id":"df1afbc4ce88961a003d9b900237e357","span_id":"29649ff26458c916","status":"ok","duration_ms":0,"attributes":{"db.operation.name":"query","db.system":"postgresql"}}
{"event":"correlation_span","name":"repository.query","kind":"client","trace_id":"be4756faa0981b33d0e10147cbfa9d2c","span_id":"fc81f04473b9b65e","status":"ok","duration_ms":0,"attributes":{"db.operation.name":"query","db.system":"postgresql"}}
{"event":"correlation_span","name":"repository.schema","kind":"client","trace_id":"5912129d952f67c72bc8de97f70f7bf0","span_id":"83c8f77794f2e301","status":"ok","duration_ms":0,"attributes":{"db.operation.name":"schema","db.system":"postgresql"}}
{"event":"correlation_span","name":"repository.schema","kind":"client","trace_id":"c001ee3389e4dc4e38b00774ae7c7daa","span_id":"e9df236e098a0409","status":"ok","duration_ms":0,"attributes":{"db.operation.name":"schema","db.system":"postgresql"}}
{"event":"correlation_span","name":"repository.query","kind":"client","trace_id":"1ec6c90354d888f3b9790db9ed5af41b","span_id":"27d7018b58d8cbcb","status":"ok","duration_ms":0,"attributes":{"db.operation.name":"query","db.system":"postgresql"}}
{"event":"correlation_span","name":"repository.query","kind":"client","trace_id":"b6ad3d09043d62cce4cb74584c2eb564","span_id":"85d4bb3ee3ebc0b8","status":"ok","duration_ms":0,"attributes":{"db.operation.name":"query","db.system":"postgresql"}}
{"event":"correlation_span","name":"repository.schema","kind":"client","trace_id":"5a275f4cdda8e5117ef3c1c0a7e3c3ac","span_id":"6d0bbccf05156002","status":"ok","duration_ms":0,"attributes":{"db.operation.name":"schema","db.system":"postgresql"}}
{"event":"correlation_span","name":"repository.schema","kind":"client","trace_id":"ab4e95e1ac6f0a39e130cb9642a7036d","span_id":"291405da2e074e38","status":"ok","duration_ms":0,"attributes":{"db.operation.name":"schema","db.system":"postgresql"}}
{"event":"correlation_span","name":"repository.query","kind":"client","trace_id":"18bd4b8c84e6a70491e9e600f46ac243","span_id":"a99af641ef90a582","status":"ok","duration_ms":0,"attributes":{"db.operation.name":"query","db.system":"postgresql"}}
{"event":"correlation_span","name":"repository.schema","kind":"client","trace_id":"cab87f975709175cc31326cbaf466dee","span_id":"3465ef1e1b337771","status":"ok","duration_ms":0,"attributes":{"db.operation.name":"schema","db.system":"postgresql"}}
{"event":"correlation_span","name":"repository.query","kind":"client","trace_id":"a552836ebef86549a4adf7380e7b5b14","span_id":"d1d53359125b393d","status":"ok","duration_ms":0,"attributes":{"db.operation.name":"query","db.system":"postgresql"}}
=== RUN   TestAuditExportFactoryOwnsReturnedTransport/late-cancellation
{"event":"correlation_span","name":"repository.query","kind":"client","trace_id":"97e31753250f0a9affdf600e0025cf78","span_id":"ada4260b154e8460","status":"ok","duration_ms":0,"attributes":{"db.operation.name":"query","db.system":"postgresql"}}
{"event":"correlation_span","name":"repository.query","kind":"client","trace_id":"7a6cff90c649f98370a71ca785a43e91","span_id":"b05f331687c4ec0b","status":"ok","duration_ms":0,"attributes":{"db.operation.name":"query","db.system":"postgresql"}}
{"event":"correlation_span","name":"repository.schema","kind":"client","trace_id":"afad51a11bf89fbf66a148da35291215","span_id":"43738d78b4d44060","status":"ok","duration_ms":0,"attributes":{"db.operation.name":"schema","db.system":"postgresql"}}
{"event":"correlation_span","name":"repository.schema","kind":"client","trace_id":"acde01d8713eb8a12cc9dac17460c424","span_id":"95640782df9409bf","status":"ok","duration_ms":0,"attributes":{"db.operation.name":"schema","db.system":"postgresql"}}
{"event":"correlation_span","name":"repository.query","kind":"client","trace_id":"a0dbe77d0acbc8f4b3f416719df0add9","span_id":"8c8713604b28da62","status":"ok","duration_ms":0,"attributes":{"db.operation.name":"query","db.system":"postgresql"}}
{"event":"correlation_span","name":"repository.query","kind":"client","trace_id":"316fd282e608ccdba95aebe377d8f02f","span_id":"05505f8764e073b7","status":"ok","duration_ms":0,"attributes":{"db.operation.name":"query","db.system":"postgresql"}}
{"event":"correlation_span","name":"repository.schema","kind":"client","trace_id":"d90271905550e588c417ae68c1d40ab4","span_id":"5a41a42ce77f3d4c","status":"ok","duration_ms":0,"attributes":{"db.operation.name":"schema","db.system":"postgresql"}}
{"event":"correlation_span","name":"repository.schema","kind":"client","trace_id":"29164fc8e529f4b9a14538062420d198","span_id":"a32b33d2099240ad","status":"ok","duration_ms":0,"attributes":{"db.operation.name":"schema","db.system":"postgresql"}}
{"event":"correlation_span","name":"repository.query","kind":"client","trace_id":"472013be0a700cf3a52082272f1363f9","span_id":"d2ad5c145c59123d","status":"ok","duration_ms":0,"attributes":{"db.operation.name":"query","db.system":"postgresql"}}
{"event":"correlation_span","name":"repository.schema","kind":"client","trace_id":"d4b234548255b0b05ac510ba425ff4a1","span_id":"045b70f3a274d1cd","status":"ok","duration_ms":0,"attributes":{"db.operation.name":"schema","db.system":"postgresql"}}
{"event":"correlation_span","name":"repository.query","kind":"client","trace_id":"19066515b5393e998c24e399183ffe1c","span_id":"b3af7b68543f95ac","status":"ok","duration_ms":0,"attributes":{"db.operation.name":"query","db.system":"postgresql"}}
{"event":"correlation_span","name":"repository.query","kind":"client","trace_id":"da73455b6be6b95c261d4ddba43a0b8e","span_id":"8f7da99626024ddb","status":"ok","duration_ms":0,"attributes":{"db.operation.name":"query","db.system":"postgresql"}}
=== RUN   TestAuditExportFactoryOwnsReturnedTransport/empty-storage
{"event":"correlation_span","name":"repository.query","kind":"client","trace_id":"dc76fd1b33955e12d3cef913e83202c9","span_id":"b03be7e4df157f95","status":"ok","duration_ms":0,"attributes":{"db.operation.name":"query","db.system":"postgresql"}}
{"event":"correlation_span","name":"repository.query","kind":"client","trace_id":"d1248e4b1083acbdeb4381d285d34891","span_id":"ba3e4badf37e72e9","status":"ok","duration_ms":0,"attributes":{"db.operation.name":"query","db.system":"postgresql"}}
{"event":"correlation_span","name":"repository.schema","kind":"client","trace_id":"460b0312b5277680f08bab9b465b8103","span_id":"b345108c18c3b661","status":"ok","duration_ms":0,"attributes":{"db.operation.name":"schema","db.system":"postgresql"}}
{"event":"correlation_span","name":"repository.schema","kind":"client","trace_id":"42e2da01d8d7c871b5d0b5a5f799a5f5","span_id":"63c360bfdc308a24","status":"ok","duration_ms":0,"attributes":{"db.operation.name":"schema","db.system":"postgresql"}}
{"event":"correlation_span","name":"repository.query","kind":"client","trace_id":"dd297602d56fc2c05496ae6d71949a60","span_id":"2f68fb1d70c883c1","status":"ok","duration_ms":0,"attributes":{"db.operation.name":"query","db.system":"postgresql"}}
{"event":"correlation_span","name":"repository.query","kind":"client","trace_id":"f4c19e299f74018a9baf4ae8d1c00fe7","span_id":"88132865efd8a0bc","status":"ok","duration_ms":0,"attributes":{"db.operation.name":"query","db.system":"postgresql"}}
{"event":"correlation_span","name":"repository.schema","kind":"client","trace_id":"76b2ae1e3b8e75bf9735fb81c2c707d0","span_id":"1e1a49ebf22c7b81","status":"ok","duration_ms":0,"attributes":{"db.operation.name":"schema","db.system":"postgresql"}}
{"event":"correlation_span","name":"repository.schema","kind":"client","trace_id":"d8c67ccdaaa38aabf39d1642c234b2e6","span_id":"bcb52e6e1661aee6","status":"ok","duration_ms":0,"attributes":{"db.operation.name":"schema","db.system":"postgresql"}}
{"event":"correlation_span","name":"repository.query","kind":"client","trace_id":"1371d825f14277a718d634e9d46e5193","span_id":"e69f6c80a7709cb4","status":"ok","duration_ms":0,"attributes":{"db.operation.name":"query","db.system":"postgresql"}}
=== RUN   TestAuditExportFactoryOwnsReturnedTransport/malformed-storage
{"event":"correlation_span","name":"repository.query","kind":"client","trace_id":"c93e2a2a4e1407d3527a565dafcef681","span_id":"7a7552c5f114bed7","status":"ok","duration_ms":0,"attributes":{"db.operation.name":"query","db.system":"postgresql"}}
{"event":"correlation_span","name":"repository.query","kind":"client","trace_id":"9a607f18491fc7846b1172f05bd058eb","span_id":"626786718fecb143","status":"ok","duration_ms":0,"attributes":{"db.operation.name":"query","db.system":"postgresql"}}
{"event":"correlation_span","name":"repository.schema","kind":"client","trace_id":"bcb338ac98f48a37664cb97ab508df4d","span_id":"276bf9c631b5d117","status":"ok","duration_ms":0,"attributes":{"db.operation.name":"schema","db.system":"postgresql"}}
{"event":"correlation_span","name":"repository.schema","kind":"client","trace_id":"fbd4c413d57ec3f8197563797b0ec4d5","span_id":"21bcd7ecd99af64d","status":"ok","duration_ms":0,"attributes":{"db.operation.name":"schema","db.system":"postgresql"}}
{"event":"correlation_span","name":"repository.query","kind":"client","trace_id":"f3a9869b769c110944ee8e7409caa9d6","span_id":"717ad2f0ceac7822","status":"ok","duration_ms":0,"attributes":{"db.operation.name":"query","db.system":"postgresql"}}
{"event":"correlation_span","name":"repository.query","kind":"client","trace_id":"6006493d1590334a06383ec487428df6","span_id":"1b0f891928645aaa","status":"ok","duration_ms":0,"attributes":{"db.operation.name":"query","db.system":"postgresql"}}
{"event":"correlation_span","name":"repository.schema","kind":"client","trace_id":"ceaf8b403c784098abfaa683aa5e19b0","span_id":"49f0ed10a369e10c","status":"ok","duration_ms":0,"attributes":{"db.operation.name":"schema","db.system":"postgresql"}}
{"event":"correlation_span","name":"repository.schema","kind":"client","trace_id":"281da88115b03ba40f5acfa161b39b95","span_id":"cfb345768afcd04a","status":"ok","duration_ms":0,"attributes":{"db.operation.name":"schema","db.system":"postgresql"}}
{"event":"correlation_span","name":"repository.query","kind":"client","trace_id":"d4578910cd52d2eac3bd6a4fcbf8f693","span_id":"9ea7c94ffffcf992","status":"ok","duration_ms":0,"attributes":{"db.operation.name":"query","db.system":"postgresql"}}
=== RUN   TestAuditExportFactoryOwnsReturnedTransport/nil-transport
{"event":"correlation_span","name":"repository.query","kind":"client","trace_id":"7fa10308452e1e0951c186c9e43fda3a","span_id":"b0ea914f8b10212e","status":"ok","duration_ms":0,"attributes":{"db.operation.name":"query","db.system":"postgresql"}}
{"event":"correlation_span","name":"repository.query","kind":"client","trace_id":"1999e152094e164b2087ee5e49bd1ec2","span_id":"a2d5d690fae5188d","status":"ok","duration_ms":0,"attributes":{"db.operation.name":"query","db.system":"postgresql"}}
{"event":"correlation_span","name":"repository.schema","kind":"client","trace_id":"45f34d7bf261adca75a68b8383ac1b3a","span_id":"80733fbc8a1a1b75","status":"ok","duration_ms":0,"attributes":{"db.operation.name":"schema","db.system":"postgresql"}}
{"event":"correlation_span","name":"repository.schema","kind":"client","trace_id":"e4db1324b1f492dc986eb185fa71c40d","span_id":"1f4532acb2f94780","status":"ok","duration_ms":0,"attributes":{"db.operation.name":"schema","db.system":"postgresql"}}
{"event":"correlation_span","name":"repository.query","kind":"client","trace_id":"5fac46b59babe11b664a4bc911525730","span_id":"d7275534f7b6787a","status":"ok","duration_ms":0,"attributes":{"db.operation.name":"query","db.system":"postgresql"}}
{"event":"correlation_span","name":"repository.query","kind":"client","trace_id":"8f8003d5d36870f6d939d90ae174ae67","span_id":"8970f9b17f27c7c0","status":"ok","duration_ms":0,"attributes":{"db.operation.name":"query","db.system":"postgresql"}}
{"event":"correlation_span","name":"repository.schema","kind":"client","trace_id":"1a109e1634b3d118116fc667322bd81e","span_id":"1735a08751d5a5be","status":"ok","duration_ms":0,"attributes":{"db.operation.name":"schema","db.system":"postgresql"}}
{"event":"correlation_span","name":"repository.schema","kind":"client","trace_id":"074bb2ca48119a39828ebe106472bccf","span_id":"347f1bfe0e8b5437","status":"ok","duration_ms":0,"attributes":{"db.operation.name":"schema","db.system":"postgresql"}}
{"event":"correlation_span","name":"repository.query","kind":"client","trace_id":"5a6b80efae72aa9df341be8e09c83a9b","span_id":"509fc37d55d0ca74","status":"ok","duration_ms":0,"attributes":{"db.operation.name":"query","db.system":"postgresql"}}
=== RUN   TestAuditExportFactoryOwnsReturnedTransport/success
{"event":"correlation_span","name":"repository.query","kind":"client","trace_id":"d906838dd96d77af732a42e1109d817d","span_id":"406391c226f51729","status":"ok","duration_ms":0,"attributes":{"db.operation.name":"query","db.system":"postgresql"}}
{"event":"correlation_span","name":"repository.query","kind":"client","trace_id":"d02de7797813758b29c99af4a579a3bf","span_id":"68cbc0205565fb53","status":"ok","duration_ms":0,"attributes":{"db.operation.name":"query","db.system":"postgresql"}}
{"event":"correlation_span","name":"repository.schema","kind":"client","trace_id":"c5ac3d579d6ed6dbd534bc2585ba1166","span_id":"3808d1ef2dda27c0","status":"ok","duration_ms":0,"attributes":{"db.operation.name":"schema","db.system":"postgresql"}}
{"event":"correlation_span","name":"repository.schema","kind":"client","trace_id":"6ed80bff150bff4dc1374f9f20aa4277","span_id":"3c10b8cbce3140b6","status":"ok","duration_ms":0,"attributes":{"db.operation.name":"schema","db.system":"postgresql"}}
{"event":"correlation_span","name":"repository.query","kind":"client","trace_id":"704bc33724c30f5d5b7d23c08a2ce9c8","span_id":"fee8a17aa29eb94f","status":"ok","duration_ms":0,"attributes":{"db.operation.name":"query","db.system":"postgresql"}}
{"event":"correlation_span","name":"repository.query","kind":"client","trace_id":"2aff914626121e83f9e4ee570f93923b","span_id":"769ae8fbc1ba2ea2","status":"ok","duration_ms":0,"attributes":{"db.operation.name":"query","db.system":"postgresql"}}
{"event":"correlation_span","name":"repository.schema","kind":"client","trace_id":"67c44f4a5d72b48303085a0bc002ca28","span_id":"fa6fc5f485711bc7","status":"ok","duration_ms":0,"attributes":{"db.operation.name":"schema","db.system":"postgresql"}}
{"event":"correlation_span","name":"repository.schema","kind":"client","trace_id":"50e859678aa7ffd769b674dc30d4367c","span_id":"c3b78c56a28d5350","status":"ok","duration_ms":0,"attributes":{"db.operation.name":"schema","db.system":"postgresql"}}
{"event":"correlation_span","name":"repository.query","kind":"client","trace_id":"bdec6786f1a43776d678a121587201f6","span_id":"e56fa966ed73a9a4","status":"ok","duration_ms":0,"attributes":{"db.operation.name":"query","db.system":"postgresql"}}
{"event":"correlation_span","name":"repository.schema","kind":"client","trace_id":"3f52b52f1b5adb5dc23a8cac8f273e26","span_id":"aea1f7f1ae0d6ab3","status":"ok","duration_ms":0,"attributes":{"db.operation.name":"schema","db.system":"postgresql"}}
{"event":"correlation_span","name":"repository.query","kind":"client","trace_id":"e1996f6cf7bc1a582624f4ba932194fa","span_id":"a6e966a8654f584a","status":"ok","duration_ms":0,"attributes":{"db.operation.name":"query","db.system":"postgresql"}}
{"event":"correlation_span","name":"repository.query","kind":"client","trace_id":"6847f3e7cb0f1ddc09a118433c33188c","span_id":"54e33b33a08ea487","status":"ok","duration_ms":0,"attributes":{"db.operation.name":"query","db.system":"postgresql"}}
{"event":"correlation_span","name":"repository.schema","kind":"client","trace_id":"0ec3b8f898347ff83c66f3afb65f0e79","span_id":"93f783c387838e49","status":"ok","duration_ms":0,"attributes":{"db.operation.name":"schema","db.system":"postgresql"}}
{"event":"correlation_span","name":"repository.query","kind":"client","trace_id":"48b37a950cbc0a8db136dfe6688d1fa1","span_id":"e6c349147be779a2","status":"ok","duration_ms":0,"attributes":{"db.operation.name":"query","db.system":"postgresql"}}
{"event":"correlation_span","name":"repository.query","kind":"client","trace_id":"bd13246a5cbc92d85c66c99f293cb204","span_id":"6333c34d487ad3bb","status":"ok","duration_ms":0,"attributes":{"db.operation.name":"query","db.system":"postgresql"}}
{"event":"correlation_span","name":"repository.schema","kind":"client","trace_id":"1be3d038ed9a38c92548f45ff18f525e","span_id":"8d35aaade90c9c75","status":"ok","duration_ms":0,"attributes":{"db.operation.name":"schema","db.system":"postgresql"}}
{"event":"correlation_span","name":"repository.query","kind":"client","trace_id":"8a69246cc4cf4f69a5442453dba63f61","span_id":"d236e2aa1379f36a","status":"ok","duration_ms":0,"attributes":{"db.operation.name":"query","db.system":"postgresql"}}
{"event":"correlation_span","name":"repository.schema","kind":"client","trace_id":"d9bbbb6ae3c1e4b78fd0b3ac57b3cc9c","span_id":"ce205ada117dda2d","status":"ok","duration_ms":0,"attributes":{"db.operation.name":"schema","db.system":"postgresql"}}
{"event":"correlation_span","name":"repository.query","kind":"client","trace_id":"1a50cd47dbd67e3fe599074d68bcf11d","span_id":"aa772ef7642fbe56","status":"ok","duration_ms":0,"attributes":{"db.operation.name":"query","db.system":"postgresql"}}
{"event":"correlation_span","name":"repository.schema","kind":"client","trace_id":"8d4a2d03c1386f04f9bcf66901e550f3","span_id":"eccb9e3f2e413a46","status":"ok","duration_ms":0,"attributes":{"db.operation.name":"schema","db.system":"postgresql"}}
{"event":"correlation_span","name":"repository.query","kind":"client","trace_id":"74abda22ff9c6e5fbc57285b803fb535","span_id":"4754f2a1a075403a","status":"ok","duration_ms":0,"attributes":{"db.operation.name":"query","db.system":"postgresql"}}
--- PASS: TestAuditExportFactoryOwnsReturnedTransport (0.09s)
    --- PASS: TestAuditExportFactoryOwnsReturnedTransport/factory-error (0.01s)
    --- PASS: TestAuditExportFactoryOwnsReturnedTransport/readiness-error (0.01s)
    --- PASS: TestAuditExportFactoryOwnsReturnedTransport/late-cancellation (0.02s)
    --- PASS: TestAuditExportFactoryOwnsReturnedTransport/empty-storage (0.01s)
    --- PASS: TestAuditExportFactoryOwnsReturnedTransport/malformed-storage (0.01s)
    --- PASS: TestAuditExportFactoryOwnsReturnedTransport/nil-transport (0.01s)
    --- PASS: TestAuditExportFactoryOwnsReturnedTransport/success (0.03s)
=== RUN   TestAuditExportFactoryResourcesUseExactCachedProviders
--- PASS: TestAuditExportFactoryResourcesUseExactCachedProviders (0.02s)
=== RUN   TestAuditExportRuntimeBootstrapUsesMountedEffectivePermission
{"event":"correlation_span","name":"repository.query","kind":"client","trace_id":"71360aaf8223d4027a5b2c5383a28bfe","span_id":"63bd4267bf2f3558","status":"ok","duration_ms":0,"attributes":{"db.operation.name":"query","db.system":"postgresql"}}
{"event":"correlation_span","name":"repository.query","kind":"client","trace_id":"5188738386bf217f4ca200e913e392fb","span_id":"65745603773b1902","status":"ok","duration_ms":0,"attributes":{"db.operation.name":"query","db.system":"postgresql"}}
{"event":"correlation_span","name":"repository.schema","kind":"client","trace_id":"1da0e9876e27196bc918846d6d33817f","span_id":"844f9dee74e66d94","status":"ok","duration_ms":0,"attributes":{"db.operation.name":"schema","db.system":"postgresql"}}
{"event":"correlation_span","name":"repository.schema","kind":"client","trace_id":"95db8afe6ab66b680acc39a300072c1d","span_id":"af3744b76a8c45b6","status":"ok","duration_ms":0,"attributes":{"db.operation.name":"schema","db.system":"postgresql"}}
{"event":"correlation_span","name":"repository.query","kind":"client","trace_id":"42dd14b5b9ea981a4bcfddd043aec69c","span_id":"43e8d41f2a24566d","status":"ok","duration_ms":0,"attributes":{"db.operation.name":"query","db.system":"postgresql"}}
{"event":"correlation_span","name":"repository.query","kind":"client","trace_id":"06ed0f7c78344bd821a745012700f2f6","span_id":"f60dccb130524c9e","status":"ok","duration_ms":0,"attributes":{"db.operation.name":"query","db.system":"postgresql"}}
{"event":"correlation_span","name":"repository.schema","kind":"client","trace_id":"3db7e8b8ef941bf07005fffabb46d7c3","span_id":"d7d096380f1b0fb0","status":"ok","duration_ms":0,"attributes":{"db.operation.name":"schema","db.system":"postgresql"}}
{"event":"correlation_span","name":"repository.schema","kind":"client","trace_id":"3e3b5b3a1d9b5b35e1fbaf372911fbbe","span_id":"50a3e174e1055a08","status":"ok","duration_ms":0,"attributes":{"db.operation.name":"schema","db.system":"postgresql"}}
{"event":"correlation_span","name":"repository.query","kind":"client","trace_id":"fe9cdc3ccdbe47fae1ff8df3928e8a1c","span_id":"371f283e938dbb75","status":"ok","duration_ms":0,"attributes":{"db.operation.name":"query","db.system":"postgresql"}}
{"event":"correlation_span","name":"repository.schema","kind":"client","trace_id":"09466642d51de939801de66a997700a7","span_id":"ca027a6848e8a194","status":"ok","duration_ms":0,"attributes":{"db.operation.name":"schema","db.system":"postgresql"}}
{"event":"correlation_span","name":"repository.query","kind":"client","trace_id":"3776a8d3997b48a47fdd0c23fd8fbabc","span_id":"ecfc74abb0a9dd70","status":"ok","duration_ms":0,"attributes":{"db.operation.name":"query","db.system":"postgresql"}}
{"event":"correlation_span","name":"repository.query","kind":"client","trace_id":"7d27cbfcbd92b14c2a2014f800ce02c4","span_id":"82c9b068bb12cef5","status":"ok","duration_ms":0,"attributes":{"db.operation.name":"query","db.system":"postgresql"}}
{"event":"correlation_span","name":"repository.schema","kind":"client","trace_id":"9bd79fad175c32eede347e79930d2a8b","span_id":"5c4e57e7135b4b30","status":"ok","duration_ms":0,"attributes":{"db.operation.name":"schema","db.system":"postgresql"}}
{"event":"correlation_span","name":"repository.query","kind":"client","trace_id":"b505e5df43d4db1974ec465b63b1961c","span_id":"3f7713272b260b6c","status":"ok","duration_ms":0,"attributes":{"db.operation.name":"query","db.system":"postgresql"}}
{"event":"correlation_span","name":"repository.schema","kind":"client","trace_id":"fdf27468cd76c76c5d8034a7e66c8d53","span_id":"8bdae3a89d5ce709","status":"ok","duration_ms":0,"attributes":{"db.operation.name":"schema","db.system":"postgresql"}}
{"event":"correlation_span","name":"repository.query","kind":"client","trace_id":"4bf0de8a8e5acea1fff4caf841b9efa8","span_id":"9fdc87e16b8a2fd2","status":"ok","duration_ms":0,"attributes":{"db.operation.name":"query","db.system":"postgresql"}}
{"event":"correlation_span","name":"repository.schema","kind":"client","trace_id":"aef0c930fd12e629364965957203e96d","span_id":"f0e3b708dfaf0186","status":"ok","duration_ms":0,"attributes":{"db.operation.name":"schema","db.system":"postgresql"}}
{"event":"correlation_span","name":"repository.query","kind":"client","trace_id":"dead6ca6d43575061ef6c050cd622b53","span_id":"1d5488533fab5ece","status":"ok","duration_ms":0,"attributes":{"db.operation.name":"query","db.system":"postgresql"}}
{"event":"correlation_span","name":"repository.query","kind":"client","trace_id":"228d2c989336640ed1ba9fe28b142027","span_id":"99fdce4db07aa185","parent_span_id":"789b556911fb4347","status":"ok","duration_ms":0,"attributes":{"db.operation.name":"query","db.system":"postgresql"}}
{"event":"correlation_span","name":"repository.query","kind":"client","trace_id":"228d2c989336640ed1ba9fe28b142027","span_id":"b552749fce37ef9c","parent_span_id":"789b556911fb4347","status":"ok","duration_ms":0,"attributes":{"db.operation.name":"query","db.system":"postgresql"}}
{"correlation_id":"pid_54585757-ae0d-48e4-92a4-858d22d683ff","duration_ms":0,"event":"http_request","method":"GET","route":"/api/v1/session/:resource","severity":"INFO","span_id":"789b556911fb4347","status":200,"timestamp":"2026-10-06T02:07:08.431979438Z","trace_id":"228d2c989336640ed1ba9fe28b142027"}
{"event":"correlation_span","name":"http.request","kind":"server","trace_id":"228d2c989336640ed1ba9fe28b142027","span_id":"789b556911fb4347","parent_span_id":"44208e93ef97b360","status":"ok","duration_ms":0,"attributes":{"http.request.method":"GET","http.response.status_code":"200","http.route":"/api/v1/session/:resource"}}
{"event":"correlation_span","name":"repository.query","kind":"client","trace_id":"341ddb255c5d2890bf7fa9a6ae706689","span_id":"fc8d23ed350b5d11","status":"ok","duration_ms":0,"attributes":{"db.operation.name":"query","db.system":"postgresql"}}
{"event":"correlation_span","name":"repository.query","kind":"client","trace_id":"1815ebf344442fc2bc094a249e07d016","span_id":"be311ec6942c5145","status":"ok","duration_ms":0,"attributes":{"db.operation.name":"query","db.system":"postgresql"}}
{"event":"correlation_span","name":"repository.schema","kind":"client","trace_id":"a671a879a6b9fd70bfb40208841d3b46","span_id":"2ad5bc65587a1b46","status":"ok","duration_ms":0,"attributes":{"db.operation.name":"schema","db.system":"postgresql"}}
{"event":"correlation_span","name":"repository.schema","kind":"client","trace_id":"96cf47928ce27f6d70d329e8acb98d2a","span_id":"9107c548f7bcdc99","status":"ok","duration_ms":0,"attributes":{"db.operation.name":"schema","db.system":"postgresql"}}
{"event":"correlation_span","name":"repository.query","kind":"client","trace_id":"580679dab7f0fd3fd8175556e30deb99","span_id":"a830933de4c77c45","status":"ok","duration_ms":0,"attributes":{"db.operation.name":"query","db.system":"postgresql"}}
{"event":"correlation_span","name":"repository.query","kind":"client","trace_id":"c221e1d8775aef731a408e60bc72ea89","span_id":"864d9a731a9adf39","status":"ok","duration_ms":0,"attributes":{"db.operation.name":"query","db.system":"postgresql"}}
{"event":"correlation_span","name":"repository.schema","kind":"client","trace_id":"bb4179346d7c84ea974a0af17102480a","span_id":"783042f15f691228","status":"ok","duration_ms":0,"attributes":{"db.operation.name":"schema","db.system":"postgresql"}}
{"event":"correlation_span","name":"repository.schema","kind":"client","trace_id":"9ef92d0ba81daaf41778335ea0df2186","span_id":"98f80a11979608da","status":"ok","duration_ms":0,"attributes":{"db.operation.name":"schema","db.system":"postgresql"}}
{"event":"correlation_span","name":"repository.query","kind":"client","trace_id":"3f43bb4665956d3ae6834f865e29f503","span_id":"44625bf3872d8364","status":"ok","duration_ms":0,"attributes":{"db.operation.name":"query","db.system":"postgresql"}}
{"event":"correlation_span","name":"repository.schema","kind":"client","trace_id":"aa5a2f6e683eb68961f1e9ca6ff24198","span_id":"97b01a8f750a9ed3","status":"ok","duration_ms":0,"attributes":{"db.operation.name":"schema","db.system":"postgresql"}}
{"event":"correlation_span","name":"repository.query","kind":"client","trace_id":"4f83c4893b935e23bf1fe9305c912c86","span_id":"d3cfb21180fe589f","status":"ok","duration_ms":0,"attributes":{"db.operation.name":"query","db.system":"postgresql"}}
{"event":"correlation_span","name":"repository.query","kind":"client","trace_id":"bd3a8e7158f8fb67b2dfa82121eaabd7","span_id":"e9a7dc219b715475","status":"ok","duration_ms":0,"attributes":{"db.operation.name":"query","db.system":"postgresql"}}
{"event":"correlation_span","name":"repository.schema","kind":"client","trace_id":"45a60d8fd766430d44b9228503fcf47f","span_id":"1b92cdcdd60959c9","status":"ok","duration_ms":0,"attributes":{"db.operation.name":"schema","db.system":"postgresql"}}
{"event":"correlation_span","name":"repository.query","kind":"client","trace_id":"10e33f68df815d240890879c0917602d","span_id":"3b0822635e63fbef","status":"ok","duration_ms":0,"attributes":{"db.operation.name":"query","db.system":"postgresql"}}
{"event":"correlation_span","name":"repository.schema","kind":"client","trace_id":"d89490efb7b9ad95fdb61138970af1ef","span_id":"ee79d2d60f256b55","status":"ok","duration_ms":0,"attributes":{"db.operation.name":"schema","db.system":"postgresql"}}
{"event":"correlation_span","name":"repository.query","kind":"client","trace_id":"c8ff35e06753888daf4b76850a55f2d6","span_id":"3b298dd430e4251f","status":"ok","duration_ms":0,"attributes":{"db.operation.name":"query","db.system":"postgresql"}}
{"event":"correlation_span","name":"repository.schema","kind":"client","trace_id":"8f8602e32b701a25f6b99cba00d780cc","span_id":"61854865b317428f","status":"ok","duration_ms":0,"attributes":{"db.operation.name":"schema","db.system":"postgresql"}}
{"event":"correlation_span","name":"repository.query","kind":"client","trace_id":"dd0fc369ab7bd61c9563e0a627160b28","span_id":"1e4f857d5047d60b","status":"ok","duration_ms":0,"attributes":{"db.operation.name":"query","db.system":"postgresql"}}
{"event":"correlation_span","name":"repository.query","kind":"client","trace_id":"b3c1b31d3209c85490208d28467d0070","span_id":"6482469fd9c746de","parent_span_id":"ab5e7534c3a7eaf4","status":"ok","duration_ms":0,"attributes":{"db.operation.name":"query","db.system":"postgresql"}}
{"event":"correlation_span","name":"repository.query","kind":"client","trace_id":"b3c1b31d3209c85490208d28467d0070","span_id":"25a48b842c99a453","parent_span_id":"ab5e7534c3a7eaf4","status":"ok","duration_ms":0,"attributes":{"db.operation.name":"query","db.system":"postgresql"}}
{"correlation_id":"pid_5c3906ef-2243-420c-bfab-1bacb1e858a1","duration_ms":0,"event":"http_request","method":"GET","route":"/api/v1/session/:resource","severity":"INFO","span_id":"ab5e7534c3a7eaf4","status":200,"timestamp":"2026-10-06T02:07:08.441297442Z","trace_id":"b3c1b31d3209c85490208d28467d0070"}
{"event":"correlation_span","name":"http.request","kind":"server","trace_id":"b3c1b31d3209c85490208d28467d0070","span_id":"ab5e7534c3a7eaf4","parent_span_id":"c465e273fa58c3cf","status":"ok","duration_ms":0,"attributes":{"http.request.method":"GET","http.response.status_code":"200","http.route":"/api/v1/session/:resource"}}
{"event":"correlation_span","name":"repository.query","kind":"client","trace_id":"49e0cb9623744e4c3c50752bc75ee0d0","span_id":"06f283be551d8309","status":"ok","duration_ms":0,"attributes":{"db.operation.name":"query","db.system":"postgresql"}}
{"event":"correlation_span","name":"repository.query","kind":"client","trace_id":"071b6184890758bda3e25217c508ebe5","span_id":"b34b742fc6eefabf","status":"ok","duration_ms":0,"attributes":{"db.operation.name":"query","db.system":"postgresql"}}
{"event":"correlation_span","name":"repository.schema","kind":"client","trace_id":"ddea30038713b4ca75983950e1b0bd6b","span_id":"7f235641603c399f","status":"ok","duration_ms":0,"attributes":{"db.operation.name":"schema","db.system":"postgresql"}}
{"event":"correlation_span","name":"repository.schema","kind":"client","trace_id":"760c71745b6b2201d93f3ea17aff2ee8","span_id":"30e3d442fef7cdd5","status":"ok","duration_ms":0,"attributes":{"db.operation.name":"schema","db.system":"postgresql"}}
{"event":"correlation_span","name":"repository.query","kind":"client","trace_id":"9993698e33d8c6ab3046fb6a589d8838","span_id":"6986a4e571b99692","status":"ok","duration_ms":0,"attributes":{"db.operation.name":"query","db.system":"postgresql"}}
{"event":"correlation_span","name":"repository.query","kind":"client","trace_id":"94e8809ee2f2d9de461c49ccef5d35c5","span_id":"39bdb1a0af0f171e","status":"ok","duration_ms":0,"attributes":{"db.operation.name":"query","db.system":"postgresql"}}
{"event":"correlation_span","name":"repository.schema","kind":"client","trace_id":"948517223143472f4e74cc28923b3b42","span_id":"fa888a97e43186e8","status":"ok","duration_ms":0,"attributes":{"db.operation.name":"schema","db.system":"postgresql"}}
{"event":"correlation_span","name":"repository.schema","kind":"client","trace_id":"d11dcd739b1391633a44ede27fffcff5","span_id":"9299d564a2d17072","status":"ok","duration_ms":0,"attributes":{"db.operation.name":"schema","db.system":"postgresql"}}
{"event":"correlation_span","name":"repository.query","kind":"client","trace_id":"7e86d57622648d408719b370dd00d6de","span_id":"8869aceec7435715","status":"ok","duration_ms":0,"attributes":{"db.operation.name":"query","db.system":"postgresql"}}
{"event":"correlation_span","name":"repository.schema","kind":"client","trace_id":"f0a6f100b0b3ee91172a5f8592e9423d","span_id":"43d218a816164c4e","status":"ok","duration_ms":0,"attributes":{"db.operation.name":"schema","db.system":"postgresql"}}
{"event":"correlation_span","name":"repository.query","kind":"client","trace_id":"213df5964137171cfdcdebb81d87ffe3","span_id":"1a194ad076cb00fb","status":"ok","duration_ms":0,"attributes":{"db.operation.name":"query","db.system":"postgresql"}}
{"event":"correlation_span","name":"repository.query","kind":"client","trace_id":"b8c2c0fbf0fceac0cb6e1e55fb34b23e","span_id":"8e3d9cf29889f9d1","status":"ok","duration_ms":0,"attributes":{"db.operation.name":"query","db.system":"postgresql"}}
{"event":"correlation_span","name":"repository.schema","kind":"client","trace_id":"cd88b9bdb01e55f708de477accaf13a9","span_id":"c6ddb9289224e568","status":"ok","duration_ms":0,"attributes":{"db.operation.name":"schema","db.system":"postgresql"}}
{"event":"correlation_span","name":"repository.query","kind":"client","trace_id":"efd98428fd6d944e903f574ba72d99f0","span_id":"cb24469777259248","status":"ok","duration_ms":0,"attributes":{"db.operation.name":"query","db.system":"postgresql"}}
{"event":"correlation_span","name":"repository.query","kind":"client","trace_id":"22868eb856d0d2e44b08270b6f0d5c00","span_id":"72f45bea3d46ac99","status":"ok","duration_ms":0,"attributes":{"db.operation.name":"query","db.system":"postgresql"}}
{"event":"correlation_span","name":"repository.schema","kind":"client","trace_id":"2444d0b42ab0a77d20654e016dd58ba7","span_id":"3eeacac6d3d36ad2","status":"ok","duration_ms":0,"attributes":{"db.operation.name":"schema","db.system":"postgresql"}}
{"event":"correlation_span","name":"repository.query","kind":"client","trace_id":"f4a1ad58257a7903efffe7e3e8add407","span_id":"a9077b26b7987d1c","status":"ok","duration_ms":0,"attributes":{"db.operation.name":"query","db.system":"postgresql"}}
{"event":"correlation_span","name":"repository.schema","kind":"client","trace_id":"41aada774ae316003cde9519c354d24e","span_id":"d37801340fca7024","status":"ok","duration_ms":0,"attributes":{"db.operation.name":"schema","db.system":"postgresql"}}
{"event":"correlation_span","name":"repository.query","kind":"client","trace_id":"c764fc16ef9057ac2a2d32d73e19cb51","span_id":"5032efa0541e1d8e","status":"ok","duration_ms":0,"attributes":{"db.operation.name":"query","db.system":"postgresql"}}
{"event":"correlation_span","name":"repository.schema","kind":"client","trace_id":"a0fdaba005ea8edd01fc0d58560a7bb1","span_id":"8c607c82a2cb00ce","status":"ok","duration_ms":0,"attributes":{"db.operation.name":"schema","db.system":"postgresql"}}
{"event":"correlation_span","name":"repository.query","kind":"client","trace_id":"2450c9c6f28aa03ff1d65565fb947c38","span_id":"a2b2ed33e11a733b","status":"ok","duration_ms":0,"attributes":{"db.operation.name":"query","db.system":"postgresql"}}
{"event":"correlation_span","name":"repository.query","kind":"client","trace_id":"8473e42f7c84bbc9bd854068c9a974bf","span_id":"e581cd71894739dd","parent_span_id":"86d7a6606f825559","status":"ok","duration_ms":0,"attributes":{"db.operation.name":"query","db.system":"postgresql"}}
{"event":"correlation_span","name":"repository.query","kind":"client","trace_id":"8473e42f7c84bbc9bd854068c9a974bf","span_id":"8935901c675740df","parent_span_id":"86d7a6606f825559","status":"ok","duration_ms":0,"attributes":{"db.operation.name":"query","db.system":"postgresql"}}
{"correlation_id":"pid_1a5cc04e-1f1c-40fd-ae95-2f1e2ed1ad6e","duration_ms":0,"event":"http_request","method":"GET","route":"/api/v1/session/:resource","severity":"INFO","span_id":"86d7a6606f825559","status":200,"timestamp":"2026-10-06T02:07:08.469033667Z","trace_id":"8473e42f7c84bbc9bd854068c9a974bf"}
{"event":"correlation_span","name":"http.request","kind":"server","trace_id":"8473e42f7c84bbc9bd854068c9a974bf","span_id":"86d7a6606f825559","parent_span_id":"3f46bf0cdbfc4659","status":"ok","duration_ms":0,"attributes":{"http.request.method":"GET","http.response.status_code":"200","http.route":"/api/v1/session/:resource"}}
{"event":"correlation_span","name":"repository.query","kind":"client","trace_id":"e92b1dba8d5b397a6656783473c3efa4","span_id":"31cf1725735ea208","status":"ok","duration_ms":0,"attributes":{"db.operation.name":"query","db.system":"postgresql"}}
{"event":"correlation_span","name":"repository.query","kind":"client","trace_id":"201659f513e54bf296fd0cae5cadabcd","span_id":"1a6c614bf2da8da2","status":"ok","duration_ms":0,"attributes":{"db.operation.name":"query","db.system":"postgresql"}}
{"event":"correlation_span","name":"repository.schema","kind":"client","trace_id":"edd5b4dacf3fadf25d218bd5dc531d74","span_id":"aa670214e3e64583","status":"ok","duration_ms":0,"attributes":{"db.operation.name":"schema","db.system":"postgresql"}}
{"event":"correlation_span","name":"repository.schema","kind":"client","trace_id":"7b3d697d1b633e9188f5fff5a6099f5b","span_id":"6ded5dcf16378325","status":"ok","duration_ms":0,"attributes":{"db.operation.name":"schema","db.system":"postgresql"}}
{"event":"correlation_span","name":"repository.query","kind":"client","trace_id":"b0329edb48de10bc500c6e3ced95454a","span_id":"056cede6613ba34c","status":"ok","duration_ms":0,"attributes":{"db.operation.name":"query","db.system":"postgresql"}}
{"event":"correlation_span","name":"repository.query","kind":"client","trace_id":"bef0700a9499cff9df24f4ac2dfd108d","span_id":"e179afa1e20ad629","status":"ok","duration_ms":0,"attributes":{"db.operation.name":"query","db.system":"postgresql"}}
{"event":"correlation_span","name":"repository.schema","kind":"client","trace_id":"d8b5a409b9cb09cf4a1028ea9ef4542d","span_id":"44fbc38318d124b6","status":"ok","duration_ms":0,"attributes":{"db.operation.name":"schema","db.system":"postgresql"}}
{"event":"correlation_span","name":"repository.schema","kind":"client","trace_id":"36f740ec7689a15e91d0f2c031d3e7a8","span_id":"cbfba3233f1e65c9","status":"ok","duration_ms":0,"attributes":{"db.operation.name":"schema","db.system":"postgresql"}}
{"event":"correlation_span","name":"repository.query","kind":"client","trace_id":"f0e05e7c4be54647aece199bc2b1a48b","span_id":"96f2da9db08d6345","status":"ok","duration_ms":0,"attributes":{"db.operation.name":"query","db.system":"postgresql"}}
{"event":"correlation_span","name":"repository.schema","kind":"client","trace_id":"4de03e137fd647df872eede78c90a8f9","span_id":"69697a113910ca61","status":"ok","duration_ms":0,"attributes":{"db.operation.name":"schema","db.system":"postgresql"}}
{"event":"correlation_span","name":"repository.query","kind":"client","trace_id":"8ec653bb03553d6969ed3f42da0917a5","span_id":"c6bf6c8bfd9b2a0c","status":"ok","duration_ms":0,"attributes":{"db.operation.name":"query","db.system":"postgresql"}}
{"event":"correlation_span","name":"repository.query","kind":"client","trace_id":"1e6aeb3f72c2aebc893f8041e25df8b2","span_id":"e2feebb256e2be0f","status":"ok","duration_ms":0,"attributes":{"db.operation.name":"query","db.system":"postgresql"}}
{"event":"correlation_span","name":"repository.schema","kind":"client","trace_id":"8fbe49ead7033c6be158be9861056e2c","span_id":"57911c4f6feae4f6","status":"ok","duration_ms":0,"attributes":{"db.operation.name":"schema","db.system":"postgresql"}}
{"event":"correlation_span","name":"repository.query","kind":"client","trace_id":"d6e87c215e8ec953626daeba5ff0eb6b","span_id":"15b4d77305913ff8","status":"ok","duration_ms":0,"attributes":{"db.operation.name":"query","db.system":"postgresql"}}
{"event":"correlation_span","name":"repository.query","kind":"client","trace_id":"8f365f4bda7ed995a96e08066678dbc7","span_id":"6347b781731315f6","status":"ok","duration_ms":0,"attributes":{"db.operation.name":"query","db.system":"postgresql"}}
{"event":"correlation_span","name":"repository.schema","kind":"client","trace_id":"85abdda702f9a201575753a0997e7001","span_id":"6f0db7f3ba9a37c9","status":"ok","duration_ms":0,"attributes":{"db.operation.name":"schema","db.system":"postgresql"}}
{"event":"correlation_span","name":"repository.query","kind":"client","trace_id":"1a5b4428909c1aa752a680b85079bc1e","span_id":"096f9fb6a67b1c49","status":"ok","duration_ms":0,"attributes":{"db.operation.name":"query","db.system":"postgresql"}}
{"event":"correlation_span","name":"repository.schema","kind":"client","trace_id":"c2b5db98d277ddd3a4acbde5ec02a31f","span_id":"6ba80c21330e869e","status":"ok","duration_ms":0,"attributes":{"db.operation.name":"schema","db.system":"postgresql"}}
{"event":"correlation_span","name":"repository.query","kind":"client","trace_id":"44035755894791acfd11ef1c7cdfb4f3","span_id":"af73ee5e2b7224ed","status":"ok","duration_ms":0,"attributes":{"db.operation.name":"query","db.system":"postgresql"}}
{"event":"correlation_span","name":"repository.schema","kind":"client","trace_id":"68ddfd5854543887797672f6f3a6d64b","span_id":"2c39779fac914672","status":"ok","duration_ms":0,"attributes":{"db.operation.name":"schema","db.system":"postgresql"}}
{"event":"correlation_span","name":"repository.query","kind":"client","trace_id":"851cb7a3982cf98f4db448883524e7a6","span_id":"3c7d98c611346b72","status":"ok","duration_ms":0,"attributes":{"db.operation.name":"query","db.system":"postgresql"}}
{"event":"correlation_span","name":"repository.query","kind":"client","trace_id":"e898bf89fc136ca6c6fa4ac7b0c64735","span_id":"6643adf15de60243","parent_span_id":"0701b8155f9f56aa","status":"ok","duration_ms":0,"attributes":{"db.operation.name":"query","db.system":"postgresql"}}
{"event":"correlation_span","name":"repository.query","kind":"client","trace_id":"e898bf89fc136ca6c6fa4ac7b0c64735","span_id":"b7f47182e66016d1","parent_span_id":"0701b8155f9f56aa","status":"ok","duration_ms":0,"attributes":{"db.operation.name":"query","db.system":"postgresql"}}
{"correlation_id":"pid_f05b3e2c-ab09-4d5b-9dfd-6ea7e8f2c734","duration_ms":0,"event":"http_request","method":"GET","route":"/api/v1/session/:resource","severity":"INFO","span_id":"0701b8155f9f56aa","status":200,"timestamp":"2026-10-06T02:07:08.497174921Z","trace_id":"e898bf89fc136ca6c6fa4ac7b0c64735"}
{"event":"correlation_span","name":"http.request","kind":"server","trace_id":"e898bf89fc136ca6c6fa4ac7b0c64735","span_id":"0701b8155f9f56aa","parent_span_id":"e00c468e708336df","status":"ok","duration_ms":0,"attributes":{"http.request.method":"GET","http.response.status_code":"200","http.route":"/api/v1/session/:resource"}}
--- PASS: TestAuditExportRuntimeBootstrapUsesMountedEffectivePermission (0.08s)
=== RUN   TestAuditExportRuntimeCompositionLateCancellation
{"event":"correlation_span","name":"repository.query","kind":"client","trace_id":"793520b58d3e89682406b0028019a679","span_id":"795c2cf9f3e208ae","status":"ok","duration_ms":0,"attributes":{"db.operation.name":"query","db.system":"postgresql"}}
{"event":"correlation_span","name":"repository.query","kind":"client","trace_id":"68e36e3f49ae4edb15b7b0d7adf4ac97","span_id":"87cdcdf4a112aed2","status":"ok","duration_ms":0,"attributes":{"db.operation.name":"query","db.system":"postgresql"}}
{"event":"correlation_span","name":"repository.schema","kind":"client","trace_id":"62b71c210790bbebdf56c92f8b588a4a","span_id":"f1088ac0bca77ddf","status":"ok","duration_ms":0,"attributes":{"db.operation.name":"schema","db.system":"postgresql"}}
{"event":"correlation_span","name":"repository.schema","kind":"client","trace_id":"caf1f11520e9157b9c1866078ce3dda6","span_id":"9923cf64ff2ab698","status":"ok","duration_ms":0,"attributes":{"db.operation.name":"schema","db.system":"postgresql"}}
{"event":"correlation_span","name":"repository.query","kind":"client","trace_id":"6d170d956471b01f002f9f8b835b9895","span_id":"7f6ca2f23bab3d93","status":"ok","duration_ms":0,"attributes":{"db.operation.name":"query","db.system":"postgresql"}}
{"event":"correlation_span","name":"repository.query","kind":"client","trace_id":"2403d7e3c77b4dbf309ec34781fe930d","span_id":"1ee9eebd74707eeb","status":"ok","duration_ms":0,"attributes":{"db.operation.name":"query","db.system":"postgresql"}}
{"event":"correlation_span","name":"repository.schema","kind":"client","trace_id":"81dfbb03dbbfd1a73092e5ba4f87c769","span_id":"93dff5b083121d9c","status":"ok","duration_ms":0,"attributes":{"db.operation.name":"schema","db.system":"postgresql"}}
{"event":"correlation_span","name":"repository.schema","kind":"client","trace_id":"34ee5429ab4ffa2c42ad5d025bcd7a5a","span_id":"21ed29b112131b9e","status":"ok","duration_ms":0,"attributes":{"db.operation.name":"schema","db.system":"postgresql"}}
{"event":"correlation_span","name":"repository.query","kind":"client","trace_id":"4f80eb19f535caf9fe98e2960e408ae0","span_id":"a40efef6b11bd319","status":"ok","duration_ms":0,"attributes":{"db.operation.name":"query","db.system":"postgresql"}}
{"event":"correlation_span","name":"repository.schema","kind":"client","trace_id":"01fdf315dfdd73a14b8ffb7d0ad8785e","span_id":"e076fdefe8f99406","status":"ok","duration_ms":0,"attributes":{"db.operation.name":"schema","db.system":"postgresql"}}
{"event":"correlation_span","name":"repository.query","kind":"client","trace_id":"8d2138c53c5bfbe680a3cd7ee33e341f","span_id":"059c096ae818c5af","status":"ok","duration_ms":0,"attributes":{"db.operation.name":"query","db.system":"postgresql"}}
{"event":"correlation_span","name":"repository.query","kind":"client","trace_id":"65ac2233e76095c9c2aa38d913093bde","span_id":"22690b8406dd8267","status":"ok","duration_ms":0,"attributes":{"db.operation.name":"query","db.system":"postgresql"}}
--- PASS: TestAuditExportRuntimeCompositionLateCancellation (0.02s)
=== RUN   TestAuditExportRuntimeCompositionMountReadinessAndCleanup
{"event":"correlation_span","name":"repository.query","kind":"client","trace_id":"19cf8e7f9076f35c242432c4354e775e","span_id":"87b7c5d2bee54476","status":"ok","duration_ms":0,"attributes":{"db.operation.name":"query","db.system":"postgresql"}}
{"event":"correlation_span","name":"repository.query","kind":"client","trace_id":"fe0b535e7e2098fc901d2b3642995dac","span_id":"d5542baa8dcd793c","status":"ok","duration_ms":0,"attributes":{"db.operation.name":"query","db.system":"postgresql"}}
{"event":"correlation_span","name":"repository.schema","kind":"client","trace_id":"af9ce7fff26c0fd9cc8b3f8fbbf4116d","span_id":"1df409aeaea7c0a8","status":"ok","duration_ms":0,"attributes":{"db.operation.name":"schema","db.system":"postgresql"}}
{"event":"correlation_span","name":"repository.schema","kind":"client","trace_id":"4b858176852627cd6c2a841da2357b8f","span_id":"54c3e0aef3cc7943","status":"ok","duration_ms":0,"attributes":{"db.operation.name":"schema","db.system":"postgresql"}}
{"event":"correlation_span","name":"repository.query","kind":"client","trace_id":"9fdd3571198594766086888ae49ae17c","span_id":"e6d2249e8ab3af4a","status":"ok","duration_ms":0,"attributes":{"db.operation.name":"query","db.system":"postgresql"}}
{"event":"correlation_span","name":"repository.query","kind":"client","trace_id":"2c9a72dae96ef4bdd1314dbf78477547","span_id":"5a8259a05dcae8ca","status":"ok","duration_ms":0,"attributes":{"db.operation.name":"query","db.system":"postgresql"}}
{"event":"correlation_span","name":"repository.schema","kind":"client","trace_id":"2719f8fdc62e7eee9c880bfa0c0abcaf","span_id":"8c79005b2ad57a3c","status":"ok","duration_ms":0,"attributes":{"db.operation.name":"schema","db.system":"postgresql"}}
{"event":"correlation_span","name":"repository.schema","kind":"client","trace_id":"d9a5f2eebef380c22883860469a5da49","span_id":"b77852ecd9b5616d","status":"ok","duration_ms":0,"attributes":{"db.operation.name":"schema","db.system":"postgresql"}}
{"event":"correlation_span","name":"repository.query","kind":"client","trace_id":"12704c33d8c432db07c848a8117e021d","span_id":"da64bc2cbaf99b61","status":"ok","duration_ms":0,"attributes":{"db.operation.name":"query","db.system":"postgresql"}}
{"event":"correlation_span","name":"repository.schema","kind":"client","trace_id":"52090c5da288d04c319866672ab776ba","span_id":"3f6c41b4de114a96","status":"ok","duration_ms":0,"attributes":{"db.operation.name":"schema","db.system":"postgresql"}}
{"event":"correlation_span","name":"repository.query","kind":"client","trace_id":"7ccdad22622750f364c50677ff5bac18","span_id":"e59f702a7f52a2a8","status":"ok","duration_ms":0,"attributes":{"db.operation.name":"query","db.system":"postgresql"}}
{"event":"correlation_span","name":"repository.query","kind":"client","trace_id":"3954016385db78cabbf55ae87522e511","span_id":"dd96f448eee914ab","status":"ok","duration_ms":0,"attributes":{"db.operation.name":"query","db.system":"postgresql"}}
{"event":"correlation_span","name":"repository.schema","kind":"client","trace_id":"37f566fb358de6899667139632ba385f","span_id":"f6a44fddff0840eb","status":"ok","duration_ms":0,"attributes":{"db.operation.name":"schema","db.system":"postgresql"}}
{"event":"correlation_span","name":"repository.query","kind":"client","trace_id":"b1b94b52361fa26a471f2923b2ae2491","span_id":"3d224b3ddb647c21","status":"ok","duration_ms":0,"attributes":{"db.operation.name":"query","db.system":"postgresql"}}
{"event":"correlation_span","name":"repository.query","kind":"client","trace_id":"1062635354dc83fa0df6e4b176657304","span_id":"8f31ac49f778226d","status":"ok","duration_ms":0,"attributes":{"db.operation.name":"query","db.system":"postgresql"}}
{"event":"correlation_span","name":"repository.schema","kind":"client","trace_id":"41554de20776570d963da0939300fc5c","span_id":"e0b2d8e97d768468","status":"ok","duration_ms":0,"attributes":{"db.operation.name":"schema","db.system":"postgresql"}}
{"event":"correlation_span","name":"repository.query","kind":"client","trace_id":"7b62849c08ceebe98c0d963b703f4418","span_id":"0ca4588345f84bb1","status":"ok","duration_ms":0,"attributes":{"db.operation.name":"query","db.system":"postgresql"}}
{"event":"correlation_span","name":"repository.schema","kind":"client","trace_id":"0d42c40e95731f964435ec9a5c3729c1","span_id":"2b94f822d4ad1879","status":"ok","duration_ms":0,"attributes":{"db.operation.name":"schema","db.system":"postgresql"}}
{"event":"correlation_span","name":"repository.query","kind":"client","trace_id":"e8afbc4f30268fa97059c3ea4db1386e","span_id":"4b86de3f7120ef04","status":"ok","duration_ms":0,"attributes":{"db.operation.name":"query","db.system":"postgresql"}}
{"event":"correlation_span","name":"repository.schema","kind":"client","trace_id":"07518be3298803d9a08a25dfe01578c8","span_id":"7da5ab01f8788aca","status":"ok","duration_ms":0,"attributes":{"db.operation.name":"schema","db.system":"postgresql"}}
{"event":"correlation_span","name":"repository.query","kind":"client","trace_id":"d8e1d44f162177c37e14e3c9115efe38","span_id":"d862e1959f158c51","status":"ok","duration_ms":0,"attributes":{"db.operation.name":"query","db.system":"postgresql"}}
{"event":"correlation_span","name":"repository.query","kind":"client","trace_id":"6ac4000322ccf8e94446e90458256c22","span_id":"d93f4ef2b4227b4e","parent_span_id":"d899759d9d85329b","status":"ok","duration_ms":0,"attributes":{"db.operation.name":"query","db.system":"postgresql"}}
{"event":"correlation_span","name":"repository.query","kind":"client","trace_id":"6ac4000322ccf8e94446e90458256c22","span_id":"4113dbc17867efc0","parent_span_id":"d899759d9d85329b","status":"ok","duration_ms":0,"attributes":{"db.operation.name":"query","db.system":"postgresql"}}
{"event":"correlation_span","name":"repository.query","kind":"client","trace_id":"6ac4000322ccf8e94446e90458256c22","span_id":"113e38e10e3ce826","parent_span_id":"d899759d9d85329b","status":"error","duration_ms":0,"attributes":{"db.operation.name":"query","db.system":"postgresql"}}
{"correlation_id":"pid_209561f1-0fc8-4fc5-9053-b8669cb29580","duration_ms":0,"event":"http_request","method":"GET","route":"/api/v1/audit-exports/:resource","severity":"INFO","span_id":"d899759d9d85329b","status":503,"timestamp":"2026-10-06T02:07:08.542534445Z","trace_id":"6ac4000322ccf8e94446e90458256c22"}
{"event":"correlation_span","name":"http.request","kind":"server","trace_id":"6ac4000322ccf8e94446e90458256c22","span_id":"d899759d9d85329b","parent_span_id":"c6dcb5cab107412b","status":"error","duration_ms":0,"attributes":{"http.request.method":"GET","http.response.status_code":"503","http.route":"/api/v1/audit-exports/:resource"}}
{"event":"correlation_span","name":"repository.query","kind":"client","trace_id":"3ff71a2a67a82c0708e18a7a291afb84","span_id":"7e9cc52fedbe6016","status":"ok","duration_ms":0,"attributes":{"db.operation.name":"query","db.system":"postgresql"}}
--- PASS: TestAuditExportRuntimeCompositionMountReadinessAndCleanup (0.03s)
=== RUN   TestAuditExportRuntimeCompositionRequiresExportAuthority
{"event":"correlation_span","name":"repository.query","kind":"client","trace_id":"13ff1a1b88090c122c0a0c1477092bf6","span_id":"87f31479c095039a","status":"ok","duration_ms":0,"attributes":{"db.operation.name":"query","db.system":"postgresql"}}
{"event":"correlation_span","name":"repository.query","kind":"client","trace_id":"16a646558693d3c117bc77cc0eaf2cdf","span_id":"2e3f44862b3deaca","status":"ok","duration_ms":0,"attributes":{"db.operation.name":"query","db.system":"postgresql"}}
{"event":"correlation_span","name":"repository.schema","kind":"client","trace_id":"76a17201cf8bea7f8a79235757d99b5f","span_id":"817438ffe830e4ba","status":"ok","duration_ms":0,"attributes":{"db.operation.name":"schema","db.system":"postgresql"}}
{"event":"correlation_span","name":"repository.schema","kind":"client","trace_id":"59a1248d69c7a0c991cdc60283ca90a9","span_id":"697d6953ced58947","status":"ok","duration_ms":0,"attributes":{"db.operation.name":"schema","db.system":"postgresql"}}
{"event":"correlation_span","name":"repository.query","kind":"client","trace_id":"0f4eea544150f9d364973c63b66ef43e","span_id":"f64b0e629476143d","status":"ok","duration_ms":0,"attributes":{"db.operation.name":"query","db.system":"postgresql"}}
{"event":"correlation_span","name":"repository.query","kind":"client","trace_id":"13664dde02dec78bff4333012d5b50a2","span_id":"e60df584d4a243b6","status":"ok","duration_ms":0,"attributes":{"db.operation.name":"query","db.system":"postgresql"}}
{"event":"correlation_span","name":"repository.schema","kind":"client","trace_id":"f70e09516ca9878c08866ebc446d7d59","span_id":"e40cbdfa886e4329","status":"ok","duration_ms":0,"attributes":{"db.operation.name":"schema","db.system":"postgresql"}}
{"event":"correlation_span","name":"repository.schema","kind":"client","trace_id":"e5cc1cb1239ace1b1f6a042d0bff45d9","span_id":"7a71d373276a7403","status":"ok","duration_ms":0,"attributes":{"db.operation.name":"schema","db.system":"postgresql"}}
{"event":"correlation_span","name":"repository.query","kind":"client","trace_id":"8c5cb17ba92219131c2712a11435155d","span_id":"427a58139e3684fc","status":"ok","duration_ms":0,"attributes":{"db.operation.name":"query","db.system":"postgresql"}}
{"event":"correlation_span","name":"repository.schema","kind":"client","trace_id":"aef4a8b86e23a559bedae46203bae97b","span_id":"f54691785088a189","status":"ok","duration_ms":0,"attributes":{"db.operation.name":"schema","db.system":"postgresql"}}
{"event":"correlation_span","name":"repository.query","kind":"client","trace_id":"4ac68f7a402757e8ea98b0f79f2cf76d","span_id":"681a6abedc7d058a","status":"ok","duration_ms":0,"attributes":{"db.operation.name":"query","db.system":"postgresql"}}
{"event":"correlation_span","name":"repository.query","kind":"client","trace_id":"7b7c4be3f0b033bcfc4ae23190568256","span_id":"f990109ff127f78b","status":"ok","duration_ms":0,"attributes":{"db.operation.name":"query","db.system":"postgresql"}}
{"event":"correlation_span","name":"repository.query","kind":"client","trace_id":"0e0753b9955e72c8e11bdcb66717fad7","span_id":"bd5338101462af72","status":"ok","duration_ms":0,"attributes":{"db.operation.name":"query","db.system":"postgresql"}}
{"event":"correlation_span","name":"repository.schema","kind":"client","trace_id":"9c3db60055f9ae3090b5602e13582ee5","span_id":"fbf95b3452e61cf6","status":"ok","duration_ms":0,"attributes":{"db.operation.name":"schema","db.system":"postgresql"}}
{"event":"correlation_span","name":"repository.schema","kind":"client","trace_id":"9efa648913eb16c776ce4fe70a0d2782","span_id":"0b6c0a154d50ead6","status":"ok","duration_ms":0,"attributes":{"db.operation.name":"schema","db.system":"postgresql"}}
{"event":"correlation_span","name":"repository.query","kind":"client","trace_id":"68121f1316fa5b5946996bdd2eccbe9f","span_id":"edb41988fa382337","status":"ok","duration_ms":0,"attributes":{"db.operation.name":"query","db.system":"postgresql"}}
{"event":"correlation_span","name":"repository.query","kind":"client","trace_id":"7c842105754a3ac42f831e0486bcacf4","span_id":"05df673331108aae","status":"ok","duration_ms":0,"attributes":{"db.operation.name":"query","db.system":"postgresql"}}
{"event":"correlation_span","name":"repository.schema","kind":"client","trace_id":"fcdab2646e8578961c77e03682fbaf8c","span_id":"8700f927d73ed2e5","status":"ok","duration_ms":0,"attributes":{"db.operation.name":"schema","db.system":"postgresql"}}
{"event":"correlation_span","name":"repository.schema","kind":"client","trace_id":"9ad3445045daa398751cf8b9369b180b","span_id":"95ab3cccb5ee029d","status":"ok","duration_ms":0,"attributes":{"db.operation.name":"schema","db.system":"postgresql"}}
{"event":"correlation_span","name":"repository.query","kind":"client","trace_id":"35a32bca301b5203ba9f984ac36df49f","span_id":"9b28c9a3a33e2bac","status":"ok","duration_ms":0,"attributes":{"db.operation.name":"query","db.system":"postgresql"}}
{"event":"correlation_span","name":"repository.schema","kind":"client","trace_id":"e17bd080caeff221c95dffdead355173","span_id":"41b4ed6125c88504","status":"ok","duration_ms":0,"attributes":{"db.operation.name":"schema","db.system":"postgresql"}}
{"event":"correlation_span","name":"repository.query","kind":"client","trace_id":"1b7ffeed56f3f23fcab9c8ea21e5fbf8","span_id":"a11fb9633a211edb","status":"ok","duration_ms":0,"attributes":{"db.operation.name":"query","db.system":"postgresql"}}
{"event":"correlation_span","name":"repository.query","kind":"client","trace_id":"da9f442782055f9044924ac6bb5247d0","span_id":"daa1c38b62758882","status":"ok","duration_ms":0,"attributes":{"db.operation.name":"query","db.system":"postgresql"}}
{"event":"correlation_span","name":"repository.query","kind":"client","trace_id":"b6c2b1246da8ccd0395f29d690dc1abf","span_id":"a7ff1391152f9a3f","status":"ok","duration_ms":0,"attributes":{"db.operation.name":"query","db.system":"postgresql"}}
{"event":"correlation_span","name":"repository.schema","kind":"client","trace_id":"65dc17e1dfb2669d8e1504e0e842b3ed","span_id":"eab05119f9509fc1","status":"ok","duration_ms":0,"attributes":{"db.operation.name":"schema","db.system":"postgresql"}}
{"event":"correlation_span","name":"repository.schema","kind":"client","trace_id":"66e9c93b09828f5bbef08d23645e2ef4","span_id":"3c6aa4b2d7ab943d","status":"ok","duration_ms":0,"attributes":{"db.operation.name":"schema","db.system":"postgresql"}}
{"event":"correlation_span","name":"repository.query","kind":"client","trace_id":"50f37cdd81c455fa8ae51583fd1c55da","span_id":"23c528a3214d8d5e","status":"ok","duration_ms":0,"attributes":{"db.operation.name":"query","db.system":"postgresql"}}
{"event":"correlation_span","name":"repository.query","kind":"client","trace_id":"cae403be8c4c7b25a5355d9b7debc257","span_id":"a27a3044b89b9529","status":"ok","duration_ms":0,"attributes":{"db.operation.name":"query","db.system":"postgresql"}}
{"event":"correlation_span","name":"repository.schema","kind":"client","trace_id":"ca6769e39e9452483b022baa34bb369d","span_id":"fb9513caed3104d0","status":"ok","duration_ms":0,"attributes":{"db.operation.name":"schema","db.system":"postgresql"}}
{"event":"correlation_span","name":"repository.schema","kind":"client","trace_id":"6714805ac3f3f9cc88a8140d86c3d5e3","span_id":"dcd009eed164d203","status":"ok","duration_ms":0,"attributes":{"db.operation.name":"schema","db.system":"postgresql"}}
{"event":"correlation_span","name":"repository.query","kind":"client","trace_id":"e2e207a2999f2c80552aa491e685e308","span_id":"953c339046ac29b2","status":"ok","duration_ms":0,"attributes":{"db.operation.name":"query","db.system":"postgresql"}}
{"event":"correlation_span","name":"repository.schema","kind":"client","trace_id":"f24c6a66ec9dd3c04a4187c18d0e419d","span_id":"632ca5337d8fb5f0","status":"ok","duration_ms":0,"attributes":{"db.operation.name":"schema","db.system":"postgresql"}}
{"event":"correlation_span","name":"repository.query","kind":"client","trace_id":"255aba273579f8930e6efaf47cb054c3","span_id":"0d88ca147089c173","status":"ok","duration_ms":0,"attributes":{"db.operation.name":"query","db.system":"postgresql"}}
--- PASS: TestAuditExportRuntimeCompositionRequiresExportAuthority (0.02s)
=== RUN   TestAuditExportRuntimeAbsentConfigurationDoesNotClaimStorage
{"event":"correlation_span","name":"repository.query","kind":"client","trace_id":"25a7e42c757cc56bec636b3f68f15fec","span_id":"09e23d9678700080","status":"ok","duration_ms":0,"attributes":{"db.operation.name":"query","db.system":"postgresql"}}
{"event":"correlation_span","name":"repository.query","kind":"client","trace_id":"32e006a7b719302b3b14e5a54e817fee","span_id":"3bc70ddc6a0c507a","status":"ok","duration_ms":0,"attributes":{"db.operation.name":"query","db.system":"postgresql"}}
{"event":"correlation_span","name":"repository.schema","kind":"client","trace_id":"fe56d19cb60d5253a1d3f5f4cd9a8cca","span_id":"49fd23fa921219d8","status":"ok","duration_ms":0,"attributes":{"db.operation.name":"schema","db.system":"postgresql"}}
{"event":"correlation_span","name":"repository.schema","kind":"client","trace_id":"a33279e90bf68f03fc3fd8a461154b34","span_id":"e55c17daf0995818","status":"ok","duration_ms":0,"attributes":{"db.operation.name":"schema","db.system":"postgresql"}}
{"event":"correlation_span","name":"repository.query","kind":"client","trace_id":"da85b6b0d9b083f99412a6d423ad6d24","span_id":"111c81521f8f288a","status":"ok","duration_ms":0,"attributes":{"db.operation.name":"query","db.system":"postgresql"}}
{"event":"correlation_span","name":"repository.query","kind":"client","trace_id":"5234ceeba093c0de6515330546390b94","span_id":"78cbab059014bc33","status":"ok","duration_ms":0,"attributes":{"db.operation.name":"query","db.system":"postgresql"}}
{"event":"correlation_span","name":"repository.schema","kind":"client","trace_id":"6d8b670c6826cdab2e00abdca231912c","span_id":"978e7fa47007f686","status":"ok","duration_ms":0,"attributes":{"db.operation.name":"schema","db.system":"postgresql"}}
{"event":"correlation_span","name":"repository.schema","kind":"client","trace_id":"7b71420be19dd7619ece2e50d4ff586f","span_id":"933199c140b25fda","status":"ok","duration_ms":0,"attributes":{"db.operation.name":"schema","db.system":"postgresql"}}
{"event":"correlation_span","name":"repository.query","kind":"client","trace_id":"ee161a3d26d81a19023d2a4884b7241f","span_id":"105c3c9f13c3a765","status":"ok","duration_ms":0,"attributes":{"db.operation.name":"query","db.system":"postgresql"}}
{"event":"correlation_span","name":"repository.schema","kind":"client","trace_id":"8052ae5dca8e16b364a1fabe1b9afc79","span_id":"9f5b25948a10fde3","status":"ok","duration_ms":0,"attributes":{"db.operation.name":"schema","db.system":"postgresql"}}
{"event":"correlation_span","name":"repository.query","kind":"client","trace_id":"66cd14b6907f679f823d6b162c409fce","span_id":"57a0cb0ebac9bbf2","status":"ok","duration_ms":0,"attributes":{"db.operation.name":"query","db.system":"postgresql"}}
{"event":"correlation_span","name":"repository.query","kind":"client","trace_id":"b8c36f801210d6bb3107bf920bd27c6f","span_id":"fd810beb0fc03e00","status":"ok","duration_ms":0,"attributes":{"db.operation.name":"query","db.system":"postgresql"}}
{"event":"correlation_span","name":"repository.schema","kind":"client","trace_id":"abcc25951a1a6dc46e752dc958088726","span_id":"bffcb2250ea1b052","status":"ok","duration_ms":0,"attributes":{"db.operation.name":"schema","db.system":"postgresql"}}
{"event":"correlation_span","name":"repository.query","kind":"client","trace_id":"1663e1a5b605100b16733aa0803d9740","span_id":"12731ed1a84d15e7","status":"ok","duration_ms":0,"attributes":{"db.operation.name":"query","db.system":"postgresql"}}
{"event":"correlation_span","name":"repository.schema","kind":"client","trace_id":"b8f65c2735126d6994286610c7d55216","span_id":"62867f248f672944","status":"ok","duration_ms":0,"attributes":{"db.operation.name":"schema","db.system":"postgresql"}}
{"event":"correlation_span","name":"repository.query","kind":"client","trace_id":"01cdc241185da6fd275e8243e8589096","span_id":"97a5209c3baa719e","status":"ok","duration_ms":0,"attributes":{"db.operation.name":"query","db.system":"postgresql"}}
{"event":"correlation_span","name":"repository.schema","kind":"client","trace_id":"f8cf9a7fd0be71a290cf526a5df128a2","span_id":"aa3fa8185a5758ee","status":"ok","duration_ms":0,"attributes":{"db.operation.name":"schema","db.system":"postgresql"}}
{"event":"correlation_span","name":"repository.query","kind":"client","trace_id":"0b23f4f807f24dbfa221c0a0534af3b2","span_id":"472cf052012bd378","status":"ok","duration_ms":0,"attributes":{"db.operation.name":"query","db.system":"postgresql"}}
--- PASS: TestAuditExportRuntimeAbsentConfigurationDoesNotClaimStorage (0.01s)
=== RUN   TestAuditPublicPageCompositionSelectedAndLegacy
=== RUN   TestAuditPublicPageCompositionSelectedAndLegacy/ordinary/legacy
{"event":"correlation_span","name":"repository.schema","kind":"client","trace_id":"ccf093f7da6ca02d9e15f05f707a285b","span_id":"eacfdc5dacc4852b","status":"ok","duration_ms":0,"attributes":{"db.operation.name":"schema","db.system":"postgresql"}}
{"event":"correlation_span","name":"repository.schema","kind":"client","trace_id":"4c3463433d778fa1d1af6b9ad04b5c57","span_id":"e639be839e9ab17f","status":"ok","duration_ms":0,"attributes":{"db.operation.name":"schema","db.system":"postgresql"}}
{"event":"correlation_span","name":"repository.query","kind":"client","trace_id":"49c5210c58d0dc246927d427960f738f","span_id":"aa813557401d4124","status":"ok","duration_ms":0,"attributes":{"db.operation.name":"query","db.system":"postgresql"}}
{"event":"correlation_span","name":"repository.query","kind":"client","trace_id":"d8c31201bd1e71992e942ceaf3c834e5","span_id":"f4ab23d351724d06","status":"ok","duration_ms":0,"attributes":{"db.operation.name":"query","db.system":"postgresql"}}
{"event":"correlation_span","name":"repository.schema","kind":"client","trace_id":"e6b8314c9a541cf58c3331f094d9e939","span_id":"fad00dc624f0e67a","status":"ok","duration_ms":0,"attributes":{"db.operation.name":"schema","db.system":"postgresql"}}
{"event":"correlation_span","name":"repository.schema","kind":"client","trace_id":"1b43bfac2580f9a98023ac89dfa43321","span_id":"8273facc47860ed6","status":"ok","duration_ms":0,"attributes":{"db.operation.name":"schema","db.system":"postgresql"}}
{"event":"correlation_span","name":"repository.query","kind":"client","trace_id":"46a99a52b2b6008196bbaee861e1e346","span_id":"568042706c7aaabb","status":"ok","duration_ms":0,"attributes":{"db.operation.name":"query","db.system":"postgresql"}}
{"event":"correlation_span","name":"repository.query","kind":"client","trace_id":"66a6249bf9b906017e109031c483729c","span_id":"ada2a70525890533","parent_span_id":"c61deabccade9450","status":"ok","duration_ms":0,"attributes":{"db.operation.name":"query","db.system":"postgresql"}}
{"event":"correlation_span","name":"repository.query","kind":"client","trace_id":"66a6249bf9b906017e109031c483729c","span_id":"cc2163041e07a9b4","parent_span_id":"c61deabccade9450","status":"ok","duration_ms":0,"attributes":{"db.operation.name":"query","db.system":"postgresql"}}
{"correlation_id":"pid_cfcc46f6-f1bd-4249-bc02-5263060a8b92","duration_ms":0,"event":"http_request","method":"GET","route":"/api/v1/audit-events","severity":"INFO","span_id":"c61deabccade9450","status":200,"timestamp":"2026-10-06T02:07:08.583831624Z","trace_id":"66a6249bf9b906017e109031c483729c"}
{"event":"correlation_span","name":"http.request","kind":"server","trace_id":"66a6249bf9b906017e109031c483729c","span_id":"c61deabccade9450","parent_span_id":"a532d95d41d7d96d","status":"ok","duration_ms":0,"attributes":{"http.request.method":"GET","http.response.status_code":"200","http.route":"/api/v1/audit-events"}}
=== RUN   TestAuditPublicPageCompositionSelectedAndLegacy/ordinary/selected
{"event":"correlation_span","name":"repository.schema","kind":"client","trace_id":"fd8a6896624979102befd2eb8a1c2951","span_id":"b710e5476c145446","status":"ok","duration_ms":0,"attributes":{"db.operation.name":"schema","db.system":"postgresql"}}
{"event":"correlation_span","name":"repository.schema","kind":"client","trace_id":"2f92323e7a17d9fdce50ccd9eca79dac","span_id":"424c284bbbc379bb","status":"ok","duration_ms":0,"attributes":{"db.operation.name":"schema","db.system":"postgresql"}}
{"event":"correlation_span","name":"repository.query","kind":"client","trace_id":"54e45fb9b0cde73363dcf90a00cd2c2b","span_id":"2e59303211d601b3","status":"ok","duration_ms":0,"attributes":{"db.operation.name":"query","db.system":"postgresql"}}
{"event":"correlation_span","name":"repository.query","kind":"client","trace_id":"26b302797ee24a530978b4ac858a97cb","span_id":"a2a795519ca45ef5","status":"ok","duration_ms":0,"attributes":{"db.operation.name":"query","db.system":"postgresql"}}
{"event":"correlation_span","name":"repository.schema","kind":"client","trace_id":"50e2f4675bbb77b4aa3530899a76372d","span_id":"397f7f995d212254","status":"ok","duration_ms":0,"attributes":{"db.operation.name":"schema","db.system":"postgresql"}}
{"event":"correlation_span","name":"repository.schema","kind":"client","trace_id":"8dfdd2fd7bcf32315a8cca7fa26ec9b3","span_id":"1e576d544c50296c","status":"ok","duration_ms":0,"attributes":{"db.operation.name":"schema","db.system":"postgresql"}}
{"event":"correlation_span","name":"repository.query","kind":"client","trace_id":"9d83346e52e7c52faf345f0fa25fa86d","span_id":"1e9abf95270926ff","status":"ok","duration_ms":0,"attributes":{"db.operation.name":"query","db.system":"postgresql"}}
{"event":"correlation_span","name":"repository.schema","kind":"client","trace_id":"c2e48509e5ead2d5f20b0289aed7cb83","span_id":"0e2450ec3f120eb6","status":"ok","duration_ms":0,"attributes":{"db.operation.name":"schema","db.system":"postgresql"}}
=== RUN   TestAuditPublicPageCompositionSelectedAndLegacy/security-agent/legacy
{"event":"correlation_span","name":"repository.query","kind":"client","trace_id":"15ee8d83a83b918d22b581dee5e9ba54","span_id":"e5bf44e49d8bee58","status":"ok","duration_ms":0,"attributes":{"db.operation.name":"query","db.system":"postgresql"}}
{"event":"correlation_span","name":"repository.query","kind":"client","trace_id":"2c81c390fadd42e80b323304f9c5da96","span_id":"d2bf0bccbc5a82f3","status":"ok","duration_ms":0,"attributes":{"db.operation.name":"query","db.system":"postgresql"}}
{"event":"correlation_span","name":"repository.schema","kind":"client","trace_id":"dd5cc242670893f139a280a3886adc6f","span_id":"37ed3263c63372f9","status":"ok","duration_ms":0,"attributes":{"db.operation.name":"schema","db.system":"postgresql"}}
{"event":"correlation_span","name":"repository.schema","kind":"client","trace_id":"00f05d70f493a0470dccdf66060cf4b9","span_id":"6bcd5b3ddb930456","status":"ok","duration_ms":0,"attributes":{"db.operation.name":"schema","db.system":"postgresql"}}
{"event":"correlation_span","name":"repository.query","kind":"client","trace_id":"cfc1affdfd3f80de92a162b0b0a30c19","span_id":"ce56382fc811b314","status":"ok","duration_ms":0,"attributes":{"db.operation.name":"query","db.system":"postgresql"}}
{"event":"correlation_span","name":"repository.query","kind":"client","trace_id":"a6d52721a1dc3f2eeb723d52d3bc939b","span_id":"cb87127e784e2c81","status":"ok","duration_ms":0,"attributes":{"db.operation.name":"query","db.system":"postgresql"}}
{"event":"correlation_span","name":"repository.schema","kind":"client","trace_id":"817f61876482574a751155f00326b49c","span_id":"5db4b3bbe8ae473d","status":"ok","duration_ms":0,"attributes":{"db.operation.name":"schema","db.system":"postgresql"}}
{"event":"correlation_span","name":"repository.schema","kind":"client","trace_id":"83823fec0d7c756b9532c9e08f130ff6","span_id":"25daf64564f202b5","status":"ok","duration_ms":0,"attributes":{"db.operation.name":"schema","db.system":"postgresql"}}
{"event":"correlation_span","name":"repository.query","kind":"client","trace_id":"6f0276e0d3a8af2526526451e69b19fb","span_id":"0bb4c88e33266e98","status":"ok","duration_ms":0,"attributes":{"db.operation.name":"query","db.system":"postgresql"}}
{"event":"correlation_span","name":"repository.schema","kind":"client","trace_id":"a36de04de97e626d15571e7e70a5a79f","span_id":"6632f0ac85ae1587","status":"ok","duration_ms":0,"attributes":{"db.operation.name":"schema","db.system":"postgresql"}}
{"event":"correlation_span","name":"repository.query","kind":"client","trace_id":"58baa709c6296d82935ccf8a78a849e8","span_id":"f5ac894b4854fb75","status":"ok","duration_ms":0,"attributes":{"db.operation.name":"query","db.system":"postgresql"}}
{"event":"correlation_span","name":"repository.query","kind":"client","trace_id":"c0cdd8d08ab795be0a42ac99597cf4dc","span_id":"44721fce16d8e712","status":"ok","duration_ms":0,"attributes":{"db.operation.name":"query","db.system":"postgresql"}}
{"event":"correlation_span","name":"repository.schema","kind":"client","trace_id":"6146f2eb5b4bc5897a79e8f02fbbe924","span_id":"df722ea93aa31de7","status":"ok","duration_ms":0,"attributes":{"db.operation.name":"schema","db.system":"postgresql"}}
{"event":"correlation_span","name":"repository.query","kind":"client","trace_id":"c6fe6e0283fc399b8abb20ba3e6bfe9b","span_id":"3da40f0704e86661","status":"ok","duration_ms":0,"attributes":{"db.operation.name":"query","db.system":"postgresql"}}
{"event":"correlation_span","name":"repository.schema","kind":"client","trace_id":"e77251cdbb3cf0c6730495dc94ac7f3a","span_id":"5d8e812dbab34d9d","status":"ok","duration_ms":0,"attributes":{"db.operation.name":"schema","db.system":"postgresql"}}
{"event":"correlation_span","name":"repository.query","kind":"client","trace_id":"69421f6d612439d0fd83356180fd27c1","span_id":"cf54586e90ad5769","status":"ok","duration_ms":0,"attributes":{"db.operation.name":"query","db.system":"postgresql"}}
{"event":"correlation_span","name":"repository.schema","kind":"client","trace_id":"4dea97c6419efaa98f2c7b7c4a882fee","span_id":"7fa900ef9d1fcb07","status":"ok","duration_ms":0,"attributes":{"db.operation.name":"schema","db.system":"postgresql"}}
{"event":"correlation_span","name":"repository.query","kind":"client","trace_id":"cb109e265e338e9ed077ccd9a0c7ee8d","span_id":"acdd2bf87aee30b8","status":"ok","duration_ms":0,"attributes":{"db.operation.name":"query","db.system":"postgresql"}}
{"event":"correlation_span","name":"repository.query","kind":"client","trace_id":"cf6d1c76d84669855ebc629da56fba0e","span_id":"cb36f157b956a33c","parent_span_id":"419e517b9674c115","status":"ok","duration_ms":0,"attributes":{"db.operation.name":"query","db.system":"postgresql"}}
{"event":"correlation_span","name":"repository.query","kind":"client","trace_id":"cf6d1c76d84669855ebc629da56fba0e","span_id":"f0273920ffaeab8f","parent_span_id":"419e517b9674c115","status":"ok","duration_ms":0,"attributes":{"db.operation.name":"query","db.system":"postgresql"}}
{"correlation_id":"pid_84e818e2-c5b3-4305-b6b4-636f03618d17","duration_ms":0,"event":"http_request","method":"GET","route":"/api/v1/audit-events","severity":"INFO","span_id":"419e517b9674c115","status":200,"timestamp":"2026-10-06T02:07:08.59576224Z","trace_id":"cf6d1c76d84669855ebc629da56fba0e"}
{"event":"correlation_span","name":"http.request","kind":"server","trace_id":"cf6d1c76d84669855ebc629da56fba0e","span_id":"419e517b9674c115","parent_span_id":"eb13bf6688ded7e1","status":"ok","duration_ms":0,"attributes":{"http.request.method":"GET","http.response.status_code":"200","http.route":"/api/v1/audit-events"}}
=== RUN   TestAuditPublicPageCompositionSelectedAndLegacy/security-agent/selected
{"event":"correlation_span","name":"repository.query","kind":"client","trace_id":"75aa55f7dcdc8792827bd4569d22a46b","span_id":"239d27a96a3cb36a","status":"ok","duration_ms":0,"attributes":{"db.operation.name":"query","db.system":"postgresql"}}
{"event":"correlation_span","name":"repository.query","kind":"client","trace_id":"6cd15bcfc5821f246e8cd8daaf33517a","span_id":"1c13e4cb13710be6","status":"ok","duration_ms":0,"attributes":{"db.operation.name":"query","db.system":"postgresql"}}
{"event":"correlation_span","name":"repository.schema","kind":"client","trace_id":"0ce8560a529bb801fb84d60d1929824c","span_id":"950ef6dd8705bb0c","status":"ok","duration_ms":0,"attributes":{"db.operation.name":"schema","db.system":"postgresql"}}
{"event":"correlation_span","name":"repository.schema","kind":"client","trace_id":"afac8f01e228e6100bfbb06aafd1462e","span_id":"4f0f0f16e64f089d","status":"ok","duration_ms":0,"attributes":{"db.operation.name":"schema","db.system":"postgresql"}}
{"event":"correlation_span","name":"repository.query","kind":"client","trace_id":"875fb094ca85d3f66a551044b091815d","span_id":"2e61651544697093","status":"ok","duration_ms":0,"attributes":{"db.operation.name":"query","db.system":"postgresql"}}
{"event":"correlation_span","name":"repository.query","kind":"client","trace_id":"9a4fcf0bd4a2ad5205b665652ad89ae0","span_id":"6ed385981acf0c6d","status":"ok","duration_ms":0,"attributes":{"db.operation.name":"query","db.system":"postgresql"}}
{"event":"correlation_span","name":"repository.schema","kind":"client","trace_id":"88c51becc74aa4b0bcc1d2eec9550c51","span_id":"0bb0ddbb43df79bc","status":"ok","duration_ms":0,"attributes":{"db.operation.name":"schema","db.system":"postgresql"}}
{"event":"correlation_span","name":"repository.schema","kind":"client","trace_id":"2bb889be53508e6c587c1989cb315587","span_id":"523576defd163f94","status":"ok","duration_ms":0,"attributes":{"db.operation.name":"schema","db.system":"postgresql"}}
{"event":"correlation_span","name":"repository.query","kind":"client","trace_id":"f3a5de3d0e63d59905da244c77dd78b4","span_id":"f546fd7f098b2d17","status":"ok","duration_ms":0,"attributes":{"db.operation.name":"query","db.system":"postgresql"}}
{"event":"correlation_span","name":"repository.schema","kind":"client","trace_id":"cd5733e073ffa3811975b32d3a0d92e5","span_id":"bceae564008b34ce","status":"ok","duration_ms":0,"attributes":{"db.operation.name":"schema","db.system":"postgresql"}}
{"event":"correlation_span","name":"repository.query","kind":"client","trace_id":"98e5b6803cca70ff85f163742d164593","span_id":"7e1d05677ce3e99a","status":"ok","duration_ms":0,"attributes":{"db.operation.name":"query","db.system":"postgresql"}}
{"event":"correlation_span","name":"repository.query","kind":"client","trace_id":"eaebdc3af7b0370efb618dc426d4aff9","span_id":"11af906018c920c8","status":"ok","duration_ms":0,"attributes":{"db.operation.name":"query","db.system":"postgresql"}}
{"event":"correlation_span","name":"repository.schema","kind":"client","trace_id":"53b7ad9926900c14f01fc510f6bea252","span_id":"641cbe2614be6bb9","status":"ok","duration_ms":0,"attributes":{"db.operation.name":"schema","db.system":"postgresql"}}
{"event":"correlation_span","name":"repository.query","kind":"client","trace_id":"8e5612b9d36ffd696e754a001f9a49bd","span_id":"be119739b6b3fafd","status":"ok","duration_ms":0,"attributes":{"db.operation.name":"query","db.system":"postgresql"}}
{"event":"correlation_span","name":"repository.query","kind":"client","trace_id":"445ad44d125211cadddb8c3fdb301dc3","span_id":"56c53b412a29d73f","status":"ok","duration_ms":0,"attributes":{"db.operation.name":"query","db.system":"postgresql"}}
{"event":"correlation_span","name":"repository.schema","kind":"client","trace_id":"16dc7cbb15f351981c640683f6ad28cf","span_id":"851155eaa6beb6d2","status":"ok","duration_ms":0,"attributes":{"db.operation.name":"schema","db.system":"postgresql"}}
{"event":"correlation_span","name":"repository.query","kind":"client","trace_id":"f0082b32086bf8892156c83132d39a70","span_id":"07d113f48c8ab434","status":"ok","duration_ms":0,"attributes":{"db.operation.name":"query","db.system":"postgresql"}}
{"event":"correlation_span","name":"repository.schema","kind":"client","trace_id":"09843ff0356d071c2173db104cafbb30","span_id":"eaf7c7504cb6e90e","status":"ok","duration_ms":0,"attributes":{"db.operation.name":"schema","db.system":"postgresql"}}
{"event":"correlation_span","name":"repository.query","kind":"client","trace_id":"4452bb309f5c94c895ab98b08debff06","span_id":"f899893934d246e0","status":"ok","duration_ms":0,"attributes":{"db.operation.name":"query","db.system":"postgresql"}}
{"event":"correlation_span","name":"repository.schema","kind":"client","trace_id":"a5d664a7433bd6d03e4d3730270888fc","span_id":"b8e24bdcebde1891","status":"ok","duration_ms":0,"attributes":{"db.operation.name":"schema","db.system":"postgresql"}}
{"event":"correlation_span","name":"repository.query","kind":"client","trace_id":"e852e4ac734ea115622f521d6b026bba","span_id":"3fea1c05010138fa","status":"ok","duration_ms":0,"attributes":{"db.operation.name":"query","db.system":"postgresql"}}
{"event":"correlation_span","name":"repository.query","kind":"client","trace_id":"9cad331f1af480c1e6c8d0e1a84e36d5","span_id":"79a354467d37b590","parent_span_id":"bb75f4c3c3119e46","status":"ok","duration_ms":0,"attributes":{"db.operation.name":"query","db.system":"postgresql"}}
{"event":"correlation_span","name":"repository.query","kind":"client","trace_id":"9cad331f1af480c1e6c8d0e1a84e36d5","span_id":"65326cbe657bee4e","parent_span_id":"bb75f4c3c3119e46","status":"ok","duration_ms":0,"attributes":{"db.operation.name":"query","db.system":"postgresql"}}
{"event":"correlation_span","name":"repository.query","kind":"client","trace_id":"9cad331f1af480c1e6c8d0e1a84e36d5","span_id":"8e774baac9f1f5ac","parent_span_id":"bb75f4c3c3119e46","status":"ok","duration_ms":0,"attributes":{"db.operation.name":"query","db.system":"postgresql"}}
{"correlation_id":"pid_b69dbb72-41ea-40fe-9111-9db251f14296","duration_ms":7,"event":"http_request","method":"GET","route":"/api/v1/audit-events","severity":"INFO","span_id":"bb75f4c3c3119e46","status":200,"timestamp":"2026-10-06T02:07:08.630945516Z","trace_id":"9cad331f1af480c1e6c8d0e1a84e36d5"}
{"event":"correlation_span","name":"http.request","kind":"server","trace_id":"9cad331f1af480c1e6c8d0e1a84e36d5","span_id":"bb75f4c3c3119e46","parent_span_id":"7ed773d617ed9441","status":"ok","duration_ms":8,"attributes":{"http.request.method":"GET","http.response.status_code":"200","http.route":"/api/v1/audit-events"}}
{"event":"correlation_span","name":"repository.query","kind":"client","trace_id":"34b31b6837dba7f2947ba1fd0f98ba07","span_id":"77d174511aa5b8ca","parent_span_id":"7acd39e303ff0f17","status":"ok","duration_ms":0,"attributes":{"db.operation.name":"query","db.system":"postgresql"}}
{"event":"correlation_span","name":"repository.query","kind":"client","trace_id":"34b31b6837dba7f2947ba1fd0f98ba07","span_id":"c3d1299fa93ab455","parent_span_id":"7acd39e303ff0f17","status":"ok","duration_ms":0,"attributes":{"db.operation.name":"query","db.system":"postgresql"}}
{"correlation_id":"pid_d7146fce-d0d1-4ca8-985b-0ae8cf9a13a8","duration_ms":15,"event":"http_request","method":"GET","route":"/api/v1/audit-events","severity":"INFO","span_id":"7acd39e303ff0f17","status":503,"timestamp":"2026-10-06T02:07:08.649455855Z","trace_id":"34b31b6837dba7f2947ba1fd0f98ba07"}
{"event":"correlation_span","name":"http.request","kind":"server","trace_id":"34b31b6837dba7f2947ba1fd0f98ba07","span_id":"7acd39e303ff0f17","parent_span_id":"66dcfc9d2c353020","status":"error","duration_ms":15,"attributes":{"http.request.method":"GET","http.response.status_code":"503","http.route":"/api/v1/audit-events"}}
--- PASS: TestAuditPublicPageCompositionSelectedAndLegacy (0.07s)
    --- PASS: TestAuditPublicPageCompositionSelectedAndLegacy/ordinary/legacy (0.01s)
    --- PASS: TestAuditPublicPageCompositionSelectedAndLegacy/ordinary/selected (0.00s)
    --- PASS: TestAuditPublicPageCompositionSelectedAndLegacy/security-agent/legacy (0.01s)
    --- PASS: TestAuditPublicPageCompositionSelectedAndLegacy/security-agent/selected (0.05s)
=== RUN   TestAuditPublicPageCompositionSelectedStartupRefusal
=== RUN   TestAuditPublicPageCompositionSelectedStartupRefusal/false
{"event":"correlation_span","name":"repository.query","kind":"client","trace_id":"5184f6c2027c48dd4457015802892950","span_id":"3fdc24a8ddf05123","status":"ok","duration_ms":0,"attributes":{"db.operation.name":"query","db.system":"postgresql"}}
{"event":"correlation_span","name":"repository.query","kind":"client","trace_id":"6066f672b23f70c16c586d3bc0f87708","span_id":"e5500530813b72e3","status":"ok","duration_ms":0,"attributes":{"db.operation.name":"query","db.system":"postgresql"}}
{"event":"correlation_span","name":"repository.schema","kind":"client","trace_id":"2175a72bffb0845024c5419848477c90","span_id":"4c5e4c0874c35a90","status":"ok","duration_ms":0,"attributes":{"db.operation.name":"schema","db.system":"postgresql"}}
{"event":"correlation_span","name":"repository.schema","kind":"client","trace_id":"92ec18039d830fb6f643aba7ad147e21","span_id":"43e0c0c64be83f9e","status":"ok","duration_ms":0,"attributes":{"db.operation.name":"schema","db.system":"postgresql"}}
{"event":"correlation_span","name":"repository.query","kind":"client","trace_id":"a700a7c7480569dddce86120d15f0007","span_id":"e5c641a2efd11f9c","status":"ok","duration_ms":0,"attributes":{"db.operation.name":"query","db.system":"postgresql"}}
{"event":"correlation_span","name":"repository.query","kind":"client","trace_id":"c68d485a57b66e715e5dd2e517e42b93","span_id":"29546c111b809409","status":"ok","duration_ms":0,"attributes":{"db.operation.name":"query","db.system":"postgresql"}}
{"event":"correlation_span","name":"repository.schema","kind":"client","trace_id":"abf4bbb9977b47d0991406c64bcdbaae","span_id":"83c80daa7a5fc7d7","status":"ok","duration_ms":0,"attributes":{"db.operation.name":"schema","db.system":"postgresql"}}
{"event":"correlation_span","name":"repository.schema","kind":"client","trace_id":"e881c34ea649454fc8b47a3f517d777e","span_id":"ad40c0b4a7f98e84","status":"ok","duration_ms":0,"attributes":{"db.operation.name":"schema","db.system":"postgresql"}}
{"event":"correlation_span","name":"repository.query","kind":"client","trace_id":"a6acf731bbe27e6871d26ba38cf90479","span_id":"641cb7856241b473","status":"ok","duration_ms":0,"attributes":{"db.operation.name":"query","db.system":"postgresql"}}
{"event":"correlation_span","name":"repository.schema","kind":"client","trace_id":"62529206cb418a2e126cf972d1c8d21e","span_id":"6f6f03c5f4f32cf2","status":"ok","duration_ms":0,"attributes":{"db.operation.name":"schema","db.system":"postgresql"}}
{"event":"correlation_span","name":"repository.query","kind":"client","trace_id":"d57b78fb61dc37e6e691c0fc6ea95be9","span_id":"db19a0562f2a4089","status":"ok","duration_ms":0,"attributes":{"db.operation.name":"query","db.system":"postgresql"}}
{"event":"correlation_span","name":"repository.query","kind":"client","trace_id":"4eeb16abc6607c26dcfe9a6f2e4a062e","span_id":"05fc2c80b1d28d7c","status":"ok","duration_ms":0,"attributes":{"db.operation.name":"query","db.system":"postgresql"}}
=== RUN   TestAuditPublicPageCompositionSelectedStartupRefusal/null
{"event":"correlation_span","name":"repository.query","kind":"client","trace_id":"90c6cd2fd832c9a25872f68be595efb6","span_id":"66712f92999a1456","status":"ok","duration_ms":0,"attributes":{"db.operation.name":"query","db.system":"postgresql"}}
{"event":"correlation_span","name":"repository.query","kind":"client","trace_id":"80eb11962b89932d404c3ee4ec18a90a","span_id":"647e93212098c869","status":"ok","duration_ms":0,"attributes":{"db.operation.name":"query","db.system":"postgresql"}}
{"event":"correlation_span","name":"repository.schema","kind":"client","trace_id":"93194cec6d2963b2b5d3cd3b467405e1","span_id":"6b566cdc74d2416a","status":"ok","duration_ms":0,"attributes":{"db.operation.name":"schema","db.system":"postgresql"}}
{"event":"correlation_span","name":"repository.schema","kind":"client","trace_id":"a5689c9c6d63537365a2acdfc9be03f6","span_id":"297129695cef9dc4","status":"ok","duration_ms":0,"attributes":{"db.operation.name":"schema","db.system":"postgresql"}}
{"event":"correlation_span","name":"repository.query","kind":"client","trace_id":"1c7b827e6faf7d5d19f6855398566418","span_id":"ee03fc862295583d","status":"ok","duration_ms":0,"attributes":{"db.operation.name":"query","db.system":"postgresql"}}
{"event":"correlation_span","name":"repository.query","kind":"client","trace_id":"07bcb89258d9354c734d8984102c2c3f","span_id":"bdd223ebffa2b207","status":"ok","duration_ms":0,"attributes":{"db.operation.name":"query","db.system":"postgresql"}}
{"event":"correlation_span","name":"repository.schema","kind":"client","trace_id":"743eaffdc9d1eda1cb0723f29a8a698c","span_id":"905811c26df7bac7","status":"ok","duration_ms":0,"attributes":{"db.operation.name":"schema","db.system":"postgresql"}}
{"event":"correlation_span","name":"repository.schema","kind":"client","trace_id":"dec0a852fdd7d8a5e291e80e58a06837","span_id":"b12f9c10867cfdf3","status":"ok","duration_ms":0,"attributes":{"db.operation.name":"schema","db.system":"postgresql"}}
{"event":"correlation_span","name":"repository.query","kind":"client","trace_id":"4fb5cc2a53d4cfea52cef82e8daf106b","span_id":"72726343c538739c","status":"ok","duration_ms":0,"attributes":{"db.operation.name":"query","db.system":"postgresql"}}
{"event":"correlation_span","name":"repository.schema","kind":"client","trace_id":"cecbbbe946aefb10db9f6a7ad0227607","span_id":"720045a54e040a03","status":"ok","duration_ms":0,"attributes":{"db.operation.name":"schema","db.system":"postgresql"}}
{"event":"correlation_span","name":"repository.query","kind":"client","trace_id":"b9b3667bbaea0588604518af68a4f7a8","span_id":"e5c3678b1fee53fb","status":"ok","duration_ms":0,"attributes":{"db.operation.name":"query","db.system":"postgresql"}}
{"event":"correlation_span","name":"repository.query","kind":"client","trace_id":"19d8cb11af7e6df89697053782c826e0","span_id":"cb7eaf68b4993e04","status":"ok","duration_ms":0,"attributes":{"db.operation.name":"query","db.system":"postgresql"}}
=== RUN   TestAuditPublicPageCompositionSelectedStartupRefusal/{"ready":true}
{"event":"correlation_span","name":"repository.query","kind":"client","trace_id":"2a5b46b7a9c6e0ad30c79f3033420123","span_id":"13346300c57b974e","status":"ok","duration_ms":0,"attributes":{"db.operation.name":"query","db.system":"postgresql"}}
{"event":"correlation_span","name":"repository.query","kind":"client","trace_id":"a74b8b920a09b6745a215c47419c78d1","span_id":"c1789f0af0d0958b","status":"ok","duration_ms":0,"attributes":{"db.operation.name":"query","db.system":"postgresql"}}
{"event":"correlation_span","name":"repository.schema","kind":"client","trace_id":"7e1a6d1bc97a33ed63b16dcb35500df7","span_id":"109d93fa3fc48ad6","status":"ok","duration_ms":0,"attributes":{"db.operation.name":"schema","db.system":"postgresql"}}
{"event":"correlation_span","name":"repository.schema","kind":"client","trace_id":"c5d84442c986b2518c4a11b775e18c4d","span_id":"6dabff540b04e667","status":"ok","duration_ms":0,"attributes":{"db.operation.name":"schema","db.system":"postgresql"}}
{"event":"correlation_span","name":"repository.query","kind":"client","trace_id":"a32c68ee5c61952775ffca18fa813a20","span_id":"7431f4a13a3a1c8e","status":"ok","duration_ms":0,"attributes":{"db.operation.name":"query","db.system":"postgresql"}}
{"event":"correlation_span","name":"repository.query","kind":"client","trace_id":"aa4f79b2d069be47c5ccf5390dd1bd77","span_id":"5e3f1718de6736d7","status":"ok","duration_ms":0,"attributes":{"db.operation.name":"query","db.system":"postgresql"}}
{"event":"correlation_span","name":"repository.schema","kind":"client","trace_id":"6045a58fdecc037911cfc1d38b9e126d","span_id":"731677c430540ac0","status":"ok","duration_ms":0,"attributes":{"db.operation.name":"schema","db.system":"postgresql"}}
{"event":"correlation_span","name":"repository.schema","kind":"client","trace_id":"8270f44272d7a38ded05dc678d9e5ea2","span_id":"718a8254f0426b98","status":"ok","duration_ms":0,"attributes":{"db.operation.name":"schema","db.system":"postgresql"}}
{"event":"correlation_span","name":"repository.query","kind":"client","trace_id":"0275203083bc8b08ca5f2042bf9549e9","span_id":"e49c89c61ea55bd0","status":"ok","duration_ms":0,"attributes":{"db.operation.name":"query","db.system":"postgresql"}}
{"event":"correlation_span","name":"repository.schema","kind":"client","trace_id":"1d8c500140a1b9bc7eb3928cbd24f9f1","span_id":"fad8b5502f8b9e23","status":"ok","duration_ms":0,"attributes":{"db.operation.name":"schema","db.system":"postgresql"}}
{"event":"correlation_span","name":"repository.query","kind":"client","trace_id":"c2776022977c75cf7ce841b4e3aaba3b","span_id":"f8fc4a0b8540e10a","status":"ok","duration_ms":0,"attributes":{"db.operation.name":"query","db.system":"postgresql"}}
{"event":"correlation_span","name":"repository.query","kind":"client","trace_id":"26c331d2d852595d6135320c49ae474c","span_id":"0541bc401240b5c3","status":"ok","duration_ms":0,"attributes":{"db.operation.name":"query","db.system":"postgresql"}}
=== RUN   TestAuditPublicPageCompositionSelectedStartupRefusal/true
{"event":"correlation_span","name":"repository.query","kind":"client","trace_id":"02fbb1e9a2bf9ea9c220f565bf71f35d","span_id":"f8e0ae4dbab9a19e","status":"ok","duration_ms":0,"attributes":{"db.operation.name":"query","db.system":"postgresql"}}
{"event":"correlation_span","name":"repository.query","kind":"client","trace_id":"687877866a3204ff324f67dc51939615","span_id":"01d759f07f97dc28","status":"ok","duration_ms":0,"attributes":{"db.operation.name":"query","db.system":"postgresql"}}
{"event":"correlation_span","name":"repository.schema","kind":"client","trace_id":"161ee4489bd79a9666b23a118edd7667","span_id":"bde40a5adef71213","status":"ok","duration_ms":0,"attributes":{"db.operation.name":"schema","db.system":"postgresql"}}
{"event":"correlation_span","name":"repository.schema","kind":"client","trace_id":"c9621c95912ba6065dfbd2271c94abdc","span_id":"9ca7555b4d4a914a","status":"ok","duration_ms":0,"attributes":{"db.operation.name":"schema","db.system":"postgresql"}}
{"event":"correlation_span","name":"repository.query","kind":"client","trace_id":"89582977b42d3039060d4d690bebd81b","span_id":"404515dfd8454822","status":"ok","duration_ms":0,"attributes":{"db.operation.name":"query","db.system":"postgresql"}}
{"event":"correlation_span","name":"repository.query","kind":"client","trace_id":"63bfaf1df4e7508516e5d78fb5fa737e","span_id":"c7319924bd110fc1","status":"ok","duration_ms":0,"attributes":{"db.operation.name":"query","db.system":"postgresql"}}
{"event":"correlation_span","name":"repository.schema","kind":"client","trace_id":"8a285974648aa9b6cca765e48373bbf0","span_id":"f3ba95661eb959a2","status":"ok","duration_ms":0,"attributes":{"db.operation.name":"schema","db.system":"postgresql"}}
{"event":"correlation_span","name":"repository.schema","kind":"client","trace_id":"f82d21c6bf198f1769998bd6ad599b78","span_id":"51de49d6ee520800","status":"ok","duration_ms":0,"attributes":{"db.operation.name":"schema","db.system":"postgresql"}}
{"event":"correlation_span","name":"repository.query","kind":"client","trace_id":"d5a10f5e5c7e71362a70e2109e41753f","span_id":"99a79d0c987afa47","status":"ok","duration_ms":0,"attributes":{"db.operation.name":"query","db.system":"postgresql"}}
{"event":"correlation_span","name":"repository.schema","kind":"client","trace_id":"5dc438642f81d1831988936ca564af41","span_id":"88d2965ce6226b0d","status":"ok","duration_ms":0,"attributes":{"db.operation.name":"schema","db.system":"postgresql"}}
{"event":"correlation_span","name":"repository.query","kind":"client","trace_id":"b4718b2324c713642c664bd6fa0b16b8","span_id":"90c0b5d9e0b10112","status":"ok","duration_ms":0,"attributes":{"db.operation.name":"query","db.system":"postgresql"}}
{"event":"correlation_span","name":"repository.query","kind":"client","trace_id":"9ac74091e9a462644fcff61522fd41de","span_id":"2706642d51a8e56d","status":"ok","duration_ms":0,"attributes":{"db.operation.name":"query","db.system":"postgresql"}}
--- PASS: TestAuditPublicPageCompositionSelectedStartupRefusal (0.07s)
    --- PASS: TestAuditPublicPageCompositionSelectedStartupRefusal/false (0.02s)
    --- PASS: TestAuditPublicPageCompositionSelectedStartupRefusal/null (0.02s)
    --- PASS: TestAuditPublicPageCompositionSelectedStartupRefusal/{"ready":true} (0.02s)
    --- PASS: TestAuditPublicPageCompositionSelectedStartupRefusal/true (0.02s)
=== RUN   TestP7ProductionCompositionRejectsMissingEnforcement
--- PASS: TestP7ProductionCompositionRejectsMissingEnforcement (0.00s)
=== RUN   TestP7ProductionCompositionInjectsEveryRouter
=== RUN   TestP7ProductionCompositionInjectsEveryRouter/listSensors
=== RUN   TestP7ProductionCompositionInjectsEveryRouter/listComplianceEvidence
=== RUN   TestP7ProductionCompositionInjectsEveryRouter/getAuditExport
=== RUN   TestP7ProductionCompositionInjectsEveryRouter/getSecurityAgentExport
--- PASS: TestP7ProductionCompositionInjectsEveryRouter (0.11s)
    --- PASS: TestP7ProductionCompositionInjectsEveryRouter/listSensors (0.00s)
    --- PASS: TestP7ProductionCompositionInjectsEveryRouter/listComplianceEvidence (0.00s)
    --- PASS: TestP7ProductionCompositionInjectsEveryRouter/getAuditExport (0.00s)
    --- PASS: TestP7ProductionCompositionInjectsEveryRouter/getSecurityAgentExport (0.00s)
=== RUN   TestP7GuardedRuntimeReadinessCallback
=== RUN   TestP7GuardedRuntimeReadinessCallback/healthy
=== RUN   TestP7GuardedRuntimeReadinessCallback/services_refused
=== RUN   TestP7GuardedRuntimeReadinessCallback/discovery_refused
=== RUN   TestP7GuardedRuntimeReadinessCallback/agent_refused
=== RUN   TestP7GuardedRuntimeReadinessCallback/previous_refused
--- PASS: TestP7GuardedRuntimeReadinessCallback (0.00s)
    --- PASS: TestP7GuardedRuntimeReadinessCallback/healthy (0.00s)
    --- PASS: TestP7GuardedRuntimeReadinessCallback/services_refused (0.00s)
    --- PASS: TestP7GuardedRuntimeReadinessCallback/discovery_refused (0.00s)
    --- PASS: TestP7GuardedRuntimeReadinessCallback/agent_refused (0.00s)
    --- PASS: TestP7GuardedRuntimeReadinessCallback/previous_refused (0.00s)
=== RUN   TestP7GuardedRuntimeReadinessStartupGate
=== RUN   TestP7GuardedRuntimeReadinessStartupGate/healthy
=== RUN   TestP7GuardedRuntimeReadinessStartupGate/discovery_refused
=== RUN   TestP7GuardedRuntimeReadinessStartupGate/agent_refused
=== RUN   TestP7GuardedRuntimeReadinessStartupGate/expired_context
=== RUN   TestP7GuardedRuntimeReadinessStartupGate/invalid_key
--- PASS: TestP7GuardedRuntimeReadinessStartupGate (0.00s)
    --- PASS: TestP7GuardedRuntimeReadinessStartupGate/healthy (0.00s)
    --- PASS: TestP7GuardedRuntimeReadinessStartupGate/discovery_refused (0.00s)
    --- PASS: TestP7GuardedRuntimeReadinessStartupGate/agent_refused (0.00s)
    --- PASS: TestP7GuardedRuntimeReadinessStartupGate/expired_context (0.00s)
    --- PASS: TestP7GuardedRuntimeReadinessStartupGate/invalid_key (0.00s)
=== RUN   TestTemporalAutomaticFindingDecorator
--- PASS: TestTemporalAutomaticFindingDecorator (0.00s)
=== RUN   TestComplianceStorageFactoryBoundary
{"event":"correlation_span","name":"repository.query","kind":"client","trace_id":"f8712a32055eb3731337e0578f146f04","span_id":"3a0a49c3d9fcbd73","status":"ok","duration_ms":0,"attributes":{"db.operation.name":"query","db.system":"postgresql"}}
{"event":"correlation_span","name":"repository.query","kind":"client","trace_id":"5295a4bf4c6acbb599caef84dd4cd05b","span_id":"19301da4736009d3","status":"ok","duration_ms":0,"attributes":{"db.operation.name":"query","db.system":"postgresql"}}
{"event":"correlation_span","name":"repository.schema","kind":"client","trace_id":"6abbce4ad0457ed038ff419293c53bc5","span_id":"7588311cabc4be1c","status":"ok","duration_ms":0,"attributes":{"db.operation.name":"schema","db.system":"postgresql"}}
{"event":"correlation_span","name":"repository.schema","kind":"client","trace_id":"8a27e823772d2bd72d2c5c73a31fd253","span_id":"3873874904293e97","status":"ok","duration_ms":0,"attributes":{"db.operation.name":"schema","db.system":"postgresql"}}
{"event":"correlation_span","name":"repository.query","kind":"client","trace_id":"218b663782ba20b8508bd3dbc876d1ac","span_id":"afe3ba687f194cc4","status":"ok","duration_ms":0,"attributes":{"db.operation.name":"query","db.system":"postgresql"}}
{"event":"correlation_span","name":"repository.query","kind":"client","trace_id":"f61db244a0d7a7b90853f87658565a95","span_id":"7393ea1eb3fe037b","status":"ok","duration_ms":0,"attributes":{"db.operation.name":"query","db.system":"postgresql"}}
{"event":"correlation_span","name":"repository.schema","kind":"client","trace_id":"f3a0ea2960a7f4fa57f9ee37b63934b8","span_id":"10cbedc765ae2b3e","status":"ok","duration_ms":0,"attributes":{"db.operation.name":"schema","db.system":"postgresql"}}
{"event":"correlation_span","name":"repository.schema","kind":"client","trace_id":"995a1008cc9e0fee78258316598870b6","span_id":"8c077cefb73fe29b","status":"ok","duration_ms":0,"attributes":{"db.operation.name":"schema","db.system":"postgresql"}}
{"event":"correlation_span","name":"repository.query","kind":"client","trace_id":"83019ba3547b9509ca39339a24e2c0ba","span_id":"1786509b67c89da4","status":"ok","duration_ms":0,"attributes":{"db.operation.name":"query","db.system":"postgresql"}}
--- PASS: TestComplianceStorageFactoryBoundary (0.01s)
=== RUN   TestComplianceBrowserAPIProcess
    compliance_browser_process_test.go:72: owned browser fixture not selected
--- SKIP: TestComplianceBrowserAPIProcess (0.00s)
=== RUN   TestComplianceAPIProductionComposition
=== RUN   TestComplianceAPIProductionComposition/installed
=== RUN   TestComplianceAPIProductionComposition/disabled
=== RUN   TestComplianceAPIProductionComposition/absent
=== RUN   TestComplianceAPIProductionComposition/unregistered
--- PASS: TestComplianceAPIProductionComposition (0.25s)
    --- PASS: TestComplianceAPIProductionComposition/installed (0.11s)
    --- PASS: TestComplianceAPIProductionComposition/disabled (0.03s)
    --- PASS: TestComplianceAPIProductionComposition/absent (0.03s)
    --- PASS: TestComplianceAPIProductionComposition/unregistered (0.09s)
=== RUN   TestComplianceAPIConfiguration
--- PASS: TestComplianceAPIConfiguration (0.01s)
=== RUN   TestComplianceDeploymentRenderedAPIConfig
    compliance_deployment_config_test.go:15: requires the owned rendered manifest fixture
--- SKIP: TestComplianceDeploymentRenderedAPIConfig (0.00s)
=== RUN   TestConnectorSecretsDriverUsesKMSAndAcceptsOneBoundedAWSRepresentation
--- PASS: TestConnectorSecretsDriverUsesKMSAndAcceptsOneBoundedAWSRepresentation (0.00s)
=== RUN   TestConnectorProviderHTTPClientDisablesAmbientProxyRedirectsAndLegacyTLS
--- PASS: TestConnectorProviderHTTPClientDisablesAmbientProxyRedirectsAndLegacyTLS (0.00s)
=== RUN   TestGitHubExchangeUsesFixedEndpointsStrictParsersAndReferenceOnlyResult
--- PASS: TestGitHubExchangeUsesFixedEndpointsStrictParsersAndReferenceOnlyResult (0.09s)
=== RUN   TestGitHubInstallationAuthorityRejectsUserAndPermissionDriftBeforePersistence
=== RUN   TestGitHubInstallationAuthorityRejectsUserAndPermissionDriftBeforePersistence/write_permission
=== RUN   TestGitHubInstallationAuthorityRejectsUserAndPermissionDriftBeforePersistence/extra_permission
=== RUN   TestGitHubInstallationAuthorityRejectsUserAndPermissionDriftBeforePersistence/foreign_selection
=== RUN   TestGitHubInstallationAuthorityRejectsUserAndPermissionDriftBeforePersistence/user
--- PASS: TestGitHubInstallationAuthorityRejectsUserAndPermissionDriftBeforePersistence (0.00s)
    --- PASS: TestGitHubInstallationAuthorityRejectsUserAndPermissionDriftBeforePersistence/write_permission (0.00s)
    --- PASS: TestGitHubInstallationAuthorityRejectsUserAndPermissionDriftBeforePersistence/extra_permission (0.00s)
    --- PASS: TestGitHubInstallationAuthorityRejectsUserAndPermissionDriftBeforePersistence/foreign_selection (0.00s)
    --- PASS: TestGitHubInstallationAuthorityRejectsUserAndPermissionDriftBeforePersistence/user (0.00s)
=== RUN   TestGitHubRecoveryAfterProviderResponseBeforeFirstGrantWriteNeverRepeatsExchange
--- PASS: TestGitHubRecoveryAfterProviderResponseBeforeFirstGrantWriteNeverRepeatsExchange (0.00s)
=== RUN   TestGitHubAppMintsInstallationTokenInMemoryOnly
--- PASS: TestGitHubAppMintsInstallationTokenInMemoryOnly (0.05s)
=== RUN   TestProviderManifestDecodersRejectMalformedDurableState
--- PASS: TestProviderManifestDecodersRejectMalformedDurableState (0.00s)
=== RUN   TestOktaExchangePersistsDeterministicOutcomeAndRevokesTransientTokens
--- PASS: TestOktaExchangePersistsDeterministicOutcomeAndRevokesTransientTokens (0.00s)
=== RUN   TestPerformConnectorJSONRejectsRedirectWrongMediaTypeOversizeAndTrailingValues
=== RUN   TestPerformConnectorJSONRejectsRedirectWrongMediaTypeOversizeAndTrailingValues/redirect
=== RUN   TestPerformConnectorJSONRejectsRedirectWrongMediaTypeOversizeAndTrailingValues/media
=== RUN   TestPerformConnectorJSONRejectsRedirectWrongMediaTypeOversizeAndTrailingValues/media_prefix
=== RUN   TestPerformConnectorJSONRejectsRedirectWrongMediaTypeOversizeAndTrailingValues/oversize
=== RUN   TestPerformConnectorJSONRejectsRedirectWrongMediaTypeOversizeAndTrailingValues/oversize_whitespace
=== RUN   TestPerformConnectorJSONRejectsRedirectWrongMediaTypeOversizeAndTrailingValues/trailing
--- PASS: TestPerformConnectorJSONRejectsRedirectWrongMediaTypeOversizeAndTrailingValues (0.00s)
    --- PASS: TestPerformConnectorJSONRejectsRedirectWrongMediaTypeOversizeAndTrailingValues/redirect (0.00s)
    --- PASS: TestPerformConnectorJSONRejectsRedirectWrongMediaTypeOversizeAndTrailingValues/media (0.00s)
    --- PASS: TestPerformConnectorJSONRejectsRedirectWrongMediaTypeOversizeAndTrailingValues/media_prefix (0.00s)
    --- PASS: TestPerformConnectorJSONRejectsRedirectWrongMediaTypeOversizeAndTrailingValues/oversize (0.00s)
    --- PASS: TestPerformConnectorJSONRejectsRedirectWrongMediaTypeOversizeAndTrailingValues/oversize_whitespace (0.00s)
    --- PASS: TestPerformConnectorJSONRejectsRedirectWrongMediaTypeOversizeAndTrailingValues/trailing (0.00s)
=== RUN   TestConnectorRejectionRuntimePostgres
    connector_rejection_runtime_test.go:18: requires the owned mounted connector-rejection fixture
--- SKIP: TestConnectorRejectionRuntimePostgres (0.00s)
=== RUN   TestDiscoveryRuntimeRepositorySelectsInstalledProfile
=== RUN   TestDiscoveryRuntimeRepositorySelectsInstalledProfile/installed
=== RUN   TestDiscoveryRuntimeRepositorySelectsInstalledProfile/absent
=== RUN   TestDiscoveryRuntimeRepositorySelectsInstalledProfile/no-interface
=== RUN   TestDiscoveryRuntimeRepositorySelectsInstalledProfile/invalid-installed
--- PASS: TestDiscoveryRuntimeRepositorySelectsInstalledProfile (0.00s)
    --- PASS: TestDiscoveryRuntimeRepositorySelectsInstalledProfile/installed (0.00s)
    --- PASS: TestDiscoveryRuntimeRepositorySelectsInstalledProfile/absent (0.00s)
    --- PASS: TestDiscoveryRuntimeRepositorySelectsInstalledProfile/no-interface (0.00s)
    --- PASS: TestDiscoveryRuntimeRepositorySelectsInstalledProfile/invalid-installed (0.00s)
=== RUN   TestDiscoveryRuntimeCapabilityForwardsAndRefusesInvalidInputs
=== RUN   TestDiscoveryRuntimeCapabilityForwardsAndRefusesInvalidInputs/nil-wrapper
=== RUN   TestDiscoveryRuntimeCapabilityForwardsAndRefusesInvalidInputs/nil-next
=== RUN   TestDiscoveryRuntimeCapabilityForwardsAndRefusesInvalidInputs/typed-nil
=== RUN   TestDiscoveryRuntimeCapabilityForwardsAndRefusesInvalidInputs/nil-context
=== RUN   TestDiscoveryRuntimeCapabilityForwardsAndRefusesInvalidInputs/cancelled
--- PASS: TestDiscoveryRuntimeCapabilityForwardsAndRefusesInvalidInputs (0.00s)
    --- PASS: TestDiscoveryRuntimeCapabilityForwardsAndRefusesInvalidInputs/nil-wrapper (0.00s)
    --- PASS: TestDiscoveryRuntimeCapabilityForwardsAndRefusesInvalidInputs/nil-next (0.00s)
    --- PASS: TestDiscoveryRuntimeCapabilityForwardsAndRefusesInvalidInputs/typed-nil (0.00s)
    --- PASS: TestDiscoveryRuntimeCapabilityForwardsAndRefusesInvalidInputs/nil-context (0.00s)
    --- PASS: TestDiscoveryRuntimeCapabilityForwardsAndRefusesInvalidInputs/cancelled (0.00s)
=== RUN   TestExistingTestDraftMountedProductionComposition
=== RUN   TestExistingTestDraftMountedProductionComposition/healthy
{"event":"correlation_span","name":"repository.query","kind":"client","trace_id":"4c34994e9dbff234e6fce331229e892f","span_id":"e21cf787fa2522ae","status":"ok","duration_ms":0,"attributes":{"db.operation.name":"query","db.system":"postgresql"}}
{"event":"correlation_span","name":"repository.query","kind":"client","trace_id":"7db24a92682c068da6ee0a21cb035996","span_id":"f1b4b9028b2d39a3","status":"ok","duration_ms":0,"attributes":{"db.operation.name":"query","db.system":"postgresql"}}
{"event":"correlation_span","name":"repository.schema","kind":"client","trace_id":"30a8b95cc6287cc179cb1468fb9d3c56","span_id":"e2ca97bda96a1165","status":"ok","duration_ms":0,"attributes":{"db.operation.name":"schema","db.system":"postgresql"}}
{"event":"correlation_span","name":"repository.schema","kind":"client","trace_id":"f873ec10cc7af1237980743047a3f1c2","span_id":"399a6a08be976712","status":"ok","duration_ms":0,"attributes":{"db.operation.name":"schema","db.system":"postgresql"}}
{"event":"correlation_span","name":"repository.query","kind":"client","trace_id":"016692ca7b13ca711f851e01da420d1b","span_id":"598b2f1fd1380184","status":"ok","duration_ms":0,"attributes":{"db.operation.name":"query","db.system":"postgresql"}}
{"event":"correlation_span","name":"repository.query","kind":"client","trace_id":"1db6c6073bbcaf6423d04168dce83cbd","span_id":"4a79bd43a2c7d0cf","status":"ok","duration_ms":0,"attributes":{"db.operation.name":"query","db.system":"postgresql"}}
{"event":"correlation_span","name":"repository.schema","kind":"client","trace_id":"67f9d2b551c381d4d238d245298528e8","span_id":"9554357f21b7d22f","status":"ok","duration_ms":0,"attributes":{"db.operation.name":"schema","db.system":"postgresql"}}
{"event":"correlation_span","name":"repository.schema","kind":"client","trace_id":"05f262849a18a218004d08a82f02b4b0","span_id":"56bde33e804f9158","status":"ok","duration_ms":0,"attributes":{"db.operation.name":"schema","db.system":"postgresql"}}
{"event":"correlation_span","name":"repository.query","kind":"client","trace_id":"712e896db555559e546f9e48ab686e09","span_id":"67a32545758aeab3","status":"ok","duration_ms":0,"attributes":{"db.operation.name":"query","db.system":"postgresql"}}
{"event":"correlation_span","name":"repository.schema","kind":"client","trace_id":"0f476ad17203b5ccd67098dcae712cc0","span_id":"b6bc0f6a28cdbb2b","status":"ok","duration_ms":0,"attributes":{"db.operation.name":"schema","db.system":"postgresql"}}
{"event":"correlation_span","name":"repository.query","kind":"client","trace_id":"3961b7dcb03d117505306d5bfce606c2","span_id":"3f8204d341d60cda","status":"ok","duration_ms":0,"attributes":{"db.operation.name":"query","db.system":"postgresql"}}
{"event":"correlation_span","name":"repository.query","kind":"client","trace_id":"0985b9b6ac61fb16d7bd5b1b2c7d6102","span_id":"93208fb0a4734e1c","status":"ok","duration_ms":0,"attributes":{"db.operation.name":"query","db.system":"postgresql"}}
{"event":"correlation_span","name":"repository.schema","kind":"client","trace_id":"a83be15fed9ee7d17dcb9c5774904e98","span_id":"1d226fedea9503ed","status":"ok","duration_ms":0,"attributes":{"db.operation.name":"schema","db.system":"postgresql"}}
{"event":"correlation_span","name":"repository.query","kind":"client","trace_id":"43da07d44a8f37d392edbaaadb77d714","span_id":"800d15118c815cd4","status":"ok","duration_ms":0,"attributes":{"db.operation.name":"query","db.system":"postgresql"}}
{"event":"correlation_span","name":"repository.schema","kind":"client","trace_id":"e2d4e3c954f646a9f17de0eb7cd5cd51","span_id":"26e293cc72869eeb","status":"ok","duration_ms":0,"attributes":{"db.operation.name":"schema","db.system":"postgresql"}}
{"event":"correlation_span","name":"repository.query","kind":"client","trace_id":"ac703973bbcae8cc7e898e6ee0c13911","span_id":"59a7e091f1bd571b","status":"ok","duration_ms":0,"attributes":{"db.operation.name":"query","db.system":"postgresql"}}
{"event":"correlation_span","name":"repository.schema","kind":"client","trace_id":"b722b62e0ed1b54cf8dc93eb3c447b98","span_id":"5236c77fc3245c52","status":"ok","duration_ms":0,"attributes":{"db.operation.name":"schema","db.system":"postgresql"}}
{"event":"correlation_span","name":"repository.query","kind":"client","trace_id":"9fb59cd4205121ec47bd2700e32b1fbe","span_id":"c70d8d14d65826b2","status":"ok","duration_ms":0,"attributes":{"db.operation.name":"query","db.system":"postgresql"}}
{"event":"correlation_span","name":"repository.query","kind":"client","trace_id":"7b504c3ec66effa1b0627b15d3717e51","span_id":"5a51b2fdc05370a1","parent_span_id":"1062b06c478bc2af","status":"ok","duration_ms":0,"attributes":{"db.operation.name":"query","db.system":"postgresql"}}
{"event":"correlation_span","name":"repository.query","kind":"client","trace_id":"7b504c3ec66effa1b0627b15d3717e51","span_id":"d28c7d0d73e4abf4","parent_span_id":"1062b06c478bc2af","status":"ok","duration_ms":0,"attributes":{"db.operation.name":"query","db.system":"postgresql"}}
{"event":"correlation_span","name":"repository.query","kind":"client","trace_id":"7b504c3ec66effa1b0627b15d3717e51","span_id":"cc7aa322b2f23354","parent_span_id":"1062b06c478bc2af","status":"ok","duration_ms":59,"attributes":{"db.operation.name":"query","db.system":"postgresql"}}
{"event":"correlation_span","name":"repository.query","kind":"client","trace_id":"7b504c3ec66effa1b0627b15d3717e51","span_id":"70db11cab02c99a6","parent_span_id":"1062b06c478bc2af","status":"ok","duration_ms":0,"attributes":{"db.operation.name":"query","db.system":"postgresql"}}
{"event":"correlation_span","name":"repository.query","kind":"client","trace_id":"7b504c3ec66effa1b0627b15d3717e51","span_id":"44f417db656cb17c","parent_span_id":"1062b06c478bc2af","status":"ok","duration_ms":43,"attributes":{"db.operation.name":"query","db.system":"postgresql"}}
{"correlation_id":"pid_41603100-53f7-4e63-a77c-96d579b2a6bf","duration_ms":205,"event":"http_request","method":"POST","route":"/api/v1/security-agents","severity":"INFO","span_id":"1062b06c478bc2af","status":201,"timestamp":"2026-10-06T02:07:09.483082596Z","trace_id":"7b504c3ec66effa1b0627b15d3717e51"}
{"correlation_id":"pid_41603100-53f7-4e63-a77c-96d579b2a6bf","event":"audit_outcome","operation":"POST /api/v1/security-agents","outcome":"succeeded","severity":"INFO","timestamp":"2026-10-06T02:07:09.483140303Z","trace_id":"7b504c3ec66effa1b0627b15d3717e51"}
{"event":"correlation_span","name":"http.request","kind":"server","trace_id":"7b504c3ec66effa1b0627b15d3717e51","span_id":"1062b06c478bc2af","parent_span_id":"c345f6220b6fcc05","status":"ok","duration_ms":205,"attributes":{"http.request.method":"POST","http.response.status_code":"201","http.route":"/api/v1/security-agents"}}
=== RUN   TestExistingTestDraftMountedProductionComposition/missing_permission
{"event":"correlation_span","name":"repository.query","kind":"client","trace_id":"23eda0273ef4da7f38bb8ca0fff4079e","span_id":"869699844a58e3f9","status":"ok","duration_ms":0,"attributes":{"db.operation.name":"query","db.system":"postgresql"}}
{"event":"correlation_span","name":"repository.query","kind":"client","trace_id":"787eb00d70474338f8e67e182637f506","span_id":"ed17a16f5a562226","status":"ok","duration_ms":0,"attributes":{"db.operation.name":"query","db.system":"postgresql"}}
{"event":"correlation_span","name":"repository.schema","kind":"client","trace_id":"49be8c155e30a75b8a0b1b292809efa5","span_id":"1ae039ff39882b59","status":"ok","duration_ms":0,"attributes":{"db.operation.name":"schema","db.system":"postgresql"}}
{"event":"correlation_span","name":"repository.schema","kind":"client","trace_id":"bee2f8d12e9fbb1fcc5e9f8bd0bc0aa8","span_id":"880e85098cb23ea9","status":"ok","duration_ms":0,"attributes":{"db.operation.name":"schema","db.system":"postgresql"}}
{"event":"correlation_span","name":"repository.query","kind":"client","trace_id":"d28f8df4590f45db104b7279b851b0d8","span_id":"454433fd2bff3789","status":"ok","duration_ms":0,"attributes":{"db.operation.name":"query","db.system":"postgresql"}}
{"event":"correlation_span","name":"repository.query","kind":"client","trace_id":"a06eab6698895171db935b21fe349b67","span_id":"b7ec48c5dbae8216","status":"ok","duration_ms":0,"attributes":{"db.operation.name":"query","db.system":"postgresql"}}
{"event":"correlation_span","name":"repository.schema","kind":"client","trace_id":"21053e66b3a2f0e06e411dd022ba8368","span_id":"b2d341fdd006de7c","status":"ok","duration_ms":0,"attributes":{"db.operation.name":"schema","db.system":"postgresql"}}
{"event":"correlation_span","name":"repository.schema","kind":"client","trace_id":"fc226c27b27b3249ae8c6d4fe9650520","span_id":"9fb3f841d4900567","status":"ok","duration_ms":0,"attributes":{"db.operation.name":"schema","db.system":"postgresql"}}
{"event":"correlation_span","name":"repository.query","kind":"client","trace_id":"52bb4e74800802e9850458f73ee9197e","span_id":"cb0442689d239d09","status":"ok","duration_ms":0,"attributes":{"db.operation.name":"query","db.system":"postgresql"}}
{"event":"correlation_span","name":"repository.schema","kind":"client","trace_id":"d02faa6422ad184efc3a8c2d637a4f87","span_id":"662c6ef9f228544c","status":"ok","duration_ms":0,"attributes":{"db.operation.name":"schema","db.system":"postgresql"}}
{"event":"correlation_span","name":"repository.query","kind":"client","trace_id":"81d9402eb025f559e00156fe7f60509d","span_id":"07a0659d22b89ebc","status":"ok","duration_ms":0,"attributes":{"db.operation.name":"query","db.system":"postgresql"}}
{"event":"correlation_span","name":"repository.query","kind":"client","trace_id":"d68b9d434c2b5a5b3abc1745d5289cc9","span_id":"9dde00ed11516295","status":"ok","duration_ms":0,"attributes":{"db.operation.name":"query","db.system":"postgresql"}}
{"event":"correlation_span","name":"repository.schema","kind":"client","trace_id":"4e1d632d377cf3d6e06d80ef9e39ac57","span_id":"a1e8558a08477dcc","status":"ok","duration_ms":0,"attributes":{"db.operation.name":"schema","db.system":"postgresql"}}
{"event":"correlation_span","name":"repository.query","kind":"client","trace_id":"ead168149947a3e61bec55025b99f6b2","span_id":"1206645fdb3b9ec6","status":"ok","duration_ms":0,"attributes":{"db.operation.name":"query","db.system":"postgresql"}}
{"event":"correlation_span","name":"repository.schema","kind":"client","trace_id":"ef3a7e3c1729eec25fc4b909126b1194","span_id":"531a903d780cac82","status":"ok","duration_ms":0,"attributes":{"db.operation.name":"schema","db.system":"postgresql"}}
{"event":"correlation_span","name":"repository.query","kind":"client","trace_id":"dc63ec8340e935c2e6aa49c972520779","span_id":"449c6330e6fbfe96","status":"ok","duration_ms":0,"attributes":{"db.operation.name":"query","db.system":"postgresql"}}
{"event":"correlation_span","name":"repository.schema","kind":"client","trace_id":"e445052fff1ac9aec606b6e723ef706d","span_id":"5dc38befed7bf77b","status":"ok","duration_ms":0,"attributes":{"db.operation.name":"schema","db.system":"postgresql"}}
{"event":"correlation_span","name":"repository.query","kind":"client","trace_id":"62fb9e9ce8a2ccb882eefd8b81800c29","span_id":"6b11193b16e73643","status":"ok","duration_ms":0,"attributes":{"db.operation.name":"query","db.system":"postgresql"}}
{"event":"correlation_span","name":"repository.query","kind":"client","trace_id":"07160cbd481a845aff3a98795b8740ee","span_id":"daf5742aa6d3cadf","parent_span_id":"f603a504e4302a63","status":"ok","duration_ms":0,"attributes":{"db.operation.name":"query","db.system":"postgresql"}}
{"correlation_id":"pid_c156d6c8-333d-45a5-bbd5-472777f4cdcf","duration_ms":0,"event":"http_request","method":"POST","route":"/api/v1/security-agents","severity":"INFO","span_id":"f603a504e4302a63","status":403,"timestamp":"2026-10-06T02:07:09.492432007Z","trace_id":"07160cbd481a845aff3a98795b8740ee"}
{"correlation_id":"pid_c156d6c8-333d-45a5-bbd5-472777f4cdcf","event":"audit_outcome","operation":"POST /api/v1/security-agents","outcome":"rejected","severity":"INFO","timestamp":"2026-10-06T02:07:09.492475622Z","trace_id":"07160cbd481a845aff3a98795b8740ee"}
{"event":"correlation_span","name":"http.request","kind":"server","trace_id":"07160cbd481a845aff3a98795b8740ee","span_id":"f603a504e4302a63","parent_span_id":"8c6dfd9f5afc4d49","status":"ok","duration_ms":0,"attributes":{"http.request.method":"POST","http.response.status_code":"403","http.route":"/api/v1/security-agents"}}
=== RUN   TestExistingTestDraftMountedProductionComposition/wrong_csrf
{"event":"correlation_span","name":"repository.query","kind":"client","trace_id":"2e1cd95a872da4e6119e7e9376b85c1c","span_id":"6c8e410590785a8d","status":"ok","duration_ms":0,"attributes":{"db.operation.name":"query","db.system":"postgresql"}}
{"event":"correlation_span","name":"repository.query","kind":"client","trace_id":"6a4e6231166da7b9b3f4a9609dd8b6e3","span_id":"a58837c52c1ad2da","status":"ok","duration_ms":0,"attributes":{"db.operation.name":"query","db.system":"postgresql"}}
{"event":"correlation_span","name":"repository.schema","kind":"client","trace_id":"9f485e01cde8e6afd299994d50151be7","span_id":"0ba1520f6f3ad675","status":"ok","duration_ms":0,"attributes":{"db.operation.name":"schema","db.system":"postgresql"}}
{"event":"correlation_span","name":"repository.schema","kind":"client","trace_id":"2c770cbacd7063b84abc4dc1420926d8","span_id":"5dca2ad9c53a8157","status":"ok","duration_ms":0,"attributes":{"db.operation.name":"schema","db.system":"postgresql"}}
{"event":"correlation_span","name":"repository.query","kind":"client","trace_id":"3eb57e6b94d46998bb3e07aac297ec28","span_id":"f727d14758cc5c41","status":"ok","duration_ms":0,"attributes":{"db.operation.name":"query","db.system":"postgresql"}}
{"event":"correlation_span","name":"repository.query","kind":"client","trace_id":"cfb52b5ee9d80b9e641f365c1d45954a","span_id":"748ab2ab3e249992","status":"ok","duration_ms":0,"attributes":{"db.operation.name":"query","db.system":"postgresql"}}
{"event":"correlation_span","name":"repository.schema","kind":"client","trace_id":"646f7e5f472f4c036aa3f758703be32b","span_id":"6e11cd0d6d882176","status":"ok","duration_ms":0,"attributes":{"db.operation.name":"schema","db.system":"postgresql"}}
{"event":"correlation_span","name":"repository.schema","kind":"client","trace_id":"f49d6534e4e0e791a86a212ebf291aed","span_id":"9b5b6f94585edcc4","status":"ok","duration_ms":0,"attributes":{"db.operation.name":"schema","db.system":"postgresql"}}
{"event":"correlation_span","name":"repository.query","kind":"client","trace_id":"4766dc619fc00ae8263ca41078a20533","span_id":"91baaa1c0efd31f2","status":"ok","duration_ms":0,"attributes":{"db.operation.name":"query","db.system":"postgresql"}}
{"event":"correlation_span","name":"repository.schema","kind":"client","trace_id":"d397c8709024ced8038cd6b48df5b885","span_id":"af21e4328583b3e2","status":"ok","duration_ms":0,"attributes":{"db.operation.name":"schema","db.system":"postgresql"}}
{"event":"correlation_span","name":"repository.query","kind":"client","trace_id":"4fb279df792f98a9cc187ee72c202991","span_id":"4ca03c0d3daf121d","status":"ok","duration_ms":0,"attributes":{"db.operation.name":"query","db.system":"postgresql"}}
{"event":"correlation_span","name":"repository.query","kind":"client","trace_id":"f823adfa57ef50426c29859df0f3f1f5","span_id":"d459553cc2921a76","status":"ok","duration_ms":0,"attributes":{"db.operation.name":"query","db.system":"postgresql"}}
{"event":"correlation_span","name":"repository.schema","kind":"client","trace_id":"63c9e72403b8d3e1c8d54bd3fb9c15d5","span_id":"ee6efb22b85933ae","status":"ok","duration_ms":0,"attributes":{"db.operation.name":"schema","db.system":"postgresql"}}
{"event":"correlation_span","name":"repository.query","kind":"client","trace_id":"a0ae2010743605f36a04a69350526f08","span_id":"3b476d1a3f44722a","status":"ok","duration_ms":0,"attributes":{"db.operation.name":"query","db.system":"postgresql"}}
{"event":"correlation_span","name":"repository.schema","kind":"client","trace_id":"1d928b0aba5ee4cf627db46664030a08","span_id":"24adc8cbb6b0b963","status":"ok","duration_ms":0,"attributes":{"db.operation.name":"schema","db.system":"postgresql"}}
{"event":"correlation_span","name":"repository.query","kind":"client","trace_id":"b8d072616b2740b2dc47b6dde08e8e6c","span_id":"eb4334706fe51b40","status":"ok","duration_ms":0,"attributes":{"db.operation.name":"query","db.system":"postgresql"}}
{"event":"correlation_span","name":"repository.schema","kind":"client","trace_id":"8750b419866b2661d2f4e75c1ba162ed","span_id":"a36ebb109c5f7729","status":"ok","duration_ms":0,"attributes":{"db.operation.name":"schema","db.system":"postgresql"}}
{"event":"correlation_span","name":"repository.query","kind":"client","trace_id":"2b36f63fa9d5ebedb1d8b9b95a112f49","span_id":"b467f1a41199b070","status":"ok","duration_ms":0,"attributes":{"db.operation.name":"query","db.system":"postgresql"}}
{"event":"correlation_span","name":"repository.query","kind":"client","trace_id":"591f20c0c48bc3769c5fe1cf0c9b6806","span_id":"3187a27c53d1eb3b","parent_span_id":"4aa469414fcd3ed9","status":"ok","duration_ms":0,"attributes":{"db.operation.name":"query","db.system":"postgresql"}}
{"correlation_id":"pid_19c0f080-3a7c-4e75-a3ec-bd415f24f570","duration_ms":0,"event":"http_request","method":"POST","route":"/api/v1/security-agents","severity":"INFO","span_id":"4aa469414fcd3ed9","status":403,"timestamp":"2026-10-06T02:07:09.500559754Z","trace_id":"591f20c0c48bc3769c5fe1cf0c9b6806"}
{"correlation_id":"pid_19c0f080-3a7c-4e75-a3ec-bd415f24f570","event":"audit_outcome","operation":"POST /api/v1/security-agents","outcome":"rejected","severity":"INFO","timestamp":"2026-10-06T02:07:09.50060342Z","trace_id":"591f20c0c48bc3769c5fe1cf0c9b6806"}
{"event":"correlation_span","name":"http.request","kind":"server","trace_id":"591f20c0c48bc3769c5fe1cf0c9b6806","span_id":"4aa469414fcd3ed9","parent_span_id":"88e0ae44a733669c","status":"ok","duration_ms":0,"attributes":{"http.request.method":"POST","http.response.status_code":"403","http.route":"/api/v1/security-agents"}}
=== RUN   TestExistingTestDraftMountedProductionComposition/wrong_origin
{"event":"correlation_span","name":"repository.query","kind":"client","trace_id":"15447d979a346ef34cf808987f9ecb09","span_id":"8d89309d3e8ce232","status":"ok","duration_ms":0,"attributes":{"db.operation.name":"query","db.system":"postgresql"}}
{"event":"correlation_span","name":"repository.query","kind":"client","trace_id":"dadcd0c7bb01eb1ad1bd2ba0e94a408b","span_id":"57397c488d160c44","status":"ok","duration_ms":0,"attributes":{"db.operation.name":"query","db.system":"postgresql"}}
{"event":"correlation_span","name":"repository.schema","kind":"client","trace_id":"35154373efd6e54db15582bc2931c6f0","span_id":"8a58bb167c829d4a","status":"ok","duration_ms":0,"attributes":{"db.operation.name":"schema","db.system":"postgresql"}}
{"event":"correlation_span","name":"repository.schema","kind":"client","trace_id":"48a006633dca97deb5cfb2a0aaa06c4d","span_id":"1c39579a73cafa9a","status":"ok","duration_ms":0,"attributes":{"db.operation.name":"schema","db.system":"postgresql"}}
{"event":"correlation_span","name":"repository.query","kind":"client","trace_id":"fe8c1a11f7c3b6e9e0bdcb92b60189d4","span_id":"e1ea0b1db56c172c","status":"ok","duration_ms":0,"attributes":{"db.operation.name":"query","db.system":"postgresql"}}
{"event":"correlation_span","name":"repository.query","kind":"client","trace_id":"07346ab16d9d1ccd570f4baf620f978a","span_id":"55f0360ebfb502bc","status":"ok","duration_ms":0,"attributes":{"db.operation.name":"query","db.system":"postgresql"}}
{"event":"correlation_span","name":"repository.schema","kind":"client","trace_id":"65c97c38a064a8e707f1bd04f7f1829b","span_id":"20a1b0cefd88fbd3","status":"ok","duration_ms":0,"attributes":{"db.operation.name":"schema","db.system":"postgresql"}}
{"event":"correlation_span","name":"repository.schema","kind":"client","trace_id":"338dce74faf0d9bfe1ca55971d35e942","span_id":"273f41c2cf5ab4c9","status":"ok","duration_ms":0,"attributes":{"db.operation.name":"schema","db.system":"postgresql"}}
{"event":"correlation_span","name":"repository.query","kind":"client","trace_id":"8182078bae13c2e5cd200c71fefc1216","span_id":"80d88a68fd57f70d","status":"ok","duration_ms":0,"attributes":{"db.operation.name":"query","db.system":"postgresql"}}
{"event":"correlation_span","name":"repository.schema","kind":"client","trace_id":"eedd336dee2a97c51d28a4aedf3145c0","span_id":"a39f1c146139aefb","status":"ok","duration_ms":0,"attributes":{"db.operation.name":"schema","db.system":"postgresql"}}
{"event":"correlation_span","name":"repository.query","kind":"client","trace_id":"01d7be568121859caacaa17c7938a3e7","span_id":"ec9a740fa4cf983d","status":"ok","duration_ms":0,"attributes":{"db.operation.name":"query","db.system":"postgresql"}}
{"event":"correlation_span","name":"repository.query","kind":"client","trace_id":"3a3e127a4d872fa069a3ae8ce6c41b32","span_id":"3ed3a3e82a4587fb","status":"ok","duration_ms":0,"attributes":{"db.operation.name":"query","db.system":"postgresql"}}
{"event":"correlation_span","name":"repository.schema","kind":"client","trace_id":"1965764f308192eeb5e87d6d86a6c6b3","span_id":"a6620edd74c60a8a","status":"ok","duration_ms":0,"attributes":{"db.operation.name":"schema","db.system":"postgresql"}}
{"event":"correlation_span","name":"repository.query","kind":"client","trace_id":"9f8cbd2690b3fc4569ab32c776044ef2","span_id":"c30bd9d403a03ef6","status":"ok","duration_ms":0,"attributes":{"db.operation.name":"query","db.system":"postgresql"}}
{"event":"correlation_span","name":"repository.schema","kind":"client","trace_id":"90480432203e148a9bcd07e0cfa94109","span_id":"efd6017c6443fc34","status":"ok","duration_ms":0,"attributes":{"db.operation.name":"schema","db.system":"postgresql"}}
{"event":"correlation_span","name":"repository.query","kind":"client","trace_id":"8cfaf90bf6ff5b065ecbd04951fe86c0","span_id":"b925b7a2279a2a72","status":"ok","duration_ms":0,"attributes":{"db.operation.name":"query","db.system":"postgresql"}}
{"event":"correlation_span","name":"repository.schema","kind":"client","trace_id":"81fb46b3374f7b79d8d68b022b6b20a6","span_id":"40e685ed84030281","status":"ok","duration_ms":0,"attributes":{"db.operation.name":"schema","db.system":"postgresql"}}
{"event":"correlation_span","name":"repository.query","kind":"client","trace_id":"379e21a7c4c045a89f6e4709187ce327","span_id":"36a990dd872d5941","status":"ok","duration_ms":0,"attributes":{"db.operation.name":"query","db.system":"postgresql"}}
=== RUN   TestExistingTestDraftMountedProductionComposition/foreign_scope
{"event":"correlation_span","name":"repository.query","kind":"client","trace_id":"55c3df83d0ceb2d69807d3fbaa1081f5","span_id":"0e72335aa1d1cf11","status":"ok","duration_ms":0,"attributes":{"db.operation.name":"query","db.system":"postgresql"}}
{"event":"correlation_span","name":"repository.query","kind":"client","trace_id":"c2046c5a621e9802c5f916127fc0b5a8","span_id":"555a8f744192e10d","status":"ok","duration_ms":0,"attributes":{"db.operation.name":"query","db.system":"postgresql"}}
{"event":"correlation_span","name":"repository.schema","kind":"client","trace_id":"386b3dca1ca7f244a74df69727f55616","span_id":"247aa25fc83b74c2","status":"ok","duration_ms":0,"attributes":{"db.operation.name":"schema","db.system":"postgresql"}}
{"event":"correlation_span","name":"repository.schema","kind":"client","trace_id":"c7ef8f712f9cad2f2209575ecb710f7d","span_id":"d22e7424bf15ea75","status":"ok","duration_ms":0,"attributes":{"db.operation.name":"schema","db.system":"postgresql"}}
{"event":"correlation_span","name":"repository.query","kind":"client","trace_id":"f27673658d08520251301e20757a9620","span_id":"0388afc22bb51928","status":"ok","duration_ms":0,"attributes":{"db.operation.name":"query","db.system":"postgresql"}}
{"event":"correlation_span","name":"repository.query","kind":"client","trace_id":"7639ac5d292fca7955d4c93225c0180f","span_id":"886b32f6323b73f9","status":"ok","duration_ms":0,"attributes":{"db.operation.name":"query","db.system":"postgresql"}}
{"event":"correlation_span","name":"repository.schema","kind":"client","trace_id":"0a74866ac118033a4bf05e45a5b5839d","span_id":"b3978a7bbcfe695d","status":"ok","duration_ms":0,"attributes":{"db.operation.name":"schema","db.system":"postgresql"}}
{"event":"correlation_span","name":"repository.schema","kind":"client","trace_id":"56593c769ba902359537460143c72e14","span_id":"e6e488218b69b104","status":"ok","duration_ms":0,"attributes":{"db.operation.name":"schema","db.system":"postgresql"}}
{"event":"correlation_span","name":"repository.query","kind":"client","trace_id":"848bfb7074d9d898cc4a2a4648d4f689","span_id":"ee0ad71a56077081","status":"ok","duration_ms":0,"attributes":{"db.operation.name":"query","db.system":"postgresql"}}
{"event":"correlation_span","name":"repository.schema","kind":"client","trace_id":"1021d79108f885fe51c294791d98d337","span_id":"88863b993d6a1f98","status":"ok","duration_ms":0,"attributes":{"db.operation.name":"schema","db.system":"postgresql"}}
{"event":"correlation_span","name":"repository.query","kind":"client","trace_id":"dfc9c4aa6b9d76ea4ee5c83fe3501d3f","span_id":"efe64a565a97688e","status":"ok","duration_ms":0,"attributes":{"db.operation.name":"query","db.system":"postgresql"}}
{"event":"correlation_span","name":"repository.query","kind":"client","trace_id":"020af1d955739a6e6ed45b2785c47296","span_id":"9fa977b041ac794a","status":"ok","duration_ms":0,"attributes":{"db.operation.name":"query","db.system":"postgresql"}}
{"event":"correlation_span","name":"repository.schema","kind":"client","trace_id":"3e6f3704f1f105b3420a5dc42b176a11","span_id":"a6f62c60411c3b06","status":"ok","duration_ms":0,"attributes":{"db.operation.name":"schema","db.system":"postgresql"}}
{"event":"correlation_span","name":"repository.query","kind":"client","trace_id":"a0022cc706666712966d65a3a6571723","span_id":"a1b404fc7978c931","status":"ok","duration_ms":0,"attributes":{"db.operation.name":"query","db.system":"postgresql"}}
{"event":"correlation_span","name":"repository.schema","kind":"client","trace_id":"26bfb32e13ca12df9bd5ac9c4e96f087","span_id":"5c46c16a78a96a7d","status":"ok","duration_ms":0,"attributes":{"db.operation.name":"schema","db.system":"postgresql"}}
{"event":"correlation_span","name":"repository.query","kind":"client","trace_id":"ffc85e2ff3222929d9c53b0a633f8a10","span_id":"0db9433edd68efcf","status":"ok","duration_ms":0,"attributes":{"db.operation.name":"query","db.system":"postgresql"}}
{"event":"correlation_span","name":"repository.schema","kind":"client","trace_id":"8265b855f3fa0e1f8e3806b236b58ff6","span_id":"e512a774a6dac70b","status":"ok","duration_ms":0,"attributes":{"db.operation.name":"schema","db.system":"postgresql"}}
{"event":"correlation_span","name":"repository.query","kind":"client","trace_id":"50d44f492be54b495ce469d3fbb7351f","span_id":"9fb6da6790e33788","status":"ok","duration_ms":0,"attributes":{"db.operation.name":"query","db.system":"postgresql"}}
{"event":"correlation_span","name":"repository.query","kind":"client","trace_id":"8e20c5aa17be41451789c9d87303124c","span_id":"a223d0cfe3b2d606","parent_span_id":"ce1b29eb7aae35be","status":"ok","duration_ms":0,"attributes":{"db.operation.name":"query","db.system":"postgresql"}}
{"correlation_id":"pid_756e30f0-31b5-46e5-b469-9705e757acf0","duration_ms":0,"event":"http_request","method":"POST","route":"/api/v1/security-agents","severity":"INFO","span_id":"ce1b29eb7aae35be","status":409,"timestamp":"2026-10-06T02:07:09.516132762Z","trace_id":"8e20c5aa17be41451789c9d87303124c"}
{"correlation_id":"pid_756e30f0-31b5-46e5-b469-9705e757acf0","event":"audit_outcome","operation":"POST /api/v1/security-agents","outcome":"rejected","severity":"INFO","timestamp":"2026-10-06T02:07:09.516177699Z","trace_id":"8e20c5aa17be41451789c9d87303124c"}
{"event":"correlation_span","name":"http.request","kind":"server","trace_id":"8e20c5aa17be41451789c9d87303124c","span_id":"ce1b29eb7aae35be","parent_span_id":"1df228bdca78e405","status":"ok","duration_ms":0,"attributes":{"http.request.method":"POST","http.response.status_code":"409","http.route":"/api/v1/security-agents"}}
=== RUN   TestExistingTestDraftMountedProductionComposition/corrupt55
{"event":"correlation_span","name":"repository.query","kind":"client","trace_id":"fb76feac0a687968d2c7dd277144c015","span_id":"1212b5845d5a53b4","status":"ok","duration_ms":0,"attributes":{"db.operation.name":"query","db.system":"postgresql"}}
{"event":"correlation_span","name":"repository.query","kind":"client","trace_id":"e03ff109d7bc235c216861230db6d8b0","span_id":"ffd5f48f3c2f49c2","status":"ok","duration_ms":0,"attributes":{"db.operation.name":"query","db.system":"postgresql"}}
{"event":"correlation_span","name":"repository.schema","kind":"client","trace_id":"f1bdde08c900bbeac36ef044474b6cc1","span_id":"dc3639af94443931","status":"ok","duration_ms":0,"attributes":{"db.operation.name":"schema","db.system":"postgresql"}}
{"event":"correlation_span","name":"repository.schema","kind":"client","trace_id":"ee20442ec67f00808c8fc9b23b43e69e","span_id":"20e677c2a0a8a267","status":"ok","duration_ms":0,"attributes":{"db.operation.name":"schema","db.system":"postgresql"}}
{"event":"correlation_span","name":"repository.query","kind":"client","trace_id":"9dfa8e3a18610ef8a3126235522579b5","span_id":"d940388866756e4c","status":"ok","duration_ms":0,"attributes":{"db.operation.name":"query","db.system":"postgresql"}}
{"event":"correlation_span","name":"repository.query","kind":"client","trace_id":"c1348fa7ddce722ba6ab70639fc03ead","span_id":"029a48bf1f5244de","status":"ok","duration_ms":0,"attributes":{"db.operation.name":"query","db.system":"postgresql"}}
{"event":"correlation_span","name":"repository.schema","kind":"client","trace_id":"58df5f6b38978cbb0205d50b0fb7ff02","span_id":"8643c2062b78be7c","status":"ok","duration_ms":0,"attributes":{"db.operation.name":"schema","db.system":"postgresql"}}
{"event":"correlation_span","name":"repository.schema","kind":"client","trace_id":"c102c20ea15fa8b3ab7b56c1486eaad7","span_id":"c760d44b51c962c7","status":"ok","duration_ms":0,"attributes":{"db.operation.name":"schema","db.system":"postgresql"}}
{"event":"correlation_span","name":"repository.query","kind":"client","trace_id":"57d6e6351fdaba59468ed039ea3b5bae","span_id":"e3e93dd3d7c2877f","status":"ok","duration_ms":0,"attributes":{"db.operation.name":"query","db.system":"postgresql"}}
{"event":"correlation_span","name":"repository.schema","kind":"client","trace_id":"495638280a48c728975b3666b7489eaa","span_id":"76ca10f29d30bad8","status":"ok","duration_ms":0,"attributes":{"db.operation.name":"schema","db.system":"postgresql"}}
{"event":"correlation_span","name":"repository.query","kind":"client","trace_id":"7937573171f2e292be0332fe1925bf10","span_id":"df9c5b14eda70ae3","status":"ok","duration_ms":0,"attributes":{"db.operation.name":"query","db.system":"postgresql"}}
{"event":"correlation_span","name":"repository.query","kind":"client","trace_id":"f536bcf4df95f8f021bec03fb26591db","span_id":"621e991948f20b79","status":"ok","duration_ms":0,"attributes":{"db.operation.name":"query","db.system":"postgresql"}}
{"event":"correlation_span","name":"repository.schema","kind":"client","trace_id":"9b5b11899a9ca8148b5ae245b042b6f9","span_id":"6877ff6b755a5aa9","status":"ok","duration_ms":0,"attributes":{"db.operation.name":"schema","db.system":"postgresql"}}
{"event":"correlation_span","name":"repository.query","kind":"client","trace_id":"0ae4e3c564416f169faa6b7ac49b27c3","span_id":"07ae74d0b60c0e51","status":"ok","duration_ms":0,"attributes":{"db.operation.name":"query","db.system":"postgresql"}}
{"event":"correlation_span","name":"repository.schema","kind":"client","trace_id":"28f9cdcd7e49726b40b7a20775a0d4a7","span_id":"03b29f1170c132b7","status":"ok","duration_ms":0,"attributes":{"db.operation.name":"schema","db.system":"postgresql"}}
{"event":"correlation_span","name":"repository.query","kind":"client","trace_id":"e34423472f840a67ee44fe589898e272","span_id":"ca7b22a719a8288a","status":"ok","duration_ms":0,"attributes":{"db.operation.name":"query","db.system":"postgresql"}}
{"event":"correlation_span","name":"repository.schema","kind":"client","trace_id":"c9482c7f04ac63ea607f5f0622243321","span_id":"0902416067fda2e2","status":"ok","duration_ms":0,"attributes":{"db.operation.name":"schema","db.system":"postgresql"}}
{"event":"correlation_span","name":"repository.query","kind":"client","trace_id":"f19f699b07d9e12a98b32a514d3263c7","span_id":"4ea0b02ae077664b","status":"ok","duration_ms":0,"attributes":{"db.operation.name":"query","db.system":"postgresql"}}
{"event":"correlation_span","name":"repository.query","kind":"client","trace_id":"76dc39a10b40b82ec1067e52053a345d","span_id":"e5729e92177179fd","parent_span_id":"19c1ed42954700b1","status":"ok","duration_ms":0,"attributes":{"db.operation.name":"query","db.system":"postgresql"}}
{"event":"correlation_span","name":"repository.query","kind":"client","trace_id":"76dc39a10b40b82ec1067e52053a345d","span_id":"16801b152f7f9c78","parent_span_id":"19c1ed42954700b1","status":"ok","duration_ms":0,"attributes":{"db.operation.name":"query","db.system":"postgresql"}}
{"event":"correlation_span","name":"repository.query","kind":"client","trace_id":"76dc39a10b40b82ec1067e52053a345d","span_id":"8bdcb868aa8ff51f","parent_span_id":"19c1ed42954700b1","status":"error","duration_ms":0,"attributes":{"db.operation.name":"query","db.system":"postgresql"}}
{"correlation_id":"pid_ae4ebc94-155f-422e-9587-5f9226a531c2","duration_ms":52,"event":"http_request","method":"POST","route":"/api/v1/security-agents","severity":"INFO","span_id":"19c1ed42954700b1","status":503,"timestamp":"2026-10-06T02:07:09.577038476Z","trace_id":"76dc39a10b40b82ec1067e52053a345d"}
{"correlation_id":"pid_ae4ebc94-155f-422e-9587-5f9226a531c2","event":"audit_outcome","operation":"POST /api/v1/security-agents","outcome":"rejected","severity":"INFO","timestamp":"2026-10-06T02:07:09.577102532Z","trace_id":"76dc39a10b40b82ec1067e52053a345d"}
{"event":"correlation_span","name":"http.request","kind":"server","trace_id":"76dc39a10b40b82ec1067e52053a345d","span_id":"19c1ed42954700b1","parent_span_id":"51cd11600ca423a9","status":"error","duration_ms":52,"attributes":{"http.request.method":"POST","http.response.status_code":"503","http.route":"/api/v1/security-agents"}}
--- PASS: TestExistingTestDraftMountedProductionComposition (0.31s)
    --- PASS: TestExistingTestDraftMountedProductionComposition/healthy (0.22s)
    --- PASS: TestExistingTestDraftMountedProductionComposition/missing_permission (0.01s)
    --- PASS: TestExistingTestDraftMountedProductionComposition/wrong_csrf (0.01s)
    --- PASS: TestExistingTestDraftMountedProductionComposition/wrong_origin (0.01s)
    --- PASS: TestExistingTestDraftMountedProductionComposition/foreign_scope (0.01s)
    --- PASS: TestExistingTestDraftMountedProductionComposition/corrupt55 (0.06s)
=== RUN   TestExistingTestCatalogMountedProductionComposition
{"event":"correlation_span","name":"repository.query","kind":"client","trace_id":"5271819ec0a2580234e83d6afc5140be","span_id":"00f4bc13026b599a","status":"ok","duration_ms":0,"attributes":{"db.operation.name":"query","db.system":"postgresql"}}
{"event":"correlation_span","name":"repository.query","kind":"client","trace_id":"554a4ad8703b5e5b5988755d54a4aff9","span_id":"e0c44062a1f320a6","status":"ok","duration_ms":0,"attributes":{"db.operation.name":"query","db.system":"postgresql"}}
{"event":"correlation_span","name":"repository.schema","kind":"client","trace_id":"7b5b40ba17941f370eda2d4c710a8e8e","span_id":"3a957afcdf1af5df","status":"ok","duration_ms":0,"attributes":{"db.operation.name":"schema","db.system":"postgresql"}}
{"event":"correlation_span","name":"repository.schema","kind":"client","trace_id":"459e087a1ec3f5a15136fc7e6281d6fa","span_id":"30525a5bb84ebcc0","status":"ok","duration_ms":0,"attributes":{"db.operation.name":"schema","db.system":"postgresql"}}
{"event":"correlation_span","name":"repository.query","kind":"client","trace_id":"a7dd44a596fa56cc793a84b7dcd2b8fa","span_id":"78ebece73bc6f867","status":"ok","duration_ms":0,"attributes":{"db.operation.name":"query","db.system":"postgresql"}}
{"event":"correlation_span","name":"repository.query","kind":"client","trace_id":"9beba3602daa57653f601ef5140e867b","span_id":"73af9f0ab689ca7e","status":"ok","duration_ms":0,"attributes":{"db.operation.name":"query","db.system":"postgresql"}}
{"event":"correlation_span","name":"repository.schema","kind":"client","trace_id":"da993721f0a9f1bdf1a6c0ce541553b0","span_id":"4521c10220b207c5","status":"ok","duration_ms":0,"attributes":{"db.operation.name":"schema","db.system":"postgresql"}}
{"event":"correlation_span","name":"repository.schema","kind":"client","trace_id":"300d829b27c0ab2d4c028a561033520d","span_id":"58fa64b63e14ce79","status":"ok","duration_ms":0,"attributes":{"db.operation.name":"schema","db.system":"postgresql"}}
{"event":"correlation_span","name":"repository.query","kind":"client","trace_id":"cfc6f0ebeeb68230fd9dec41d48ed98e","span_id":"754d3b3b8eb15005","status":"ok","duration_ms":0,"attributes":{"db.operation.name":"query","db.system":"postgresql"}}
{"event":"correlation_span","name":"repository.schema","kind":"client","trace_id":"c3683d4d0950b126512332d9270f4c5f","span_id":"0218e9e2591ffc5e","status":"ok","duration_ms":0,"attributes":{"db.operation.name":"schema","db.system":"postgresql"}}
{"event":"correlation_span","name":"repository.query","kind":"client","trace_id":"dd92794ac3bf38b82ae2becbe54c1d65","span_id":"f0a67b0382676641","status":"ok","duration_ms":0,"attributes":{"db.operation.name":"query","db.system":"postgresql"}}
{"event":"correlation_span","name":"repository.query","kind":"client","trace_id":"203ce0670ae4e892ebd003f0d127fc11","span_id":"9f1ead8d5127a1ab","status":"ok","duration_ms":0,"attributes":{"db.operation.name":"query","db.system":"postgresql"}}
{"event":"correlation_span","name":"repository.schema","kind":"client","trace_id":"9395efd3c193225f8670a47c1fd00b07","span_id":"cfc04d037cb3442d","status":"ok","duration_ms":0,"attributes":{"db.operation.name":"schema","db.system":"postgresql"}}
{"event":"correlation_span","name":"repository.query","kind":"client","trace_id":"a247f36ce34c8f1a0c481fb73650f314","span_id":"e1c707b9acfaa9b0","status":"ok","duration_ms":0,"attributes":{"db.operation.name":"query","db.system":"postgresql"}}
{"event":"correlation_span","name":"repository.schema","kind":"client","trace_id":"78e98b8f4e3a636b2c902997879dcd58","span_id":"351084997622ab34","status":"ok","duration_ms":0,"attributes":{"db.operation.name":"schema","db.system":"postgresql"}}
{"event":"correlation_span","name":"repository.query","kind":"client","trace_id":"22f45e3fd5025d9ba5903c6601911963","span_id":"4062b63d9e8df691","status":"ok","duration_ms":0,"attributes":{"db.operation.name":"query","db.system":"postgresql"}}
{"event":"correlation_span","name":"repository.schema","kind":"client","trace_id":"3e3f957fae6a0e9a5b8495c8f7429f8a","span_id":"053cb740e9e27195","status":"ok","duration_ms":0,"attributes":{"db.operation.name":"schema","db.system":"postgresql"}}
{"event":"correlation_span","name":"repository.query","kind":"client","trace_id":"a9a0a0576671f381ff17efa33a69330d","span_id":"49a75f3256040962","status":"ok","duration_ms":0,"attributes":{"db.operation.name":"query","db.system":"postgresql"}}
{"event":"correlation_span","name":"repository.query","kind":"client","trace_id":"6553d081d5ad35e9dbd37915080eee11","span_id":"02a121aed96fa985","parent_span_id":"f394af6dee16a8e2","status":"ok","duration_ms":0,"attributes":{"db.operation.name":"query","db.system":"postgresql"}}
{"correlation_id":"pid_6371d8c6-64b8-4781-b160-853fab4fb308","duration_ms":0,"event":"http_request","method":"GET","route":"/api/v1/security-agent-templates","severity":"INFO","span_id":"f394af6dee16a8e2","status":200,"timestamp":"2026-10-06T02:07:09.586796692Z","trace_id":"6553d081d5ad35e9dbd37915080eee11"}
{"event":"correlation_span","name":"http.request","kind":"server","trace_id":"6553d081d5ad35e9dbd37915080eee11","span_id":"f394af6dee16a8e2","parent_span_id":"024dd359fe4636a9","status":"ok","duration_ms":0,"attributes":{"http.request.method":"GET","http.response.status_code":"200","http.route":"/api/v1/security-agent-templates"}}
{"event":"correlation_span","name":"repository.query","kind":"client","trace_id":"7cc609274e9a0794c9e24bcf322c295b","span_id":"1c9617a656b35c32","parent_span_id":"64010c25a52d08e5","status":"ok","duration_ms":0,"attributes":{"db.operation.name":"query","db.system":"postgresql"}}
{"correlation_id":"pid_ebf742f7-d816-4262-9ded-f1e603fbba83","duration_ms":0,"event":"http_request","method":"GET","route":"/unmatched","severity":"INFO","span_id":"64010c25a52d08e5","status":200,"timestamp":"2026-10-06T02:07:09.587362974Z","trace_id":"7cc609274e9a0794c9e24bcf322c295b"}
{"event":"correlation_span","name":"http.request","kind":"server","trace_id":"7cc609274e9a0794c9e24bcf322c295b","span_id":"64010c25a52d08e5","parent_span_id":"56ddf849cfbd3421","status":"ok","duration_ms":0,"attributes":{"http.request.method":"GET","http.response.status_code":"200","http.route":"/unmatched"}}
{"event":"correlation_span","name":"repository.query","kind":"client","trace_id":"d96f223b6c78bea6313b6ce5f325234d","span_id":"67e9f5834ddc4e42","parent_span_id":"ba765b297870fdea","status":"ok","duration_ms":0,"attributes":{"db.operation.name":"query","db.system":"postgresql"}}
{"correlation_id":"pid_8198ec89-d202-47d0-9a56-a28707f77f39","duration_ms":0,"event":"http_request","method":"GET","route":"/api/v1/security-agent-templates","severity":"INFO","span_id":"ba765b297870fdea","status":503,"timestamp":"2026-10-06T02:07:09.587807393Z","trace_id":"d96f223b6c78bea6313b6ce5f325234d"}
{"event":"correlation_span","name":"http.request","kind":"server","trace_id":"d96f223b6c78bea6313b6ce5f325234d","span_id":"ba765b297870fdea","parent_span_id":"81fa8fba134c7735","status":"error","duration_ms":0,"attributes":{"http.request.method":"GET","http.response.status_code":"503","http.route":"/api/v1/security-agent-templates"}}
{"event":"correlation_span","name":"repository.query","kind":"client","trace_id":"da792ec832b695b5960d138990c1e3b0","span_id":"b8f09687fa8e2705","parent_span_id":"23e86c08b756c4e4","status":"ok","duration_ms":0,"attributes":{"db.operation.name":"query","db.system":"postgresql"}}
{"correlation_id":"pid_42b2415d-c82b-4dd6-beb6-8ffa266d8497","duration_ms":0,"event":"http_request","method":"GET","route":"/unmatched","severity":"INFO","span_id":"23e86c08b756c4e4","status":503,"timestamp":"2026-10-06T02:07:09.588224581Z","trace_id":"da792ec832b695b5960d138990c1e3b0"}
{"event":"correlation_span","name":"http.request","kind":"server","trace_id":"da792ec832b695b5960d138990c1e3b0","span_id":"23e86c08b756c4e4","parent_span_id":"7cc02dd40787463e","status":"error","duration_ms":0,"attributes":{"http.request.method":"GET","http.response.status_code":"503","http.route":"/unmatched"}}
{"event":"correlation_span","name":"repository.query","kind":"client","trace_id":"e4889da1ef52b7da76fe88dc091c1704","span_id":"eb253e9ed92b62a8","parent_span_id":"e0d22fcc15e7779c","status":"ok","duration_ms":0,"attributes":{"db.operation.name":"query","db.system":"postgresql"}}
{"correlation_id":"pid_64fb3ac0-3dca-4370-80e9-af6587fc43b5","duration_ms":0,"event":"http_request","method":"GET","route":"/api/v1/security-agent-templates","severity":"INFO","span_id":"e0d22fcc15e7779c","status":200,"timestamp":"2026-10-06T02:07:09.589013919Z","trace_id":"e4889da1ef52b7da76fe88dc091c1704"}
{"event":"correlation_span","name":"http.request","kind":"server","trace_id":"e4889da1ef52b7da76fe88dc091c1704","span_id":"e0d22fcc15e7779c","parent_span_id":"e8845bfc7c6874d5","status":"ok","duration_ms":0,"attributes":{"http.request.method":"GET","http.response.status_code":"200","http.route":"/api/v1/security-agent-templates"}}
{"event":"correlation_span","name":"repository.query","kind":"client","trace_id":"e54a76191788e92be8ee17552bc5e42f","span_id":"17d2d2690e2e07ba","parent_span_id":"174f1170983b9cc7","status":"ok","duration_ms":0,"attributes":{"db.operation.name":"query","db.system":"postgresql"}}
{"correlation_id":"pid_976fbe7e-3dc4-48d5-8fe3-b84c6ac8eb89","duration_ms":0,"event":"http_request","method":"GET","route":"/unmatched","severity":"INFO","span_id":"174f1170983b9cc7","status":200,"timestamp":"2026-10-06T02:07:09.589554212Z","trace_id":"e54a76191788e92be8ee17552bc5e42f"}
{"event":"correlation_span","name":"http.request","kind":"server","trace_id":"e54a76191788e92be8ee17552bc5e42f","span_id":"174f1170983b9cc7","parent_span_id":"531d72b2513370ca","status":"ok","duration_ms":0,"attributes":{"http.request.method":"GET","http.response.status_code":"200","http.route":"/unmatched"}}
--- PASS: TestExistingTestCatalogMountedProductionComposition (0.01s)
=== RUN   TestTracedDatabasePreservesExistingTestDraftAuthority
--- PASS: TestTracedDatabasePreservesExistingTestDraftAuthority (0.00s)
=== RUN   TestExportWorkflowConfigurationIsClosed
--- PASS: TestExportWorkflowConfigurationIsClosed (0.00s)
=== RUN   TestExportWorkflowProductionCatalogRequiresWorkersAndAdmission
=== RUN   TestExportWorkflowProductionCatalogRequiresWorkersAndAdmission/ready
=== RUN   TestExportWorkflowProductionCatalogRequiresWorkersAndAdmission/disabled
=== RUN   TestExportWorkflowProductionCatalogRequiresWorkersAndAdmission/admission_absent
=== RUN   TestExportWorkflowProductionCatalogRequiresWorkersAndAdmission/admission_drift
=== RUN   TestExportWorkflowProductionCatalogRequiresWorkersAndAdmission/worker_unavailable
=== RUN   TestExportWorkflowProductionCatalogRequiresWorkersAndAdmission/missing_storage
--- PASS: TestExportWorkflowProductionCatalogRequiresWorkersAndAdmission (0.59s)
    --- PASS: TestExportWorkflowProductionCatalogRequiresWorkersAndAdmission/ready (0.13s)
    --- PASS: TestExportWorkflowProductionCatalogRequiresWorkersAndAdmission/disabled (0.12s)
    --- PASS: TestExportWorkflowProductionCatalogRequiresWorkersAndAdmission/admission_absent (0.11s)
    --- PASS: TestExportWorkflowProductionCatalogRequiresWorkersAndAdmission/admission_drift (0.11s)
    --- PASS: TestExportWorkflowProductionCatalogRequiresWorkersAndAdmission/worker_unavailable (0.12s)
    --- PASS: TestExportWorkflowProductionCatalogRequiresWorkersAndAdmission/missing_storage (0.00s)
=== RUN   TestProductionFindingTicketSecretResolverReadsOnlyExactWebhookReference
--- PASS: TestProductionFindingTicketSecretResolverReadsOnlyExactWebhookReference (0.00s)
=== RUN   TestProductionFindingTicketGeneratorsReturnExactIndependentAuthority
--- PASS: TestProductionFindingTicketGeneratorsReturnExactIndependentAuthority (0.00s)
=== RUN   TestP7IdentityTracedNativeRuntime
    identity_native_runtime_test.go:32: requires owned parent fixture
--- SKIP: TestP7IdentityTracedNativeRuntime (0.00s)
=== RUN   TestRunLifecycleWorkersStartsAllAndCancelsSiblings
--- PASS: TestRunLifecycleWorkersStartsAllAndCancelsSiblings (0.00s)
=== RUN   TestRunLifecycleWorkersFailsClosedWhenOneWorkerStops
--- PASS: TestRunLifecycleWorkersFailsClosedWhenOneWorkerStops (0.00s)
=== RUN   TestRunLifecycleWorkersRejectsInvalidConfiguration
--- PASS: TestRunLifecycleWorkersRejectsInvalidConfiguration (0.00s)
=== RUN   TestRunPrintsExactBuildVersion
=== PAUSE TestRunPrintsExactBuildVersion
=== RUN   TestRunRejectsInvalidBuildVersionWithoutOutput
=== PAUSE TestRunRejectsInvalidBuildVersionWithoutOutput
=== RUN   TestRunReturnsWriterFailure
=== PAUSE TestRunReturnsWriterFailure
=== RUN   TestRunRejectsNilWriter
=== PAUSE TestRunRejectsNilWriter
=== RUN   TestDefaultBuildVersion
=== PAUSE TestDefaultBuildVersion
=== RUN   TestServeProcessExposesExactHealthEndpoints
=== PAUSE TestServeProcessExposesExactHealthEndpoints
=== RUN   TestServeProcessFailsBeforeOrClosesListener
=== PAUSE TestServeProcessFailsBeforeOrClosesListener
=== RUN   TestNangoOAuthProviderBindsLifecycleToExactTenantAndPrivateAuthority
--- PASS: TestNangoOAuthProviderBindsLifecycleToExactTenantAndPrivateAuthority (0.00s)
=== RUN   TestNangoOAuthProviderRejectsAuthorityDriftBeforeNangoIO
--- PASS: TestNangoOAuthProviderRejectsAuthorityDriftBeforeNangoIO (0.00s)
=== RUN   TestNangoOAuthProviderRejectsMalformedWorkspaceProofBeforeActivation
--- PASS: TestNangoOAuthProviderRejectsMalformedWorkspaceProofBeforeActivation (0.00s)
=== RUN   TestNangoServiceSecretResolverMapsOnlyExactPrivateReference
--- PASS: TestNangoServiceSecretResolverMapsOnlyExactPrivateReference (0.00s)
=== RUN   TestProductionNangoRegistrationIsOptionalAndAddsOnlySlackLongTailAuthority
--- PASS: TestProductionNangoRegistrationIsOptionalAndAddsOnlySlackLongTailAuthority (0.00s)
=== RUN   TestNangoCapabilityReadinessCachesOnlySuccessAndRechecksClockRollback
--- PASS: TestNangoCapabilityReadinessCachesOnlySuccessAndRechecksClockRollback (0.00s)
=== RUN   TestOperationalMetricsNormalizeAndBoundHostileLabels
--- PASS: TestOperationalMetricsNormalizeAndBoundHostileLabels (0.02s)
=== RUN   TestAuditExportOperationalLabelsAreBounded
--- PASS: TestAuditExportOperationalLabelsAreBounded (0.00s)
=== RUN   TestOperationalSLOHistogramsSurviveDetailedSeriesOverflow
--- PASS: TestOperationalSLOHistogramsSurviveDetailedSeriesOverflow (0.00s)
=== RUN   TestStructuredCorrelationRecordDoesNotClaimOpenTelemetryExport
--- PASS: TestStructuredCorrelationRecordDoesNotClaimOpenTelemetryExport (0.00s)
=== RUN   TestEdgeSecurityAcceptsOnlyExactTrustedTLSForwarding
=== RUN   TestEdgeSecurityAcceptsOnlyExactTrustedTLSForwarding/forwarded_port
=== RUN   TestEdgeSecurityAcceptsOnlyExactTrustedTLSForwarding/forwarded_for
=== RUN   TestEdgeSecurityAcceptsOnlyExactTrustedTLSForwarding/raw_forwarded
=== RUN   TestEdgeSecurityAcceptsOnlyExactTrustedTLSForwarding/host
=== RUN   TestEdgeSecurityAcceptsOnlyExactTrustedTLSForwarding/origin
=== RUN   TestEdgeSecurityAcceptsOnlyExactTrustedTLSForwarding/proxy
=== RUN   TestEdgeSecurityAcceptsOnlyExactTrustedTLSForwarding/proto
=== RUN   TestEdgeSecurityAcceptsOnlyExactTrustedTLSForwarding/forwarded_host
--- PASS: TestEdgeSecurityAcceptsOnlyExactTrustedTLSForwarding (0.00s)
    --- PASS: TestEdgeSecurityAcceptsOnlyExactTrustedTLSForwarding/forwarded_port (0.00s)
    --- PASS: TestEdgeSecurityAcceptsOnlyExactTrustedTLSForwarding/forwarded_for (0.00s)
    --- PASS: TestEdgeSecurityAcceptsOnlyExactTrustedTLSForwarding/raw_forwarded (0.00s)
    --- PASS: TestEdgeSecurityAcceptsOnlyExactTrustedTLSForwarding/host (0.00s)
    --- PASS: TestEdgeSecurityAcceptsOnlyExactTrustedTLSForwarding/origin (0.00s)
    --- PASS: TestEdgeSecurityAcceptsOnlyExactTrustedTLSForwarding/proxy (0.00s)
    --- PASS: TestEdgeSecurityAcceptsOnlyExactTrustedTLSForwarding/proto (0.00s)
    --- PASS: TestEdgeSecurityAcceptsOnlyExactTrustedTLSForwarding/forwarded_host (0.00s)
=== RUN   TestOperationalMiddlewareRedactsAndBoundsTraffic
--- PASS: TestOperationalMiddlewareRedactsAndBoundsTraffic (0.00s)
=== RUN   TestRepositoryAndProviderBoundariesExportChildSpansAndMetrics
--- PASS: TestRepositoryAndProviderBoundariesExportChildSpansAndMetrics (0.00s)
=== RUN   TestTrustedForwardedClientDrivesSpoofProofRateLimit
--- PASS: TestTrustedForwardedClientDrivesSpoofProofRateLimit (0.00s)
=== RUN   TestOperationalMiddlewarePropagatesBoundedRequestDeadline
--- PASS: TestOperationalMiddlewarePropagatesBoundedRequestDeadline (0.01s)
=== RUN   TestOrderedHTTPTracingVerifier
--- PASS: TestOrderedHTTPTracingVerifier (0.00s)
=== RUN   TestOrderedHTTPRuntimeCompositionRequiresAuthority
{"event":"correlation_span","name":"repository.schema","kind":"client","trace_id":"b76b153dc3db8626e3507d154df1fb94","span_id":"0f6d3ca0898d0f06","status":"ok","duration_ms":0,"attributes":{"db.operation.name":"schema","db.system":"postgresql"}}
{"event":"correlation_span","name":"repository.schema","kind":"client","trace_id":"7740976a784038f55d7219a1714cdfc2","span_id":"5ccb9c6e3f7142db","status":"ok","duration_ms":0,"attributes":{"db.operation.name":"schema","db.system":"postgresql"}}
{"event":"correlation_span","name":"repository.query","kind":"client","trace_id":"bf3729cf1a3ed61bf2788d90896fb7d5","span_id":"9ceb36c3f542226e","status":"ok","duration_ms":0,"attributes":{"db.operation.name":"query","db.system":"postgresql"}}
{"event":"correlation_span","name":"repository.query","kind":"client","trace_id":"1a71c35d7499dc663e7bc0c3026415e1","span_id":"7e3ff42545369536","status":"ok","duration_ms":0,"attributes":{"db.operation.name":"query","db.system":"postgresql"}}
{"event":"correlation_span","name":"repository.schema","kind":"client","trace_id":"68fc4f291f60c53d1223441fc61e03b3","span_id":"12d3a19a3af515cf","status":"ok","duration_ms":0,"attributes":{"db.operation.name":"schema","db.system":"postgresql"}}
{"event":"correlation_span","name":"repository.schema","kind":"client","trace_id":"4362807f28f1eb9207d2233aec43686a","span_id":"887870ef26b8eef9","status":"ok","duration_ms":0,"attributes":{"db.operation.name":"schema","db.system":"postgresql"}}
{"event":"correlation_span","name":"repository.query","kind":"client","trace_id":"52e1163c4e7640e030893562950f78db","span_id":"cefaa4da3363df6e","status":"ok","duration_ms":0,"attributes":{"db.operation.name":"query","db.system":"postgresql"}}
{"event":"correlation_span","name":"repository.schema","kind":"client","trace_id":"a4505e678e2487fe59ec9af7e3d49b8a","span_id":"5e8a1f9cfd6a35a9","status":"ok","duration_ms":0,"attributes":{"db.operation.name":"schema","db.system":"postgresql"}}
{"event":"correlation_span","name":"repository.schema","kind":"client","trace_id":"f668bdc066465ca2ca8f520c38349def","span_id":"13168732082df515","status":"ok","duration_ms":0,"attributes":{"db.operation.name":"schema","db.system":"postgresql"}}
{"event":"correlation_span","name":"repository.query","kind":"client","trace_id":"50a445c63b92ae8305fe54f87290f57f","span_id":"9b2f81f2b07c26f4","status":"ok","duration_ms":0,"attributes":{"db.operation.name":"query","db.system":"postgresql"}}
{"event":"correlation_span","name":"repository.query","kind":"client","trace_id":"c968ed820933067cb10e256783b802f2","span_id":"0bb6ac775ea3bbab","status":"ok","duration_ms":0,"attributes":{"db.operation.name":"query","db.system":"postgresql"}}
{"event":"correlation_span","name":"repository.schema","kind":"client","trace_id":"fa37d401d36f34e8b1268c04aea22868","span_id":"82d1833d8045a74e","status":"ok","duration_ms":0,"attributes":{"db.operation.name":"schema","db.system":"postgresql"}}
{"event":"correlation_span","name":"repository.schema","kind":"client","trace_id":"0ea48572eba3e1b0ec6b83aed1931480","span_id":"100b0c6aa63d9920","status":"ok","duration_ms":0,"attributes":{"db.operation.name":"schema","db.system":"postgresql"}}
{"event":"correlation_span","name":"repository.query","kind":"client","trace_id":"07c5a847a02dca94305263d5858fb425","span_id":"92ec23e2c9e29215","status":"ok","duration_ms":0,"attributes":{"db.operation.name":"query","db.system":"postgresql"}}
--- PASS: TestOrderedHTTPRuntimeCompositionRequiresAuthority (0.01s)
=== RUN   TestP7OrderedReadinessRoutingCharacterization
=== RUN   TestP7OrderedReadinessRoutingCharacterization/current_typed_release_without_actor_proof
    ordered_readiness_routing_characterization_test.go:47: PRIVATE_DIAGNOSTIC call-entry remaining=999.996665ms expired=false
PRIVATE_DIAGNOSTIC production-authorization-pin elapsed=200.181581ms remaining=799.740871ms expired=false
PRIVATE_DIAGNOSTIC production-public-pin elapsed=129.664326ms remaining=670.011427ms expired=false
    ordered_readiness_routing_characterization_test.go:72: PRIVATE_DIAGNOSTIC QueryRow-entry remaining=669.951437ms expired=false
    ordered_readiness_routing_characterization_test.go:76: PRIVATE_DIAGNOSTIC fake-authorization-pin elapsed=188.654172ms remaining=481.209633ms expired=false
    ordered_readiness_routing_characterization_test.go:79: PRIVATE_DIAGNOSTIC fake-public-pin elapsed=106.512198ms remaining=374.220938ms expired=false
    ordered_readiness_routing_characterization_test.go:49: PRIVATE_DIAGNOSTIC call-return elapsed=626.021958ms remaining=373.974697ms expired=false error=false
    ordered_readiness_routing_characterization_test.go:57: current=true refused=false QueryRow=1 Begin=0 Exec=0
=== RUN   TestP7OrderedReadinessRoutingCharacterization/noncurrent_exact_release_control
    ordered_readiness_routing_characterization_test.go:47: PRIVATE_DIAGNOSTIC call-entry remaining=999.992168ms expired=false
    ordered_readiness_routing_characterization_test.go:72: PRIVATE_DIAGNOSTIC QueryRow-entry remaining=869.142898ms expired=false
    ordered_readiness_routing_characterization_test.go:49: PRIVATE_DIAGNOSTIC call-return elapsed=246.251392ms remaining=753.740706ms expired=false error=false
    ordered_readiness_routing_characterization_test.go:57: current=false refused=false QueryRow=1 Begin=0 Exec=0
--- PASS: TestP7OrderedReadinessRoutingCharacterization (0.87s)
    --- PASS: TestP7OrderedReadinessRoutingCharacterization/current_typed_release_without_actor_proof (0.63s)
    --- PASS: TestP7OrderedReadinessRoutingCharacterization/noncurrent_exact_release_control (0.25s)
=== RUN   TestProductionPolicyHistoryOwnsHardenedExplicitAWSAuthority
--- PASS: TestProductionPolicyHistoryOwnsHardenedExplicitAWSAuthority (0.00s)
=== RUN   TestProductionPolicyHistoryRejectsForeignOrMutableIndexAuthority
=== RUN   TestProductionPolicyHistoryRejectsForeignOrMutableIndexAuthority/http
=== RUN   TestProductionPolicyHistoryRejectsForeignOrMutableIndexAuthority/foreign_region
=== RUN   TestProductionPolicyHistoryRejectsForeignOrMutableIndexAuthority/path
=== RUN   TestProductionPolicyHistoryRejectsForeignOrMutableIndexAuthority/index
--- PASS: TestProductionPolicyHistoryRejectsForeignOrMutableIndexAuthority (0.00s)
    --- PASS: TestProductionPolicyHistoryRejectsForeignOrMutableIndexAuthority/http (0.00s)
    --- PASS: TestProductionPolicyHistoryRejectsForeignOrMutableIndexAuthority/foreign_region (0.00s)
    --- PASS: TestProductionPolicyHistoryRejectsForeignOrMutableIndexAuthority/path (0.00s)
    --- PASS: TestProductionPolicyHistoryRejectsForeignOrMutableIndexAuthority/index (0.00s)
=== RUN   TestRuntimePostgresCancellationShutdownDiagnostic
    postgres_shutdown_diagnostic_test.go:14: owned PostgreSQL shutdown diagnostic only
--- SKIP: TestRuntimePostgresCancellationShutdownDiagnostic (0.00s)
=== RUN   TestMountPublicSurfaceRoutesOnlyTheExactStytchWebhookPath
--- PASS: TestMountPublicSurfaceRoutesOnlyTheExactStytchWebhookPath (0.00s)
=== RUN   TestReconciliationMaintenanceStartsUnavailable
--- PASS: TestReconciliationMaintenanceStartsUnavailable (0.00s)
=== RUN   TestReconciliationMaintenancePrometheusExposition
    reconciliation_maintenance_test.go:28: enable actual Prometheus exposition validation with ZASP_PROMTOOL_BIN
--- SKIP: TestReconciliationMaintenancePrometheusExposition (0.00s)
=== RUN   TestReconciliationMaintenanceRejectsStaleFailedAndForeignSamples
--- PASS: TestReconciliationMaintenanceRejectsStaleFailedAndForeignSamples (0.00s)
=== RUN   TestReconciliationMaintenanceStopsAndInvalidatesBeforeShutdown
--- PASS: TestReconciliationMaintenanceStopsAndInvalidatesBeforeShutdown (0.00s)
=== RUN   TestReconciliationMaintenanceDiscardsLateSuccessAfterCancellation
--- PASS: TestReconciliationMaintenanceDiscardsLateSuccessAfterCancellation (0.00s)
=== RUN   TestAWSCustomerRolePrefixesAreBoundedAndExact
--- PASS: TestAWSCustomerRolePrefixesAreBoundedAndExact (0.00s)
=== RUN   TestReferenceSecretResolverMapsOnlyCanonicalNamespaces
--- PASS: TestReferenceSecretResolverMapsOnlyCanonicalNamespaces (0.00s)
=== RUN   TestAWSReferenceIdentityUsesOnlyExplicitScopedAssumeRoleCredentials
--- PASS: TestAWSReferenceIdentityUsesOnlyExplicitScopedAssumeRoleCredentials (0.00s)
=== RUN   TestReferenceProviderConfigurationDecodersRejectTrailingDocuments
--- PASS: TestReferenceProviderConfigurationDecodersRejectTrailingDocuments (0.00s)
=== RUN   TestKubernetesReferenceProbeRejectsAnyDNSAddressOutsideConfiguredCIDRsBeforeSecrets
--- PASS: TestKubernetesReferenceProbeRejectsAnyDNSAddressOutsideConfiguredCIDRsBeforeSecrets (0.00s)
=== RUN   TestRunContextMountedProductionComposition
{"event":"correlation_span","name":"repository.query","kind":"client","trace_id":"3131c4bf546199b26a2c6e2830f90129","span_id":"318119588925d87a","status":"ok","duration_ms":0,"attributes":{"db.operation.name":"query","db.system":"postgresql"}}
{"event":"correlation_span","name":"repository.query","kind":"client","trace_id":"c48ddc9b2f1e12ea4bdb21815840c075","span_id":"130fb8a10e7eeed3","status":"ok","duration_ms":0,"attributes":{"db.operation.name":"query","db.system":"postgresql"}}
{"event":"correlation_span","name":"repository.schema","kind":"client","trace_id":"89335930a606af534ad5390385bf7b20","span_id":"8836f3a2b308718b","status":"ok","duration_ms":0,"attributes":{"db.operation.name":"schema","db.system":"postgresql"}}
{"event":"correlation_span","name":"repository.schema","kind":"client","trace_id":"6468675a1f470b8296709e9795ffc66a","span_id":"6a8ef963cad84011","status":"ok","duration_ms":0,"attributes":{"db.operation.name":"schema","db.system":"postgresql"}}
{"event":"correlation_span","name":"repository.query","kind":"client","trace_id":"de151fc4188f7243f69966ec43060d90","span_id":"0c44bcdd5c421a9f","status":"ok","duration_ms":0,"attributes":{"db.operation.name":"query","db.system":"postgresql"}}
{"event":"correlation_span","name":"repository.query","kind":"client","trace_id":"c33dd1bc4f603dd734dd08db4b3cb361","span_id":"881a0f5c0135c5bf","status":"ok","duration_ms":0,"attributes":{"db.operation.name":"query","db.system":"postgresql"}}
{"event":"correlation_span","name":"repository.schema","kind":"client","trace_id":"1a8a85d0f0052320d19678b2432f8c41","span_id":"9d2e9dea7b94d65b","status":"ok","duration_ms":0,"attributes":{"db.operation.name":"schema","db.system":"postgresql"}}
{"event":"correlation_span","name":"repository.schema","kind":"client","trace_id":"51d6c4f016f217844e786ba82078f5e0","span_id":"59b4382fb9356d1a","status":"ok","duration_ms":0,"attributes":{"db.operation.name":"schema","db.system":"postgresql"}}
{"event":"correlation_span","name":"repository.query","kind":"client","trace_id":"0c236923ecf235ecf4240def00949e51","span_id":"9e04dbb8cedf77db","status":"ok","duration_ms":0,"attributes":{"db.operation.name":"query","db.system":"postgresql"}}
{"event":"correlation_span","name":"repository.schema","kind":"client","trace_id":"d4deacff5b306030c2ef948136b194f2","span_id":"eb4bcfdfe672a94f","status":"ok","duration_ms":0,"attributes":{"db.operation.name":"schema","db.system":"postgresql"}}
{"event":"correlation_span","name":"repository.query","kind":"client","trace_id":"f74ed9035d4a3fbdf739f8d9d5fb818b","span_id":"5666922f142b620a","status":"ok","duration_ms":0,"attributes":{"db.operation.name":"query","db.system":"postgresql"}}
{"event":"correlation_span","name":"repository.query","kind":"client","trace_id":"1b182ecd5125d45414cafd422ab2c44b","span_id":"8119cab7f51b8c95","status":"ok","duration_ms":0,"attributes":{"db.operation.name":"query","db.system":"postgresql"}}
{"event":"correlation_span","name":"repository.schema","kind":"client","trace_id":"fa959d4494be09f4351bc35d75a7d562","span_id":"7a5d358aeb6fbd52","status":"ok","duration_ms":0,"attributes":{"db.operation.name":"schema","db.system":"postgresql"}}
{"event":"correlation_span","name":"repository.query","kind":"client","trace_id":"3a81247baf0190cd83b6ac9ded367358","span_id":"72835fa174c63101","status":"ok","duration_ms":0,"attributes":{"db.operation.name":"query","db.system":"postgresql"}}
{"event":"correlation_span","name":"repository.schema","kind":"client","trace_id":"ede8995cfac3a428480bebe02d6cdc8b","span_id":"e3f62a7109ac1da1","status":"ok","duration_ms":0,"attributes":{"db.operation.name":"schema","db.system":"postgresql"}}
{"event":"correlation_span","name":"repository.query","kind":"client","trace_id":"6d6e2746c0080373c74fb20ddaa28f23","span_id":"322de68d2bb4b1bd","status":"ok","duration_ms":0,"attributes":{"db.operation.name":"query","db.system":"postgresql"}}
{"event":"correlation_span","name":"repository.schema","kind":"client","trace_id":"0f4e6aa5e69b66351bf062a80492c39a","span_id":"076762c40dc56e1a","status":"ok","duration_ms":0,"attributes":{"db.operation.name":"schema","db.system":"postgresql"}}
{"event":"correlation_span","name":"repository.query","kind":"client","trace_id":"ccc3c68e350a4c82f9146371759d7361","span_id":"74b8d5ee2e78113b","status":"ok","duration_ms":0,"attributes":{"db.operation.name":"query","db.system":"postgresql"}}
{"event":"correlation_span","name":"repository.query","kind":"client","trace_id":"6d18570bab8a581d6980927e1da6aef2","span_id":"dc190445e2cb8e3e","parent_span_id":"1912e810d4c8bbdd","status":"ok","duration_ms":0,"attributes":{"db.operation.name":"query","db.system":"postgresql"}}
{"event":"correlation_span","name":"repository.query","kind":"client","trace_id":"6d18570bab8a581d6980927e1da6aef2","span_id":"8528f04cff39fc48","parent_span_id":"1912e810d4c8bbdd","status":"ok","duration_ms":0,"attributes":{"db.operation.name":"query","db.system":"postgresql"}}
{"event":"correlation_span","name":"repository.query","kind":"client","trace_id":"6d18570bab8a581d6980927e1da6aef2","span_id":"2d391272d0292034","parent_span_id":"1912e810d4c8bbdd","status":"ok","duration_ms":0,"attributes":{"db.operation.name":"query","db.system":"postgresql"}}
{"correlation_id":"pid_d1b37b05-4032-4d44-878d-efbacbcd634c","duration_ms":2,"event":"http_request","method":"GET","route":"/unmatched","severity":"INFO","span_id":"1912e810d4c8bbdd","status":200,"timestamp":"2026-10-06T02:07:11.130589263Z","trace_id":"6d18570bab8a581d6980927e1da6aef2"}
{"event":"correlation_span","name":"http.request","kind":"server","trace_id":"6d18570bab8a581d6980927e1da6aef2","span_id":"1912e810d4c8bbdd","parent_span_id":"62eff1cb1a5cf878","status":"ok","duration_ms":2,"attributes":{"http.request.method":"GET","http.response.status_code":"200","http.route":"/unmatched"}}
{"event":"correlation_span","name":"repository.query","kind":"client","trace_id":"2b1a78efd190cde487226d86c6063c0a","span_id":"8bd26b7412cda9b6","parent_span_id":"a2a4ba25a9b015c6","status":"ok","duration_ms":0,"attributes":{"db.operation.name":"query","db.system":"postgresql"}}
{"event":"correlation_span","name":"repository.query","kind":"client","trace_id":"2b1a78efd190cde487226d86c6063c0a","span_id":"cefc2138764b2172","parent_span_id":"a2a4ba25a9b015c6","status":"ok","duration_ms":0,"attributes":{"db.operation.name":"query","db.system":"postgresql"}}
{"event":"correlation_span","name":"repository.query","kind":"client","trace_id":"2b1a78efd190cde487226d86c6063c0a","span_id":"49edd04725f480fe","parent_span_id":"a2a4ba25a9b015c6","status":"ok","duration_ms":0,"attributes":{"db.operation.name":"query","db.system":"postgresql"}}
{"correlation_id":"pid_f23449a9-81cd-4412-a54c-264a12cae8e7","duration_ms":1,"event":"http_request","method":"GET","route":"/unmatched","severity":"INFO","span_id":"a2a4ba25a9b015c6","status":200,"timestamp":"2026-10-06T02:07:11.132787412Z","trace_id":"2b1a78efd190cde487226d86c6063c0a"}
{"event":"correlation_span","name":"http.request","kind":"server","trace_id":"2b1a78efd190cde487226d86c6063c0a","span_id":"a2a4ba25a9b015c6","parent_span_id":"ceadf69c1020c78f","status":"ok","duration_ms":2,"attributes":{"http.request.method":"GET","http.response.status_code":"200","http.route":"/unmatched"}}
{"event":"correlation_span","name":"repository.query","kind":"client","trace_id":"4e63de913ceda4e136cc77e4e34bd1a6","span_id":"111cfafedef6b731","parent_span_id":"0297b7063b8fd40d","status":"ok","duration_ms":0,"attributes":{"db.operation.name":"query","db.system":"postgresql"}}
{"event":"correlation_span","name":"repository.query","kind":"client","trace_id":"4e63de913ceda4e136cc77e4e34bd1a6","span_id":"958d2033280c662c","parent_span_id":"0297b7063b8fd40d","status":"ok","duration_ms":0,"attributes":{"db.operation.name":"query","db.system":"postgresql"}}
{"correlation_id":"pid_0bd08754-642c-47bc-9367-06de2476e898","duration_ms":0,"event":"http_request","method":"GET","route":"/unmatched","severity":"INFO","span_id":"0297b7063b8fd40d","status":503,"timestamp":"2026-10-06T02:07:11.133322057Z","trace_id":"4e63de913ceda4e136cc77e4e34bd1a6"}
{"event":"correlation_span","name":"http.request","kind":"server","trace_id":"4e63de913ceda4e136cc77e4e34bd1a6","span_id":"0297b7063b8fd40d","parent_span_id":"2fc55d24ba88818d","status":"error","duration_ms":0,"attributes":{"http.request.method":"GET","http.response.status_code":"503","http.route":"/unmatched"}}
--- PASS: TestRunContextMountedProductionComposition (0.01s)
=== RUN   TestTracedDatabasePreservesRunContextAuthority
=== RUN   TestTracedDatabasePreservesRunContextAuthority/legacy
=== RUN   TestTracedDatabasePreservesRunContextAuthority/registered54
=== RUN   TestTracedDatabasePreservesRunContextAuthority/corrupt54
--- PASS: TestTracedDatabasePreservesRunContextAuthority (0.00s)
    --- PASS: TestTracedDatabasePreservesRunContextAuthority/legacy (0.00s)
    --- PASS: TestTracedDatabasePreservesRunContextAuthority/registered54 (0.00s)
    --- PASS: TestTracedDatabasePreservesRunContextAuthority/corrupt54 (0.00s)
=== RUN   TestRuntimeServicesRejectPartialEnabledConfig
--- PASS: TestRuntimeServicesRejectPartialEnabledConfig (0.00s)
=== RUN   TestAPISessionIndexSelectionReachesSelectedProvider
=== RUN   TestAPISessionIndexSelectionReachesSelectedProvider/#00
=== RUN   TestAPISessionIndexSelectionReachesSelectedProvider/zasp-runtime-sessions-v1
=== RUN   TestAPISessionIndexSelectionReachesSelectedProvider/zasp-runtime-sessions-v2
=== RUN   TestAPISessionIndexSelectionReachesSelectedProvider/zasp-runtime-sessions-v3
=== RUN   TestAPISessionIndexSelectionReachesSelectedProvider/*
--- PASS: TestAPISessionIndexSelectionReachesSelectedProvider (0.01s)
    --- PASS: TestAPISessionIndexSelectionReachesSelectedProvider/#00 (0.00s)
    --- PASS: TestAPISessionIndexSelectionReachesSelectedProvider/zasp-runtime-sessions-v1 (0.00s)
    --- PASS: TestAPISessionIndexSelectionReachesSelectedProvider/zasp-runtime-sessions-v2 (0.00s)
    --- PASS: TestAPISessionIndexSelectionReachesSelectedProvider/zasp-runtime-sessions-v3 (0.00s)
    --- PASS: TestAPISessionIndexSelectionReachesSelectedProvider/* (0.00s)
=== RUN   TestAPISessionIndexConfigurationRejectsUnknownGeneration
--- PASS: TestAPISessionIndexConfigurationRejectsUnknownGeneration (0.00s)
=== RUN   TestRuntimeSessionSearchCompositionSelectsRepositoryAuthority
=== RUN   TestRuntimeSessionSearchCompositionSelectsRepositoryAuthority/default
{"event":"correlation_span","name":"repository.schema","kind":"client","trace_id":"67681c67028b0be4f4585672ec1ff13a","span_id":"7fc89e7912cfb82d","status":"ok","duration_ms":0,"attributes":{"db.operation.name":"schema","db.system":"postgresql"}}
{"event":"correlation_span","name":"repository.schema","kind":"client","trace_id":"2bfe2ac63123009325ec18a81da2676a","span_id":"d5e35d11e86b7a7b","status":"ok","duration_ms":0,"attributes":{"db.operation.name":"schema","db.system":"postgresql"}}
{"event":"correlation_span","name":"repository.query","kind":"client","trace_id":"1939cb515b53983183c372d07ec7b0c8","span_id":"11512a951a33ca73","status":"ok","duration_ms":0,"attributes":{"db.operation.name":"query","db.system":"postgresql"}}
{"event":"correlation_span","name":"repository.query","kind":"client","trace_id":"0efdcde5e51908442169f1e00da8cecd","span_id":"9b2e2107399ceb76","status":"ok","duration_ms":0,"attributes":{"db.operation.name":"query","db.system":"postgresql"}}
{"event":"correlation_span","name":"repository.schema","kind":"client","trace_id":"3ad8236c034fe631bb6dea2fa5f54982","span_id":"c29c915cd20fc35e","status":"ok","duration_ms":0,"attributes":{"db.operation.name":"schema","db.system":"postgresql"}}
{"event":"correlation_span","name":"repository.schema","kind":"client","trace_id":"bad98296841dec9fce6eea9f67a5b29b","span_id":"88430d519ba6fae2","status":"ok","duration_ms":0,"attributes":{"db.operation.name":"schema","db.system":"postgresql"}}
{"event":"correlation_span","name":"repository.query","kind":"client","trace_id":"e41a20d6c7bfe73afc94af1622731b2e","span_id":"048edc96062d3560","status":"ok","duration_ms":0,"attributes":{"db.operation.name":"query","db.system":"postgresql"}}
{"event":"correlation_span","name":"repository.schema","kind":"client","trace_id":"b1af15eaedb70d4c6e3f774431025465","span_id":"645737cbf1fa71d0","status":"ok","duration_ms":0,"attributes":{"db.operation.name":"schema","db.system":"postgresql"}}
{"event":"correlation_span","name":"repository.query","kind":"client","trace_id":"6a2e43c26c92ed026173d0f8bdf1b0bf","span_id":"2e33a58111da0941","status":"error","duration_ms":0,"attributes":{"db.operation.name":"query","db.system":"postgresql"}}
{"event":"correlation_span","name":"repository.schema","kind":"client","trace_id":"2771fe69252e912663279e083822821f","span_id":"aa86d0704d7d7c2b","status":"ok","duration_ms":0,"attributes":{"db.operation.name":"schema","db.system":"postgresql"}}
{"event":"correlation_span","name":"repository.query","kind":"client","trace_id":"0b17c7552f0196177a3ff41a3a578bd3","span_id":"9dc60ca8043a3c39","status":"error","duration_ms":0,"attributes":{"db.operation.name":"query","db.system":"postgresql"}}
=== RUN   TestRuntimeSessionSearchCompositionSelectsRepositoryAuthority/explicit_v1
{"event":"correlation_span","name":"repository.schema","kind":"client","trace_id":"e5982c62bb80021635ec565f34be689f","span_id":"702fac99e75dbf97","status":"ok","duration_ms":0,"attributes":{"db.operation.name":"schema","db.system":"postgresql"}}
{"event":"correlation_span","name":"repository.schema","kind":"client","trace_id":"e811165dee08c212d0cacc085da06ac5","span_id":"18409697d4f4aa23","status":"ok","duration_ms":0,"attributes":{"db.operation.name":"schema","db.system":"postgresql"}}
{"event":"correlation_span","name":"repository.query","kind":"client","trace_id":"3cc2d468733e6caf5198d2a4b413450d","span_id":"b5b56c188e6af787","status":"ok","duration_ms":0,"attributes":{"db.operation.name":"query","db.system":"postgresql"}}
{"event":"correlation_span","name":"repository.query","kind":"client","trace_id":"36b55f2cb9e43d2209689c70339cc317","span_id":"92b2efbd35c79b47","status":"ok","duration_ms":0,"attributes":{"db.operation.name":"query","db.system":"postgresql"}}
{"event":"correlation_span","name":"repository.schema","kind":"client","trace_id":"118dd89b9fbfdc0781132ab819c559a8","span_id":"56e8803394956072","status":"ok","duration_ms":0,"attributes":{"db.operation.name":"schema","db.system":"postgresql"}}
{"event":"correlation_span","name":"repository.schema","kind":"client","trace_id":"1249ef84066bd043f85750b09065c863","span_id":"5c33cda8f23dc77a","status":"ok","duration_ms":0,"attributes":{"db.operation.name":"schema","db.system":"postgresql"}}
{"event":"correlation_span","name":"repository.query","kind":"client","trace_id":"1076c91507d872ad7d70d2354e513673","span_id":"b4bffcf8bee17f7c","status":"ok","duration_ms":0,"attributes":{"db.operation.name":"query","db.system":"postgresql"}}
{"event":"correlation_span","name":"repository.schema","kind":"client","trace_id":"7b157345b67757215553ed0be7e2f197","span_id":"f7a8f3547e4f8359","status":"ok","duration_ms":0,"attributes":{"db.operation.name":"schema","db.system":"postgresql"}}
{"event":"correlation_span","name":"repository.query","kind":"client","trace_id":"8e65a00068c3ccc98c232234ad019575","span_id":"4c0d366b91b7fc4e","status":"error","duration_ms":0,"attributes":{"db.operation.name":"query","db.system":"postgresql"}}
{"event":"correlation_span","name":"repository.schema","kind":"client","trace_id":"758386e9332a98026f8113f5afcc0f35","span_id":"a711825b82cce618","status":"ok","duration_ms":0,"attributes":{"db.operation.name":"schema","db.system":"postgresql"}}
{"event":"correlation_span","name":"repository.query","kind":"client","trace_id":"80afcb7d17551f8ecb7ce0024c546ef9","span_id":"46fdc11bebc663e9","status":"error","duration_ms":0,"attributes":{"db.operation.name":"query","db.system":"postgresql"}}
=== RUN   TestRuntimeSessionSearchCompositionSelectsRepositoryAuthority/v2_ready
{"event":"correlation_span","name":"repository.schema","kind":"client","trace_id":"ac87dc9a856bbe63f6598c9b19539597","span_id":"969f26e350494136","status":"ok","duration_ms":0,"attributes":{"db.operation.name":"schema","db.system":"postgresql"}}
{"event":"correlation_span","name":"repository.schema","kind":"client","trace_id":"61b9e50350d20e983a404ba0c9469be6","span_id":"2370cfdad2122cc7","status":"ok","duration_ms":0,"attributes":{"db.operation.name":"schema","db.system":"postgresql"}}
{"event":"correlation_span","name":"repository.query","kind":"client","trace_id":"f9f27a48e06b3fe5db1e4e4584a29418","span_id":"6b1c438e1608ca8b","status":"ok","duration_ms":0,"attributes":{"db.operation.name":"query","db.system":"postgresql"}}
{"event":"correlation_span","name":"repository.query","kind":"client","trace_id":"0144cd6154c0af15d29480c016b2f528","span_id":"aa712b13efb69439","status":"ok","duration_ms":0,"attributes":{"db.operation.name":"query","db.system":"postgresql"}}
{"event":"correlation_span","name":"repository.schema","kind":"client","trace_id":"74eb8373123f235fb38ce4db70c7198d","span_id":"c0cb6488a410fe69","status":"ok","duration_ms":0,"attributes":{"db.operation.name":"schema","db.system":"postgresql"}}
{"event":"correlation_span","name":"repository.schema","kind":"client","trace_id":"6a1edf4f0ad05bc13d47e92c33f94b0e","span_id":"88f7e679f154a2b6","status":"ok","duration_ms":0,"attributes":{"db.operation.name":"schema","db.system":"postgresql"}}
{"event":"correlation_span","name":"repository.query","kind":"client","trace_id":"bd874ba7a9075fa953f63a22842fb06c","span_id":"b8881f26e4986591","status":"ok","duration_ms":0,"attributes":{"db.operation.name":"query","db.system":"postgresql"}}
{"event":"correlation_span","name":"repository.query","kind":"client","trace_id":"f9458ffddfa34d1ed7bbcedeb4690964","span_id":"3a7859c9511bc0a9","status":"ok","duration_ms":0,"attributes":{"db.operation.name":"query","db.system":"postgresql"}}
{"event":"correlation_span","name":"repository.schema","kind":"client","trace_id":"23e4c9de2288dcf2403880b0cae4a4b7","span_id":"790fddaf56702d7c","status":"ok","duration_ms":0,"attributes":{"db.operation.name":"schema","db.system":"postgresql"}}
{"event":"correlation_span","name":"repository.query","kind":"client","trace_id":"be67575209b7579418ce186b759df762","span_id":"03c1f77cfa964dba","status":"error","duration_ms":0,"attributes":{"db.operation.name":"query","db.system":"postgresql"}}
{"event":"correlation_span","name":"repository.query","kind":"client","trace_id":"00eb2826dd74ad110f9255e9561eae57","span_id":"b65d90bf8c46a8c5","status":"ok","duration_ms":0,"attributes":{"db.operation.name":"query","db.system":"postgresql"}}
{"event":"correlation_span","name":"repository.schema","kind":"client","trace_id":"7e6fb87d6ebf141aa23f94a1b96c125c","span_id":"fe70536eb3b0f4d2","status":"ok","duration_ms":0,"attributes":{"db.operation.name":"schema","db.system":"postgresql"}}
{"event":"correlation_span","name":"repository.query","kind":"client","trace_id":"fc31e590b479529f51919e56117d4537","span_id":"bc08100e9bc10921","status":"error","duration_ms":0,"attributes":{"db.operation.name":"query","db.system":"postgresql"}}
=== RUN   TestRuntimeSessionSearchCompositionSelectsRepositoryAuthority/v2_denied
{"event":"correlation_span","name":"repository.schema","kind":"client","trace_id":"51e73243e95d7e36165649f966d828d2","span_id":"0abaf23dfb2831b6","status":"ok","duration_ms":0,"attributes":{"db.operation.name":"schema","db.system":"postgresql"}}
{"event":"correlation_span","name":"repository.schema","kind":"client","trace_id":"9d406da14c1ca3bd7224f3d08a7ffce8","span_id":"11cc99c540605885","status":"ok","duration_ms":0,"attributes":{"db.operation.name":"schema","db.system":"postgresql"}}
{"event":"correlation_span","name":"repository.query","kind":"client","trace_id":"ffdc92d2a0e35745c7a95a77724767af","span_id":"7937024a262504ef","status":"ok","duration_ms":0,"attributes":{"db.operation.name":"query","db.system":"postgresql"}}
{"event":"correlation_span","name":"repository.query","kind":"client","trace_id":"4840f6e8b415110e235b3e497b8e309f","span_id":"e1a0598a98aa73b6","status":"ok","duration_ms":0,"attributes":{"db.operation.name":"query","db.system":"postgresql"}}
{"event":"correlation_span","name":"repository.schema","kind":"client","trace_id":"8111963fd657cced2f533804961411dc","span_id":"4e2762b064077003","status":"ok","duration_ms":0,"attributes":{"db.operation.name":"schema","db.system":"postgresql"}}
{"event":"correlation_span","name":"repository.schema","kind":"client","trace_id":"44957c37ff30d4949023a3804767d262","span_id":"eef1ced1c93e3eeb","status":"ok","duration_ms":0,"attributes":{"db.operation.name":"schema","db.system":"postgresql"}}
{"event":"correlation_span","name":"repository.query","kind":"client","trace_id":"75c6c7f1b3e79d668c5d14c4f146d303","span_id":"7c6deff6e7a465e5","status":"ok","duration_ms":0,"attributes":{"db.operation.name":"query","db.system":"postgresql"}}
{"event":"correlation_span","name":"repository.query","kind":"client","trace_id":"bd8d5699167e4aac9d891d576ced7902","span_id":"920b8116fe605127","status":"ok","duration_ms":0,"attributes":{"db.operation.name":"query","db.system":"postgresql"}}
{"event":"correlation_span","name":"repository.query","kind":"client","trace_id":"a47d2202a84fb3fd8744f5efe9e9d1f7","span_id":"cecbe4e74eadf229","status":"ok","duration_ms":0,"attributes":{"db.operation.name":"query","db.system":"postgresql"}}
=== RUN   TestRuntimeSessionSearchCompositionSelectsRepositoryAuthority/v2_malformed
{"event":"correlation_span","name":"repository.schema","kind":"client","trace_id":"4cbaf377ff44ca3ed86c76da2f5ac277","span_id":"d366b422ec3c2f57","status":"ok","duration_ms":0,"attributes":{"db.operation.name":"schema","db.system":"postgresql"}}
{"event":"correlation_span","name":"repository.schema","kind":"client","trace_id":"5eb41e5750996f3e6016dc99e3a21e81","span_id":"723a5211e36dca9d","status":"ok","duration_ms":0,"attributes":{"db.operation.name":"schema","db.system":"postgresql"}}
{"event":"correlation_span","name":"repository.query","kind":"client","trace_id":"8e7295fdbdf793f3caceb27d230f8681","span_id":"43cfd4f74a87e4b9","status":"ok","duration_ms":0,"attributes":{"db.operation.name":"query","db.system":"postgresql"}}
{"event":"correlation_span","name":"repository.query","kind":"client","trace_id":"0707aed6331341f30f3075cf1226ee8b","span_id":"430e008002c6663e","status":"ok","duration_ms":0,"attributes":{"db.operation.name":"query","db.system":"postgresql"}}
{"event":"correlation_span","name":"repository.schema","kind":"client","trace_id":"5af72ae66e1314a1ebced4f03a19111f","span_id":"a1f096914b7af77e","status":"ok","duration_ms":0,"attributes":{"db.operation.name":"schema","db.system":"postgresql"}}
{"event":"correlation_span","name":"repository.schema","kind":"client","trace_id":"6e2b3aa08f513ea18454ce1de7692a4e","span_id":"144483f201f70896","status":"ok","duration_ms":0,"attributes":{"db.operation.name":"schema","db.system":"postgresql"}}
{"event":"correlation_span","name":"repository.query","kind":"client","trace_id":"09f501a56d4f6a60a9544a44282481c7","span_id":"7f840cc7d6d21d1b","status":"ok","duration_ms":0,"attributes":{"db.operation.name":"query","db.system":"postgresql"}}
{"event":"correlation_span","name":"repository.query","kind":"client","trace_id":"98697e85e07add0ac61ca7173f0069a4","span_id":"801d0e286c4b75a2","status":"ok","duration_ms":0,"attributes":{"db.operation.name":"query","db.system":"postgresql"}}
{"event":"correlation_span","name":"repository.query","kind":"client","trace_id":"4923504012dcc68d977763473b87d7c3","span_id":"60d6f469c0b66539","status":"ok","duration_ms":0,"attributes":{"db.operation.name":"query","db.system":"postgresql"}}
=== RUN   TestRuntimeSessionSearchCompositionSelectsRepositoryAuthority/v2_missing
{"event":"correlation_span","name":"repository.schema","kind":"client","trace_id":"cfaee7aa0fccfaaa44b168974bb9e350","span_id":"2ecbc54375ad5936","status":"ok","duration_ms":0,"attributes":{"db.operation.name":"schema","db.system":"postgresql"}}
{"event":"correlation_span","name":"repository.schema","kind":"client","trace_id":"ddc0860fcbca7855f948f4cde6da07df","span_id":"6be3774b833ba2f5","status":"ok","duration_ms":0,"attributes":{"db.operation.name":"schema","db.system":"postgresql"}}
{"event":"correlation_span","name":"repository.query","kind":"client","trace_id":"2560ae05d1ceed6dff5ac02692d27579","span_id":"6a50b732901d2370","status":"ok","duration_ms":0,"attributes":{"db.operation.name":"query","db.system":"postgresql"}}
{"event":"correlation_span","name":"repository.query","kind":"client","trace_id":"c645c09a9b7e41517d2aab7243ace8e3","span_id":"54a68fe8a64bd95e","status":"ok","duration_ms":0,"attributes":{"db.operation.name":"query","db.system":"postgresql"}}
{"event":"correlation_span","name":"repository.schema","kind":"client","trace_id":"792ef532ddfec2c31b12b5803fb1f180","span_id":"8e8a49b4c677ba1c","status":"ok","duration_ms":0,"attributes":{"db.operation.name":"schema","db.system":"postgresql"}}
{"event":"correlation_span","name":"repository.schema","kind":"client","trace_id":"3f457bda3076c587352aeb3b8402d62f","span_id":"b15396afda11ed8f","status":"ok","duration_ms":0,"attributes":{"db.operation.name":"schema","db.system":"postgresql"}}
{"event":"correlation_span","name":"repository.query","kind":"client","trace_id":"8a661b88c076e96e88e02d6f1bc3398c","span_id":"f9acd10c6b2ab7aa","status":"ok","duration_ms":0,"attributes":{"db.operation.name":"query","db.system":"postgresql"}}
{"event":"correlation_span","name":"repository.query","kind":"client","trace_id":"0ea8c0a78d86f6971da28a64c59e0231","span_id":"4f3ca889d6060049","status":"error","duration_ms":0,"attributes":{"db.operation.name":"query","db.system":"postgresql"}}
{"event":"correlation_span","name":"repository.query","kind":"client","trace_id":"8f69ebfb53f46a6e4e44a9822a382851","span_id":"3173f2b0f5223379","status":"error","duration_ms":0,"attributes":{"db.operation.name":"query","db.system":"postgresql"}}
--- PASS: TestRuntimeSessionSearchCompositionSelectsRepositoryAuthority (0.03s)
    --- PASS: TestRuntimeSessionSearchCompositionSelectsRepositoryAuthority/default (0.00s)
    --- PASS: TestRuntimeSessionSearchCompositionSelectsRepositoryAuthority/explicit_v1 (0.00s)
    --- PASS: TestRuntimeSessionSearchCompositionSelectsRepositoryAuthority/v2_ready (0.01s)
    --- PASS: TestRuntimeSessionSearchCompositionSelectsRepositoryAuthority/v2_denied (0.00s)
    --- PASS: TestRuntimeSessionSearchCompositionSelectsRepositoryAuthority/v2_malformed (0.00s)
    --- PASS: TestRuntimeSessionSearchCompositionSelectsRepositoryAuthority/v2_missing (0.01s)
=== RUN   TestProductionPolicyHistoryClosesIdleSessionSearchConnection
--- PASS: TestProductionPolicyHistoryClosesIdleSessionSearchConnection (0.00s)
=== RUN   TestLoadRuntimeConfigIsStrict
=== RUN   TestLoadRuntimeConfigIsStrict/missing_ZASP_ENVIRONMENT
=== RUN   TestLoadRuntimeConfigIsStrict/missing_ZASP_PRODUCT_LISTEN_ADDRESS
=== RUN   TestLoadRuntimeConfigIsStrict/missing_ZASP_INTERNAL_LISTEN_ADDRESS
=== RUN   TestLoadRuntimeConfigIsStrict/missing_ZASP_PUBLIC_ORIGIN
=== RUN   TestLoadRuntimeConfigIsStrict/missing_ZASP_COOKIE_SECURE
=== RUN   TestLoadRuntimeConfigIsStrict/missing_ZASP_TRUSTED_PROXY_CIDRS
=== RUN   TestLoadRuntimeConfigIsStrict/missing_ZASP_REQUEST_RATE_PER_SECOND
=== RUN   TestLoadRuntimeConfigIsStrict/missing_ZASP_REQUEST_BURST
=== RUN   TestLoadRuntimeConfigIsStrict/missing_ZASP_PROVIDER_TIMEOUT
=== RUN   TestLoadRuntimeConfigIsStrict/missing_ZASP_REQUEST_TIMEOUT
=== RUN   TestLoadRuntimeConfigIsStrict/missing_ZASP_SHUTDOWN_TIMEOUT
=== RUN   TestLoadRuntimeConfigIsStrict/missing_ZASP_READINESS_INTERVAL
=== RUN   TestLoadRuntimeConfigIsStrict/missing_ZASP_READINESS_MAX_INTERVAL
=== RUN   TestLoadRuntimeConfigIsStrict/missing_ZASP_DISCOVERY_PARSER_VERSION
=== RUN   TestLoadRuntimeConfigIsStrict/missing_ZASP_DISCOVERY_TOOL_VERSION
=== RUN   TestLoadRuntimeConfigIsStrict/missing_ZASP_DEPLOYMENT_MODE
=== RUN   TestLoadRuntimeConfigIsStrict/missing_ZASP_POSTGRES_DSN
=== RUN   TestLoadRuntimeConfigIsStrict/missing_ZASP_SECURITY_AGENT_POSTGRES_DSN
=== RUN   TestLoadRuntimeConfigIsStrict/missing_ZASP_STYTCH_BASE_URL
=== RUN   TestLoadRuntimeConfigIsStrict/missing_ZASP_STYTCH_AUTHORIZE_URL
=== RUN   TestLoadRuntimeConfigIsStrict/missing_ZASP_STYTCH_PROJECT_ID
=== RUN   TestLoadRuntimeConfigIsStrict/missing_ZASP_STYTCH_SECRET
=== RUN   TestLoadRuntimeConfigIsStrict/missing_ZASP_STYTCH_WEBHOOK_SECRET
=== RUN   TestLoadRuntimeConfigIsStrict/missing_ZASP_STYTCH_PUBLIC_TOKEN
=== RUN   TestLoadRuntimeConfigIsStrict/missing_ZASP_STYTCH_ORGANIZATION_ID
=== RUN   TestLoadRuntimeConfigIsStrict/missing_ZASP_WORKFLOW_SIGNING_KEY
=== RUN   TestLoadRuntimeConfigIsStrict/missing_ZASP_TOKEN_REVEAL_KEY
=== RUN   TestLoadRuntimeConfigIsStrict/missing_ZASP_CONNECTOR_AWS_REGION
=== RUN   TestLoadRuntimeConfigIsStrict/missing_ZASP_CONNECTOR_ROLE_ARN
=== RUN   TestLoadRuntimeConfigIsStrict/missing_ZASP_CONNECTOR_WEB_IDENTITY_TOKEN_FILE
=== RUN   TestLoadRuntimeConfigIsStrict/missing_ZASP_CONNECTOR_KMS_KEY_ARN
=== RUN   TestLoadRuntimeConfigIsStrict/missing_ZASP_CONNECTOR_SECRET_PREFIX
=== RUN   TestLoadRuntimeConfigIsStrict/missing_ZASP_POLICY_HISTORY_ENDPOINT
=== RUN   TestLoadRuntimeConfigIsStrict/missing_ZASP_POLICY_HISTORY_INDEX
=== RUN   TestLoadRuntimeConfigIsStrict/missing_ZASP_AWS_CUSTOMER_ROLE_PREFIXES
=== RUN   TestLoadRuntimeConfigIsStrict/missing_ZASP_AWS_CUSTOMER_ROLE_ARNS
=== RUN   TestLoadRuntimeConfigIsStrict/missing_ZASP_FINDING_TICKET_EGRESS_CIDRS
=== RUN   TestLoadRuntimeConfigIsStrict/missing_ZASP_GITHUB_CLIENT_ID
=== RUN   TestLoadRuntimeConfigIsStrict/missing_ZASP_GITHUB_CLIENT_SECRET_REFERENCE
=== RUN   TestLoadRuntimeConfigIsStrict/missing_ZASP_GITHUB_APP_ID
=== RUN   TestLoadRuntimeConfigIsStrict/missing_ZASP_GITHUB_PRIVATE_KEY_REFERENCE
=== RUN   TestLoadRuntimeConfigIsStrict/missing_ZASP_OKTA_CLIENT_ID
=== RUN   TestLoadRuntimeConfigIsStrict/missing_ZASP_OKTA_CLIENT_SECRET_REFERENCE
--- PASS: TestLoadRuntimeConfigIsStrict (0.02s)
    --- PASS: TestLoadRuntimeConfigIsStrict/missing_ZASP_ENVIRONMENT (0.00s)
    --- PASS: TestLoadRuntimeConfigIsStrict/missing_ZASP_PRODUCT_LISTEN_ADDRESS (0.00s)
    --- PASS: TestLoadRuntimeConfigIsStrict/missing_ZASP_INTERNAL_LISTEN_ADDRESS (0.00s)
    --- PASS: TestLoadRuntimeConfigIsStrict/missing_ZASP_PUBLIC_ORIGIN (0.00s)
    --- PASS: TestLoadRuntimeConfigIsStrict/missing_ZASP_COOKIE_SECURE (0.00s)
    --- PASS: TestLoadRuntimeConfigIsStrict/missing_ZASP_TRUSTED_PROXY_CIDRS (0.00s)
    --- PASS: TestLoadRuntimeConfigIsStrict/missing_ZASP_REQUEST_RATE_PER_SECOND (0.00s)
    --- PASS: TestLoadRuntimeConfigIsStrict/missing_ZASP_REQUEST_BURST (0.00s)
    --- PASS: TestLoadRuntimeConfigIsStrict/missing_ZASP_PROVIDER_TIMEOUT (0.00s)
    --- PASS: TestLoadRuntimeConfigIsStrict/missing_ZASP_REQUEST_TIMEOUT (0.00s)
    --- PASS: TestLoadRuntimeConfigIsStrict/missing_ZASP_SHUTDOWN_TIMEOUT (0.00s)
    --- PASS: TestLoadRuntimeConfigIsStrict/missing_ZASP_READINESS_INTERVAL (0.00s)
    --- PASS: TestLoadRuntimeConfigIsStrict/missing_ZASP_READINESS_MAX_INTERVAL (0.00s)
    --- PASS: TestLoadRuntimeConfigIsStrict/missing_ZASP_DISCOVERY_PARSER_VERSION (0.00s)
    --- PASS: TestLoadRuntimeConfigIsStrict/missing_ZASP_DISCOVERY_TOOL_VERSION (0.00s)
    --- PASS: TestLoadRuntimeConfigIsStrict/missing_ZASP_DEPLOYMENT_MODE (0.00s)
    --- PASS: TestLoadRuntimeConfigIsStrict/missing_ZASP_POSTGRES_DSN (0.00s)
    --- PASS: TestLoadRuntimeConfigIsStrict/missing_ZASP_SECURITY_AGENT_POSTGRES_DSN (0.00s)
    --- PASS: TestLoadRuntimeConfigIsStrict/missing_ZASP_STYTCH_BASE_URL (0.00s)
    --- PASS: TestLoadRuntimeConfigIsStrict/missing_ZASP_STYTCH_AUTHORIZE_URL (0.00s)
    --- PASS: TestLoadRuntimeConfigIsStrict/missing_ZASP_STYTCH_PROJECT_ID (0.00s)
    --- PASS: TestLoadRuntimeConfigIsStrict/missing_ZASP_STYTCH_SECRET (0.00s)
    --- PASS: TestLoadRuntimeConfigIsStrict/missing_ZASP_STYTCH_WEBHOOK_SECRET (0.00s)
    --- PASS: TestLoadRuntimeConfigIsStrict/missing_ZASP_STYTCH_PUBLIC_TOKEN (0.00s)
    --- PASS: TestLoadRuntimeConfigIsStrict/missing_ZASP_STYTCH_ORGANIZATION_ID (0.00s)
    --- PASS: TestLoadRuntimeConfigIsStrict/missing_ZASP_WORKFLOW_SIGNING_KEY (0.00s)
    --- PASS: TestLoadRuntimeConfigIsStrict/missing_ZASP_TOKEN_REVEAL_KEY (0.00s)
    --- PASS: TestLoadRuntimeConfigIsStrict/missing_ZASP_CONNECTOR_AWS_REGION (0.00s)
    --- PASS: TestLoadRuntimeConfigIsStrict/missing_ZASP_CONNECTOR_ROLE_ARN (0.00s)
    --- PASS: TestLoadRuntimeConfigIsStrict/missing_ZASP_CONNECTOR_WEB_IDENTITY_TOKEN_FILE (0.00s)
    --- PASS: TestLoadRuntimeConfigIsStrict/missing_ZASP_CONNECTOR_KMS_KEY_ARN (0.00s)
    --- PASS: TestLoadRuntimeConfigIsStrict/missing_ZASP_CONNECTOR_SECRET_PREFIX (0.00s)
    --- PASS: TestLoadRuntimeConfigIsStrict/missing_ZASP_POLICY_HISTORY_ENDPOINT (0.00s)
    --- PASS: TestLoadRuntimeConfigIsStrict/missing_ZASP_POLICY_HISTORY_INDEX (0.00s)
    --- PASS: TestLoadRuntimeConfigIsStrict/missing_ZASP_AWS_CUSTOMER_ROLE_PREFIXES (0.00s)
    --- PASS: TestLoadRuntimeConfigIsStrict/missing_ZASP_AWS_CUSTOMER_ROLE_ARNS (0.00s)
    --- PASS: TestLoadRuntimeConfigIsStrict/missing_ZASP_FINDING_TICKET_EGRESS_CIDRS (0.00s)
    --- PASS: TestLoadRuntimeConfigIsStrict/missing_ZASP_GITHUB_CLIENT_ID (0.00s)
    --- PASS: TestLoadRuntimeConfigIsStrict/missing_ZASP_GITHUB_CLIENT_SECRET_REFERENCE (0.00s)
    --- PASS: TestLoadRuntimeConfigIsStrict/missing_ZASP_GITHUB_APP_ID (0.00s)
    --- PASS: TestLoadRuntimeConfigIsStrict/missing_ZASP_GITHUB_PRIVATE_KEY_REFERENCE (0.00s)
    --- PASS: TestLoadRuntimeConfigIsStrict/missing_ZASP_OKTA_CLIENT_ID (0.00s)
    --- PASS: TestLoadRuntimeConfigIsStrict/missing_ZASP_OKTA_CLIENT_SECRET_REFERENCE (0.00s)
=== RUN   TestConnectorWorkerOwnerIsPerProcessAndBounded
--- PASS: TestConnectorWorkerOwnerIsPerProcessAndBounded (0.00s)
=== RUN   TestRuntimeNangoConfigurationIsOptionalAllOrNothingAndPrivate
--- PASS: TestRuntimeNangoConfigurationIsOptionalAllOrNothingAndPrivate (0.00s)
=== RUN   TestRuntimeRejectsMemoryDependenciesInProduction
--- PASS: TestRuntimeRejectsMemoryDependenciesInProduction (0.00s)
=== RUN   TestComposeRuntimeDependenciesRejectsSchemaDrift
{"event":"correlation_span","name":"repository.schema","kind":"client","trace_id":"20f76bb21901b7ff17df9b21c7cb68bd","span_id":"09bba59727189320","status":"ok","duration_ms":0,"attributes":{"db.operation.name":"schema","db.system":"postgresql"}}
--- PASS: TestComposeRuntimeDependenciesRejectsSchemaDrift (0.00s)
=== RUN   TestServeRuntimeSplitsProductAndInternalListeners
--- PASS: TestServeRuntimeSplitsProductAndInternalListeners (0.00s)
=== RUN   TestServeRuntimeRunsAndCancelsConnectorLifecycleWorker
--- PASS: TestServeRuntimeRunsAndCancelsConnectorLifecycleWorker (0.00s)
=== RUN   TestServeRuntimeBoundsHostileLifecycleWorkerShutdown
--- PASS: TestServeRuntimeBoundsHostileLifecycleWorkerShutdown (0.10s)
=== RUN   TestServeRuntimeReadinessTracksRequiredProviderChecks
--- PASS: TestServeRuntimeReadinessTracksRequiredProviderChecks (0.30s)
=== RUN   TestServeRuntimeClosesProductListenerAfterPartialStartup
--- PASS: TestServeRuntimeClosesProductListenerAfterPartialStartup (0.00s)
=== RUN   TestSecurityAgentExportBrowserAPIProcess
    security_agent_export_browser_process_test.go:58: owned export browser parent only
--- SKIP: TestSecurityAgentExportBrowserAPIProcess (0.00s)
=== RUN   TestSecurityAgentExportBrowserReadinessDestinations
--- PASS: TestSecurityAgentExportBrowserReadinessDestinations (0.00s)
=== RUN   TestSecurityAgentExportAPIProductionComposition
=== RUN   TestSecurityAgentExportAPIProductionComposition/installed
=== RUN   TestSecurityAgentExportAPIProductionComposition/absent
=== RUN   TestSecurityAgentExportAPIProductionComposition/drift
=== RUN   TestSecurityAgentExportAPIProductionComposition/disabled
--- PASS: TestSecurityAgentExportAPIProductionComposition (0.46s)
    --- PASS: TestSecurityAgentExportAPIProductionComposition/installed (0.22s)
    --- PASS: TestSecurityAgentExportAPIProductionComposition/absent (0.12s)
    --- PASS: TestSecurityAgentExportAPIProductionComposition/drift (0.09s)
    --- PASS: TestSecurityAgentExportAPIProductionComposition/disabled (0.03s)
=== RUN   TestAutomaticRulesMountedRollout
=== RUN   TestAutomaticRulesMountedRollout/absent/configured=false
{"event":"correlation_span","name":"repository.query","kind":"client","trace_id":"b0d08c2bd8ada36d481735fc0ab91e56","span_id":"986c21635921d64d","status":"ok","duration_ms":0,"attributes":{"db.operation.name":"query","db.system":"postgresql"}}
{"event":"correlation_span","name":"repository.query","kind":"client","trace_id":"0561a5d8921d4225754e17ab859b8bf4","span_id":"9f1336246a7fb6a1","status":"ok","duration_ms":0,"attributes":{"db.operation.name":"query","db.system":"postgresql"}}
{"event":"correlation_span","name":"repository.schema","kind":"client","trace_id":"13c71f1f8822b66f2f7d428dc0438547","span_id":"22bcd58acdf6cb8a","status":"ok","duration_ms":0,"attributes":{"db.operation.name":"schema","db.system":"postgresql"}}
{"event":"correlation_span","name":"repository.schema","kind":"client","trace_id":"346e074b08928f953dd883537b17631f","span_id":"fb8562bf781a6b40","status":"ok","duration_ms":0,"attributes":{"db.operation.name":"schema","db.system":"postgresql"}}
{"event":"correlation_span","name":"repository.query","kind":"client","trace_id":"64cf60354268fca5ba44681e2d686dd7","span_id":"ddd38281999927d0","status":"ok","duration_ms":0,"attributes":{"db.operation.name":"query","db.system":"postgresql"}}
{"event":"correlation_span","name":"repository.query","kind":"client","trace_id":"49f15f238a78fb16e7e9dac6a87b1389","span_id":"cfba1b902b6a9b22","status":"ok","duration_ms":0,"attributes":{"db.operation.name":"query","db.system":"postgresql"}}
{"event":"correlation_span","name":"repository.schema","kind":"client","trace_id":"f0d9b3d6970496ae3253e45f212c437e","span_id":"50ed00c0579cc840","status":"ok","duration_ms":0,"attributes":{"db.operation.name":"schema","db.system":"postgresql"}}
{"event":"correlation_span","name":"repository.schema","kind":"client","trace_id":"ef4d7935084ccae2782105afafba6e27","span_id":"7f9708c251b6eae0","status":"ok","duration_ms":0,"attributes":{"db.operation.name":"schema","db.system":"postgresql"}}
{"event":"correlation_span","name":"repository.query","kind":"client","trace_id":"5914f1f9b18408b5b23b9084ea6b02ca","span_id":"a43bfcd5c214a240","status":"ok","duration_ms":0,"attributes":{"db.operation.name":"query","db.system":"postgresql"}}
{"event":"correlation_span","name":"repository.schema","kind":"client","trace_id":"e9649ae22c478f86e3690ec5ba3494f1","span_id":"df5717fa19f87cd2","status":"ok","duration_ms":0,"attributes":{"db.operation.name":"schema","db.system":"postgresql"}}
{"event":"correlation_span","name":"repository.query","kind":"client","trace_id":"23edb4b019e269499919343d381ee7bc","span_id":"32f731245e4bf6ef","status":"ok","duration_ms":0,"attributes":{"db.operation.name":"query","db.system":"postgresql"}}
{"event":"correlation_span","name":"repository.query","kind":"client","trace_id":"55271f2af3657c36e50ecce6ad5283ce","span_id":"5bb881efee96d4be","status":"ok","duration_ms":0,"attributes":{"db.operation.name":"query","db.system":"postgresql"}}
{"event":"correlation_span","name":"repository.schema","kind":"client","trace_id":"692e146cee943cc37020018a0436a989","span_id":"fa98f73c8e70a995","status":"ok","duration_ms":0,"attributes":{"db.operation.name":"schema","db.system":"postgresql"}}
{"event":"correlation_span","name":"repository.query","kind":"client","trace_id":"55931c318dde61b7eba545c7e7864bc0","span_id":"d11f90c7b67c4e1b","status":"ok","duration_ms":0,"attributes":{"db.operation.name":"query","db.system":"postgresql"}}
{"event":"correlation_span","name":"repository.schema","kind":"client","trace_id":"d7f8594f7dad4fb72115659bcca627fc","span_id":"543eecdf1d6b4e65","status":"ok","duration_ms":0,"attributes":{"db.operation.name":"schema","db.system":"postgresql"}}
{"event":"correlation_span","name":"repository.query","kind":"client","trace_id":"919def6a95330f3b3998d45a2c6bb432","span_id":"a2d3cc71b8d9b80e","status":"ok","duration_ms":0,"attributes":{"db.operation.name":"query","db.system":"postgresql"}}
{"event":"correlation_span","name":"repository.schema","kind":"client","trace_id":"c89fc516e41159fe71b4be56c9c1aaad","span_id":"3a9dd84806ca08e1","status":"ok","duration_ms":0,"attributes":{"db.operation.name":"schema","db.system":"postgresql"}}
{"event":"correlation_span","name":"repository.query","kind":"client","trace_id":"8d1f2ad04d00aa77527d7164ef132131","span_id":"1d64fd81966a7909","status":"ok","duration_ms":0,"attributes":{"db.operation.name":"query","db.system":"postgresql"}}
{"event":"correlation_span","name":"repository.query","kind":"client","trace_id":"8ed88d4e92674d8c68011e0c5cb7b7bf","span_id":"e48dd5b9e50fce22","parent_span_id":"a17113c95e242a2b","status":"ok","duration_ms":0,"attributes":{"db.operation.name":"query","db.system":"postgresql"}}
{"event":"correlation_span","name":"repository.query","kind":"client","trace_id":"8ed88d4e92674d8c68011e0c5cb7b7bf","span_id":"41da3257281ad421","parent_span_id":"a17113c95e242a2b","status":"ok","duration_ms":0,"attributes":{"db.operation.name":"query","db.system":"postgresql"}}
{"event":"correlation_span","name":"repository.query","kind":"client","trace_id":"8ed88d4e92674d8c68011e0c5cb7b7bf","span_id":"4044da4badffbd7f","parent_span_id":"a17113c95e242a2b","status":"ok","duration_ms":0,"attributes":{"db.operation.name":"query","db.system":"postgresql"}}
{"correlation_id":"pid_3ec9f6d9-564e-4a77-b4db-891b0363747e","duration_ms":2,"event":"http_request","method":"POST","route":"/api/v1/security-agents","severity":"INFO","span_id":"a17113c95e242a2b","status":201,"timestamp":"2026-10-06T02:07:12.083390937Z","trace_id":"8ed88d4e92674d8c68011e0c5cb7b7bf"}
{"correlation_id":"pid_3ec9f6d9-564e-4a77-b4db-891b0363747e","event":"audit_outcome","operation":"POST /api/v1/security-agents","outcome":"succeeded","severity":"INFO","timestamp":"2026-10-06T02:07:12.083465328Z","trace_id":"8ed88d4e92674d8c68011e0c5cb7b7bf"}
{"event":"correlation_span","name":"http.request","kind":"server","trace_id":"8ed88d4e92674d8c68011e0c5cb7b7bf","span_id":"a17113c95e242a2b","parent_span_id":"a012effa270438a0","status":"ok","duration_ms":2,"attributes":{"http.request.method":"POST","http.response.status_code":"201","http.route":"/api/v1/security-agents"}}
=== RUN   TestAutomaticRulesMountedRollout/absent/configured=true
{"event":"correlation_span","name":"repository.query","kind":"client","trace_id":"260a3d882d9e79f3c5a22e4c4f6ef9ab","span_id":"6ab7734a1da3dd8f","status":"ok","duration_ms":0,"attributes":{"db.operation.name":"query","db.system":"postgresql"}}
{"event":"correlation_span","name":"repository.query","kind":"client","trace_id":"85b9e4b1eac84a8f54ce32f48615cea1","span_id":"5bf6e95d672ee8bb","status":"ok","duration_ms":0,"attributes":{"db.operation.name":"query","db.system":"postgresql"}}
{"event":"correlation_span","name":"repository.schema","kind":"client","trace_id":"4b3c27118f655613d66bd659ebf3b35e","span_id":"ca427582bf6d3e66","status":"ok","duration_ms":0,"attributes":{"db.operation.name":"schema","db.system":"postgresql"}}
{"event":"correlation_span","name":"repository.schema","kind":"client","trace_id":"5fa92ab1298d22680ee6c134797e759e","span_id":"069d54a3fa60c212","status":"ok","duration_ms":0,"attributes":{"db.operation.name":"schema","db.system":"postgresql"}}
{"event":"correlation_span","name":"repository.query","kind":"client","trace_id":"c266908342540d723e315ce85a2ba015","span_id":"4860dce04b415be6","status":"ok","duration_ms":0,"attributes":{"db.operation.name":"query","db.system":"postgresql"}}
{"event":"correlation_span","name":"repository.query","kind":"client","trace_id":"9a896d317dfd41881eec7e8c3f2f11e0","span_id":"01158265c96b5dc9","status":"ok","duration_ms":0,"attributes":{"db.operation.name":"query","db.system":"postgresql"}}
{"event":"correlation_span","name":"repository.schema","kind":"client","trace_id":"52960e35fcdddfc26f8a6cd14eb5f4a2","span_id":"5f74c3182daa15db","status":"ok","duration_ms":0,"attributes":{"db.operation.name":"schema","db.system":"postgresql"}}
{"event":"correlation_span","name":"repository.schema","kind":"client","trace_id":"d5b886d4d4f066f2c09509313f97ecf2","span_id":"f463c025ebfa63ef","status":"ok","duration_ms":0,"attributes":{"db.operation.name":"schema","db.system":"postgresql"}}
{"event":"correlation_span","name":"repository.query","kind":"client","trace_id":"7c6c143f56782369fdd902180d819cac","span_id":"f94fbda654350999","status":"ok","duration_ms":0,"attributes":{"db.operation.name":"query","db.system":"postgresql"}}
{"event":"correlation_span","name":"repository.schema","kind":"client","trace_id":"32195a8b09fae62b48f69a830b944909","span_id":"ca71eb4692437e85","status":"ok","duration_ms":0,"attributes":{"db.operation.name":"schema","db.system":"postgresql"}}
{"event":"correlation_span","name":"repository.query","kind":"client","trace_id":"c1a0806cda632d937c5fe5a6bb621c36","span_id":"9009031a2a6fa314","status":"ok","duration_ms":0,"attributes":{"db.operation.name":"query","db.system":"postgresql"}}
{"event":"correlation_span","name":"repository.query","kind":"client","trace_id":"3663ec550f321fbeb210b3cdf255d4b6","span_id":"c51fe6c3963d0a5a","status":"ok","duration_ms":0,"attributes":{"db.operation.name":"query","db.system":"postgresql"}}
{"event":"correlation_span","name":"repository.schema","kind":"client","trace_id":"db425d54c577c9d90a2003390f07b726","span_id":"58ca57150c8843ab","status":"ok","duration_ms":0,"attributes":{"db.operation.name":"schema","db.system":"postgresql"}}
{"event":"correlation_span","name":"repository.query","kind":"client","trace_id":"4fcd4ba66110f29e54b04a48eb2863b1","span_id":"33fa146aeecf064d","status":"ok","duration_ms":0,"attributes":{"db.operation.name":"query","db.system":"postgresql"}}
{"event":"correlation_span","name":"repository.schema","kind":"client","trace_id":"e653b4812750d7bf97bd6b30e26ad0ff","span_id":"80a2ce083724ffe7","status":"ok","duration_ms":0,"attributes":{"db.operation.name":"schema","db.system":"postgresql"}}
{"event":"correlation_span","name":"repository.query","kind":"client","trace_id":"ee8a2898f44bb61722922b7f836c8411","span_id":"3764912fdd34de13","status":"ok","duration_ms":0,"attributes":{"db.operation.name":"query","db.system":"postgresql"}}
{"event":"correlation_span","name":"repository.schema","kind":"client","trace_id":"adb7bdf47ef32a88442a9b86215e8080","span_id":"374ba36699a21708","status":"ok","duration_ms":0,"attributes":{"db.operation.name":"schema","db.system":"postgresql"}}
{"event":"correlation_span","name":"repository.query","kind":"client","trace_id":"d17d5964b055016c41448641990a58ae","span_id":"9bd6022b80109eb9","status":"ok","duration_ms":0,"attributes":{"db.operation.name":"query","db.system":"postgresql"}}
{"event":"correlation_span","name":"repository.query","kind":"client","trace_id":"ec191eddee7e7fa54d3a9360ce0b5ea3","span_id":"cb0bb5534fae8aba","parent_span_id":"f94fad4002606e6c","status":"ok","duration_ms":0,"attributes":{"db.operation.name":"query","db.system":"postgresql"}}
{"event":"correlation_span","name":"repository.query","kind":"client","trace_id":"ec191eddee7e7fa54d3a9360ce0b5ea3","span_id":"bc639d8b85da017a","parent_span_id":"f94fad4002606e6c","status":"ok","duration_ms":0,"attributes":{"db.operation.name":"query","db.system":"postgresql"}}
{"event":"correlation_span","name":"repository.query","kind":"client","trace_id":"ec191eddee7e7fa54d3a9360ce0b5ea3","span_id":"e7cdbcdfb0892e25","parent_span_id":"f94fad4002606e6c","status":"ok","duration_ms":0,"attributes":{"db.operation.name":"query","db.system":"postgresql"}}
{"correlation_id":"pid_a1cd6cce-a347-485d-9f3d-3e5242b4e19b","duration_ms":2,"event":"http_request","method":"POST","route":"/api/v1/security-agents","severity":"INFO","span_id":"f94fad4002606e6c","status":503,"timestamp":"2026-10-06T02:07:12.095103785Z","trace_id":"ec191eddee7e7fa54d3a9360ce0b5ea3"}
{"correlation_id":"pid_a1cd6cce-a347-485d-9f3d-3e5242b4e19b","event":"audit_outcome","operation":"POST /api/v1/security-agents","outcome":"rejected","severity":"INFO","timestamp":"2026-10-06T02:07:12.095191256Z","trace_id":"ec191eddee7e7fa54d3a9360ce0b5ea3"}
{"event":"correlation_span","name":"http.request","kind":"server","trace_id":"ec191eddee7e7fa54d3a9360ce0b5ea3","span_id":"f94fad4002606e6c","parent_span_id":"07ca7b2146e02598","status":"error","duration_ms":2,"attributes":{"http.request.method":"POST","http.response.status_code":"503","http.route":"/api/v1/security-agents"}}
=== RUN   TestAutomaticRulesMountedRollout/invalid/configured=false
{"event":"correlation_span","name":"repository.query","kind":"client","trace_id":"e5835be4cf43d1c33431d1e2ebbbd659","span_id":"1f93cfbcb98943b8","status":"ok","duration_ms":0,"attributes":{"db.operation.name":"query","db.system":"postgresql"}}
{"event":"correlation_span","name":"repository.query","kind":"client","trace_id":"65846fd88294e90d765dcf137b2851bb","span_id":"c345599c3b2248df","status":"ok","duration_ms":0,"attributes":{"db.operation.name":"query","db.system":"postgresql"}}
{"event":"correlation_span","name":"repository.schema","kind":"client","trace_id":"8a4685e26e9cfcd771a22d4cc891dce9","span_id":"bbab747eb6c55c04","status":"ok","duration_ms":0,"attributes":{"db.operation.name":"schema","db.system":"postgresql"}}
{"event":"correlation_span","name":"repository.schema","kind":"client","trace_id":"ee62e566c5911397bbbebb2a78d75dad","span_id":"4c3adbc5f2e8986f","status":"ok","duration_ms":0,"attributes":{"db.operation.name":"schema","db.system":"postgresql"}}
{"event":"correlation_span","name":"repository.query","kind":"client","trace_id":"0ab2de20553ad1e887e9b5699636bc25","span_id":"1ce07ddb6accaef3","status":"ok","duration_ms":0,"attributes":{"db.operation.name":"query","db.system":"postgresql"}}
{"event":"correlation_span","name":"repository.query","kind":"client","trace_id":"c473be4155972d2f43ccda0ca864bc5c","span_id":"d906b0986f4c740f","status":"ok","duration_ms":0,"attributes":{"db.operation.name":"query","db.system":"postgresql"}}
{"event":"correlation_span","name":"repository.schema","kind":"client","trace_id":"539e59669345184c1d5884aa82dd259b","span_id":"c565adedc87e94ca","status":"ok","duration_ms":0,"attributes":{"db.operation.name":"schema","db.system":"postgresql"}}
{"event":"correlation_span","name":"repository.schema","kind":"client","trace_id":"405d058fb17ee8a4630a1c7263234359","span_id":"f533ab82b80781c9","status":"ok","duration_ms":0,"attributes":{"db.operation.name":"schema","db.system":"postgresql"}}
{"event":"correlation_span","name":"repository.query","kind":"client","trace_id":"2dad5cbb13fbfc08c3662c4a3ac2387b","span_id":"9624095c4ec2ec6a","status":"ok","duration_ms":0,"attributes":{"db.operation.name":"query","db.system":"postgresql"}}
{"event":"correlation_span","name":"repository.schema","kind":"client","trace_id":"92634e0483a3cd74ec977ed98f0a3974","span_id":"4721fa7f3966a80e","status":"ok","duration_ms":0,"attributes":{"db.operation.name":"schema","db.system":"postgresql"}}
{"event":"correlation_span","name":"repository.query","kind":"client","trace_id":"d5f8a1f787846318912c082baa3ebace","span_id":"f865d444f9fb5b7f","status":"ok","duration_ms":0,"attributes":{"db.operation.name":"query","db.system":"postgresql"}}
{"event":"correlation_span","name":"repository.query","kind":"client","trace_id":"87da50cdc17fa49638756dbaf6525c1c","span_id":"fe9fefd99af2c413","status":"ok","duration_ms":0,"attributes":{"db.operation.name":"query","db.system":"postgresql"}}
{"event":"correlation_span","name":"repository.schema","kind":"client","trace_id":"3dde87fdc031a21b54771b5c52adafed","span_id":"e69bee0cf2569e59","status":"ok","duration_ms":0,"attributes":{"db.operation.name":"schema","db.system":"postgresql"}}
{"event":"correlation_span","name":"repository.query","kind":"client","trace_id":"08a046893beabb18a09b82f0b551fc82","span_id":"aec2b26edbbb8c9d","status":"ok","duration_ms":0,"attributes":{"db.operation.name":"query","db.system":"postgresql"}}
{"event":"correlation_span","name":"repository.schema","kind":"client","trace_id":"a46b59fb8ba6fafc5b715fd3fce75916","span_id":"19558b91508e80e4","status":"ok","duration_ms":0,"attributes":{"db.operation.name":"schema","db.system":"postgresql"}}
{"event":"correlation_span","name":"repository.query","kind":"client","trace_id":"cf5b1004418ca20a5b4d0cbe8f35a398","span_id":"1d758fb81c98c793","status":"ok","duration_ms":0,"attributes":{"db.operation.name":"query","db.system":"postgresql"}}
{"event":"correlation_span","name":"repository.schema","kind":"client","trace_id":"ceadf7c688fb52bfd5e35fc1983fa5fd","span_id":"15e79e7d4066f9ff","status":"ok","duration_ms":0,"attributes":{"db.operation.name":"schema","db.system":"postgresql"}}
{"event":"correlation_span","name":"repository.query","kind":"client","trace_id":"e66146c8a9a281e2d11ffb7b3af0e3fd","span_id":"58e4db102fd39965","status":"ok","duration_ms":0,"attributes":{"db.operation.name":"query","db.system":"postgresql"}}
{"event":"correlation_span","name":"repository.query","kind":"client","trace_id":"26a5d4fca2e55393b19d50361776997c","span_id":"082b4f4c2fdde9c2","parent_span_id":"734e9f99c2c9815b","status":"ok","duration_ms":0,"attributes":{"db.operation.name":"query","db.system":"postgresql"}}
{"event":"correlation_span","name":"repository.query","kind":"client","trace_id":"26a5d4fca2e55393b19d50361776997c","span_id":"7ed2e30946215818","parent_span_id":"734e9f99c2c9815b","status":"ok","duration_ms":0,"attributes":{"db.operation.name":"query","db.system":"postgresql"}}
{"event":"correlation_span","name":"repository.query","kind":"client","trace_id":"26a5d4fca2e55393b19d50361776997c","span_id":"e3538e015c79823f","parent_span_id":"734e9f99c2c9815b","status":"ok","duration_ms":0,"attributes":{"db.operation.name":"query","db.system":"postgresql"}}
{"correlation_id":"pid_0d369569-6f0a-449d-954e-ca3773da8775","duration_ms":2,"event":"http_request","method":"POST","route":"/api/v1/security-agents","severity":"INFO","span_id":"734e9f99c2c9815b","status":201,"timestamp":"2026-10-06T02:07:12.107421057Z","trace_id":"26a5d4fca2e55393b19d50361776997c"}
{"correlation_id":"pid_0d369569-6f0a-449d-954e-ca3773da8775","event":"audit_outcome","operation":"POST /api/v1/security-agents","outcome":"succeeded","severity":"INFO","timestamp":"2026-10-06T02:07:12.107480126Z","trace_id":"26a5d4fca2e55393b19d50361776997c"}
{"event":"correlation_span","name":"http.request","kind":"server","trace_id":"26a5d4fca2e55393b19d50361776997c","span_id":"734e9f99c2c9815b","parent_span_id":"8a6b72aa1f42b75d","status":"ok","duration_ms":2,"attributes":{"http.request.method":"POST","http.response.status_code":"201","http.route":"/api/v1/security-agents"}}
=== RUN   TestAutomaticRulesMountedRollout/invalid/configured=true
{"event":"correlation_span","name":"repository.query","kind":"client","trace_id":"4fcc5b4f0417e47ff0ba95e2bfcfdfbe","span_id":"a47a91889a99167a","status":"ok","duration_ms":0,"attributes":{"db.operation.name":"query","db.system":"postgresql"}}
{"event":"correlation_span","name":"repository.query","kind":"client","trace_id":"9aff1ccba8c28bea5d74b9af957c3e78","span_id":"522ad39848714baf","status":"ok","duration_ms":0,"attributes":{"db.operation.name":"query","db.system":"postgresql"}}
{"event":"correlation_span","name":"repository.schema","kind":"client","trace_id":"388cd2250a1d959ac19e8e3b8313fa21","span_id":"1e32bf038d901a94","status":"ok","duration_ms":0,"attributes":{"db.operation.name":"schema","db.system":"postgresql"}}
{"event":"correlation_span","name":"repository.schema","kind":"client","trace_id":"b1d9edb10745df97171935fc87887d13","span_id":"434580aec260e7bd","status":"ok","duration_ms":0,"attributes":{"db.operation.name":"schema","db.system":"postgresql"}}
{"event":"correlation_span","name":"repository.query","kind":"client","trace_id":"cf4a41a8ecb932e2062070d2949b91b0","span_id":"caa331ab146ff187","status":"ok","duration_ms":0,"attributes":{"db.operation.name":"query","db.system":"postgresql"}}
{"event":"correlation_span","name":"repository.query","kind":"client","trace_id":"f89662e975799be4100b26db31d5b92a","span_id":"a0a60ad6c2c1585f","status":"ok","duration_ms":0,"attributes":{"db.operation.name":"query","db.system":"postgresql"}}
{"event":"correlation_span","name":"repository.schema","kind":"client","trace_id":"66da5bbed532e1c32cd03926bba28eb2","span_id":"ffe8e97b8301648f","status":"ok","duration_ms":0,"attributes":{"db.operation.name":"schema","db.system":"postgresql"}}
{"event":"correlation_span","name":"repository.schema","kind":"client","trace_id":"c362db3e321b08e50d44191786016c89","span_id":"7855e3a94bede97a","status":"ok","duration_ms":0,"attributes":{"db.operation.name":"schema","db.system":"postgresql"}}
{"event":"correlation_span","name":"repository.query","kind":"client","trace_id":"0cf75354720ad097d6b74bf89d1599ca","span_id":"8da72871c8223713","status":"ok","duration_ms":0,"attributes":{"db.operation.name":"query","db.system":"postgresql"}}
{"event":"correlation_span","name":"repository.schema","kind":"client","trace_id":"def99aae13dbd528485854e6c24f8353","span_id":"5a4429495e41a7e6","status":"ok","duration_ms":0,"attributes":{"db.operation.name":"schema","db.system":"postgresql"}}
{"event":"correlation_span","name":"repository.query","kind":"client","trace_id":"070157b33a1724e295258f2ca835f545","span_id":"5ef757eaf2f161a1","status":"ok","duration_ms":0,"attributes":{"db.operation.name":"query","db.system":"postgresql"}}
{"event":"correlation_span","name":"repository.query","kind":"client","trace_id":"8aa350149152a84eb14791ecf2524783","span_id":"377fbe987e05c5a7","status":"ok","duration_ms":0,"attributes":{"db.operation.name":"query","db.system":"postgresql"}}
{"event":"correlation_span","name":"repository.schema","kind":"client","trace_id":"6a97055e3673aa0a6df10c872f022a7f","span_id":"8d46c13332dfe327","status":"ok","duration_ms":0,"attributes":{"db.operation.name":"schema","db.system":"postgresql"}}
{"event":"correlation_span","name":"repository.query","kind":"client","trace_id":"547c93edf7fe7d2cef08c35b03554809","span_id":"cb8bbe27930b38bc","status":"ok","duration_ms":0,"attributes":{"db.operation.name":"query","db.system":"postgresql"}}
{"event":"correlation_span","name":"repository.schema","kind":"client","trace_id":"647eaa93679fd6a7821d4717ab42234c","span_id":"2b4b5def25d5257f","status":"ok","duration_ms":0,"attributes":{"db.operation.name":"schema","db.system":"postgresql"}}
{"event":"correlation_span","name":"repository.query","kind":"client","trace_id":"bb72b6b767d4f7977eca31fd80b34c52","span_id":"78f783d41bf5e1c9","status":"ok","duration_ms":0,"attributes":{"db.operation.name":"query","db.system":"postgresql"}}
{"event":"correlation_span","name":"repository.schema","kind":"client","trace_id":"454eb0779ccbfc44c74f25bfc46c4171","span_id":"b0b7875b8145dc09","status":"ok","duration_ms":0,"attributes":{"db.operation.name":"schema","db.system":"postgresql"}}
{"event":"correlation_span","name":"repository.query","kind":"client","trace_id":"c4555d1f52817ccc411f942cd4ff81cc","span_id":"f8302e9ef71ea6d6","status":"ok","duration_ms":0,"attributes":{"db.operation.name":"query","db.system":"postgresql"}}
{"event":"correlation_span","name":"repository.query","kind":"client","trace_id":"855ad43b5e5cd4caee41c91f8a0ab817","span_id":"fa94bfa9c9726c45","parent_span_id":"d25aa19717ed2519","status":"ok","duration_ms":0,"attributes":{"db.operation.name":"query","db.system":"postgresql"}}
{"event":"correlation_span","name":"repository.query","kind":"client","trace_id":"855ad43b5e5cd4caee41c91f8a0ab817","span_id":"7645b7b94f66ffb1","parent_span_id":"d25aa19717ed2519","status":"ok","duration_ms":0,"attributes":{"db.operation.name":"query","db.system":"postgresql"}}
{"event":"correlation_span","name":"repository.query","kind":"client","trace_id":"855ad43b5e5cd4caee41c91f8a0ab817","span_id":"1829989ac8155cf5","parent_span_id":"d25aa19717ed2519","status":"ok","duration_ms":0,"attributes":{"db.operation.name":"query","db.system":"postgresql"}}
{"event":"correlation_span","name":"repository.query","kind":"client","trace_id":"855ad43b5e5cd4caee41c91f8a0ab817","span_id":"423af7fa312cbee9","parent_span_id":"d25aa19717ed2519","status":"ok","duration_ms":0,"attributes":{"db.operation.name":"query","db.system":"postgresql"}}
{"correlation_id":"pid_1e86ab83-364a-4243-a362-60a308aee51e","duration_ms":3,"event":"http_request","method":"POST","route":"/api/v1/security-agents","severity":"INFO","span_id":"d25aa19717ed2519","status":503,"timestamp":"2026-10-06T02:07:12.118750148Z","trace_id":"855ad43b5e5cd4caee41c91f8a0ab817"}
{"correlation_id":"pid_1e86ab83-364a-4243-a362-60a308aee51e","event":"audit_outcome","operation":"POST /api/v1/security-agents","outcome":"rejected","severity":"INFO","timestamp":"2026-10-06T02:07:12.118808886Z","trace_id":"855ad43b5e5cd4caee41c91f8a0ab817"}
{"event":"correlation_span","name":"http.request","kind":"server","trace_id":"855ad43b5e5cd4caee41c91f8a0ab817","span_id":"d25aa19717ed2519","parent_span_id":"0eb5ca2f68df8520","status":"error","duration_ms":3,"attributes":{"http.request.method":"POST","http.response.status_code":"503","http.route":"/api/v1/security-agents"}}
=== RUN   TestAutomaticRulesMountedRollout/ready/configured=false
{"event":"correlation_span","name":"repository.query","kind":"client","trace_id":"ceab5e972997c6abe324a3d5ad5122af","span_id":"1e40b8a8d2faed47","status":"ok","duration_ms":0,"attributes":{"db.operation.name":"query","db.system":"postgresql"}}
{"event":"correlation_span","name":"repository.query","kind":"client","trace_id":"6e484089f55ef4ff06a937a5a2d1baa7","span_id":"9049c2039320d301","status":"ok","duration_ms":0,"attributes":{"db.operation.name":"query","db.system":"postgresql"}}
{"event":"correlation_span","name":"repository.schema","kind":"client","trace_id":"a27a5336e39cda42af6b32033ea7e07e","span_id":"dfa6e82d39fbaf0f","status":"ok","duration_ms":0,"attributes":{"db.operation.name":"schema","db.system":"postgresql"}}
{"event":"correlation_span","name":"repository.schema","kind":"client","trace_id":"0f6e99b668341d1853da7226c584bb04","span_id":"80a8b13768fb276a","status":"ok","duration_ms":0,"attributes":{"db.operation.name":"schema","db.system":"postgresql"}}
{"event":"correlation_span","name":"repository.query","kind":"client","trace_id":"644251427f525d460da5bda7a72408ed","span_id":"ddc33d56c7e08f06","status":"ok","duration_ms":0,"attributes":{"db.operation.name":"query","db.system":"postgresql"}}
{"event":"correlation_span","name":"repository.query","kind":"client","trace_id":"ef78cd64718752bb2991cd7433c9c804","span_id":"05c29d5f14d97c98","status":"ok","duration_ms":0,"attributes":{"db.operation.name":"query","db.system":"postgresql"}}
{"event":"correlation_span","name":"repository.schema","kind":"client","trace_id":"5205c090b913dd002c2fe262ee14270b","span_id":"11a1b3b93e752c86","status":"ok","duration_ms":0,"attributes":{"db.operation.name":"schema","db.system":"postgresql"}}
{"event":"correlation_span","name":"repository.schema","kind":"client","trace_id":"d33c616fe75f1859f037bdf72446aa30","span_id":"cb394ac881cca338","status":"ok","duration_ms":0,"attributes":{"db.operation.name":"schema","db.system":"postgresql"}}
{"event":"correlation_span","name":"repository.query","kind":"client","trace_id":"a1f087088c47bb0c97555ea4082e92d1","span_id":"ec3de4255fdf864f","status":"ok","duration_ms":0,"attributes":{"db.operation.name":"query","db.system":"postgresql"}}
{"event":"correlation_span","name":"repository.schema","kind":"client","trace_id":"3cf391a35668916e81225849cd4ce01a","span_id":"5b68a59180dbd4be","status":"ok","duration_ms":0,"attributes":{"db.operation.name":"schema","db.system":"postgresql"}}
{"event":"correlation_span","name":"repository.query","kind":"client","trace_id":"51e245a2575677f595f80303996c93ce","span_id":"6119f4f805fc64ea","status":"ok","duration_ms":0,"attributes":{"db.operation.name":"query","db.system":"postgresql"}}
{"event":"correlation_span","name":"repository.query","kind":"client","trace_id":"03da93ab346465b1a304fccc1d086712","span_id":"a7ec0c4fe4a7add9","status":"ok","duration_ms":0,"attributes":{"db.operation.name":"query","db.system":"postgresql"}}
{"event":"correlation_span","name":"repository.schema","kind":"client","trace_id":"5abc0025e9279a7ed1432ad2a4fd285d","span_id":"cc942bf23f89949e","status":"ok","duration_ms":0,"attributes":{"db.operation.name":"schema","db.system":"postgresql"}}
{"event":"correlation_span","name":"repository.query","kind":"client","trace_id":"a13dfbadd71579702198018597704da9","span_id":"b2b6d2557d179a09","status":"ok","duration_ms":0,"attributes":{"db.operation.name":"query","db.system":"postgresql"}}
{"event":"correlation_span","name":"repository.schema","kind":"client","trace_id":"0ba79319d432c388507e41cbc96449d7","span_id":"79df8500151494e2","status":"ok","duration_ms":0,"attributes":{"db.operation.name":"schema","db.system":"postgresql"}}
{"event":"correlation_span","name":"repository.query","kind":"client","trace_id":"b9835c264886213e90a5c8861632c469","span_id":"5573eafa84a06f4b","status":"ok","duration_ms":0,"attributes":{"db.operation.name":"query","db.system":"postgresql"}}
{"event":"correlation_span","name":"repository.schema","kind":"client","trace_id":"9e6609533e659fcf7843a87a67bc6acb","span_id":"b90c46508faffb71","status":"ok","duration_ms":0,"attributes":{"db.operation.name":"schema","db.system":"postgresql"}}
{"event":"correlation_span","name":"repository.query","kind":"client","trace_id":"7434451c07cf7374f7f5c4700c8701f1","span_id":"50e400221415f47c","status":"ok","duration_ms":0,"attributes":{"db.operation.name":"query","db.system":"postgresql"}}
{"event":"correlation_span","name":"repository.query","kind":"client","trace_id":"e370bf82ea1e89fcd607873c05818bdc","span_id":"f313c8c39d6a5cff","parent_span_id":"72cbf71c02ab24b9","status":"ok","duration_ms":0,"attributes":{"db.operation.name":"query","db.system":"postgresql"}}
{"event":"correlation_span","name":"repository.query","kind":"client","trace_id":"e370bf82ea1e89fcd607873c05818bdc","span_id":"ee4b8b9e313ea1b4","parent_span_id":"72cbf71c02ab24b9","status":"ok","duration_ms":0,"attributes":{"db.operation.name":"query","db.system":"postgresql"}}
{"event":"correlation_span","name":"repository.query","kind":"client","trace_id":"e370bf82ea1e89fcd607873c05818bdc","span_id":"444e24e6685af415","parent_span_id":"72cbf71c02ab24b9","status":"ok","duration_ms":0,"attributes":{"db.operation.name":"query","db.system":"postgresql"}}
{"correlation_id":"pid_d824b384-14b9-4469-af40-464784e32a4c","duration_ms":2,"event":"http_request","method":"POST","route":"/api/v1/security-agents","severity":"INFO","span_id":"72cbf71c02ab24b9","status":201,"timestamp":"2026-10-06T02:07:12.130675712Z","trace_id":"e370bf82ea1e89fcd607873c05818bdc"}
{"correlation_id":"pid_d824b384-14b9-4469-af40-464784e32a4c","event":"audit_outcome","operation":"POST /api/v1/security-agents","outcome":"succeeded","severity":"INFO","timestamp":"2026-10-06T02:07:12.130752287Z","trace_id":"e370bf82ea1e89fcd607873c05818bdc"}
{"event":"correlation_span","name":"http.request","kind":"server","trace_id":"e370bf82ea1e89fcd607873c05818bdc","span_id":"72cbf71c02ab24b9","parent_span_id":"ba391268af5b1e86","status":"ok","duration_ms":2,"attributes":{"http.request.method":"POST","http.response.status_code":"201","http.route":"/api/v1/security-agents"}}
=== RUN   TestAutomaticRulesMountedRollout/ready/configured=true
{"event":"correlation_span","name":"repository.query","kind":"client","trace_id":"a099c46b1f02fff8e8792b7b6f49faa6","span_id":"c40524842c3ce942","status":"ok","duration_ms":0,"attributes":{"db.operation.name":"query","db.system":"postgresql"}}
{"event":"correlation_span","name":"repository.query","kind":"client","trace_id":"a7f6e7965d397a3d2ed6e0f2230fedf0","span_id":"4efe800692a3b894","status":"ok","duration_ms":0,"attributes":{"db.operation.name":"query","db.system":"postgresql"}}
{"event":"correlation_span","name":"repository.schema","kind":"client","trace_id":"4cc946869d3082c2e44826b219e630bd","span_id":"a6ae85f3e8fd186d","status":"ok","duration_ms":0,"attributes":{"db.operation.name":"schema","db.system":"postgresql"}}
{"event":"correlation_span","name":"repository.schema","kind":"client","trace_id":"54899326a46f2a1ed9e9edf3fc55850d","span_id":"37a7249794add534","status":"ok","duration_ms":0,"attributes":{"db.operation.name":"schema","db.system":"postgresql"}}
{"event":"correlation_span","name":"repository.query","kind":"client","trace_id":"decc5a4e667474b8503a423824f2b455","span_id":"623a5c71a837ebe8","status":"ok","duration_ms":0,"attributes":{"db.operation.name":"query","db.system":"postgresql"}}
{"event":"correlation_span","name":"repository.query","kind":"client","trace_id":"0b3e85604b551feb8a918f5d2ea32d21","span_id":"090f1ef5443421c1","status":"ok","duration_ms":0,"attributes":{"db.operation.name":"query","db.system":"postgresql"}}
{"event":"correlation_span","name":"repository.schema","kind":"client","trace_id":"611ddd805e4a1b05a846cfa31f3bb5e8","span_id":"4de269a93ff52df1","status":"ok","duration_ms":0,"attributes":{"db.operation.name":"schema","db.system":"postgresql"}}
{"event":"correlation_span","name":"repository.schema","kind":"client","trace_id":"763c1ab0cef85598360cdb1975cd0d73","span_id":"e79650e2ae1ddb54","status":"ok","duration_ms":0,"attributes":{"db.operation.name":"schema","db.system":"postgresql"}}
{"event":"correlation_span","name":"repository.query","kind":"client","trace_id":"9c9a6cbbf04101cdceb323d1b15b4e80","span_id":"4fc1dee1b485170b","status":"ok","duration_ms":0,"attributes":{"db.operation.name":"query","db.system":"postgresql"}}
{"event":"correlation_span","name":"repository.schema","kind":"client","trace_id":"7ec47e6d180a1290400fb8368aae2be5","span_id":"7e06953aa3daa55b","status":"ok","duration_ms":0,"attributes":{"db.operation.name":"schema","db.system":"postgresql"}}
{"event":"correlation_span","name":"repository.query","kind":"client","trace_id":"faf2c63c20a28f2030cd7c3818c8f5da","span_id":"98d97261ba6d385f","status":"ok","duration_ms":0,"attributes":{"db.operation.name":"query","db.system":"postgresql"}}
{"event":"correlation_span","name":"repository.query","kind":"client","trace_id":"6b2e03cd8732b6b4e38e803d97ac98ca","span_id":"542336563cc7f20e","status":"ok","duration_ms":0,"attributes":{"db.operation.name":"query","db.system":"postgresql"}}
{"event":"correlation_span","name":"repository.schema","kind":"client","trace_id":"36143ec57d9eba39bd68733f18fef7e8","span_id":"6882fd18a60de047","status":"ok","duration_ms":0,"attributes":{"db.operation.name":"schema","db.system":"postgresql"}}
{"event":"correlation_span","name":"repository.query","kind":"client","trace_id":"7c70b729c3900f14b4a216e720467474","span_id":"8f06fc0793ceac7a","status":"ok","duration_ms":0,"attributes":{"db.operation.name":"query","db.system":"postgresql"}}
{"event":"correlation_span","name":"repository.schema","kind":"client","trace_id":"48b5b73c6c8f468d37b452c0a88b818d","span_id":"16d8ee6242b99589","status":"ok","duration_ms":0,"attributes":{"db.operation.name":"schema","db.system":"postgresql"}}
{"event":"correlation_span","name":"repository.query","kind":"client","trace_id":"95000926bb4f2e78229d99e802f28681","span_id":"bab1aa15f7a988d3","status":"ok","duration_ms":0,"attributes":{"db.operation.name":"query","db.system":"postgresql"}}
{"event":"correlation_span","name":"repository.schema","kind":"client","trace_id":"2e47d5c2b19ea159eb64b6f4421aaf8e","span_id":"a3b57c700b02e041","status":"ok","duration_ms":0,"attributes":{"db.operation.name":"schema","db.system":"postgresql"}}
{"event":"correlation_span","name":"repository.query","kind":"client","trace_id":"9c8a849d4b982e2fe4d470bea82587a8","span_id":"81e72cbd1351f62f","status":"ok","duration_ms":0,"attributes":{"db.operation.name":"query","db.system":"postgresql"}}
{"event":"correlation_span","name":"repository.query","kind":"client","trace_id":"f6cbbc6a1de3ce3e3fe269a871bfb877","span_id":"0fb2fd771b45e20f","parent_span_id":"edfc909281d91e19","status":"ok","duration_ms":0,"attributes":{"db.operation.name":"query","db.system":"postgresql"}}
{"event":"correlation_span","name":"repository.query","kind":"client","trace_id":"f6cbbc6a1de3ce3e3fe269a871bfb877","span_id":"d1300fb112199c0c","parent_span_id":"edfc909281d91e19","status":"ok","duration_ms":0,"attributes":{"db.operation.name":"query","db.system":"postgresql"}}
{"event":"correlation_span","name":"repository.query","kind":"client","trace_id":"f6cbbc6a1de3ce3e3fe269a871bfb877","span_id":"e67f722d957f1882","parent_span_id":"edfc909281d91e19","status":"ok","duration_ms":0,"attributes":{"db.operation.name":"query","db.system":"postgresql"}}
{"event":"correlation_span","name":"repository.query","kind":"client","trace_id":"f6cbbc6a1de3ce3e3fe269a871bfb877","span_id":"7e47ce3ec38ff884","parent_span_id":"edfc909281d91e19","status":"ok","duration_ms":0,"attributes":{"db.operation.name":"query","db.system":"postgresql"}}
{"event":"correlation_span","name":"repository.query","kind":"client","trace_id":"f6cbbc6a1de3ce3e3fe269a871bfb877","span_id":"a409e41da85223ea","parent_span_id":"edfc909281d91e19","status":"ok","duration_ms":0,"attributes":{"db.operation.name":"query","db.system":"postgresql"}}
{"correlation_id":"pid_576339dc-7d98-4e77-b134-c764861eff29","duration_ms":3,"event":"http_request","method":"POST","route":"/api/v1/security-agents","severity":"INFO","span_id":"edfc909281d91e19","status":201,"timestamp":"2026-10-06T02:07:12.143292821Z","trace_id":"f6cbbc6a1de3ce3e3fe269a871bfb877"}
{"correlation_id":"pid_576339dc-7d98-4e77-b134-c764861eff29","event":"audit_outcome","operation":"POST /api/v1/security-agents","outcome":"succeeded","severity":"INFO","timestamp":"2026-10-06T02:07:12.143348916Z","trace_id":"f6cbbc6a1de3ce3e3fe269a871bfb877"}
{"event":"correlation_span","name":"http.request","kind":"server","trace_id":"f6cbbc6a1de3ce3e3fe269a871bfb877","span_id":"edfc909281d91e19","parent_span_id":"237e3a4c1213d98d","status":"ok","duration_ms":3,"attributes":{"http.request.method":"POST","http.response.status_code":"201","http.route":"/api/v1/security-agents"}}
--- PASS: TestAutomaticRulesMountedRollout (0.07s)
    --- PASS: TestAutomaticRulesMountedRollout/absent/configured=false (0.01s)
    --- PASS: TestAutomaticRulesMountedRollout/absent/configured=true (0.01s)
    --- PASS: TestAutomaticRulesMountedRollout/invalid/configured=false (0.01s)
    --- PASS: TestAutomaticRulesMountedRollout/invalid/configured=true (0.01s)
    --- PASS: TestAutomaticRulesMountedRollout/ready/configured=false (0.01s)
    --- PASS: TestAutomaticRulesMountedRollout/ready/configured=true (0.01s)
=== RUN   TestTemporalHumanMountedProductionComposition
=== RUN   TestTemporalHumanMountedProductionComposition/ordered=false
{"event":"correlation_span","name":"repository.query","kind":"client","trace_id":"fe60089aef729adfc4ea45ef9f741b43","span_id":"9861bc3a332bd007","status":"ok","duration_ms":0,"attributes":{"db.operation.name":"query","db.system":"postgresql"}}
{"event":"correlation_span","name":"repository.query","kind":"client","trace_id":"512931d63ae8b98436c388cf9ffc7283","span_id":"da743e0e4dc1b177","status":"ok","duration_ms":0,"attributes":{"db.operation.name":"query","db.system":"postgresql"}}
{"event":"correlation_span","name":"repository.schema","kind":"client","trace_id":"bedef5162c7e51cc935d591edff2c542","span_id":"99cc7b93efe036eb","status":"ok","duration_ms":0,"attributes":{"db.operation.name":"schema","db.system":"postgresql"}}
{"event":"correlation_span","name":"repository.schema","kind":"client","trace_id":"8731437c03861a3a5f972c648f716c02","span_id":"e86e5fc5edc45154","status":"ok","duration_ms":0,"attributes":{"db.operation.name":"schema","db.system":"postgresql"}}
{"event":"correlation_span","name":"repository.query","kind":"client","trace_id":"812cfa02ea97c61a92ecb4f56ca4e18c","span_id":"c65692cc981a1590","status":"ok","duration_ms":0,"attributes":{"db.operation.name":"query","db.system":"postgresql"}}
{"event":"correlation_span","name":"repository.query","kind":"client","trace_id":"e12db4da742be3f91e0438787be674d1","span_id":"83e2d962a105dfaa","status":"ok","duration_ms":0,"attributes":{"db.operation.name":"query","db.system":"postgresql"}}
{"event":"correlation_span","name":"repository.schema","kind":"client","trace_id":"09be22d21536b713210f9ef01cad84ec","span_id":"64d221e176b10efd","status":"ok","duration_ms":0,"attributes":{"db.operation.name":"schema","db.system":"postgresql"}}
{"event":"correlation_span","name":"repository.schema","kind":"client","trace_id":"fe40a7d4a74f7e0846986e67e39bfd51","span_id":"0fec1d98f7dc9c01","status":"ok","duration_ms":0,"attributes":{"db.operation.name":"schema","db.system":"postgresql"}}
{"event":"correlation_span","name":"repository.query","kind":"client","trace_id":"63e3b034f3b633694e0ddaf4b2a99a13","span_id":"88226d2e82aed44f","status":"ok","duration_ms":0,"attributes":{"db.operation.name":"query","db.system":"postgresql"}}
{"event":"correlation_span","name":"repository.schema","kind":"client","trace_id":"7de1f0b74e78b6290cf532c03d7b7967","span_id":"045acdb4a0eb6eb8","status":"ok","duration_ms":0,"attributes":{"db.operation.name":"schema","db.system":"postgresql"}}
{"event":"correlation_span","name":"repository.query","kind":"client","trace_id":"fe424eed445c3912dbe1f3b33b945a1d","span_id":"a2c8f4ddfd9e9cc6","status":"ok","duration_ms":0,"attributes":{"db.operation.name":"query","db.system":"postgresql"}}
{"event":"correlation_span","name":"repository.query","kind":"client","trace_id":"b26a52309d9c517272e31131d8237f8b","span_id":"33d10fe9e805bce6","status":"ok","duration_ms":0,"attributes":{"db.operation.name":"query","db.system":"postgresql"}}
{"event":"correlation_span","name":"repository.schema","kind":"client","trace_id":"151e873bc889732e3da54a1a7e311440","span_id":"fdcef69d937f6418","status":"ok","duration_ms":0,"attributes":{"db.operation.name":"schema","db.system":"postgresql"}}
{"event":"correlation_span","name":"repository.query","kind":"client","trace_id":"1cde1611e2d6d27c009eee400704c763","span_id":"4c31e8e6ccf372ba","status":"ok","duration_ms":0,"attributes":{"db.operation.name":"query","db.system":"postgresql"}}
{"event":"correlation_span","name":"repository.schema","kind":"client","trace_id":"54baf7fa6b6f6498d37e4405834f7d45","span_id":"caf41ca015cde0d3","status":"ok","duration_ms":0,"attributes":{"db.operation.name":"schema","db.system":"postgresql"}}
{"event":"correlation_span","name":"repository.query","kind":"client","trace_id":"a0f9fb31ae9591a5d83a744b56154fd2","span_id":"5fbe690867a1bb8f","status":"ok","duration_ms":0,"attributes":{"db.operation.name":"query","db.system":"postgresql"}}
{"event":"correlation_span","name":"repository.schema","kind":"client","trace_id":"9413758e57abe2afaa66f3bd9075b97a","span_id":"87dc0156bcf10b63","status":"ok","duration_ms":0,"attributes":{"db.operation.name":"schema","db.system":"postgresql"}}
{"event":"correlation_span","name":"repository.query","kind":"client","trace_id":"b89cd708dc9db0c143f4f434825718e2","span_id":"0166b99a378aae38","status":"ok","duration_ms":0,"attributes":{"db.operation.name":"query","db.system":"postgresql"}}
{"event":"correlation_span","name":"repository.query","kind":"client","trace_id":"f14c31ec8980fe9b36a463386732a09f","span_id":"67eb99df89ec8ff3","parent_span_id":"e59e8e193eb94fbe","status":"ok","duration_ms":0,"attributes":{"db.operation.name":"query","db.system":"postgresql"}}
{"event":"correlation_span","name":"repository.query","kind":"client","trace_id":"f14c31ec8980fe9b36a463386732a09f","span_id":"161197cb15437544","parent_span_id":"e59e8e193eb94fbe","status":"ok","duration_ms":0,"attributes":{"db.operation.name":"query","db.system":"postgresql"}}
{"correlation_id":"pid_4b4deeba-ce47-4498-8c49-8c733ed1439e","duration_ms":60,"event":"http_request","method":"POST","route":"/api/v1/security-agents/:resource","severity":"INFO","span_id":"e59e8e193eb94fbe","status":202,"timestamp":"2026-10-06T02:07:12.21149664Z","trace_id":"f14c31ec8980fe9b36a463386732a09f"}
{"correlation_id":"pid_4b4deeba-ce47-4498-8c49-8c733ed1439e","event":"audit_outcome","operation":"POST /api/v1/security-agents/:resource","outcome":"succeeded","severity":"INFO","timestamp":"2026-10-06T02:07:12.211608248Z","trace_id":"f14c31ec8980fe9b36a463386732a09f"}
{"event":"correlation_span","name":"http.request","kind":"server","trace_id":"f14c31ec8980fe9b36a463386732a09f","span_id":"e59e8e193eb94fbe","parent_span_id":"94ecbdb418182317","status":"ok","duration_ms":60,"attributes":{"http.request.method":"POST","http.response.status_code":"202","http.route":"/api/v1/security-agents/:resource"}}
{"event":"correlation_span","name":"repository.query","kind":"client","trace_id":"bfb58ac38bdea434663762ba151f6e48","span_id":"633b3c35ed94332e","parent_span_id":"af3548e2b7506533","status":"ok","duration_ms":0,"attributes":{"db.operation.name":"query","db.system":"postgresql"}}
{"event":"correlation_span","name":"repository.query","kind":"client","trace_id":"bfb58ac38bdea434663762ba151f6e48","span_id":"08182150c85bf768","parent_span_id":"af3548e2b7506533","status":"ok","duration_ms":0,"attributes":{"db.operation.name":"query","db.system":"postgresql"}}
{"correlation_id":"pid_54a981bd-d1ea-4df4-96cb-b0dff4bf0e7a","duration_ms":52,"event":"http_request","method":"POST","route":"/api/v1/security-agents/:resource","severity":"INFO","span_id":"af3548e2b7506533","status":503,"timestamp":"2026-10-06T02:07:12.264624218Z","trace_id":"bfb58ac38bdea434663762ba151f6e48"}
{"correlation_id":"pid_54a981bd-d1ea-4df4-96cb-b0dff4bf0e7a","event":"audit_outcome","operation":"POST /api/v1/security-agents/:resource","outcome":"rejected","severity":"INFO","timestamp":"2026-10-06T02:07:12.264674774Z","trace_id":"bfb58ac38bdea434663762ba151f6e48"}
{"event":"correlation_span","name":"http.request","kind":"server","trace_id":"bfb58ac38bdea434663762ba151f6e48","span_id":"af3548e2b7506533","parent_span_id":"2050d4abfaecb530","status":"error","duration_ms":52,"attributes":{"http.request.method":"POST","http.response.status_code":"503","http.route":"/api/v1/security-agents/:resource"}}
=== RUN   TestTemporalHumanMountedProductionComposition/ordered=true
{"event":"correlation_span","name":"repository.query","kind":"client","trace_id":"920c0e734144355bf6a3e864aedcc2c1","span_id":"1c304405302a495b","status":"ok","duration_ms":0,"attributes":{"db.operation.name":"query","db.system":"postgresql"}}
{"event":"correlation_span","name":"repository.query","kind":"client","trace_id":"51486fad1603a09f214e2f7862f0d01d","span_id":"f1a1af8a10f36d82","status":"ok","duration_ms":0,"attributes":{"db.operation.name":"query","db.system":"postgresql"}}
{"event":"correlation_span","name":"repository.schema","kind":"client","trace_id":"0082124c6436ef30ee32e52a6c9c24dd","span_id":"fc0724e93d005b0c","status":"ok","duration_ms":0,"attributes":{"db.operation.name":"schema","db.system":"postgresql"}}
{"event":"correlation_span","name":"repository.schema","kind":"client","trace_id":"c563a56fffa7e16bb4df6afa820a1aa2","span_id":"b1e8626e39bea347","status":"ok","duration_ms":0,"attributes":{"db.operation.name":"schema","db.system":"postgresql"}}
{"event":"correlation_span","name":"repository.query","kind":"client","trace_id":"1ba3ed97a19221f387f8aa79712437aa","span_id":"0198232aec4d0e74","status":"ok","duration_ms":0,"attributes":{"db.operation.name":"query","db.system":"postgresql"}}
{"event":"correlation_span","name":"repository.query","kind":"client","trace_id":"8fe3db709560c5a7cc0cb20b2ebbfa55","span_id":"1e468f8d8e53f8de","status":"ok","duration_ms":0,"attributes":{"db.operation.name":"query","db.system":"postgresql"}}
{"event":"correlation_span","name":"repository.schema","kind":"client","trace_id":"909d52347fb0075a9e4ee23c739974a9","span_id":"fb402b0b761b1e6e","status":"ok","duration_ms":0,"attributes":{"db.operation.name":"schema","db.system":"postgresql"}}
{"event":"correlation_span","name":"repository.schema","kind":"client","trace_id":"105200c5e7ffefcbe9d462b76a52cdfd","span_id":"999458ae84c2cee4","status":"ok","duration_ms":0,"attributes":{"db.operation.name":"schema","db.system":"postgresql"}}
{"event":"correlation_span","name":"repository.query","kind":"client","trace_id":"2490a927494a31da06d19ccfb3a7904f","span_id":"07d1d9786dd03c5a","status":"ok","duration_ms":0,"attributes":{"db.operation.name":"query","db.system":"postgresql"}}
{"event":"correlation_span","name":"repository.schema","kind":"client","trace_id":"e66a7bcb167d7b0ae7df36bcc48ce21d","span_id":"16b2e881e06c3021","status":"ok","duration_ms":0,"attributes":{"db.operation.name":"schema","db.system":"postgresql"}}
{"event":"correlation_span","name":"repository.query","kind":"client","trace_id":"0b6e19ed751d9364b5e750ea6b3e34d9","span_id":"698e76c97b217c5a","status":"ok","duration_ms":0,"attributes":{"db.operation.name":"query","db.system":"postgresql"}}
{"event":"correlation_span","name":"repository.query","kind":"client","trace_id":"49d2ff01f0772898ccb4fadbcb2c0dd4","span_id":"47f645f6122dc4da","status":"ok","duration_ms":0,"attributes":{"db.operation.name":"query","db.system":"postgresql"}}
{"event":"correlation_span","name":"repository.schema","kind":"client","trace_id":"676a2dcba95161dc56ebc5d97d509e26","span_id":"d2c13ea96d7c3acb","status":"ok","duration_ms":0,"attributes":{"db.operation.name":"schema","db.system":"postgresql"}}
{"event":"correlation_span","name":"repository.query","kind":"client","trace_id":"da5dbf6a1e77be2ad0b1655f4aca61b1","span_id":"be8921f538a4238d","status":"ok","duration_ms":0,"attributes":{"db.operation.name":"query","db.system":"postgresql"}}
{"event":"correlation_span","name":"repository.ordered_http_release","kind":"client","trace_id":"9234c8144149784910464e689fbc5da1","span_id":"70aaae7ea99eb290","status":"ok","duration_ms":0,"attributes":{"db.operation.name":"deployment_ready","db.system":"postgresql"}}
{"event":"correlation_span","name":"repository.schema","kind":"client","trace_id":"ff09105b2e3eb82eb57ec9b1c8f2846f","span_id":"0aa6336ee115f892","status":"ok","duration_ms":0,"attributes":{"db.operation.name":"schema","db.system":"postgresql"}}
{"event":"correlation_span","name":"repository.query","kind":"client","trace_id":"fb144928c332bb9fd76948d6dffd641e","span_id":"0f4fac7218ef2477","status":"ok","duration_ms":0,"attributes":{"db.operation.name":"query","db.system":"postgresql"}}
{"event":"correlation_span","name":"repository.schema","kind":"client","trace_id":"ce8f705b91802a397b57127f9e8d1446","span_id":"532fcde6b9cff84f","status":"ok","duration_ms":0,"attributes":{"db.operation.name":"schema","db.system":"postgresql"}}
{"event":"correlation_span","name":"repository.query","kind":"client","trace_id":"0dbaf8033ccff2c1cb7e97869ea6c06b","span_id":"dbb520197f1bc0bb","status":"ok","duration_ms":0,"attributes":{"db.operation.name":"query","db.system":"postgresql"}}
{"event":"correlation_span","name":"repository.query","kind":"client","trace_id":"076800227a8f762404a5d160c4ca4b9f","span_id":"73773166d688205b","parent_span_id":"1f0ef657381f2ed3","status":"ok","duration_ms":0,"attributes":{"db.operation.name":"query","db.system":"postgresql"}}
{"event":"correlation_span","name":"repository.query","kind":"client","trace_id":"076800227a8f762404a5d160c4ca4b9f","span_id":"22bdb227026d2558","parent_span_id":"1f0ef657381f2ed3","status":"ok","duration_ms":0,"attributes":{"db.operation.name":"query","db.system":"postgresql"}}
{"event":"correlation_span","name":"repository.query","kind":"client","trace_id":"076800227a8f762404a5d160c4ca4b9f","span_id":"856bda3ab3ff9d5d","parent_span_id":"1f0ef657381f2ed3","status":"ok","duration_ms":0,"attributes":{"db.operation.name":"query","db.system":"postgresql"}}
{"correlation_id":"pid_6c9c9f47-bc7a-43bf-993b-b0dca41bfc5e","duration_ms":60,"event":"http_request","method":"POST","route":"/api/v1/security-agents/:resource","severity":"INFO","span_id":"1f0ef657381f2ed3","status":202,"timestamp":"2026-10-06T02:07:12.333353397Z","trace_id":"076800227a8f762404a5d160c4ca4b9f"}
{"correlation_id":"pid_6c9c9f47-bc7a-43bf-993b-b0dca41bfc5e","event":"audit_outcome","operation":"POST /api/v1/security-agents/:resource","outcome":"succeeded","severity":"INFO","timestamp":"2026-10-06T02:07:12.333410824Z","trace_id":"076800227a8f762404a5d160c4ca4b9f"}
{"event":"correlation_span","name":"http.request","kind":"server","trace_id":"076800227a8f762404a5d160c4ca4b9f","span_id":"1f0ef657381f2ed3","parent_span_id":"9a25fac4ac3133e1","status":"ok","duration_ms":60,"attributes":{"http.request.method":"POST","http.response.status_code":"202","http.route":"/api/v1/security-agents/:resource"}}
{"event":"correlation_span","name":"repository.query","kind":"client","trace_id":"96045d88de17bcd34b132f667577a18f","span_id":"a50d52c336bd4c38","parent_span_id":"326f043352952e3f","status":"ok","duration_ms":0,"attributes":{"db.operation.name":"query","db.system":"postgresql"}}
{"event":"correlation_span","name":"repository.query","kind":"client","trace_id":"96045d88de17bcd34b132f667577a18f","span_id":"b1966240aa468cd9","parent_span_id":"326f043352952e3f","status":"ok","duration_ms":0,"attributes":{"db.operation.name":"query","db.system":"postgresql"}}
{"correlation_id":"pid_9c06d51c-48a1-4add-ad0e-b90429216004","duration_ms":0,"event":"http_request","method":"POST","route":"/api/v1/security-agents/:resource","severity":"INFO","span_id":"326f043352952e3f","status":503,"timestamp":"2026-10-06T02:07:12.33391983Z","trace_id":"96045d88de17bcd34b132f667577a18f"}
{"correlation_id":"pid_9c06d51c-48a1-4add-ad0e-b90429216004","event":"audit_outcome","operation":"POST /api/v1/security-agents/:resource","outcome":"rejected","severity":"INFO","timestamp":"2026-10-06T02:07:12.333964677Z","trace_id":"96045d88de17bcd34b132f667577a18f"}
{"event":"correlation_span","name":"http.request","kind":"server","trace_id":"96045d88de17bcd34b132f667577a18f","span_id":"326f043352952e3f","parent_span_id":"73823138540561d6","status":"error","duration_ms":0,"attributes":{"http.request.method":"POST","http.response.status_code":"503","http.route":"/api/v1/security-agents/:resource"}}
--- PASS: TestTemporalHumanMountedProductionComposition (0.19s)
    --- PASS: TestTemporalHumanMountedProductionComposition/ordered=false (0.12s)
    --- PASS: TestTemporalHumanMountedProductionComposition/ordered=true (0.07s)
=== RUN   TestTemporalHumanTracingCapability
--- PASS: TestTemporalHumanTracingCapability (0.00s)
=== RUN   TestTemporalLifecycleRuntimePublicRepository
=== RUN   TestTemporalLifecycleRuntimePublicRepository/cancel/handled
=== RUN   TestTemporalLifecycleRuntimePublicRepository/cancel/unhandled
=== RUN   TestTemporalLifecycleRuntimePublicRepository/cancel/no-interface
=== RUN   TestTemporalLifecycleRuntimePublicRepository/cancel/error-handled
=== RUN   TestTemporalLifecycleRuntimePublicRepository/cancel/error-unhandled
=== RUN   TestTemporalLifecycleRuntimePublicRepository/read/handled
=== RUN   TestTemporalLifecycleRuntimePublicRepository/read/unhandled
=== RUN   TestTemporalLifecycleRuntimePublicRepository/read/no-interface
=== RUN   TestTemporalLifecycleRuntimePublicRepository/read/error-handled
=== RUN   TestTemporalLifecycleRuntimePublicRepository/read/error-unhandled
=== RUN   TestTemporalLifecycleRuntimePublicRepository/decide/handled
=== RUN   TestTemporalLifecycleRuntimePublicRepository/decide/unhandled
=== RUN   TestTemporalLifecycleRuntimePublicRepository/decide/no-interface
=== RUN   TestTemporalLifecycleRuntimePublicRepository/decide/error-handled
=== RUN   TestTemporalLifecycleRuntimePublicRepository/decide/error-unhandled
=== RUN   TestTemporalLifecycleRuntimePublicRepository/page/handled
=== RUN   TestTemporalLifecycleRuntimePublicRepository/page/unhandled
=== RUN   TestTemporalLifecycleRuntimePublicRepository/page/no-interface
=== RUN   TestTemporalLifecycleRuntimePublicRepository/page/error-handled
=== RUN   TestTemporalLifecycleRuntimePublicRepository/page/error-unhandled
--- PASS: TestTemporalLifecycleRuntimePublicRepository (0.04s)
    --- PASS: TestTemporalLifecycleRuntimePublicRepository/cancel/handled (0.00s)
    --- PASS: TestTemporalLifecycleRuntimePublicRepository/cancel/unhandled (0.00s)
    --- PASS: TestTemporalLifecycleRuntimePublicRepository/cancel/no-interface (0.00s)
    --- PASS: TestTemporalLifecycleRuntimePublicRepository/cancel/error-handled (0.00s)
    --- PASS: TestTemporalLifecycleRuntimePublicRepository/cancel/error-unhandled (0.00s)
    --- PASS: TestTemporalLifecycleRuntimePublicRepository/read/handled (0.00s)
    --- PASS: TestTemporalLifecycleRuntimePublicRepository/read/unhandled (0.00s)
    --- PASS: TestTemporalLifecycleRuntimePublicRepository/read/no-interface (0.00s)
    --- PASS: TestTemporalLifecycleRuntimePublicRepository/read/error-handled (0.00s)
    --- PASS: TestTemporalLifecycleRuntimePublicRepository/read/error-unhandled (0.00s)
    --- PASS: TestTemporalLifecycleRuntimePublicRepository/decide/handled (0.00s)
    --- PASS: TestTemporalLifecycleRuntimePublicRepository/decide/unhandled (0.00s)
    --- PASS: TestTemporalLifecycleRuntimePublicRepository/decide/no-interface (0.00s)
    --- PASS: TestTemporalLifecycleRuntimePublicRepository/decide/error-handled (0.00s)
    --- PASS: TestTemporalLifecycleRuntimePublicRepository/decide/error-unhandled (0.01s)
    --- PASS: TestTemporalLifecycleRuntimePublicRepository/page/handled (0.00s)
    --- PASS: TestTemporalLifecycleRuntimePublicRepository/page/unhandled (0.00s)
    --- PASS: TestTemporalLifecycleRuntimePublicRepository/page/no-interface (0.00s)
    --- PASS: TestTemporalLifecycleRuntimePublicRepository/page/error-handled (0.00s)
    --- PASS: TestTemporalLifecycleRuntimePublicRepository/page/error-unhandled (0.00s)
=== RUN   TestTemporalLifecycleRuntimeForwardingContract
=== RUN   TestTemporalLifecycleRuntimeForwardingContract/nil_wrapper
=== RUN   TestTemporalLifecycleRuntimeForwardingContract/nil_next
=== RUN   TestTemporalLifecycleRuntimeForwardingContract/typed_nil
=== RUN   TestTemporalLifecycleRuntimeForwardingContract/nil_context
=== RUN   TestTemporalLifecycleRuntimeForwardingContract/cancelled
--- PASS: TestTemporalLifecycleRuntimeForwardingContract (0.00s)
    --- PASS: TestTemporalLifecycleRuntimeForwardingContract/nil_wrapper (0.00s)
    --- PASS: TestTemporalLifecycleRuntimeForwardingContract/nil_next (0.00s)
    --- PASS: TestTemporalLifecycleRuntimeForwardingContract/typed_nil (0.00s)
    --- PASS: TestTemporalLifecycleRuntimeForwardingContract/nil_context (0.00s)
    --- PASS: TestTemporalLifecycleRuntimeForwardingContract/cancelled (0.00s)
=== CONT  TestRunPrintsExactBuildVersion
=== CONT  TestRunRejectsNilWriter
--- PASS: TestRunRejectsNilWriter (0.00s)
=== CONT  TestRunReturnsWriterFailure
=== RUN   TestRunPrintsExactBuildVersion/dev
--- PASS: TestRunReturnsWriterFailure (0.00s)
=== PAUSE TestRunPrintsExactBuildVersion/dev
=== CONT  TestServeProcessExposesExactHealthEndpoints
=== CONT  TestRunRejectsInvalidBuildVersionWithoutOutput
=== RUN   TestRunRejectsInvalidBuildVersionWithoutOutput/#00
=== PAUSE TestRunRejectsInvalidBuildVersionWithoutOutput/#00
=== RUN   TestRunRejectsInvalidBuildVersionWithoutOutput/.1.0.0
=== PAUSE TestRunRejectsInvalidBuildVersionWithoutOutput/.1.0.0
=== CONT  TestDefaultBuildVersion
=== RUN   TestRunRejectsInvalidBuildVersionWithoutOutput/-dev
=== PAUSE TestRunRejectsInvalidBuildVersionWithoutOutput/-dev
=== RUN   TestRunPrintsExactBuildVersion/0.1.0-test.1
=== PAUSE TestRunPrintsExactBuildVersion/0.1.0-test.1
=== RUN   TestRunRejectsInvalidBuildVersionWithoutOutput/_dev
--- PASS: TestDefaultBuildVersion (0.00s)
=== CONT  TestServeProcessFailsBeforeOrClosesListener
=== RUN   TestServeProcessFailsBeforeOrClosesListener/invalid_before_listen
=== PAUSE TestRunRejectsInvalidBuildVersionWithoutOutput/_dev
=== RUN   TestRunRejectsInvalidBuildVersionWithoutOutput/dev_
=== PAUSE TestRunRejectsInvalidBuildVersionWithoutOutput/dev_
=== RUN   TestRunRejectsInvalidBuildVersionWithoutOutput/dev_build
=== PAUSE TestRunRejectsInvalidBuildVersionWithoutOutput/dev_build
=== RUN   TestRunRejectsInvalidBuildVersionWithoutOutput/dev_next
=== PAUSE TestRunRejectsInvalidBuildVersionWithoutOutput/dev_next
=== RUN   TestServeProcessFailsBeforeOrClosesListener/canceled_before_listen
=== RUN   TestRunPrintsExactBuildVersion/A_b+c.d-9
=== PAUSE TestRunPrintsExactBuildVersion/A_b+c.d-9
=== RUN   TestServeProcessFailsBeforeOrClosesListener/listen_failure
=== RUN   TestRunPrintsExactBuildVersion/aaaaaaaaaaaaaaaaaaaaaaaaaaaaaaaaaaaaaaaaaaaaaaaaaaaaaaaaaaaaaaaa
=== PAUSE TestRunPrintsExactBuildVersion/aaaaaaaaaaaaaaaaaaaaaaaaaaaaaaaaaaaaaaaaaaaaaaaaaaaaaaaaaaaaaaaa
=== CONT  TestRunPrintsExactBuildVersion/A_b+c.d-9
=== RUN   TestServeProcessFailsBeforeOrClosesListener/listen_failure_closes_returned_candidate
=== RUN   TestRunRejectsInvalidBuildVersionWithoutOutput/dev_next#01
=== PAUSE TestRunRejectsInvalidBuildVersionWithoutOutput/dev_next#01
=== RUN   TestRunRejectsInvalidBuildVersionWithoutOutput/dev/path
=== CONT  TestRunPrintsExactBuildVersion/0.1.0-test.1
=== PAUSE TestRunRejectsInvalidBuildVersionWithoutOutput/dev/path
=== CONT  TestRunPrintsExactBuildVersion/aaaaaaaaaaaaaaaaaaaaaaaaaaaaaaaaaaaaaaaaaaaaaaaaaaaaaaaaaaaaaaaa
=== RUN   TestServeProcessFailsBeforeOrClosesListener/cleanup_failure_wins_listen_failure
=== CONT  TestRunPrintsExactBuildVersion/dev
=== RUN   TestRunRejectsInvalidBuildVersionWithoutOutput/dévelop
--- PASS: TestRunPrintsExactBuildVersion (0.00s)
    --- PASS: TestRunPrintsExactBuildVersion/A_b+c.d-9 (0.00s)
    --- PASS: TestRunPrintsExactBuildVersion/0.1.0-test.1 (0.00s)
    --- PASS: TestRunPrintsExactBuildVersion/aaaaaaaaaaaaaaaaaaaaaaaaaaaaaaaaaaaaaaaaaaaaaaaaaaaaaaaaaaaaaaaa (0.00s)
    --- PASS: TestRunPrintsExactBuildVersion/dev (0.00s)
=== RUN   TestServeProcessFailsBeforeOrClosesListener/writer_failure_closes_listener
=== PAUSE TestRunRejectsInvalidBuildVersionWithoutOutput/dévelop
=== RUN   TestServeProcessFailsBeforeOrClosesListener/writer_panic_closes_listener
=== RUN   TestRunRejectsInvalidBuildVersionWithoutOutput/dev\x00next
=== PAUSE TestRunRejectsInvalidBuildVersionWithoutOutput/dev\x00next
=== RUN   TestRunRejectsInvalidBuildVersionWithoutOutput/aaaaaaaaaaaaaaaaaaaaaaaaaaaaaaaaaaaaaaaaaaaaaaaaaaaaaaaaaaaaaaaaa
=== PAUSE TestRunRejectsInvalidBuildVersionWithoutOutput/aaaaaaaaaaaaaaaaaaaaaaaaaaaaaaaaaaaaaaaaaaaaaaaaaaaaaaaaaaaaaaaaa
=== CONT  TestRunRejectsInvalidBuildVersionWithoutOutput/.1.0.0
--- PASS: TestServeProcessFailsBeforeOrClosesListener (0.00s)
    --- PASS: TestServeProcessFailsBeforeOrClosesListener/invalid_before_listen (0.00s)
    --- PASS: TestServeProcessFailsBeforeOrClosesListener/canceled_before_listen (0.00s)
    --- PASS: TestServeProcessFailsBeforeOrClosesListener/listen_failure (0.00s)
    --- PASS: TestServeProcessFailsBeforeOrClosesListener/listen_failure_closes_returned_candidate (0.00s)
    --- PASS: TestServeProcessFailsBeforeOrClosesListener/cleanup_failure_wins_listen_failure (0.00s)
    --- PASS: TestServeProcessFailsBeforeOrClosesListener/writer_failure_closes_listener (0.00s)
    --- PASS: TestServeProcessFailsBeforeOrClosesListener/writer_panic_closes_listener (0.00s)
=== CONT  TestRunRejectsInvalidBuildVersionWithoutOutput/aaaaaaaaaaaaaaaaaaaaaaaaaaaaaaaaaaaaaaaaaaaaaaaaaaaaaaaaaaaaaaaaa
=== CONT  TestRunRejectsInvalidBuildVersionWithoutOutput/dévelop
=== CONT  TestRunRejectsInvalidBuildVersionWithoutOutput/dev_
=== CONT  TestRunRejectsInvalidBuildVersionWithoutOutput/-dev
=== CONT  TestRunRejectsInvalidBuildVersionWithoutOutput/dev_build
=== CONT  TestRunRejectsInvalidBuildVersionWithoutOutput/dev\x00next
=== CONT  TestRunRejectsInvalidBuildVersionWithoutOutput/_dev
=== CONT  TestRunRejectsInvalidBuildVersionWithoutOutput/dev/path
=== CONT  TestRunRejectsInvalidBuildVersionWithoutOutput/#00
=== CONT  TestRunRejectsInvalidBuildVersionWithoutOutput/dev_next#01
=== CONT  TestRunRejectsInvalidBuildVersionWithoutOutput/dev_next
--- PASS: TestRunRejectsInvalidBuildVersionWithoutOutput (0.00s)
    --- PASS: TestRunRejectsInvalidBuildVersionWithoutOutput/.1.0.0 (0.00s)
    --- PASS: TestRunRejectsInvalidBuildVersionWithoutOutput/aaaaaaaaaaaaaaaaaaaaaaaaaaaaaaaaaaaaaaaaaaaaaaaaaaaaaaaaaaaaaaaaa (0.00s)
    --- PASS: TestRunRejectsInvalidBuildVersionWithoutOutput/dévelop (0.00s)
    --- PASS: TestRunRejectsInvalidBuildVersionWithoutOutput/-dev (0.00s)
    --- PASS: TestRunRejectsInvalidBuildVersionWithoutOutput/dev\x00next (0.00s)
    --- PASS: TestRunRejectsInvalidBuildVersionWithoutOutput/_dev (0.00s)
    --- PASS: TestRunRejectsInvalidBuildVersionWithoutOutput/dev/path (0.00s)
    --- PASS: TestRunRejectsInvalidBuildVersionWithoutOutput/#00 (0.00s)
    --- PASS: TestRunRejectsInvalidBuildVersionWithoutOutput/dev_next#01 (0.00s)
    --- PASS: TestRunRejectsInvalidBuildVersionWithoutOutput/dev_ (0.00s)
    --- PASS: TestRunRejectsInvalidBuildVersionWithoutOutput/dev_build (0.00s)
    --- PASS: TestRunRejectsInvalidBuildVersionWithoutOutput/dev_next (0.00s)
--- PASS: TestServeProcessExposesExactHealthEndpoints (0.00s)
=== RUN   TestAttackLabProductionDecoratorPreservesAdmission
--- PASS: TestAttackLabProductionDecoratorPreservesAdmission (0.00s)
=== RUN   TestAttackLabProductionDecoratorDefaultsCatalogOff
--- PASS: TestAttackLabProductionDecoratorDefaultsCatalogOff (0.00s)
=== RUN   TestAttackLabBrowserAPIProcess
    attack_lab_browser_process_test.go:20: owned browser fixture only
--- SKIP: TestAttackLabBrowserAPIProcess (0.00s)
=== RUN   TestAttackLabDeploymentRenderedAPIConfig
    attack_lab_deployment_config_test.go:15: owned rendered fixture required
--- SKIP: TestAttackLabDeploymentRenderedAPIConfig (0.00s)
=== RUN   TestAttackLabWorkflowConfigurationIsClosed
--- PASS: TestAttackLabWorkflowConfigurationIsClosed (0.00s)
=== RUN   TestAttackLabWorkflowReadinessSharesHealthyFlightWithoutCaching
--- PASS: TestAttackLabWorkflowReadinessSharesHealthyFlightWithoutCaching (0.01s)
=== RUN   TestAttackLabWorkflowReadinessRequiresEveryPrivateService
--- PASS: TestAttackLabWorkflowReadinessRequiresEveryPrivateService (0.02s)
=== RUN   TestAttackLabWorkflowReadinessBoundsRequests
--- PASS: TestAttackLabWorkflowReadinessBoundsRequests (0.10s)
=== RUN   TestAuditExportAWSClientsUseExplicitHistoricalAuthority
--- PASS: TestAuditExportAWSClientsUseExplicitHistoricalAuthority (0.00s)
=== RUN   TestAuditExportAWSClientsRejectInvalidConfiguration
=== RUN   TestAuditExportAWSClientsRejectInvalidConfiguration/disabled
=== RUN   TestAuditExportAWSClientsRejectInvalidConfiguration/role
=== RUN   TestAuditExportAWSClientsRejectInvalidConfiguration/key
=== RUN   TestAuditExportAWSClientsRejectInvalidConfiguration/region
=== RUN   TestAuditExportAWSClientsRejectInvalidConfiguration/late_region
=== RUN   TestAuditExportAWSClientsRejectInvalidConfiguration/timeout
--- PASS: TestAuditExportAWSClientsRejectInvalidConfiguration (0.01s)
    --- PASS: TestAuditExportAWSClientsRejectInvalidConfiguration/disabled (0.00s)
    --- PASS: TestAuditExportAWSClientsRejectInvalidConfiguration/role (0.00s)
    --- PASS: TestAuditExportAWSClientsRejectInvalidConfiguration/key (0.00s)
    --- PASS: TestAuditExportAWSClientsRejectInvalidConfiguration/region (0.00s)
    --- PASS: TestAuditExportAWSClientsRejectInvalidConfiguration/late_region (0.00s)
    --- PASS: TestAuditExportAWSClientsRejectInvalidConfiguration/timeout (0.00s)
=== RUN   TestAuditExportWebIdentitySessionIsClosed
--- PASS: TestAuditExportWebIdentitySessionIsClosed (0.00s)
=== RUN   TestAuditBrowserReaderUsesCachedWebIdentity
--- PASS: TestAuditBrowserReaderUsesCachedWebIdentity (0.03s)
=== RUN   TestAuditBrowserAPIProcess
    audit_export_browser_process_test.go:36: selected owned browser API not requested
--- SKIP: TestAuditBrowserAPIProcess (0.00s)
=== RUN   TestAuditBrowserAPIProcessRejectsForeignDatabase
--- PASS: TestAuditBrowserAPIProcessRejectsForeignDatabase (0.00s)
=== RUN   TestAuditExportRuntimeEnvironment
--- PASS: TestAuditExportRuntimeEnvironment (0.00s)
=== RUN   TestAuditExportRuntimeEnvironmentRejectsPartialOrInvalid
=== RUN   TestAuditExportRuntimeEnvironmentRejectsPartialOrInvalid/ZASP_AUDIT_EXPORT_POLICIES_JSONmissing
=== RUN   TestAuditExportRuntimeEnvironmentRejectsPartialOrInvalid/ZASP_AUDIT_EXPORT_POLICIES_JSONempty
=== RUN   TestAuditExportRuntimeEnvironmentRejectsPartialOrInvalid/ZASP_AUDIT_EXPORT_POLICIES_JSONonly-empty
=== RUN   TestAuditExportRuntimeEnvironmentRejectsPartialOrInvalid/ZASP_AUDIT_EXPORT_READER_ROLE_ARNmissing
=== RUN   TestAuditExportRuntimeEnvironmentRejectsPartialOrInvalid/ZASP_AUDIT_EXPORT_READER_ROLE_ARNempty
=== RUN   TestAuditExportRuntimeEnvironmentRejectsPartialOrInvalid/ZASP_AUDIT_EXPORT_READER_ROLE_ARNonly-empty
=== RUN   TestAuditExportRuntimeEnvironmentRejectsPartialOrInvalid/ZASP_AUDIT_EXPORT_WEB_IDENTITY_TOKEN_FILEmissing
=== RUN   TestAuditExportRuntimeEnvironmentRejectsPartialOrInvalid/ZASP_AUDIT_EXPORT_WEB_IDENTITY_TOKEN_FILEempty
=== RUN   TestAuditExportRuntimeEnvironmentRejectsPartialOrInvalid/ZASP_AUDIT_EXPORT_WEB_IDENTITY_TOKEN_FILEonly-empty
=== RUN   TestAuditExportRuntimeEnvironmentRejectsPartialOrInvalid/ZASP_AUDIT_EXPORT_CURSOR_SIGNING_KEYmissing
=== RUN   TestAuditExportRuntimeEnvironmentRejectsPartialOrInvalid/ZASP_AUDIT_EXPORT_CURSOR_SIGNING_KEYempty
=== RUN   TestAuditExportRuntimeEnvironmentRejectsPartialOrInvalid/ZASP_AUDIT_EXPORT_CURSOR_SIGNING_KEYonly-empty
--- PASS: TestAuditExportRuntimeEnvironmentRejectsPartialOrInvalid (0.02s)
    --- PASS: TestAuditExportRuntimeEnvironmentRejectsPartialOrInvalid/ZASP_AUDIT_EXPORT_POLICIES_JSONmissing (0.00s)
    --- PASS: TestAuditExportRuntimeEnvironmentRejectsPartialOrInvalid/ZASP_AUDIT_EXPORT_POLICIES_JSONempty (0.00s)
    --- PASS: TestAuditExportRuntimeEnvironmentRejectsPartialOrInvalid/ZASP_AUDIT_EXPORT_POLICIES_JSONonly-empty (0.00s)
    --- PASS: TestAuditExportRuntimeEnvironmentRejectsPartialOrInvalid/ZASP_AUDIT_EXPORT_READER_ROLE_ARNmissing (0.00s)
    --- PASS: TestAuditExportRuntimeEnvironmentRejectsPartialOrInvalid/ZASP_AUDIT_EXPORT_READER_ROLE_ARNempty (0.00s)
    --- PASS: TestAuditExportRuntimeEnvironmentRejectsPartialOrInvalid/ZASP_AUDIT_EXPORT_READER_ROLE_ARNonly-empty (0.00s)
    --- PASS: TestAuditExportRuntimeEnvironmentRejectsPartialOrInvalid/ZASP_AUDIT_EXPORT_WEB_IDENTITY_TOKEN_FILEmissing (0.00s)
    --- PASS: TestAuditExportRuntimeEnvironmentRejectsPartialOrInvalid/ZASP_AUDIT_EXPORT_WEB_IDENTITY_TOKEN_FILEempty (0.00s)
    --- PASS: TestAuditExportRuntimeEnvironmentRejectsPartialOrInvalid/ZASP_AUDIT_EXPORT_WEB_IDENTITY_TOKEN_FILEonly-empty (0.00s)
    --- PASS: TestAuditExportRuntimeEnvironmentRejectsPartialOrInvalid/ZASP_AUDIT_EXPORT_CURSOR_SIGNING_KEYmissing (0.00s)
    --- PASS: TestAuditExportRuntimeEnvironmentRejectsPartialOrInvalid/ZASP_AUDIT_EXPORT_CURSOR_SIGNING_KEYempty (0.00s)
    --- PASS: TestAuditExportRuntimeEnvironmentRejectsPartialOrInvalid/ZASP_AUDIT_EXPORT_CURSOR_SIGNING_KEYonly-empty (0.00s)
=== RUN   TestAuditExportRuntimeTypedConfigurationRevalidated
=== RUN   TestAuditExportRuntimeTypedConfigurationRevalidated/token_path
=== RUN   TestAuditExportRuntimeTypedConfigurationRevalidated/too_many_policies
=== RUN   TestAuditExportRuntimeTypedConfigurationRevalidated/selector
=== RUN   TestAuditExportRuntimeTypedConfigurationRevalidated/zero_key
=== RUN   TestAuditExportRuntimeTypedConfigurationRevalidated/role
=== RUN   TestAuditExportRuntimeTypedConfigurationRevalidated/connector_role
=== RUN   TestAuditExportRuntimeTypedConfigurationRevalidated/empty_policies
=== RUN   TestAuditExportRuntimeTypedConfigurationRevalidated/duplicate_policies
=== RUN   TestAuditExportRuntimeTypedConfigurationRevalidated/bad_bucket
=== RUN   TestAuditExportRuntimeTypedConfigurationRevalidated/short_key
=== RUN   TestAuditExportRuntimeTypedConfigurationRevalidated/long_key
--- PASS: TestAuditExportRuntimeTypedConfigurationRevalidated (0.02s)
    --- PASS: TestAuditExportRuntimeTypedConfigurationRevalidated/token_path (0.00s)
    --- PASS: TestAuditExportRuntimeTypedConfigurationRevalidated/too_many_policies (0.00s)
    --- PASS: TestAuditExportRuntimeTypedConfigurationRevalidated/selector (0.00s)
    --- PASS: TestAuditExportRuntimeTypedConfigurationRevalidated/zero_key (0.00s)
    --- PASS: TestAuditExportRuntimeTypedConfigurationRevalidated/role (0.00s)
    --- PASS: TestAuditExportRuntimeTypedConfigurationRevalidated/connector_role (0.00s)
    --- PASS: TestAuditExportRuntimeTypedConfigurationRevalidated/empty_policies (0.00s)
    --- PASS: TestAuditExportRuntimeTypedConfigurationRevalidated/duplicate_policies (0.00s)
    --- PASS: TestAuditExportRuntimeTypedConfigurationRevalidated/bad_bucket (0.00s)
    --- PASS: TestAuditExportRuntimeTypedConfigurationRevalidated/short_key (0.00s)
    --- PASS: TestAuditExportRuntimeTypedConfigurationRevalidated/long_key (0.00s)
=== RUN   TestAuditExportCredentialsRejectInvalidSTSResults
=== RUN   TestAuditExportCredentialsRejectInvalidSTSResults/empty-access
=== RUN   TestAuditExportCredentialsRejectInvalidSTSResults/empty-secret
=== RUN   TestAuditExportCredentialsRejectInvalidSTSResults/empty-session
=== RUN   TestAuditExportCredentialsRejectInvalidSTSResults/missing-expiry
=== RUN   TestAuditExportCredentialsRejectInvalidSTSResults/expired
=== RUN   TestAuditExportCredentialsRejectInvalidSTSResults/cancelled
=== RUN   TestAuditExportCredentialsRejectInvalidSTSResults/deadline
--- PASS: TestAuditExportCredentialsRejectInvalidSTSResults (0.01s)
    --- PASS: TestAuditExportCredentialsRejectInvalidSTSResults/empty-access (0.00s)
    --- PASS: TestAuditExportCredentialsRejectInvalidSTSResults/empty-secret (0.00s)
    --- PASS: TestAuditExportCredentialsRejectInvalidSTSResults/empty-session (0.00s)
    --- PASS: TestAuditExportCredentialsRejectInvalidSTSResults/missing-expiry (0.00s)
    --- PASS: TestAuditExportCredentialsRejectInvalidSTSResults/expired (0.00s)
    --- PASS: TestAuditExportCredentialsRejectInvalidSTSResults/cancelled (0.00s)
    --- PASS: TestAuditExportCredentialsRejectInvalidSTSResults/deadline (0.01s)
=== RUN   TestAuditExportCredentialsRejectInvalidTokenAuthority
=== RUN   TestAuditExportCredentialsRejectInvalidTokenAuthority/relative
=== RUN   TestAuditExportCredentialsRejectInvalidTokenAuthority/unclean
=== RUN   TestAuditExportCredentialsRejectInvalidTokenAuthority/overlong
=== RUN   TestAuditExportCredentialsRejectInvalidTokenAuthority/nul
=== RUN   TestAuditExportCredentialsRejectInvalidTokenAuthority/newline
=== RUN   TestAuditExportCredentialsRejectInvalidTokenAuthority/short
=== RUN   TestAuditExportCredentialsRejectInvalidTokenAuthority/oversize
=== RUN   TestAuditExportCredentialsRejectInvalidTokenAuthority/whitespace
=== RUN   TestAuditExportCredentialsRejectInvalidTokenAuthority/malformed
=== RUN   TestAuditExportCredentialsRejectInvalidTokenAuthority/missing
--- PASS: TestAuditExportCredentialsRejectInvalidTokenAuthority (0.00s)
    --- PASS: TestAuditExportCredentialsRejectInvalidTokenAuthority/relative (0.00s)
    --- PASS: TestAuditExportCredentialsRejectInvalidTokenAuthority/unclean (0.00s)
    --- PASS: TestAuditExportCredentialsRejectInvalidTokenAuthority/overlong (0.00s)
    --- PASS: TestAuditExportCredentialsRejectInvalidTokenAuthority/nul (0.00s)
    --- PASS: TestAuditExportCredentialsRejectInvalidTokenAuthority/newline (0.00s)
    --- PASS: TestAuditExportCredentialsRejectInvalidTokenAuthority/short (0.00s)
    --- PASS: TestAuditExportCredentialsRejectInvalidTokenAuthority/oversize (0.00s)
    --- PASS: TestAuditExportCredentialsRejectInvalidTokenAuthority/whitespace (0.00s)
    --- PASS: TestAuditExportCredentialsRejectInvalidTokenAuthority/malformed (0.00s)
    --- PASS: TestAuditExportCredentialsRejectInvalidTokenAuthority/missing (0.00s)
=== RUN   TestAuditExportCredentialExchangeSignsPinnedS3Reads
--- PASS: TestAuditExportCredentialExchangeSignsPinnedS3Reads (0.00s)
=== RUN   TestAuditExportFactoryRejectsInvalidAuthorityBeforeIO
=== RUN   TestAuditExportFactoryRejectsInvalidAuthorityBeforeIO/build/nil-context
=== RUN   TestAuditExportFactoryRejectsInvalidAuthorityBeforeIO/build/cancelled
=== RUN   TestAuditExportFactoryRejectsInvalidAuthorityBeforeIO/build/invalid-config
=== RUN   TestAuditExportFactoryRejectsInvalidAuthorityBeforeIO/build/nil-factory
=== RUN   TestAuditExportFactoryRejectsInvalidAuthorityBeforeIO/compose/nil-context
=== RUN   TestAuditExportFactoryRejectsInvalidAuthorityBeforeIO/compose/cancelled
=== RUN   TestAuditExportFactoryRejectsInvalidAuthorityBeforeIO/compose/invalid-config
=== RUN   TestAuditExportFactoryRejectsInvalidAuthorityBeforeIO/compose/nil-factory
--- PASS: TestAuditExportFactoryRejectsInvalidAuthorityBeforeIO (0.01s)
    --- PASS: TestAuditExportFactoryRejectsInvalidAuthorityBeforeIO/build/nil-context (0.00s)
    --- PASS: TestAuditExportFactoryRejectsInvalidAuthorityBeforeIO/build/cancelled (0.00s)
    --- PASS: TestAuditExportFactoryRejectsInvalidAuthorityBeforeIO/build/invalid-config (0.00s)
    --- PASS: TestAuditExportFactoryRejectsInvalidAuthorityBeforeIO/build/nil-factory (0.00s)
    --- PASS: TestAuditExportFactoryRejectsInvalidAuthorityBeforeIO/compose/nil-context (0.00s)
    --- PASS: TestAuditExportFactoryRejectsInvalidAuthorityBeforeIO/compose/cancelled (0.00s)
    --- PASS: TestAuditExportFactoryRejectsInvalidAuthorityBeforeIO/compose/invalid-config (0.00s)
    --- PASS: TestAuditExportFactoryRejectsInvalidAuthorityBeforeIO/compose/nil-factory (0.00s)
=== RUN   TestAuditExportFactoryBuildRejectsAuthorityBeforeDatabaseDial
=== RUN   TestAuditExportFactoryBuildRejectsAuthorityBeforeDatabaseDial/invalid-config
=== RUN   TestAuditExportFactoryBuildRejectsAuthorityBeforeDatabaseDial/nil-factory
--- PASS: TestAuditExportFactoryBuildRejectsAuthorityBeforeDatabaseDial (0.00s)
    --- PASS: TestAuditExportFactoryBuildRejectsAuthorityBeforeDatabaseDial/invalid-config (0.00s)
    --- PASS: TestAuditExportFactoryBuildRejectsAuthorityBeforeDatabaseDial/nil-factory (0.00s)
=== RUN   TestAuditExportFactoryFullCompositionCapability
{"event":"correlation_span","name":"repository.query","kind":"client","trace_id":"d92d1fa3f9a149a849dbb6dadc9d8fbf","span_id":"8406005d49f552bd","status":"ok","duration_ms":0,"attributes":{"db.operation.name":"query","db.system":"postgresql"}}
{"event":"correlation_span","name":"repository.query","kind":"client","trace_id":"711d0b2ce17e07a4a7e15dc59bda932b","span_id":"d315ce8d0bb55c50","status":"ok","duration_ms":0,"attributes":{"db.operation.name":"query","db.system":"postgresql"}}
{"event":"correlation_span","name":"repository.schema","kind":"client","trace_id":"efeae7c9ffc83160d0e04141877f90fe","span_id":"ae39fb9c6d6e6b8d","status":"ok","duration_ms":0,"attributes":{"db.operation.name":"schema","db.system":"postgresql"}}
{"event":"correlation_span","name":"repository.schema","kind":"client","trace_id":"2457ef6a6674aa27ded0c8aa80b3a15b","span_id":"d77904282065d242","status":"ok","duration_ms":0,"attributes":{"db.operation.name":"schema","db.system":"postgresql"}}
{"event":"correlation_span","name":"repository.query","kind":"client","trace_id":"8ec13fabc27aa2a72cdc76bc54b4308f","span_id":"2d5d504f18a66caf","status":"ok","duration_ms":0,"attributes":{"db.operation.name":"query","db.system":"postgresql"}}
{"event":"correlation_span","name":"repository.query","kind":"client","trace_id":"0652cde55548d084048c2d0774076c19","span_id":"8f2d295fbb8bbe34","status":"ok","duration_ms":0,"attributes":{"db.operation.name":"query","db.system":"postgresql"}}
{"event":"correlation_span","name":"repository.schema","kind":"client","trace_id":"56e08858b5df3c2e141c7e33c24ff316","span_id":"b8d8cc2a4a2629e8","status":"ok","duration_ms":0,"attributes":{"db.operation.name":"schema","db.system":"postgresql"}}
{"event":"correlation_span","name":"repository.schema","kind":"client","trace_id":"7d8c5180086fdbb5551acd7bf4d22b33","span_id":"e2f1872f9660f8b9","status":"ok","duration_ms":0,"attributes":{"db.operation.name":"schema","db.system":"postgresql"}}
{"event":"correlation_span","name":"repository.query","kind":"client","trace_id":"bd6d38b3ebcc3e54f418211021c00c18","span_id":"7e52e09b14d243de","status":"ok","duration_ms":0,"attributes":{"db.operation.name":"query","db.system":"postgresql"}}
{"event":"correlation_span","name":"repository.schema","kind":"client","trace_id":"859e0db7cac32da072eff28ea9c8c958","span_id":"08df491c2275427d","status":"ok","duration_ms":0,"attributes":{"db.operation.name":"schema","db.system":"postgresql"}}
{"event":"correlation_span","name":"repository.query","kind":"client","trace_id":"183b1958b9dadb45fa94ba8aed66e683","span_id":"1fb0dde5dc11a0ad","status":"ok","duration_ms":0,"attributes":{"db.operation.name":"query","db.system":"postgresql"}}
{"event":"correlation_span","name":"repository.query","kind":"client","trace_id":"5f88a90c09abc6017a06373cbb7dd40e","span_id":"365f1fc028ec4a55","status":"ok","duration_ms":0,"attributes":{"db.operation.name":"query","db.system":"postgresql"}}
{"event":"correlation_span","name":"repository.schema","kind":"client","trace_id":"5983a44476f87f1bedf30eef1148248b","span_id":"6bf049257468f072","status":"ok","duration_ms":0,"attributes":{"db.operation.name":"schema","db.system":"postgresql"}}
{"event":"correlation_span","name":"repository.query","kind":"client","trace_id":"530bfae6b272488f7b7224f8f3161eb7","span_id":"f888d5641f8f7f25","status":"ok","duration_ms":0,"attributes":{"db.operation.name":"query","db.system":"postgresql"}}
{"event":"correlation_span","name":"repository.schema","kind":"client","trace_id":"790b0adf2df8458bb2c2b18d99f6f8ea","span_id":"e0d53c00e388c876","status":"ok","duration_ms":0,"attributes":{"db.operation.name":"schema","db.system":"postgresql"}}
{"event":"correlation_span","name":"repository.query","kind":"client","trace_id":"df0781224d72170ee3f7a9ed25a0f97e","span_id":"29cd0f6621f8fbf3","status":"ok","duration_ms":0,"attributes":{"db.operation.name":"query","db.system":"postgresql"}}
{"event":"correlation_span","name":"repository.schema","kind":"client","trace_id":"45d4154c7c7975a4c28467359e93084f","span_id":"5a75f7ec7739632b","status":"ok","duration_ms":0,"attributes":{"db.operation.name":"schema","db.system":"postgresql"}}
{"event":"correlation_span","name":"repository.query","kind":"client","trace_id":"6ea81275c791bae9e5fbb3599ab10a00","span_id":"dd2406024a976ec4","status":"ok","duration_ms":0,"attributes":{"db.operation.name":"query","db.system":"postgresql"}}
{"event":"correlation_span","name":"repository.query","kind":"client","trace_id":"bd293d2571888ff1c0bb2434bbc5797e","span_id":"69c22edc69663fae","parent_span_id":"6c50b44415bd905f","status":"ok","duration_ms":0,"attributes":{"db.operation.name":"query","db.system":"postgresql"}}
{"event":"correlation_span","name":"repository.query","kind":"client","trace_id":"bd293d2571888ff1c0bb2434bbc5797e","span_id":"6328bbfbdbcb463c","parent_span_id":"6c50b44415bd905f","status":"ok","duration_ms":0,"attributes":{"db.operation.name":"query","db.system":"postgresql"}}
{"correlation_id":"pid_6e71647c-5fff-4e6c-9940-88a5ac36a65f","duration_ms":0,"event":"http_request","method":"GET","route":"/api/v1/session/:resource","severity":"INFO","span_id":"6c50b44415bd905f","status":200,"timestamp":"2026-10-06T02:07:12.634722678Z","trace_id":"bd293d2571888ff1c0bb2434bbc5797e"}
{"event":"correlation_span","name":"http.request","kind":"server","trace_id":"bd293d2571888ff1c0bb2434bbc5797e","span_id":"6c50b44415bd905f","parent_span_id":"00e98ae444aac81f","status":"ok","duration_ms":0,"attributes":{"http.request.method":"GET","http.response.status_code":"200","http.route":"/api/v1/session/:resource"}}
{"event":"correlation_span","name":"repository.query","kind":"client","trace_id":"b1f04a6dfe81545a0e19188119d7966d","span_id":"4d97e012bcfd78c7","status":"ok","duration_ms":0,"attributes":{"db.operation.name":"query","db.system":"postgresql"}}
{"event":"correlation_span","name":"repository.query","kind":"client","trace_id":"f38629f644c5f9bc4f794e8e1a9e9b82","span_id":"285c094da029e233","status":"ok","duration_ms":0,"attributes":{"db.operation.name":"query","db.system":"postgresql"}}
{"event":"correlation_span","name":"repository.schema","kind":"client","trace_id":"06dd2cf67443159cf3fbf6425268933f","span_id":"6d46f88f75d2c415","status":"ok","duration_ms":0,"attributes":{"db.operation.name":"schema","db.system":"postgresql"}}
{"event":"correlation_span","name":"repository.schema","kind":"client","trace_id":"60ce852a36fb9d51bd08fe934ea2260a","span_id":"3badd6d813990bf3","status":"ok","duration_ms":0,"attributes":{"db.operation.name":"schema","db.system":"postgresql"}}
{"event":"correlation_span","name":"repository.query","kind":"client","trace_id":"c6b947ab36090637d7ee464c5034c0c1","span_id":"93d0b81cf751e068","status":"ok","duration_ms":0,"attributes":{"db.operation.name":"query","db.system":"postgresql"}}
{"event":"correlation_span","name":"repository.query","kind":"client","trace_id":"80c4fdfc6001aee5d97f25f4079e86fa","span_id":"870f88494e63bfb4","status":"ok","duration_ms":0,"attributes":{"db.operation.name":"query","db.system":"postgresql"}}
{"event":"correlation_span","name":"repository.schema","kind":"client","trace_id":"54f37c0e9bb4d28d18173c533e67b36f","span_id":"a72276876719439f","status":"ok","duration_ms":0,"attributes":{"db.operation.name":"schema","db.system":"postgresql"}}
{"event":"correlation_span","name":"repository.schema","kind":"client","trace_id":"e3ea09faeee816c283ee84a3650bf39b","span_id":"4c633e223c09cb48","status":"ok","duration_ms":0,"attributes":{"db.operation.name":"schema","db.system":"postgresql"}}
{"event":"correlation_span","name":"repository.query","kind":"client","trace_id":"8b47cb4080e92a716d827c0cf5eea5ff","span_id":"ae5d16dc8dadfc2c","status":"ok","duration_ms":0,"attributes":{"db.operation.name":"query","db.system":"postgresql"}}
{"event":"correlation_span","name":"repository.schema","kind":"client","trace_id":"1e10aa9d7fdc21489d432097b1ac1dea","span_id":"0d51ae957f0c2130","status":"ok","duration_ms":0,"attributes":{"db.operation.name":"schema","db.system":"postgresql"}}
{"event":"correlation_span","name":"repository.query","kind":"client","trace_id":"5737f13cce2b347b0fe4fd35ede41180","span_id":"fdb2929759379c01","status":"ok","duration_ms":0,"attributes":{"db.operation.name":"query","db.system":"postgresql"}}
{"event":"correlation_span","name":"repository.query","kind":"client","trace_id":"61995e622890cb1e04880ab86303bd89","span_id":"00b232af10928c04","status":"ok","duration_ms":0,"attributes":{"db.operation.name":"query","db.system":"postgresql"}}
{"event":"correlation_span","name":"repository.schema","kind":"client","trace_id":"92ae2bf1777969619511b02f2ad9bcd8","span_id":"dd6f1eb7476cf5d8","status":"ok","duration_ms":0,"attributes":{"db.operation.name":"schema","db.system":"postgresql"}}
{"event":"correlation_span","name":"repository.query","kind":"client","trace_id":"6300c7394d920e695f1894831a1509f9","span_id":"69ee825037cffa62","status":"ok","duration_ms":0,"attributes":{"db.operation.name":"query","db.system":"postgresql"}}
{"event":"correlation_span","name":"repository.schema","kind":"client","trace_id":"56ca33419dd6676ca3bf667da78defb5","span_id":"8caa5fd905c58636","status":"ok","duration_ms":0,"attributes":{"db.operation.name":"schema","db.system":"postgresql"}}
{"event":"correlation_span","name":"repository.query","kind":"client","trace_id":"7c8521174c3b506a130870ea80c5fce4","span_id":"ec6cb9f4f6df6427","status":"ok","duration_ms":0,"attributes":{"db.operation.name":"query","db.system":"postgresql"}}
{"event":"correlation_span","name":"repository.schema","kind":"client","trace_id":"e57b80b56401810b48c3e8f55e5fe0f6","span_id":"86e6431476c4c701","status":"ok","duration_ms":0,"attributes":{"db.operation.name":"schema","db.system":"postgresql"}}
{"event":"correlation_span","name":"repository.query","kind":"client","trace_id":"cbb7e4bcf8e675066463f4b8815ebabc","span_id":"7d3f89f2fa3e1ed9","status":"ok","duration_ms":0,"attributes":{"db.operation.name":"query","db.system":"postgresql"}}
{"event":"correlation_span","name":"repository.query","kind":"client","trace_id":"4a608ec5da2e867f2909607c93d743f8","span_id":"2fb3ff8570173752","parent_span_id":"41a8be1774ef4c68","status":"ok","duration_ms":0,"attributes":{"db.operation.name":"query","db.system":"postgresql"}}
{"event":"correlation_span","name":"repository.query","kind":"client","trace_id":"4a608ec5da2e867f2909607c93d743f8","span_id":"eacc8e1fcf6b939f","parent_span_id":"41a8be1774ef4c68","status":"ok","duration_ms":0,"attributes":{"db.operation.name":"query","db.system":"postgresql"}}
{"correlation_id":"pid_2c75e809-9f98-484b-9845-d6a178ffa323","duration_ms":0,"event":"http_request","method":"GET","route":"/api/v1/session/:resource","severity":"INFO","span_id":"41a8be1774ef4c68","status":200,"timestamp":"2026-10-06T02:07:12.644155835Z","trace_id":"4a608ec5da2e867f2909607c93d743f8"}
{"event":"correlation_span","name":"http.request","kind":"server","trace_id":"4a608ec5da2e867f2909607c93d743f8","span_id":"41a8be1774ef4c68","parent_span_id":"8c2b24579c856d32","status":"ok","duration_ms":0,"attributes":{"http.request.method":"GET","http.response.status_code":"200","http.route":"/api/v1/session/:resource"}}
{"event":"correlation_span","name":"repository.query","kind":"client","trace_id":"29e63c00f6e8235d18f6e96594684cab","span_id":"12fcd0e898375371","status":"ok","duration_ms":0,"attributes":{"db.operation.name":"query","db.system":"postgresql"}}
{"event":"correlation_span","name":"repository.query","kind":"client","trace_id":"b97ea901fadac8b6ebb1af995eed8135","span_id":"14bc3b75569ba55b","status":"ok","duration_ms":0,"attributes":{"db.operation.name":"query","db.system":"postgresql"}}
{"event":"correlation_span","name":"repository.schema","kind":"client","trace_id":"1b92e6401a84d2a0c125beb614f923be","span_id":"7e7a735694488250","status":"ok","duration_ms":0,"attributes":{"db.operation.name":"schema","db.system":"postgresql"}}
{"event":"correlation_span","name":"repository.schema","kind":"client","trace_id":"4e02451a6acba97f98ec0aa950c31cf4","span_id":"efee39feb9c5703e","status":"ok","duration_ms":0,"attributes":{"db.operation.name":"schema","db.system":"postgresql"}}
{"event":"correlation_span","name":"repository.query","kind":"client","trace_id":"8ab1c038b03e579b9ab73d7383e32b62","span_id":"64dd1390a890093d","status":"ok","duration_ms":0,"attributes":{"db.operation.name":"query","db.system":"postgresql"}}
{"event":"correlation_span","name":"repository.query","kind":"client","trace_id":"bc3ae638d0be068f70b5c0b9ee0c4c49","span_id":"9376f25bccbd5b18","status":"ok","duration_ms":0,"attributes":{"db.operation.name":"query","db.system":"postgresql"}}
{"event":"correlation_span","name":"repository.schema","kind":"client","trace_id":"467c2f2bf79958f5677ef95caceeb24f","span_id":"57d7f7d212bcd26f","status":"ok","duration_ms":0,"attributes":{"db.operation.name":"schema","db.system":"postgresql"}}
{"event":"correlation_span","name":"repository.schema","kind":"client","trace_id":"3431520c9b223a6bb99892bb84c3070f","span_id":"8d46561122b89f51","status":"ok","duration_ms":0,"attributes":{"db.operation.name":"schema","db.system":"postgresql"}}
{"event":"correlation_span","name":"repository.query","kind":"client","trace_id":"805c82c826066db8dbcebe4f48a31ab5","span_id":"abbb3a14f321c8ba","status":"ok","duration_ms":0,"attributes":{"db.operation.name":"query","db.system":"postgresql"}}
{"event":"correlation_span","name":"repository.schema","kind":"client","trace_id":"60ed1f31e366189861296442a5079322","span_id":"5e65eb0b608ed1ac","status":"ok","duration_ms":0,"attributes":{"db.operation.name":"schema","db.system":"postgresql"}}
{"event":"correlation_span","name":"repository.query","kind":"client","trace_id":"47251c892d74691f4aaee3c64a1c5bee","span_id":"2254e6b049671500","status":"ok","duration_ms":0,"attributes":{"db.operation.name":"query","db.system":"postgresql"}}
{"event":"correlation_span","name":"repository.query","kind":"client","trace_id":"560b5b452361fa8822a249c97aaf33a7","span_id":"e31e6abf4ea83067","status":"ok","duration_ms":0,"attributes":{"db.operation.name":"query","db.system":"postgresql"}}
{"event":"correlation_span","name":"repository.schema","kind":"client","trace_id":"ec2003b289043aad3ebb55f2c1ee89bd","span_id":"fdbb8ba68e67d864","status":"ok","duration_ms":0,"attributes":{"db.operation.name":"schema","db.system":"postgresql"}}
{"event":"correlation_span","name":"repository.query","kind":"client","trace_id":"e070d319e7b977d148a48938c4c6d794","span_id":"646af8971bbc8e71","status":"ok","duration_ms":0,"attributes":{"db.operation.name":"query","db.system":"postgresql"}}
{"event":"correlation_span","name":"repository.query","kind":"client","trace_id":"826cf300eac23a14704265e461a17bfc","span_id":"39757e65e37b62a6","status":"ok","duration_ms":0,"attributes":{"db.operation.name":"query","db.system":"postgresql"}}
{"event":"correlation_span","name":"repository.schema","kind":"client","trace_id":"4b1373c3d9130f1bffb1deac164fc411","span_id":"0020e868f150246b","status":"ok","duration_ms":0,"attributes":{"db.operation.name":"schema","db.system":"postgresql"}}
{"event":"correlation_span","name":"repository.query","kind":"client","trace_id":"6d860e6cfe207bdc3b7f7d65872245e6","span_id":"fbab07148569a90a","status":"ok","duration_ms":0,"attributes":{"db.operation.name":"query","db.system":"postgresql"}}
{"event":"correlation_span","name":"repository.schema","kind":"client","trace_id":"d6d6dcbc34fe9ebb503be189e51a29f9","span_id":"a89b0773622c158b","status":"ok","duration_ms":0,"attributes":{"db.operation.name":"schema","db.system":"postgresql"}}
{"event":"correlation_span","name":"repository.query","kind":"client","trace_id":"d5d35d0e1f2a6b47c51878670a5ffaaf","span_id":"9aa706f9777e3084","status":"ok","duration_ms":0,"attributes":{"db.operation.name":"query","db.system":"postgresql"}}
{"event":"correlation_span","name":"repository.schema","kind":"client","trace_id":"890afec1c810d8d508a22d3f0ee5df51","span_id":"b5598f442ab4132e","status":"ok","duration_ms":0,"attributes":{"db.operation.name":"schema","db.system":"postgresql"}}
{"event":"correlation_span","name":"repository.query","kind":"client","trace_id":"a163f48f80fabd31278361e433aea46f","span_id":"df323b1eedbfb2a6","status":"ok","duration_ms":0,"attributes":{"db.operation.name":"query","db.system":"postgresql"}}
{"event":"correlation_span","name":"repository.query","kind":"client","trace_id":"80a2b6f464939be5007d90f0060a9ab4","span_id":"7390e6f6478d9f64","parent_span_id":"4ed6829c36d36fcc","status":"ok","duration_ms":0,"attributes":{"db.operation.name":"query","db.system":"postgresql"}}
{"event":"correlation_span","name":"repository.query","kind":"client","trace_id":"80a2b6f464939be5007d90f0060a9ab4","span_id":"b4c28c58e7b3cc92","parent_span_id":"4ed6829c36d36fcc","status":"ok","duration_ms":0,"attributes":{"db.operation.name":"query","db.system":"postgresql"}}
{"correlation_id":"pid_149add36-c30d-49f0-ad5c-9bd7656a767b","duration_ms":0,"event":"http_request","method":"GET","route":"/api/v1/session/:resource","severity":"INFO","span_id":"4ed6829c36d36fcc","status":200,"timestamp":"2026-10-06T02:07:12.67110558Z","trace_id":"80a2b6f464939be5007d90f0060a9ab4"}
{"event":"correlation_span","name":"http.request","kind":"server","trace_id":"80a2b6f464939be5007d90f0060a9ab4","span_id":"4ed6829c36d36fcc","parent_span_id":"1c4026636f1e1c0b","status":"ok","duration_ms":0,"attributes":{"http.request.method":"GET","http.response.status_code":"200","http.route":"/api/v1/session/:resource"}}
{"event":"correlation_span","name":"repository.query","kind":"client","trace_id":"1b0244ff724d3e79d313e6ef3f270ece","span_id":"d35f50615e8dfd1a","status":"ok","duration_ms":0,"attributes":{"db.operation.name":"query","db.system":"postgresql"}}
{"event":"correlation_span","name":"repository.query","kind":"client","trace_id":"4af14228c6428524a89cbe642ee12cab","span_id":"9c63fa1afe586333","status":"ok","duration_ms":0,"attributes":{"db.operation.name":"query","db.system":"postgresql"}}
{"event":"correlation_span","name":"repository.schema","kind":"client","trace_id":"2a81c4303ed124fee31dbd7e13ffb770","span_id":"cee0e08144d5e416","status":"ok","duration_ms":0,"attributes":{"db.operation.name":"schema","db.system":"postgresql"}}
{"event":"correlation_span","name":"repository.schema","kind":"client","trace_id":"9c5875a1fe463a9eebcc9e9bf5ab6baf","span_id":"560248233cefb671","status":"ok","duration_ms":0,"attributes":{"db.operation.name":"schema","db.system":"postgresql"}}
{"event":"correlation_span","name":"repository.query","kind":"client","trace_id":"98542f20b23b889748d385de5d0359ac","span_id":"435437c1f78129ef","status":"ok","duration_ms":0,"attributes":{"db.operation.name":"query","db.system":"postgresql"}}
{"event":"correlation_span","name":"repository.query","kind":"client","trace_id":"12bebcdc83544da88375cdb5f534d241","span_id":"57ba117002488bf9","status":"ok","duration_ms":0,"attributes":{"db.operation.name":"query","db.system":"postgresql"}}
{"event":"correlation_span","name":"repository.schema","kind":"client","trace_id":"e464936097264ba018ff8f87260a3574","span_id":"f8ab175ac308f22c","status":"ok","duration_ms":0,"attributes":{"db.operation.name":"schema","db.system":"postgresql"}}
{"event":"correlation_span","name":"repository.schema","kind":"client","trace_id":"de1f8ca9046c92a65f6045377bc1f602","span_id":"cb60302ab09e677a","status":"ok","duration_ms":0,"attributes":{"db.operation.name":"schema","db.system":"postgresql"}}
{"event":"correlation_span","name":"repository.query","kind":"client","trace_id":"9bd2c724ff6df326091c72c19d284563","span_id":"77c35e74a07e1628","status":"ok","duration_ms":0,"attributes":{"db.operation.name":"query","db.system":"postgresql"}}
{"event":"correlation_span","name":"repository.schema","kind":"client","trace_id":"a2ddc037bfeb51ddeb8dd2d5379c22df","span_id":"c3337dccc30b5b0b","status":"ok","duration_ms":0,"attributes":{"db.operation.name":"schema","db.system":"postgresql"}}
{"event":"correlation_span","name":"repository.query","kind":"client","trace_id":"39286fe713a30f7ee0d9d57c5ce08dc6","span_id":"1759cb8525886444","status":"ok","duration_ms":0,"attributes":{"db.operation.name":"query","db.system":"postgresql"}}
{"event":"correlation_span","name":"repository.query","kind":"client","trace_id":"0dc35556b13075741a50f33322e8e4e4","span_id":"6165a77c2fd9775b","status":"ok","duration_ms":0,"attributes":{"db.operation.name":"query","db.system":"postgresql"}}
{"event":"correlation_span","name":"repository.schema","kind":"client","trace_id":"69c260c41b76d88e59a3e859d980e483","span_id":"fb4f4a1a1c3e4d89","status":"ok","duration_ms":0,"attributes":{"db.operation.name":"schema","db.system":"postgresql"}}
{"event":"correlation_span","name":"repository.query","kind":"client","trace_id":"4e0f0213ee6fd44031dc55d2cfe0b574","span_id":"30d39e3a2ce06a9e","status":"ok","duration_ms":0,"attributes":{"db.operation.name":"query","db.system":"postgresql"}}
{"event":"correlation_span","name":"repository.query","kind":"client","trace_id":"9bcb0e18489a4ba9c152abd339b262f8","span_id":"360caa75cb1054f5","status":"ok","duration_ms":0,"attributes":{"db.operation.name":"query","db.system":"postgresql"}}
{"event":"correlation_span","name":"repository.schema","kind":"client","trace_id":"6f743d5a285abca127d363bb3e2adeb3","span_id":"2a89ebaf7b144f56","status":"ok","duration_ms":0,"attributes":{"db.operation.name":"schema","db.system":"postgresql"}}
{"event":"correlation_span","name":"repository.query","kind":"client","trace_id":"636e4489591219e08f9a0f8ed9d56e64","span_id":"f1ba339e6aec86e1","status":"ok","duration_ms":0,"attributes":{"db.operation.name":"query","db.system":"postgresql"}}
{"event":"correlation_span","name":"repository.schema","kind":"client","trace_id":"3c92695ae79975864adcc8b8b37ab1f5","span_id":"cfa3537e75a3031c","status":"ok","duration_ms":0,"attributes":{"db.operation.name":"schema","db.system":"postgresql"}}
{"event":"correlation_span","name":"repository.query","kind":"client","trace_id":"89f760a0518873cef0066f37dfda3ef0","span_id":"8dccc11078c92170","status":"ok","duration_ms":0,"attributes":{"db.operation.name":"query","db.system":"postgresql"}}
{"event":"correlation_span","name":"repository.schema","kind":"client","trace_id":"f32cf60e659a418f7df924352b8701e4","span_id":"9dfcd19aa9c3b7d0","status":"ok","duration_ms":0,"attributes":{"db.operation.name":"schema","db.system":"postgresql"}}
{"event":"correlation_span","name":"repository.query","kind":"client","trace_id":"4820533dd49a52bbae64e396197f80f6","span_id":"6f6337d44c579750","status":"ok","duration_ms":0,"attributes":{"db.operation.name":"query","db.system":"postgresql"}}
{"event":"correlation_span","name":"repository.query","kind":"client","trace_id":"6a3bcd9793ebaeda39d4cb568f1b7f9c","span_id":"598bc9fd6152e0fb","parent_span_id":"6d1b9cc61c1ed0e6","status":"ok","duration_ms":0,"attributes":{"db.operation.name":"query","db.system":"postgresql"}}
{"event":"correlation_span","name":"repository.query","kind":"client","trace_id":"6a3bcd9793ebaeda39d4cb568f1b7f9c","span_id":"8fa8290f8bf41b43","parent_span_id":"6d1b9cc61c1ed0e6","status":"ok","duration_ms":0,"attributes":{"db.operation.name":"query","db.system":"postgresql"}}
{"correlation_id":"pid_81a35f1d-0139-4640-ac9b-d426c5cec448","duration_ms":0,"event":"http_request","method":"GET","route":"/api/v1/session/:resource","severity":"INFO","span_id":"6d1b9cc61c1ed0e6","status":200,"timestamp":"2026-10-06T02:07:12.698493991Z","trace_id":"6a3bcd9793ebaeda39d4cb568f1b7f9c"}
{"event":"correlation_span","name":"http.request","kind":"server","trace_id":"6a3bcd9793ebaeda39d4cb568f1b7f9c","span_id":"6d1b9cc61c1ed0e6","parent_span_id":"b3754a01b913d808","status":"ok","duration_ms":1,"attributes":{"http.request.method":"GET","http.response.status_code":"200","http.route":"/api/v1/session/:resource"}}
--- PASS: TestAuditExportFactoryFullCompositionCapability (0.08s)
=== RUN   TestAuditExportFactoryOwnsReturnedTransport
=== RUN   TestAuditExportFactoryOwnsReturnedTransport/factory-error
{"event":"correlation_span","name":"repository.query","kind":"client","trace_id":"287e74e8c41f5e4943b9630777719dc9","span_id":"3250123a7d6deba1","status":"ok","duration_ms":0,"attributes":{"db.operation.name":"query","db.system":"postgresql"}}
{"event":"correlation_span","name":"repository.query","kind":"client","trace_id":"39d8bf55fff03fb955c14258587df695","span_id":"12d54ddd9b3806ca","status":"ok","duration_ms":0,"attributes":{"db.operation.name":"query","db.system":"postgresql"}}
{"event":"correlation_span","name":"repository.schema","kind":"client","trace_id":"532922e481b8e0afed383dd34b4a5dfd","span_id":"f33ddcadb1346875","status":"ok","duration_ms":0,"attributes":{"db.operation.name":"schema","db.system":"postgresql"}}
{"event":"correlation_span","name":"repository.schema","kind":"client","trace_id":"31003cf0ec71f0de823a924899a853e3","span_id":"78f07486d09446b5","status":"ok","duration_ms":0,"attributes":{"db.operation.name":"schema","db.system":"postgresql"}}
{"event":"correlation_span","name":"repository.query","kind":"client","trace_id":"f9476ff0f2b7326e9e08669db6b138fd","span_id":"1c0e91f518de43c1","status":"ok","duration_ms":0,"attributes":{"db.operation.name":"query","db.system":"postgresql"}}
{"event":"correlation_span","name":"repository.query","kind":"client","trace_id":"423d28d5f249f0de054571622fa440e3","span_id":"82a370913f3b4f54","status":"ok","duration_ms":0,"attributes":{"db.operation.name":"query","db.system":"postgresql"}}
{"event":"correlation_span","name":"repository.schema","kind":"client","trace_id":"1106abf26dc751acdbf46056f1f9da3f","span_id":"0282b5848f982974","status":"ok","duration_ms":0,"attributes":{"db.operation.name":"schema","db.system":"postgresql"}}
{"event":"correlation_span","name":"repository.schema","kind":"client","trace_id":"392425bc30aec31f1948cbcaceae99cb","span_id":"27418264ea59b5f0","status":"ok","duration_ms":0,"attributes":{"db.operation.name":"schema","db.system":"postgresql"}}
{"event":"correlation_span","name":"repository.query","kind":"client","trace_id":"538967dd55588d9bb0b9c0bb9114a72f","span_id":"68e3508dd77c21b0","status":"ok","duration_ms":0,"attributes":{"db.operation.name":"query","db.system":"postgresql"}}
=== RUN   TestAuditExportFactoryOwnsReturnedTransport/readiness-error
{"event":"correlation_span","name":"repository.query","kind":"client","trace_id":"3bc4fb6bc3884c5b59f66e80618d2ae6","span_id":"6b2fa59258d10354","status":"ok","duration_ms":0,"attributes":{"db.operation.name":"query","db.system":"postgresql"}}
{"event":"correlation_span","name":"repository.query","kind":"client","trace_id":"92b317263d9a3569c9268714f7e89993","span_id":"2ecf4b38af74f41d","status":"ok","duration_ms":0,"attributes":{"db.operation.name":"query","db.system":"postgresql"}}
{"event":"correlation_span","name":"repository.schema","kind":"client","trace_id":"ee0a3aaecc8355945d4c3705e559fb1b","span_id":"a7e0f74dff15ec48","status":"ok","duration_ms":0,"attributes":{"db.operation.name":"schema","db.system":"postgresql"}}
{"event":"correlation_span","name":"repository.schema","kind":"client","trace_id":"33ad0d34b15666a3dcad411e9c6f7c44","span_id":"d9890cce276dfd6f","status":"ok","duration_ms":0,"attributes":{"db.operation.name":"schema","db.system":"postgresql"}}
{"event":"correlation_span","name":"repository.query","kind":"client","trace_id":"63c5bb270f0ee4ffce8861391f06c20e","span_id":"a30d924070d2da90","status":"ok","duration_ms":0,"attributes":{"db.operation.name":"query","db.system":"postgresql"}}
{"event":"correlation_span","name":"repository.query","kind":"client","trace_id":"cbeeb38a53968ec4f2a93936cdcd4ab4","span_id":"6f581ecde2ddc5aa","status":"ok","duration_ms":0,"attributes":{"db.operation.name":"query","db.system":"postgresql"}}
{"event":"correlation_span","name":"repository.schema","kind":"client","trace_id":"50943e745ba333f5286c32346cfa8190","span_id":"b17926dc21cea84f","status":"ok","duration_ms":0,"attributes":{"db.operation.name":"schema","db.system":"postgresql"}}
{"event":"correlation_span","name":"repository.schema","kind":"client","trace_id":"a8843aee87a1dafd038c05c9f6b10691","span_id":"91c5868d037ce96e","status":"ok","duration_ms":0,"attributes":{"db.operation.name":"schema","db.system":"postgresql"}}
{"event":"correlation_span","name":"repository.query","kind":"client","trace_id":"5476761fddbb329b00cfd12ac04b4592","span_id":"9fa0f55689d4c3bc","status":"ok","duration_ms":0,"attributes":{"db.operation.name":"query","db.system":"postgresql"}}
{"event":"correlation_span","name":"repository.schema","kind":"client","trace_id":"5097b84a38c1d976666f7c1b7ff0d66d","span_id":"b61eb52a4a00604c","status":"ok","duration_ms":0,"attributes":{"db.operation.name":"schema","db.system":"postgresql"}}
{"event":"correlation_span","name":"repository.query","kind":"client","trace_id":"e6b64d83e159494b48af0f9254be034d","span_id":"3a2cca11ea3a9f37","status":"ok","duration_ms":0,"attributes":{"db.operation.name":"query","db.system":"postgresql"}}
=== RUN   TestAuditExportFactoryOwnsReturnedTransport/late-cancellation
{"event":"correlation_span","name":"repository.query","kind":"client","trace_id":"3e6872ce07ff1760c0a8f2e62ff85572","span_id":"aab57bf1d2740dde","status":"ok","duration_ms":0,"attributes":{"db.operation.name":"query","db.system":"postgresql"}}
{"event":"correlation_span","name":"repository.query","kind":"client","trace_id":"a0ab99e5c03e2eaa992852d6e77b4e87","span_id":"89e943cba39b04fb","status":"ok","duration_ms":0,"attributes":{"db.operation.name":"query","db.system":"postgresql"}}
{"event":"correlation_span","name":"repository.schema","kind":"client","trace_id":"b49f72340c8027c64b1a1d32d8be2b1b","span_id":"39462f6d5f4d274f","status":"ok","duration_ms":0,"attributes":{"db.operation.name":"schema","db.system":"postgresql"}}
{"event":"correlation_span","name":"repository.schema","kind":"client","trace_id":"769dee2c1dcc354b6f87a8bc931adeea","span_id":"5b04a4a43afd2945","status":"ok","duration_ms":0,"attributes":{"db.operation.name":"schema","db.system":"postgresql"}}
{"event":"correlation_span","name":"repository.query","kind":"client","trace_id":"792b339cf52877d6612a342278567e89","span_id":"f98045246a26cf06","status":"ok","duration_ms":0,"attributes":{"db.operation.name":"query","db.system":"postgresql"}}
{"event":"correlation_span","name":"repository.query","kind":"client","trace_id":"5368d8d604e265b7f5f90d7e6585cf99","span_id":"1c51d2132c7c65a2","status":"ok","duration_ms":0,"attributes":{"db.operation.name":"query","db.system":"postgresql"}}
{"event":"correlation_span","name":"repository.schema","kind":"client","trace_id":"34ab9a43d607764b2df1ed61655b9256","span_id":"1a61095e28a72e9b","status":"ok","duration_ms":0,"attributes":{"db.operation.name":"schema","db.system":"postgresql"}}
{"event":"correlation_span","name":"repository.schema","kind":"client","trace_id":"237cb4ba8663b6843724c9cae493f618","span_id":"f11b73b8a9f439a4","status":"ok","duration_ms":0,"attributes":{"db.operation.name":"schema","db.system":"postgresql"}}
{"event":"correlation_span","name":"repository.query","kind":"client","trace_id":"fb99936f672bbf25232f82927bfb2a1a","span_id":"fd3cc2dfaecf4f4a","status":"ok","duration_ms":0,"attributes":{"db.operation.name":"query","db.system":"postgresql"}}
{"event":"correlation_span","name":"repository.schema","kind":"client","trace_id":"2be735868bc659d2550d5f174918cc47","span_id":"20abe84d35496eb5","status":"ok","duration_ms":0,"attributes":{"db.operation.name":"schema","db.system":"postgresql"}}
{"event":"correlation_span","name":"repository.query","kind":"client","trace_id":"6547b81fa55b2b56e636671c76105f70","span_id":"8fed4902a23c92f3","status":"ok","duration_ms":0,"attributes":{"db.operation.name":"query","db.system":"postgresql"}}
{"event":"correlation_span","name":"repository.query","kind":"client","trace_id":"94f6e0c79541a2b4bcc0d7e09512784a","span_id":"8a861225965a249e","status":"ok","duration_ms":0,"attributes":{"db.operation.name":"query","db.system":"postgresql"}}
=== RUN   TestAuditExportFactoryOwnsReturnedTransport/empty-storage
{"event":"correlation_span","name":"repository.query","kind":"client","trace_id":"cf2837f2f5bd2b83f678368f44e0af37","span_id":"929624391785bab7","status":"ok","duration_ms":0,"attributes":{"db.operation.name":"query","db.system":"postgresql"}}
{"event":"correlation_span","name":"repository.query","kind":"client","trace_id":"bc43aef76d760503f52479bb0a52c2ca","span_id":"7ef7be52988e85ea","status":"ok","duration_ms":0,"attributes":{"db.operation.name":"query","db.system":"postgresql"}}
{"event":"correlation_span","name":"repository.schema","kind":"client","trace_id":"c45289a6301e85c9ddcb2da88c3a1732","span_id":"aa031286fbb31db9","status":"ok","duration_ms":0,"attributes":{"db.operation.name":"schema","db.system":"postgresql"}}
{"event":"correlation_span","name":"repository.schema","kind":"client","trace_id":"d0b2e5a596d2c90b51004a0ce2e16f8c","span_id":"0e8cb503527a58f6","status":"ok","duration_ms":0,"attributes":{"db.operation.name":"schema","db.system":"postgresql"}}
{"event":"correlation_span","name":"repository.query","kind":"client","trace_id":"f39f060345cc41ca93c1b42908e6b537","span_id":"d56c1fca214e861c","status":"ok","duration_ms":0,"attributes":{"db.operation.name":"query","db.system":"postgresql"}}
{"event":"correlation_span","name":"repository.query","kind":"client","trace_id":"f775d0e1955d1af0e459e3c09cbde402","span_id":"91c1384d540182b3","status":"ok","duration_ms":0,"attributes":{"db.operation.name":"query","db.system":"postgresql"}}
{"event":"correlation_span","name":"repository.schema","kind":"client","trace_id":"6ead15c113bdc1ab4ded32a75599456f","span_id":"9b884c67d8538dec","status":"ok","duration_ms":0,"attributes":{"db.operation.name":"schema","db.system":"postgresql"}}
{"event":"correlation_span","name":"repository.schema","kind":"client","trace_id":"acec036be2474118bfa1fe2422718708","span_id":"34bb6e2600d5888d","status":"ok","duration_ms":0,"attributes":{"db.operation.name":"schema","db.system":"postgresql"}}
{"event":"correlation_span","name":"repository.query","kind":"client","trace_id":"258a6e564da203b4a166157229ba7c7d","span_id":"b8f834aff50408bc","status":"ok","duration_ms":0,"attributes":{"db.operation.name":"query","db.system":"postgresql"}}
=== RUN   TestAuditExportFactoryOwnsReturnedTransport/malformed-storage
{"event":"correlation_span","name":"repository.query","kind":"client","trace_id":"c8ce8084d33efd535a0d3a1da79f1500","span_id":"3d426f5c22ee9942","status":"ok","duration_ms":0,"attributes":{"db.operation.name":"query","db.system":"postgresql"}}
{"event":"correlation_span","name":"repository.query","kind":"client","trace_id":"814b0561318652d2a8112d5934ffc933","span_id":"2e7e8761145886e3","status":"ok","duration_ms":0,"attributes":{"db.operation.name":"query","db.system":"postgresql"}}
{"event":"correlation_span","name":"repository.schema","kind":"client","trace_id":"cca93a633d72e5ab51ad4d031d5502b8","span_id":"99c9effc6345b69b","status":"ok","duration_ms":0,"attributes":{"db.operation.name":"schema","db.system":"postgresql"}}
{"event":"correlation_span","name":"repository.schema","kind":"client","trace_id":"77547896e2bf6e476cc5c930ed8911f3","span_id":"be28cea890e1b655","status":"ok","duration_ms":0,"attributes":{"db.operation.name":"schema","db.system":"postgresql"}}
{"event":"correlation_span","name":"repository.query","kind":"client","trace_id":"c575345a5ed7ab3b6a0679e6e2a2b765","span_id":"d81675be4ef586e9","status":"ok","duration_ms":0,"attributes":{"db.operation.name":"query","db.system":"postgresql"}}
{"event":"correlation_span","name":"repository.query","kind":"client","trace_id":"c9d26a2dbe0bef825a64f78f993b581f","span_id":"44711ce0d66ec9a0","status":"ok","duration_ms":0,"attributes":{"db.operation.name":"query","db.system":"postgresql"}}
{"event":"correlation_span","name":"repository.schema","kind":"client","trace_id":"c5245416631b32954efeba1a9e38627f","span_id":"1146b9f820420229","status":"ok","duration_ms":0,"attributes":{"db.operation.name":"schema","db.system":"postgresql"}}
{"event":"correlation_span","name":"repository.schema","kind":"client","trace_id":"7a8700f51b8c3bc873d647f3fcaa8ecc","span_id":"55ffbad1f7c23826","status":"ok","duration_ms":0,"attributes":{"db.operation.name":"schema","db.system":"postgresql"}}
{"event":"correlation_span","name":"repository.query","kind":"client","trace_id":"e8c6c7319c60db9b61173638621a210a","span_id":"d7028a52c8f6c880","status":"ok","duration_ms":0,"attributes":{"db.operation.name":"query","db.system":"postgresql"}}
=== RUN   TestAuditExportFactoryOwnsReturnedTransport/nil-transport
{"event":"correlation_span","name":"repository.query","kind":"client","trace_id":"b0da7b875b4e32c3d1019fe2e1c62809","span_id":"ec73ee8f8230f576","status":"ok","duration_ms":0,"attributes":{"db.operation.name":"query","db.system":"postgresql"}}
{"event":"correlation_span","name":"repository.query","kind":"client","trace_id":"e0d81c5073892ef95ef38da5fa974bff","span_id":"73e05710186a1450","status":"ok","duration_ms":0,"attributes":{"db.operation.name":"query","db.system":"postgresql"}}
{"event":"correlation_span","name":"repository.schema","kind":"client","trace_id":"e7755ac864dd7c895afde5cecf1de95d","span_id":"9487dde83d7a9b9e","status":"ok","duration_ms":0,"attributes":{"db.operation.name":"schema","db.system":"postgresql"}}
{"event":"correlation_span","name":"repository.schema","kind":"client","trace_id":"429e7e605f9103d7537da79798addb9a","span_id":"f1a90497aaf01690","status":"ok","duration_ms":0,"attributes":{"db.operation.name":"schema","db.system":"postgresql"}}
{"event":"correlation_span","name":"repository.query","kind":"client","trace_id":"7c2681e047b1c9b3673245a1acca80bf","span_id":"3424bcd86da9911c","status":"ok","duration_ms":0,"attributes":{"db.operation.name":"query","db.system":"postgresql"}}
{"event":"correlation_span","name":"repository.query","kind":"client","trace_id":"4096ef9d2a4e79cf0973280bd532ee06","span_id":"ff09c6ad07fc9372","status":"ok","duration_ms":0,"attributes":{"db.operation.name":"query","db.system":"postgresql"}}
{"event":"correlation_span","name":"repository.schema","kind":"client","trace_id":"354dd601b6b383d6106aa0e83f4dc5b8","span_id":"c3edb29e29688d1d","status":"ok","duration_ms":0,"attributes":{"db.operation.name":"schema","db.system":"postgresql"}}
{"event":"correlation_span","name":"repository.schema","kind":"client","trace_id":"82bd0b56a5cc7fae4dca8492dc728a35","span_id":"5f06a1f0005d971e","status":"ok","duration_ms":0,"attributes":{"db.operation.name":"schema","db.system":"postgresql"}}
{"event":"correlation_span","name":"repository.query","kind":"client","trace_id":"3a5f2b7cac04832cd5e3198aef1e96ed","span_id":"608581464d14e49c","status":"ok","duration_ms":0,"attributes":{"db.operation.name":"query","db.system":"postgresql"}}
=== RUN   TestAuditExportFactoryOwnsReturnedTransport/success
{"event":"correlation_span","name":"repository.query","kind":"client","trace_id":"3383fdc2bc134d457001af587a82c8e1","span_id":"e5feddf32233657d","status":"ok","duration_ms":0,"attributes":{"db.operation.name":"query","db.system":"postgresql"}}
{"event":"correlation_span","name":"repository.query","kind":"client","trace_id":"c0a081b98e3139ecdc881c8f3b9e80bf","span_id":"f1d9b5d1c91242a4","status":"ok","duration_ms":0,"attributes":{"db.operation.name":"query","db.system":"postgresql"}}
{"event":"correlation_span","name":"repository.schema","kind":"client","trace_id":"d2765fc693f9818e443acb98cb9857f9","span_id":"8373ba15c2cd8ce0","status":"ok","duration_ms":0,"attributes":{"db.operation.name":"schema","db.system":"postgresql"}}
{"event":"correlation_span","name":"repository.schema","kind":"client","trace_id":"96a7c52a6d85380ab4c75c29b6fb42f1","span_id":"011ecde8b301a9a8","status":"ok","duration_ms":0,"attributes":{"db.operation.name":"schema","db.system":"postgresql"}}
{"event":"correlation_span","name":"repository.query","kind":"client","trace_id":"d145fd018b38bacff7792192f9222120","span_id":"b8daa16599981290","status":"ok","duration_ms":0,"attributes":{"db.operation.name":"query","db.system":"postgresql"}}
{"event":"correlation_span","name":"repository.query","kind":"client","trace_id":"985c83109145c2c5667c539ced8713ea","span_id":"e6ac6eeca395162b","status":"ok","duration_ms":0,"attributes":{"db.operation.name":"query","db.system":"postgresql"}}
{"event":"correlation_span","name":"repository.schema","kind":"client","trace_id":"3ef0e97eff35ab84a44e53f4a72dddbb","span_id":"5d56459cc84980e4","status":"ok","duration_ms":0,"attributes":{"db.operation.name":"schema","db.system":"postgresql"}}
{"event":"correlation_span","name":"repository.schema","kind":"client","trace_id":"dd7b910bba529cf13041c24d9a9c34fe","span_id":"418eff50dd7233ae","status":"ok","duration_ms":0,"attributes":{"db.operation.name":"schema","db.system":"postgresql"}}
{"event":"correlation_span","name":"repository.query","kind":"client","trace_id":"ea5188776f608f88960c4ab57554f80e","span_id":"613c5923eb4c09df","status":"ok","duration_ms":0,"attributes":{"db.operation.name":"query","db.system":"postgresql"}}
{"event":"correlation_span","name":"repository.schema","kind":"client","trace_id":"c257861568e235f3b8ec040660e20763","span_id":"e4dded473af57b15","status":"ok","duration_ms":0,"attributes":{"db.operation.name":"schema","db.system":"postgresql"}}
{"event":"correlation_span","name":"repository.query","kind":"client","trace_id":"f7e02f1bd567b635b5bff00089ffc909","span_id":"0bb4130b72ff996b","status":"ok","duration_ms":0,"attributes":{"db.operation.name":"query","db.system":"postgresql"}}
{"event":"correlation_span","name":"repository.query","kind":"client","trace_id":"cb16cc71c3ca37204e802137b12beace","span_id":"797c38e593bff5c0","status":"ok","duration_ms":0,"attributes":{"db.operation.name":"query","db.system":"postgresql"}}
{"event":"correlation_span","name":"repository.schema","kind":"client","trace_id":"62f9ce41c5e09d60b110bc2012be8b92","span_id":"1fdc375034ea19ba","status":"ok","duration_ms":0,"attributes":{"db.operation.name":"schema","db.system":"postgresql"}}
{"event":"correlation_span","name":"repository.query","kind":"client","trace_id":"e8b3f0f734b7619ffa93366c9eac97db","span_id":"e0368195aed760c8","status":"ok","duration_ms":0,"attributes":{"db.operation.name":"query","db.system":"postgresql"}}
{"event":"correlation_span","name":"repository.query","kind":"client","trace_id":"85df711edd8fc80fa4fa8a97bf5ec5ad","span_id":"40ee776c2d0bd190","status":"ok","duration_ms":0,"attributes":{"db.operation.name":"query","db.system":"postgresql"}}
{"event":"correlation_span","name":"repository.schema","kind":"client","trace_id":"a895d2068c415fabb9b2b1af530fe423","span_id":"5824dec196d89d15","status":"ok","duration_ms":0,"attributes":{"db.operation.name":"schema","db.system":"postgresql"}}
{"event":"correlation_span","name":"repository.query","kind":"client","trace_id":"4b8395d0f3587877eef8f040f30b3ef4","span_id":"1beffcec31c051b0","status":"ok","duration_ms":0,"attributes":{"db.operation.name":"query","db.system":"postgresql"}}
{"event":"correlation_span","name":"repository.schema","kind":"client","trace_id":"16f26ba444df2bc2ba3337d30687f4e6","span_id":"7ed7d74da87bf6fa","status":"ok","duration_ms":0,"attributes":{"db.operation.name":"schema","db.system":"postgresql"}}
{"event":"correlation_span","name":"repository.query","kind":"client","trace_id":"af134b14d48ba970e5a94afa7647fea8","span_id":"260f177961d756b0","status":"ok","duration_ms":0,"attributes":{"db.operation.name":"query","db.system":"postgresql"}}
{"event":"correlation_span","name":"repository.schema","kind":"client","trace_id":"5e56e943a9cadff00ac0c7dc570d7c3e","span_id":"8eb94f3d216a7d9c","status":"ok","duration_ms":0,"attributes":{"db.operation.name":"schema","db.system":"postgresql"}}
{"event":"correlation_span","name":"repository.query","kind":"client","trace_id":"a0b4097e5ca738ccd2a0f080257ae6b8","span_id":"6e128a281cdaf40c","status":"ok","duration_ms":0,"attributes":{"db.operation.name":"query","db.system":"postgresql"}}
--- PASS: TestAuditExportFactoryOwnsReturnedTransport (0.08s)
    --- PASS: TestAuditExportFactoryOwnsReturnedTransport/factory-error (0.01s)
    --- PASS: TestAuditExportFactoryOwnsReturnedTransport/readiness-error (0.01s)
    --- PASS: TestAuditExportFactoryOwnsReturnedTransport/late-cancellation (0.02s)
    --- PASS: TestAuditExportFactoryOwnsReturnedTransport/empty-storage (0.01s)
    --- PASS: TestAuditExportFactoryOwnsReturnedTransport/malformed-storage (0.01s)
    --- PASS: TestAuditExportFactoryOwnsReturnedTransport/nil-transport (0.01s)
    --- PASS: TestAuditExportFactoryOwnsReturnedTransport/success (0.03s)
=== RUN   TestAuditExportFactoryResourcesUseExactCachedProviders
--- PASS: TestAuditExportFactoryResourcesUseExactCachedProviders (0.02s)
=== RUN   TestAuditExportRuntimeBootstrapUsesMountedEffectivePermission
{"event":"correlation_span","name":"repository.query","kind":"client","trace_id":"f73e56ac7f0d5e5661b4aa134d5942ff","span_id":"3a821ea1732fc6fb","status":"ok","duration_ms":0,"attributes":{"db.operation.name":"query","db.system":"postgresql"}}
{"event":"correlation_span","name":"repository.query","kind":"client","trace_id":"1cecb4107729adf6477d0189e6148b40","span_id":"bafbd38d8868b922","status":"ok","duration_ms":0,"attributes":{"db.operation.name":"query","db.system":"postgresql"}}
{"event":"correlation_span","name":"repository.schema","kind":"client","trace_id":"5aa174e51b123a6fa532ba798e8f9204","span_id":"67c09590cb4bec57","status":"ok","duration_ms":0,"attributes":{"db.operation.name":"schema","db.system":"postgresql"}}
{"event":"correlation_span","name":"repository.schema","kind":"client","trace_id":"47643dd5ea3b089ca9fe71d4b5773dda","span_id":"f37f3f4c204de74e","status":"ok","duration_ms":0,"attributes":{"db.operation.name":"schema","db.system":"postgresql"}}
{"event":"correlation_span","name":"repository.query","kind":"client","trace_id":"4d323138eb7a3a68470dbe5252ee1b64","span_id":"88405c4d45e9cb9f","status":"ok","duration_ms":0,"attributes":{"db.operation.name":"query","db.system":"postgresql"}}
{"event":"correlation_span","name":"repository.query","kind":"client","trace_id":"4aaf8adcb6119e5a8711a31d8aee96cc","span_id":"aba06b200f5962ef","status":"ok","duration_ms":0,"attributes":{"db.operation.name":"query","db.system":"postgresql"}}
{"event":"correlation_span","name":"repository.schema","kind":"client","trace_id":"1a80583c050ddeaaabda1d7d3b4b267c","span_id":"68d487b54c5dfff5","status":"ok","duration_ms":0,"attributes":{"db.operation.name":"schema","db.system":"postgresql"}}
{"event":"correlation_span","name":"repository.schema","kind":"client","trace_id":"2db4ee4b857634b82a3a9dd2af45800d","span_id":"d679ed4e8596f370","status":"ok","duration_ms":0,"attributes":{"db.operation.name":"schema","db.system":"postgresql"}}
{"event":"correlation_span","name":"repository.query","kind":"client","trace_id":"b6e2913a9e4e818925765b42fb5e8049","span_id":"07d816500a6a2f2e","status":"ok","duration_ms":0,"attributes":{"db.operation.name":"query","db.system":"postgresql"}}
{"event":"correlation_span","name":"repository.schema","kind":"client","trace_id":"bcf5d503468ed35818ff51fe18d5a0bd","span_id":"7032292b07a5b41b","status":"ok","duration_ms":0,"attributes":{"db.operation.name":"schema","db.system":"postgresql"}}
{"event":"correlation_span","name":"repository.query","kind":"client","trace_id":"f1cc1af9a3a7a282cae6a18462060dc2","span_id":"051ab4d926f35bf5","status":"ok","duration_ms":0,"attributes":{"db.operation.name":"query","db.system":"postgresql"}}
{"event":"correlation_span","name":"repository.query","kind":"client","trace_id":"532f24c3bd479e4d85516756aee2a13d","span_id":"ab7c76b68aafead7","status":"ok","duration_ms":0,"attributes":{"db.operation.name":"query","db.system":"postgresql"}}
{"event":"correlation_span","name":"repository.schema","kind":"client","trace_id":"6da0d25407b1392aeb5e67a9382a7636","span_id":"f3757119ab6baa95","status":"ok","duration_ms":0,"attributes":{"db.operation.name":"schema","db.system":"postgresql"}}
{"event":"correlation_span","name":"repository.query","kind":"client","trace_id":"1d264fb3bf43937215e24ceb7396d6b5","span_id":"7d7db451a5d912db","status":"ok","duration_ms":0,"attributes":{"db.operation.name":"query","db.system":"postgresql"}}
{"event":"correlation_span","name":"repository.schema","kind":"client","trace_id":"77ec34f3dc23c4e048c9667087a190f2","span_id":"25e561dc39197675","status":"ok","duration_ms":0,"attributes":{"db.operation.name":"schema","db.system":"postgresql"}}
{"event":"correlation_span","name":"repository.query","kind":"client","trace_id":"ddf80730928a28ee87ab1c1e2ff05b53","span_id":"ec3e2fefba7e3c77","status":"ok","duration_ms":0,"attributes":{"db.operation.name":"query","db.system":"postgresql"}}
{"event":"correlation_span","name":"repository.schema","kind":"client","trace_id":"14fcca78989c09513acb4d8f9fde32c4","span_id":"de83696a2fb60887","status":"ok","duration_ms":0,"attributes":{"db.operation.name":"schema","db.system":"postgresql"}}
{"event":"correlation_span","name":"repository.query","kind":"client","trace_id":"effe2800b1844b74c8985f8d057412d6","span_id":"6ef596a74c6fe6a2","status":"ok","duration_ms":0,"attributes":{"db.operation.name":"query","db.system":"postgresql"}}
{"event":"correlation_span","name":"repository.query","kind":"client","trace_id":"b822f4fd28db0a615de48a39ee8289e2","span_id":"ae7a4572c2ff5eb3","parent_span_id":"5a0cf27e370edb77","status":"ok","duration_ms":0,"attributes":{"db.operation.name":"query","db.system":"postgresql"}}
{"event":"correlation_span","name":"repository.query","kind":"client","trace_id":"b822f4fd28db0a615de48a39ee8289e2","span_id":"313179f0f9fbbe2b","parent_span_id":"5a0cf27e370edb77","status":"ok","duration_ms":0,"attributes":{"db.operation.name":"query","db.system":"postgresql"}}
{"correlation_id":"pid_a0f41eae-9dfd-42a1-9bba-c0a4a1ff29da","duration_ms":0,"event":"http_request","method":"GET","route":"/api/v1/session/:resource","severity":"INFO","span_id":"5a0cf27e370edb77","status":200,"timestamp":"2026-10-06T02:07:12.807250397Z","trace_id":"b822f4fd28db0a615de48a39ee8289e2"}
{"event":"correlation_span","name":"http.request","kind":"server","trace_id":"b822f4fd28db0a615de48a39ee8289e2","span_id":"5a0cf27e370edb77","parent_span_id":"b9c017f7fa2ce541","status":"ok","duration_ms":0,"attributes":{"http.request.method":"GET","http.response.status_code":"200","http.route":"/api/v1/session/:resource"}}
{"event":"correlation_span","name":"repository.query","kind":"client","trace_id":"6feb4c4e42a872a8adf54962422369a6","span_id":"ea273dac72a7efff","status":"ok","duration_ms":0,"attributes":{"db.operation.name":"query","db.system":"postgresql"}}
{"event":"correlation_span","name":"repository.query","kind":"client","trace_id":"903d1e68e3e914859bff935b720a2f50","span_id":"dee3c260c9cd7815","status":"ok","duration_ms":0,"attributes":{"db.operation.name":"query","db.system":"postgresql"}}
{"event":"correlation_span","name":"repository.schema","kind":"client","trace_id":"643305db21d26648c9bac42ccf91ad6c","span_id":"bee99c64cb6d7e94","status":"ok","duration_ms":0,"attributes":{"db.operation.name":"schema","db.system":"postgresql"}}
{"event":"correlation_span","name":"repository.schema","kind":"client","trace_id":"ac2a421a29a1f9ac77b0a8dcf87f5de5","span_id":"76c687eedf5cd154","status":"ok","duration_ms":0,"attributes":{"db.operation.name":"schema","db.system":"postgresql"}}
{"event":"correlation_span","name":"repository.query","kind":"client","trace_id":"99f3fcf4ac80fd37e4a1e6351b3b9748","span_id":"7ee8a6bf06e5dd65","status":"ok","duration_ms":0,"attributes":{"db.operation.name":"query","db.system":"postgresql"}}
{"event":"correlation_span","name":"repository.query","kind":"client","trace_id":"1ceaf1bd29fa5c6fc47e8aa19a96e7c5","span_id":"b33a1113b1b20a32","status":"ok","duration_ms":0,"attributes":{"db.operation.name":"query","db.system":"postgresql"}}
{"event":"correlation_span","name":"repository.schema","kind":"client","trace_id":"ed3b99e579793e549b9897ea70b568cc","span_id":"8960c1969585ea27","status":"ok","duration_ms":0,"attributes":{"db.operation.name":"schema","db.system":"postgresql"}}
{"event":"correlation_span","name":"repository.schema","kind":"client","trace_id":"d12ca549bce79de1d4e01e2b9c6ed91e","span_id":"cd5539b69497967f","status":"ok","duration_ms":0,"attributes":{"db.operation.name":"schema","db.system":"postgresql"}}
{"event":"correlation_span","name":"repository.query","kind":"client","trace_id":"1d767b834209c7123ea35f32fd52b1eb","span_id":"1ba1b83de3e99b4a","status":"ok","duration_ms":0,"attributes":{"db.operation.name":"query","db.system":"postgresql"}}
{"event":"correlation_span","name":"repository.schema","kind":"client","trace_id":"cc475fb28e31d5b19547f9e72a39bbf2","span_id":"e96fd12a82659dd1","status":"ok","duration_ms":0,"attributes":{"db.operation.name":"schema","db.system":"postgresql"}}
{"event":"correlation_span","name":"repository.query","kind":"client","trace_id":"eb45943860b3119e9165433a4923f3b6","span_id":"e16ca45dd0e93ee7","status":"ok","duration_ms":0,"attributes":{"db.operation.name":"query","db.system":"postgresql"}}
{"event":"correlation_span","name":"repository.query","kind":"client","trace_id":"08d28b6f1be011dcacc7f58252be35f6","span_id":"301fdac49cf18527","status":"ok","duration_ms":0,"attributes":{"db.operation.name":"query","db.system":"postgresql"}}
{"event":"correlation_span","name":"repository.schema","kind":"client","trace_id":"63bdadfb642206f0877d3cd071741306","span_id":"7f925d1c4193523f","status":"ok","duration_ms":0,"attributes":{"db.operation.name":"schema","db.system":"postgresql"}}
{"event":"correlation_span","name":"repository.query","kind":"client","trace_id":"08a9852fc6ae1e9a1c42d02f9d4457f4","span_id":"0a1443f71e018067","status":"ok","duration_ms":0,"attributes":{"db.operation.name":"query","db.system":"postgresql"}}
{"event":"correlation_span","name":"repository.schema","kind":"client","trace_id":"0a11e07e521448b67f3dd8cec5c259da","span_id":"9915d7f8d0b18455","status":"ok","duration_ms":0,"attributes":{"db.operation.name":"schema","db.system":"postgresql"}}
{"event":"correlation_span","name":"repository.query","kind":"client","trace_id":"4940c591dfb6c5b0e3c52b67720c53e8","span_id":"055e85afecb6a977","status":"ok","duration_ms":0,"attributes":{"db.operation.name":"query","db.system":"postgresql"}}
{"event":"correlation_span","name":"repository.schema","kind":"client","trace_id":"4641755a56dd10ff0f99bc26c94cf896","span_id":"03e90715eeb256e9","status":"ok","duration_ms":0,"attributes":{"db.operation.name":"schema","db.system":"postgresql"}}
{"event":"correlation_span","name":"repository.query","kind":"client","trace_id":"04d55789c159178d2ae3d73c0d27614d","span_id":"598ef1501e296f30","status":"ok","duration_ms":0,"attributes":{"db.operation.name":"query","db.system":"postgresql"}}
{"event":"correlation_span","name":"repository.query","kind":"client","trace_id":"5a2ea35ddf1a1a3281fad0dbb0b97887","span_id":"7601ecd09fae947c","parent_span_id":"f512880ae76c8385","status":"ok","duration_ms":0,"attributes":{"db.operation.name":"query","db.system":"postgresql"}}
{"event":"correlation_span","name":"repository.query","kind":"client","trace_id":"5a2ea35ddf1a1a3281fad0dbb0b97887","span_id":"3344fdecbcbd077e","parent_span_id":"f512880ae76c8385","status":"ok","duration_ms":0,"attributes":{"db.operation.name":"query","db.system":"postgresql"}}
{"correlation_id":"pid_d7f6ea1b-3f4f-476c-9595-753408fb75fe","duration_ms":0,"event":"http_request","method":"GET","route":"/api/v1/session/:resource","severity":"INFO","span_id":"f512880ae76c8385","status":200,"timestamp":"2026-10-06T02:07:12.815548356Z","trace_id":"5a2ea35ddf1a1a3281fad0dbb0b97887"}
{"event":"correlation_span","name":"http.request","kind":"server","trace_id":"5a2ea35ddf1a1a3281fad0dbb0b97887","span_id":"f512880ae76c8385","parent_span_id":"18b2af8c618b506a","status":"ok","duration_ms":0,"attributes":{"http.request.method":"GET","http.response.status_code":"200","http.route":"/api/v1/session/:resource"}}
{"event":"correlation_span","name":"repository.query","kind":"client","trace_id":"2abf1ffafbf03164f898bbe6ef6ce6a6","span_id":"098c720b0b5be9f6","status":"ok","duration_ms":0,"attributes":{"db.operation.name":"query","db.system":"postgresql"}}
{"event":"correlation_span","name":"repository.query","kind":"client","trace_id":"7a788eeb3a5605267df0afb8d6be6188","span_id":"7896644056176d87","status":"ok","duration_ms":0,"attributes":{"db.operation.name":"query","db.system":"postgresql"}}
{"event":"correlation_span","name":"repository.schema","kind":"client","trace_id":"2dfed3905f41475e4c06c530779a794b","span_id":"4d4be1bfec6d22f0","status":"ok","duration_ms":0,"attributes":{"db.operation.name":"schema","db.system":"postgresql"}}
{"event":"correlation_span","name":"repository.schema","kind":"client","trace_id":"96f18fa40b286f68f8b08fa4a9b7b4c3","span_id":"286be54801403cf1","status":"ok","duration_ms":0,"attributes":{"db.operation.name":"schema","db.system":"postgresql"}}
{"event":"correlation_span","name":"repository.query","kind":"client","trace_id":"a5ecfd12b8eb841281a859039c842043","span_id":"74fa000912b57ed6","status":"ok","duration_ms":0,"attributes":{"db.operation.name":"query","db.system":"postgresql"}}
{"event":"correlation_span","name":"repository.query","kind":"client","trace_id":"ca982e3a86e948cdeb95bcba624c9ca8","span_id":"ed4633d28a73b393","status":"ok","duration_ms":0,"attributes":{"db.operation.name":"query","db.system":"postgresql"}}
{"event":"correlation_span","name":"repository.schema","kind":"client","trace_id":"a2a821254c714706f8a7c76a85a6f844","span_id":"220e3bd81bc284a1","status":"ok","duration_ms":0,"attributes":{"db.operation.name":"schema","db.system":"postgresql"}}
{"event":"correlation_span","name":"repository.schema","kind":"client","trace_id":"2ca2d633af0685007dbdde7873ce1c4f","span_id":"0724912c8b7aad7d","status":"ok","duration_ms":0,"attributes":{"db.operation.name":"schema","db.system":"postgresql"}}
{"event":"correlation_span","name":"repository.query","kind":"client","trace_id":"b18c298b1e604f0057c0ac87c0eae658","span_id":"86194ac9cfd7f676","status":"ok","duration_ms":0,"attributes":{"db.operation.name":"query","db.system":"postgresql"}}
{"event":"correlation_span","name":"repository.schema","kind":"client","trace_id":"fb875d2e6dc2cbd4022dd403fedb8ff0","span_id":"cf735a6cf7236119","status":"ok","duration_ms":0,"attributes":{"db.operation.name":"schema","db.system":"postgresql"}}
{"event":"correlation_span","name":"repository.query","kind":"client","trace_id":"8e7e41300352d8cb5387e6ce6d1dffe5","span_id":"86fb66b37b876ecb","status":"ok","duration_ms":0,"attributes":{"db.operation.name":"query","db.system":"postgresql"}}
{"event":"correlation_span","name":"repository.query","kind":"client","trace_id":"b016feb1bf90de25b03e2fd9f6da2685","span_id":"a1e9d0156b9f587a","status":"ok","duration_ms":0,"attributes":{"db.operation.name":"query","db.system":"postgresql"}}
{"event":"correlation_span","name":"repository.schema","kind":"client","trace_id":"74d66e9fd88e37d693235cf635522bb7","span_id":"983ea5fb4fc14d98","status":"ok","duration_ms":0,"attributes":{"db.operation.name":"schema","db.system":"postgresql"}}
{"event":"correlation_span","name":"repository.query","kind":"client","trace_id":"df4284248cf5326a8f205b7c3bd1c95f","span_id":"55780a2fe4cb9e8e","status":"ok","duration_ms":0,"attributes":{"db.operation.name":"query","db.system":"postgresql"}}
{"event":"correlation_span","name":"repository.query","kind":"client","trace_id":"584921a58c33edd8f91d8398a7f5a023","span_id":"181977f3424caddc","status":"ok","duration_ms":0,"attributes":{"db.operation.name":"query","db.system":"postgresql"}}
{"event":"correlation_span","name":"repository.schema","kind":"client","trace_id":"329ab8e5eb1ea2270776e82b57bc8162","span_id":"f467d653edc2d061","status":"ok","duration_ms":0,"attributes":{"db.operation.name":"schema","db.system":"postgresql"}}
{"event":"correlation_span","name":"repository.query","kind":"client","trace_id":"9f7f18418526ac30ff0dd70bd4f32b1a","span_id":"9282ec5b9d5e43e4","status":"ok","duration_ms":0,"attributes":{"db.operation.name":"query","db.system":"postgresql"}}
{"event":"correlation_span","name":"repository.schema","kind":"client","trace_id":"91530634413923c89b2012d012a3807d","span_id":"9d0a97664e99b4f1","status":"ok","duration_ms":0,"attributes":{"db.operation.name":"schema","db.system":"postgresql"}}
{"event":"correlation_span","name":"repository.query","kind":"client","trace_id":"cc02cad1692ecc2edfc2b29ff5f65859","span_id":"9c66f35dce0b282e","status":"ok","duration_ms":0,"attributes":{"db.operation.name":"query","db.system":"postgresql"}}
{"event":"correlation_span","name":"repository.schema","kind":"client","trace_id":"7eaa384cf92042d8c53489787cbf91c3","span_id":"760567a2b3b9c1f8","status":"ok","duration_ms":0,"attributes":{"db.operation.name":"schema","db.system":"postgresql"}}
{"event":"correlation_span","name":"repository.query","kind":"client","trace_id":"9f8da296c35ea28a11bc88ad40e64467","span_id":"a7892d2ab7abaece","status":"ok","duration_ms":0,"attributes":{"db.operation.name":"query","db.system":"postgresql"}}
{"event":"correlation_span","name":"repository.query","kind":"client","trace_id":"93dcc2be504001e96c4f49690bc7bf6c","span_id":"b9f0399fd8e6df57","parent_span_id":"3f14485343cab479","status":"ok","duration_ms":0,"attributes":{"db.operation.name":"query","db.system":"postgresql"}}
{"event":"correlation_span","name":"repository.query","kind":"client","trace_id":"93dcc2be504001e96c4f49690bc7bf6c","span_id":"43e17a08352f8214","parent_span_id":"3f14485343cab479","status":"ok","duration_ms":0,"attributes":{"db.operation.name":"query","db.system":"postgresql"}}
{"correlation_id":"pid_c6e9bef2-de7e-4060-b83a-d8cfca09f746","duration_ms":0,"event":"http_request","method":"GET","route":"/api/v1/session/:resource","severity":"INFO","span_id":"3f14485343cab479","status":200,"timestamp":"2026-10-06T02:07:12.84372309Z","trace_id":"93dcc2be504001e96c4f49690bc7bf6c"}
{"event":"correlation_span","name":"http.request","kind":"server","trace_id":"93dcc2be504001e96c4f49690bc7bf6c","span_id":"3f14485343cab479","parent_span_id":"76bdba9819c40a5c","status":"ok","duration_ms":0,"attributes":{"http.request.method":"GET","http.response.status_code":"200","http.route":"/api/v1/session/:resource"}}
{"event":"correlation_span","name":"repository.query","kind":"client","trace_id":"6534f4f80c6a86846785478fcd351697","span_id":"984027a03a3fa86a","status":"ok","duration_ms":0,"attributes":{"db.operation.name":"query","db.system":"postgresql"}}
{"event":"correlation_span","name":"repository.query","kind":"client","trace_id":"607d8da6d69bbb8739a3c64f1022e3b7","span_id":"0c631ffbbb79c192","status":"ok","duration_ms":0,"attributes":{"db.operation.name":"query","db.system":"postgresql"}}
{"event":"correlation_span","name":"repository.schema","kind":"client","trace_id":"f7499ef5167a3d322c8a8c867356ebd9","span_id":"4d54e7c58d13c080","status":"ok","duration_ms":0,"attributes":{"db.operation.name":"schema","db.system":"postgresql"}}
{"event":"correlation_span","name":"repository.schema","kind":"client","trace_id":"ff52045fc1a7489fb2142b2afef0eda3","span_id":"0fbbe83389f86a33","status":"ok","duration_ms":0,"attributes":{"db.operation.name":"schema","db.system":"postgresql"}}
{"event":"correlation_span","name":"repository.query","kind":"client","trace_id":"751cb4d9b10f35eb0e5755cc3c4aef81","span_id":"3806f62f59d7db13","status":"ok","duration_ms":0,"attributes":{"db.operation.name":"query","db.system":"postgresql"}}
{"event":"correlation_span","name":"repository.query","kind":"client","trace_id":"1055e43af32b36ab1bc8a380749b9148","span_id":"8f008061c224f413","status":"ok","duration_ms":0,"attributes":{"db.operation.name":"query","db.system":"postgresql"}}
{"event":"correlation_span","name":"repository.schema","kind":"client","trace_id":"3ab7f55d8bf2ff3a8055bc546f9be308","span_id":"b9d3c8b087b2c15b","status":"ok","duration_ms":0,"attributes":{"db.operation.name":"schema","db.system":"postgresql"}}
{"event":"correlation_span","name":"repository.schema","kind":"client","trace_id":"f8e18d98a91365d7774ed625bf78335c","span_id":"7c3964acb564ab8c","status":"ok","duration_ms":0,"attributes":{"db.operation.name":"schema","db.system":"postgresql"}}
{"event":"correlation_span","name":"repository.query","kind":"client","trace_id":"fc026062aa959ac8f21751876735bddf","span_id":"8d36b61f774f6262","status":"ok","duration_ms":0,"attributes":{"db.operation.name":"query","db.system":"postgresql"}}
{"event":"correlation_span","name":"repository.schema","kind":"client","trace_id":"57f20190892d1b1edd9cb868b3bcd181","span_id":"3755ed1dc2a5e41a","status":"ok","duration_ms":0,"attributes":{"db.operation.name":"schema","db.system":"postgresql"}}
{"event":"correlation_span","name":"repository.query","kind":"client","trace_id":"fba22015ce4db4b7efe102b4a9781e8f","span_id":"31da34c96decb9c8","status":"ok","duration_ms":0,"attributes":{"db.operation.name":"query","db.system":"postgresql"}}
{"event":"correlation_span","name":"repository.query","kind":"client","trace_id":"f3215724c2306b35a9690f61c7b64f4e","span_id":"a76eb41b5c9da852","status":"ok","duration_ms":0,"attributes":{"db.operation.name":"query","db.system":"postgresql"}}
{"event":"correlation_span","name":"repository.schema","kind":"client","trace_id":"e901f8f9d6a09df429812668161ebc9b","span_id":"059fa41a3c9083c2","status":"ok","duration_ms":0,"attributes":{"db.operation.name":"schema","db.system":"postgresql"}}
{"event":"correlation_span","name":"repository.query","kind":"client","trace_id":"173ec5b7570dccbaacead63d3752f3c9","span_id":"fd474e5831b60bb0","status":"ok","duration_ms":0,"attributes":{"db.operation.name":"query","db.system":"postgresql"}}
{"event":"correlation_span","name":"repository.query","kind":"client","trace_id":"9b1c51a5f9e044329f422f51558f213c","span_id":"669462f1f98b4c06","status":"ok","duration_ms":0,"attributes":{"db.operation.name":"query","db.system":"postgresql"}}
{"event":"correlation_span","name":"repository.schema","kind":"client","trace_id":"b10cbe4e9fb52c2c3174e7fc9e66039a","span_id":"3733bb21361a5404","status":"ok","duration_ms":0,"attributes":{"db.operation.name":"schema","db.system":"postgresql"}}
{"event":"correlation_span","name":"repository.query","kind":"client","trace_id":"e3a3c7e5cbabb3180d9bf2172365022c","span_id":"fb99138efa2180f8","status":"ok","duration_ms":0,"attributes":{"db.operation.name":"query","db.system":"postgresql"}}
{"event":"correlation_span","name":"repository.schema","kind":"client","trace_id":"7510440aaafc2a235a27f92d2658c998","span_id":"56da48e6a71a16a5","status":"ok","duration_ms":0,"attributes":{"db.operation.name":"schema","db.system":"postgresql"}}
{"event":"correlation_span","name":"repository.query","kind":"client","trace_id":"81c24e6117469b529dfac27b3909f701","span_id":"cf9963a76d1c3fd5","status":"ok","duration_ms":0,"attributes":{"db.operation.name":"query","db.system":"postgresql"}}
{"event":"correlation_span","name":"repository.schema","kind":"client","trace_id":"ee20c0dc45f9a5534d2c123d39030061","span_id":"746e0e82ffa2b967","status":"ok","duration_ms":0,"attributes":{"db.operation.name":"schema","db.system":"postgresql"}}
{"event":"correlation_span","name":"repository.query","kind":"client","trace_id":"092b0aeba845f849bdc731ed6abbd43e","span_id":"b5c057629676c3f9","status":"ok","duration_ms":0,"attributes":{"db.operation.name":"query","db.system":"postgresql"}}
{"event":"correlation_span","name":"repository.query","kind":"client","trace_id":"bd82ddb2cd2bbd7efd0667c1276f2438","span_id":"c996ddffeed43792","parent_span_id":"7b3109246c1a0326","status":"ok","duration_ms":0,"attributes":{"db.operation.name":"query","db.system":"postgresql"}}
{"event":"correlation_span","name":"repository.query","kind":"client","trace_id":"bd82ddb2cd2bbd7efd0667c1276f2438","span_id":"271f58855a5ee10c","parent_span_id":"7b3109246c1a0326","status":"ok","duration_ms":0,"attributes":{"db.operation.name":"query","db.system":"postgresql"}}
{"correlation_id":"pid_54c5a11f-322f-4153-85a6-a0b0be19d6c8","duration_ms":0,"event":"http_request","method":"GET","route":"/api/v1/session/:resource","severity":"INFO","span_id":"7b3109246c1a0326","status":200,"timestamp":"2026-10-06T02:07:12.87309158Z","trace_id":"bd82ddb2cd2bbd7efd0667c1276f2438"}
{"event":"correlation_span","name":"http.request","kind":"server","trace_id":"bd82ddb2cd2bbd7efd0667c1276f2438","span_id":"7b3109246c1a0326","parent_span_id":"a8245dc174feaade","status":"ok","duration_ms":0,"attributes":{"http.request.method":"GET","http.response.status_code":"200","http.route":"/api/v1/session/:resource"}}
--- PASS: TestAuditExportRuntimeBootstrapUsesMountedEffectivePermission (0.08s)
=== RUN   TestAuditExportRuntimeCompositionLateCancellation
{"event":"correlation_span","name":"repository.query","kind":"client","trace_id":"1b6b0638da1df14dc76d41783d543013","span_id":"d39b84fe8473e3d0","status":"ok","duration_ms":0,"attributes":{"db.operation.name":"query","db.system":"postgresql"}}
{"event":"correlation_span","name":"repository.query","kind":"client","trace_id":"1f66cb83f8da92c74e6b2a73fba7ead5","span_id":"25a2c4176d4378a4","status":"ok","duration_ms":0,"attributes":{"db.operation.name":"query","db.system":"postgresql"}}
{"event":"correlation_span","name":"repository.schema","kind":"client","trace_id":"aa9f2b57331728d43734aa3385bb5da6","span_id":"4de07cf95fa5f488","status":"ok","duration_ms":0,"attributes":{"db.operation.name":"schema","db.system":"postgresql"}}
{"event":"correlation_span","name":"repository.schema","kind":"client","trace_id":"878657aafbdfdeb576df7502d91ea153","span_id":"f38dd5832e531d9b","status":"ok","duration_ms":0,"attributes":{"db.operation.name":"schema","db.system":"postgresql"}}
{"event":"correlation_span","name":"repository.query","kind":"client","trace_id":"ea3c4fddf0761b1bdc0159d449f4fd17","span_id":"029695faf99ff8c9","status":"ok","duration_ms":0,"attributes":{"db.operation.name":"query","db.system":"postgresql"}}
{"event":"correlation_span","name":"repository.query","kind":"client","trace_id":"6024e2f5aa04625ee145fae918d4281b","span_id":"ffb52cc616b1901d","status":"ok","duration_ms":0,"attributes":{"db.operation.name":"query","db.system":"postgresql"}}
{"event":"correlation_span","name":"repository.schema","kind":"client","trace_id":"fa342c4458dda6781707a59c6eb79f9f","span_id":"692e5e7befab9bc6","status":"ok","duration_ms":0,"attributes":{"db.operation.name":"schema","db.system":"postgresql"}}
{"event":"correlation_span","name":"repository.schema","kind":"client","trace_id":"59e9e3b6417c372eb0858a5bb8dcdaf0","span_id":"509277234e023774","status":"ok","duration_ms":0,"attributes":{"db.operation.name":"schema","db.system":"postgresql"}}
{"event":"correlation_span","name":"repository.query","kind":"client","trace_id":"d4882c6421861b6a4b2347e08f18c33f","span_id":"7f0224a9ebf26578","status":"ok","duration_ms":0,"attributes":{"db.operation.name":"query","db.system":"postgresql"}}
{"event":"correlation_span","name":"repository.schema","kind":"client","trace_id":"f27ae4122c8b9c41481fa00a16d93e60","span_id":"405f95e8bbca13e2","status":"ok","duration_ms":0,"attributes":{"db.operation.name":"schema","db.system":"postgresql"}}
{"event":"correlation_span","name":"repository.query","kind":"client","trace_id":"499ef175db48fecdbdf2217408601096","span_id":"c8e257870fe1f858","status":"ok","duration_ms":0,"attributes":{"db.operation.name":"query","db.system":"postgresql"}}
{"event":"correlation_span","name":"repository.query","kind":"client","trace_id":"37ce3d352cc3ffa24867cd6a2a32d19f","span_id":"9b9c433f63a87822","status":"ok","duration_ms":0,"attributes":{"db.operation.name":"query","db.system":"postgresql"}}
--- PASS: TestAuditExportRuntimeCompositionLateCancellation (0.02s)
=== RUN   TestAuditExportRuntimeCompositionMountReadinessAndCleanup
{"event":"correlation_span","name":"repository.query","kind":"client","trace_id":"6c709e128dbd7ffbe13040291271a93f","span_id":"cc438ee06caf2e7a","status":"ok","duration_ms":0,"attributes":{"db.operation.name":"query","db.system":"postgresql"}}
{"event":"correlation_span","name":"repository.query","kind":"client","trace_id":"9720b25fd4fd7d00cb9081831e7d9001","span_id":"16852618e696124b","status":"ok","duration_ms":0,"attributes":{"db.operation.name":"query","db.system":"postgresql"}}
{"event":"correlation_span","name":"repository.schema","kind":"client","trace_id":"1bedcac5019a255c85e65637c4d1ebf1","span_id":"687c2c0c7a3d7da8","status":"ok","duration_ms":0,"attributes":{"db.operation.name":"schema","db.system":"postgresql"}}
{"event":"correlation_span","name":"repository.schema","kind":"client","trace_id":"ddc1a29646944f387ba841ffc3e1a416","span_id":"901acbb775adcf95","status":"ok","duration_ms":0,"attributes":{"db.operation.name":"schema","db.system":"postgresql"}}
{"event":"correlation_span","name":"repository.query","kind":"client","trace_id":"9d4d776148e4ef02a7e53c9d53a059c2","span_id":"596344a2e60af102","status":"ok","duration_ms":0,"attributes":{"db.operation.name":"query","db.system":"postgresql"}}
{"event":"correlation_span","name":"repository.query","kind":"client","trace_id":"26e345e2168f6a622a33dfafa12ad87e","span_id":"d538aa846d790e5b","status":"ok","duration_ms":0,"attributes":{"db.operation.name":"query","db.system":"postgresql"}}
{"event":"correlation_span","name":"repository.schema","kind":"client","trace_id":"ea5b27ed12edab18ad003129ee68e423","span_id":"ead2b9f0cd0b2b75","status":"ok","duration_ms":0,"attributes":{"db.operation.name":"schema","db.system":"postgresql"}}
{"event":"correlation_span","name":"repository.schema","kind":"client","trace_id":"73d6ac733ba1cba3f7a3b8a1f0590884","span_id":"9a8ec3fc815f7db6","status":"ok","duration_ms":0,"attributes":{"db.operation.name":"schema","db.system":"postgresql"}}
{"event":"correlation_span","name":"repository.query","kind":"client","trace_id":"a77ac0e88d4f5c0610eb1716213298ab","span_id":"fc04f2870223a572","status":"ok","duration_ms":0,"attributes":{"db.operation.name":"query","db.system":"postgresql"}}
{"event":"correlation_span","name":"repository.schema","kind":"client","trace_id":"d1e4f9fe0a9391904da3cde4be4ebd57","span_id":"99f1924ab999cc30","status":"ok","duration_ms":0,"attributes":{"db.operation.name":"schema","db.system":"postgresql"}}
{"event":"correlation_span","name":"repository.query","kind":"client","trace_id":"efd632e3b1c3a9156e511f47ac436b65","span_id":"af24530649f5eef0","status":"ok","duration_ms":0,"attributes":{"db.operation.name":"query","db.system":"postgresql"}}
{"event":"correlation_span","name":"repository.query","kind":"client","trace_id":"ff51f0c05f0daa86e5ebe64c0bb34368","span_id":"14999d583493502a","status":"ok","duration_ms":0,"attributes":{"db.operation.name":"query","db.system":"postgresql"}}
{"event":"correlation_span","name":"repository.schema","kind":"client","trace_id":"db545764857faf9d7779f4caab1170fb","span_id":"19e27918ad71651d","status":"ok","duration_ms":0,"attributes":{"db.operation.name":"schema","db.system":"postgresql"}}
{"event":"correlation_span","name":"repository.query","kind":"client","trace_id":"ec1c0c33500ed38c627603bdd3e0bbea","span_id":"48e569e4b0c7fa6b","status":"ok","duration_ms":0,"attributes":{"db.operation.name":"query","db.system":"postgresql"}}
{"event":"correlation_span","name":"repository.query","kind":"client","trace_id":"91b416e0d884b73b4f11a7ab007d7972","span_id":"44125ae9d805ab16","status":"ok","duration_ms":0,"attributes":{"db.operation.name":"query","db.system":"postgresql"}}
{"event":"correlation_span","name":"repository.schema","kind":"client","trace_id":"8be198dd8345c932329a99e2dabdff20","span_id":"7f739598e89287ab","status":"ok","duration_ms":0,"attributes":{"db.operation.name":"schema","db.system":"postgresql"}}
{"event":"correlation_span","name":"repository.query","kind":"client","trace_id":"e6244424b795f10a30c7a78445d6648e","span_id":"73eb1ced1b2b37b9","status":"ok","duration_ms":0,"attributes":{"db.operation.name":"query","db.system":"postgresql"}}
{"event":"correlation_span","name":"repository.schema","kind":"client","trace_id":"ad40c624da848e6cf7c174bfa4acb156","span_id":"11fe744480d60b01","status":"ok","duration_ms":0,"attributes":{"db.operation.name":"schema","db.system":"postgresql"}}
{"event":"correlation_span","name":"repository.query","kind":"client","trace_id":"53439afa965dcde190b6e8f63293e0e0","span_id":"952c10cd37454fa5","status":"ok","duration_ms":0,"attributes":{"db.operation.name":"query","db.system":"postgresql"}}
{"event":"correlation_span","name":"repository.schema","kind":"client","trace_id":"68f9302bfd8e22b2628135d6274b8f37","span_id":"f0be4fd06c256b5a","status":"ok","duration_ms":0,"attributes":{"db.operation.name":"schema","db.system":"postgresql"}}
{"event":"correlation_span","name":"repository.query","kind":"client","trace_id":"c77f399f4f674b7e5fd32c1ad0f0b273","span_id":"089766c7e6a48e9b","status":"ok","duration_ms":0,"attributes":{"db.operation.name":"query","db.system":"postgresql"}}
{"event":"correlation_span","name":"repository.query","kind":"client","trace_id":"433f9ba14bb48d0aa4013c69b0c780a4","span_id":"1e856a78eac1c054","parent_span_id":"22d5d8ba3b5b4714","status":"ok","duration_ms":0,"attributes":{"db.operation.name":"query","db.system":"postgresql"}}
{"event":"correlation_span","name":"repository.query","kind":"client","trace_id":"433f9ba14bb48d0aa4013c69b0c780a4","span_id":"c4cb1d962c02de35","parent_span_id":"22d5d8ba3b5b4714","status":"ok","duration_ms":0,"attributes":{"db.operation.name":"query","db.system":"postgresql"}}
{"event":"correlation_span","name":"repository.query","kind":"client","trace_id":"433f9ba14bb48d0aa4013c69b0c780a4","span_id":"89c8a3e455999429","parent_span_id":"22d5d8ba3b5b4714","status":"error","duration_ms":0,"attributes":{"db.operation.name":"query","db.system":"postgresql"}}
{"correlation_id":"pid_f9bd784e-5aac-4d0c-96f8-3798f22fb7cc","duration_ms":0,"event":"http_request","method":"GET","route":"/api/v1/audit-exports/:resource","severity":"INFO","span_id":"22d5d8ba3b5b4714","status":503,"timestamp":"2026-10-06T02:07:12.915440437Z","trace_id":"433f9ba14bb48d0aa4013c69b0c780a4"}
{"event":"correlation_span","name":"http.request","kind":"server","trace_id":"433f9ba14bb48d0aa4013c69b0c780a4","span_id":"22d5d8ba3b5b4714","parent_span_id":"6925c00671e6e532","status":"error","duration_ms":0,"attributes":{"http.request.method":"GET","http.response.status_code":"503","http.route":"/api/v1/audit-exports/:resource"}}
{"event":"correlation_span","name":"repository.query","kind":"client","trace_id":"1278707a2fe7a1dcd7a8235369e83e03","span_id":"496b4d9e9d8c4cea","status":"ok","duration_ms":0,"attributes":{"db.operation.name":"query","db.system":"postgresql"}}
--- PASS: TestAuditExportRuntimeCompositionMountReadinessAndCleanup (0.03s)
=== RUN   TestAuditExportRuntimeCompositionRequiresExportAuthority
{"event":"correlation_span","name":"repository.query","kind":"client","trace_id":"1236a23760cff5c9e6b4abbb5111a6e7","span_id":"7f57cebbfd13b508","status":"ok","duration_ms":0,"attributes":{"db.operation.name":"query","db.system":"postgresql"}}
{"event":"correlation_span","name":"repository.query","kind":"client","trace_id":"301d0173d85096f6c200fc4df8c55bb9","span_id":"eb25d6bd8a583cff","status":"ok","duration_ms":0,"attributes":{"db.operation.name":"query","db.system":"postgresql"}}
{"event":"correlation_span","name":"repository.schema","kind":"client","trace_id":"12aeecbd031a2c62df99938fe205350d","span_id":"85a1c27bc6980a04","status":"ok","duration_ms":0,"attributes":{"db.operation.name":"schema","db.system":"postgresql"}}
{"event":"correlation_span","name":"repository.schema","kind":"client","trace_id":"14f723ed7e4263011ccb9672c7024bd3","span_id":"0569b7889fb3f438","status":"ok","duration_ms":0,"attributes":{"db.operation.name":"schema","db.system":"postgresql"}}
{"event":"correlation_span","name":"repository.query","kind":"client","trace_id":"96ca5abd2e5de72cfc2f8d8f9221ead7","span_id":"a2f69b29680e027a","status":"ok","duration_ms":0,"attributes":{"db.operation.name":"query","db.system":"postgresql"}}
{"event":"correlation_span","name":"repository.query","kind":"client","trace_id":"26eb061ef078b19040f4e00f59ce97d9","span_id":"bfbcb607a415e00f","status":"ok","duration_ms":0,"attributes":{"db.operation.name":"query","db.system":"postgresql"}}
{"event":"correlation_span","name":"repository.schema","kind":"client","trace_id":"2dae3c67feb5384e9e8a8ea9cbc86124","span_id":"fa81529ad64fb055","status":"ok","duration_ms":0,"attributes":{"db.operation.name":"schema","db.system":"postgresql"}}
{"event":"correlation_span","name":"repository.schema","kind":"client","trace_id":"f993c74279ca38982a12173d9d5c8b9e","span_id":"74d9362a78dd58bb","status":"ok","duration_ms":0,"attributes":{"db.operation.name":"schema","db.system":"postgresql"}}
{"event":"correlation_span","name":"repository.query","kind":"client","trace_id":"84a3aa76627a89376802d9acba3ef4cc","span_id":"0348a8161cb7307d","status":"ok","duration_ms":0,"attributes":{"db.operation.name":"query","db.system":"postgresql"}}
{"event":"correlation_span","name":"repository.schema","kind":"client","trace_id":"cd91f451fb17c7f56af47f5d6b821e80","span_id":"9161cfd8441f1a10","status":"ok","duration_ms":0,"attributes":{"db.operation.name":"schema","db.system":"postgresql"}}
{"event":"correlation_span","name":"repository.query","kind":"client","trace_id":"243eab206e8b22228c32c4748364a013","span_id":"725f40102b79cd11","status":"ok","duration_ms":0,"attributes":{"db.operation.name":"query","db.system":"postgresql"}}
{"event":"correlation_span","name":"repository.query","kind":"client","trace_id":"07a8abcd0d1434e2b494d31281437007","span_id":"5213b06807e10d29","status":"ok","duration_ms":0,"attributes":{"db.operation.name":"query","db.system":"postgresql"}}
{"event":"correlation_span","name":"repository.query","kind":"client","trace_id":"578f5b5e78ae3bf9885889c7d528c684","span_id":"e5cd672483d55fff","status":"ok","duration_ms":0,"attributes":{"db.operation.name":"query","db.system":"postgresql"}}
{"event":"correlation_span","name":"repository.schema","kind":"client","trace_id":"1f1c783820f1b6ba19bb4f95cbcc4772","span_id":"58a668d72bf2c8d4","status":"ok","duration_ms":0,"attributes":{"db.operation.name":"schema","db.system":"postgresql"}}
{"event":"correlation_span","name":"repository.schema","kind":"client","trace_id":"19983d1eb9c60b4ae8ac42cfc177d2bb","span_id":"b871a078dcde4904","status":"ok","duration_ms":0,"attributes":{"db.operation.name":"schema","db.system":"postgresql"}}
{"event":"correlation_span","name":"repository.query","kind":"client","trace_id":"0fe8fbdafc52eae20ee5a105f3616b93","span_id":"ca5e0a4cf498d3f3","status":"ok","duration_ms":0,"attributes":{"db.operation.name":"query","db.system":"postgresql"}}
{"event":"correlation_span","name":"repository.query","kind":"client","trace_id":"77a4c7206b3638a00414a8e2942b367d","span_id":"38bf12bf88683f21","status":"ok","duration_ms":0,"attributes":{"db.operation.name":"query","db.system":"postgresql"}}
{"event":"correlation_span","name":"repository.schema","kind":"client","trace_id":"8934112a6a3576af19cebbfe9fdefe42","span_id":"3981486d2b011090","status":"ok","duration_ms":0,"attributes":{"db.operation.name":"schema","db.system":"postgresql"}}
{"event":"correlation_span","name":"repository.schema","kind":"client","trace_id":"8c3f9f86870bbfd94378f6dbd439a0e5","span_id":"627b8f486d694f7a","status":"ok","duration_ms":0,"attributes":{"db.operation.name":"schema","db.system":"postgresql"}}
{"event":"correlation_span","name":"repository.query","kind":"client","trace_id":"0675d42cf267bbf25be2bfbc66221d86","span_id":"5b20460ddb0aaacf","status":"ok","duration_ms":0,"attributes":{"db.operation.name":"query","db.system":"postgresql"}}
{"event":"correlation_span","name":"repository.schema","kind":"client","trace_id":"c8188e1f29d2da075c350cd571b890a6","span_id":"7c265f01ba19d81a","status":"ok","duration_ms":0,"attributes":{"db.operation.name":"schema","db.system":"postgresql"}}
{"event":"correlation_span","name":"repository.query","kind":"client","trace_id":"1837456e1832aba1d8c7204936c29c4b","span_id":"7ad108e8625579b9","status":"ok","duration_ms":0,"attributes":{"db.operation.name":"query","db.system":"postgresql"}}
{"event":"correlation_span","name":"repository.query","kind":"client","trace_id":"396dcc04c6cc73a25e292f7d6c2be21c","span_id":"649d386062cd3c6a","status":"ok","duration_ms":0,"attributes":{"db.operation.name":"query","db.system":"postgresql"}}
{"event":"correlation_span","name":"repository.query","kind":"client","trace_id":"70a4d278450064adb48ebda424d5d8bb","span_id":"27cdec83e4aa6794","status":"ok","duration_ms":0,"attributes":{"db.operation.name":"query","db.system":"postgresql"}}
{"event":"correlation_span","name":"repository.schema","kind":"client","trace_id":"962b50f7eee4bcacf891430219c0f7d2","span_id":"c4d8c4b9b12e9c80","status":"ok","duration_ms":0,"attributes":{"db.operation.name":"schema","db.system":"postgresql"}}
{"event":"correlation_span","name":"repository.schema","kind":"client","trace_id":"6781396fc1fec0b5815b6f36dabf4451","span_id":"b5e78b6a1916aaa8","status":"ok","duration_ms":0,"attributes":{"db.operation.name":"schema","db.system":"postgresql"}}
{"event":"correlation_span","name":"repository.query","kind":"client","trace_id":"bec458ae2f3843494336125e49462c8f","span_id":"25f0afefa8d0450b","status":"ok","duration_ms":0,"attributes":{"db.operation.name":"query","db.system":"postgresql"}}
{"event":"correlation_span","name":"repository.query","kind":"client","trace_id":"a8af7d441cb959628c05f47b5c58bd8f","span_id":"6ea92bce0c66f37a","status":"ok","duration_ms":0,"attributes":{"db.operation.name":"query","db.system":"postgresql"}}
{"event":"correlation_span","name":"repository.schema","kind":"client","trace_id":"9821973e4aecf28adb5c7d5af6e8f650","span_id":"d1da5fccab8195e3","status":"ok","duration_ms":0,"attributes":{"db.operation.name":"schema","db.system":"postgresql"}}
{"event":"correlation_span","name":"repository.schema","kind":"client","trace_id":"f3f61d25c1ebb71f3fd152ee443e75a3","span_id":"beec522c6168e865","status":"ok","duration_ms":0,"attributes":{"db.operation.name":"schema","db.system":"postgresql"}}
{"event":"correlation_span","name":"repository.query","kind":"client","trace_id":"cd8281e4ecda7e039cc5eb102ba1b078","span_id":"f9334815b30a75bf","status":"ok","duration_ms":0,"attributes":{"db.operation.name":"query","db.system":"postgresql"}}
{"event":"correlation_span","name":"repository.schema","kind":"client","trace_id":"a7bfff82a275389960bcd98d8ac817e0","span_id":"919aa2075d2e493e","status":"ok","duration_ms":0,"attributes":{"db.operation.name":"schema","db.system":"postgresql"}}
{"event":"correlation_span","name":"repository.query","kind":"client","trace_id":"c02f50e1399366e08cfacb1281d767b3","span_id":"a11eebf36cbf97bf","status":"ok","duration_ms":0,"attributes":{"db.operation.name":"query","db.system":"postgresql"}}
--- PASS: TestAuditExportRuntimeCompositionRequiresExportAuthority (0.03s)
=== RUN   TestAuditExportRuntimeAbsentConfigurationDoesNotClaimStorage
{"event":"correlation_span","name":"repository.query","kind":"client","trace_id":"b7b65909381887e7f129182fbbfbc689","span_id":"155b2fa1082accae","status":"ok","duration_ms":0,"attributes":{"db.operation.name":"query","db.system":"postgresql"}}
{"event":"correlation_span","name":"repository.query","kind":"client","trace_id":"ac7bdfe4f485a26101bd0f3758a8a12c","span_id":"e64a1a9e2fb2d43f","status":"ok","duration_ms":0,"attributes":{"db.operation.name":"query","db.system":"postgresql"}}
{"event":"correlation_span","name":"repository.schema","kind":"client","trace_id":"0a89797e484bb475c7122e7472c14271","span_id":"187a4fca260c41f0","status":"ok","duration_ms":0,"attributes":{"db.operation.name":"schema","db.system":"postgresql"}}
{"event":"correlation_span","name":"repository.schema","kind":"client","trace_id":"4a2e1270bec858904ab8f419af853900","span_id":"62e4b6764021deff","status":"ok","duration_ms":0,"attributes":{"db.operation.name":"schema","db.system":"postgresql"}}
{"event":"correlation_span","name":"repository.query","kind":"client","trace_id":"5b08e76d143dd20cea8d38c49c429149","span_id":"9b4269c2a68d92b5","status":"ok","duration_ms":0,"attributes":{"db.operation.name":"query","db.system":"postgresql"}}
{"event":"correlation_span","name":"repository.query","kind":"client","trace_id":"34d3711135b3700a51e35fa0fbd15422","span_id":"a88363d8bae954c7","status":"ok","duration_ms":0,"attributes":{"db.operation.name":"query","db.system":"postgresql"}}
{"event":"correlation_span","name":"repository.schema","kind":"client","trace_id":"d01b2d15ae46e437804d934c7ae43620","span_id":"6882c015a0a181e6","status":"ok","duration_ms":0,"attributes":{"db.operation.name":"schema","db.system":"postgresql"}}
{"event":"correlation_span","name":"repository.schema","kind":"client","trace_id":"938ae95822d4a69cfda8641af3de2af3","span_id":"57a3d2dc0dfe9718","status":"ok","duration_ms":0,"attributes":{"db.operation.name":"schema","db.system":"postgresql"}}
{"event":"correlation_span","name":"repository.query","kind":"client","trace_id":"e384de7eb11c56b1d4b3a3e23b575e1c","span_id":"f69507ac947c1b22","status":"ok","duration_ms":0,"attributes":{"db.operation.name":"query","db.system":"postgresql"}}
{"event":"correlation_span","name":"repository.schema","kind":"client","trace_id":"0ea3e3feb55075a838b881daadcd5ae8","span_id":"ce85872972ab5c90","status":"ok","duration_ms":0,"attributes":{"db.operation.name":"schema","db.system":"postgresql"}}
{"event":"correlation_span","name":"repository.query","kind":"client","trace_id":"ec8c0340b907ec75c1df26606bb8b2d9","span_id":"f9917872c8c8a117","status":"ok","duration_ms":0,"attributes":{"db.operation.name":"query","db.system":"postgresql"}}
{"event":"correlation_span","name":"repository.query","kind":"client","trace_id":"4e707b96b90d5a1380133d2397ad1d04","span_id":"6362cd2f2313fdb9","status":"ok","duration_ms":0,"attributes":{"db.operation.name":"query","db.system":"postgresql"}}
{"event":"correlation_span","name":"repository.schema","kind":"client","trace_id":"8cd9ced4ecce8a0fdecf966d76e78db5","span_id":"2a43b2347db74a8b","status":"ok","duration_ms":0,"attributes":{"db.operation.name":"schema","db.system":"postgresql"}}
{"event":"correlation_span","name":"repository.query","kind":"client","trace_id":"9d3779cb623eec7b8e55f2f832a34a6c","span_id":"404892ab16cd38f0","status":"ok","duration_ms":0,"attributes":{"db.operation.name":"query","db.system":"postgresql"}}
{"event":"correlation_span","name":"repository.schema","kind":"client","trace_id":"264635aa75c5fc09cf8819202b415923","span_id":"77109ff030782fc3","status":"ok","duration_ms":0,"attributes":{"db.operation.name":"schema","db.system":"postgresql"}}
{"event":"correlation_span","name":"repository.query","kind":"client","trace_id":"f653456bc7015500eca6d67cd5c0fb90","span_id":"1c66d12e925ae80b","status":"ok","duration_ms":0,"attributes":{"db.operation.name":"query","db.system":"postgresql"}}
{"event":"correlation_span","name":"repository.schema","kind":"client","trace_id":"2e90c7c17a3e1f472c95b18eed861f52","span_id":"1d1deb9c54e7b8be","status":"ok","duration_ms":0,"attributes":{"db.operation.name":"schema","db.system":"postgresql"}}
{"event":"correlation_span","name":"repository.query","kind":"client","trace_id":"abc3917dc324f4ffa5a663066718f6bb","span_id":"9e2a1561c76e2e26","status":"ok","duration_ms":0,"attributes":{"db.operation.name":"query","db.system":"postgresql"}}
--- PASS: TestAuditExportRuntimeAbsentConfigurationDoesNotClaimStorage (0.01s)
=== RUN   TestAuditPublicPageCompositionSelectedAndLegacy
=== RUN   TestAuditPublicPageCompositionSelectedAndLegacy/ordinary/legacy
{"event":"correlation_span","name":"repository.schema","kind":"client","trace_id":"3c5bea37fc1e709d4c864ec3fee5bfde","span_id":"356f95c579dc002d","status":"ok","duration_ms":0,"attributes":{"db.operation.name":"schema","db.system":"postgresql"}}
{"event":"correlation_span","name":"repository.schema","kind":"client","trace_id":"790ff16d9b26d13ddef20312f30f69fe","span_id":"35f189353e6539b4","status":"ok","duration_ms":0,"attributes":{"db.operation.name":"schema","db.system":"postgresql"}}
{"event":"correlation_span","name":"repository.query","kind":"client","trace_id":"d292b3895107ee5058f2843b3e9524a7","span_id":"6f1158a64cb78b05","status":"ok","duration_ms":0,"attributes":{"db.operation.name":"query","db.system":"postgresql"}}
{"event":"correlation_span","name":"repository.query","kind":"client","trace_id":"54bde15ca512423f7925b92c41763b87","span_id":"b96894480aaccc61","status":"ok","duration_ms":0,"attributes":{"db.operation.name":"query","db.system":"postgresql"}}
{"event":"correlation_span","name":"repository.schema","kind":"client","trace_id":"b82506472dc22d9e1cb4919e3863963e","span_id":"8de460240180fb21","status":"ok","duration_ms":0,"attributes":{"db.operation.name":"schema","db.system":"postgresql"}}
{"event":"correlation_span","name":"repository.schema","kind":"client","trace_id":"6340e49eda3c757f56ef675c596dde3f","span_id":"49d0efdbe466a73e","status":"ok","duration_ms":0,"attributes":{"db.operation.name":"schema","db.system":"postgresql"}}
{"event":"correlation_span","name":"repository.query","kind":"client","trace_id":"ace4b77c6aef923ea79ae6648a1bc50f","span_id":"538b311610d9e613","status":"ok","duration_ms":0,"attributes":{"db.operation.name":"query","db.system":"postgresql"}}
{"event":"correlation_span","name":"repository.query","kind":"client","trace_id":"cff851afc7dd94bad64f323272dab24e","span_id":"50d7aee683c9b4a9","parent_span_id":"433a3c9e91848a16","status":"ok","duration_ms":0,"attributes":{"db.operation.name":"query","db.system":"postgresql"}}
{"event":"correlation_span","name":"repository.query","kind":"client","trace_id":"cff851afc7dd94bad64f323272dab24e","span_id":"ae7d4ee7c762c4fe","parent_span_id":"433a3c9e91848a16","status":"ok","duration_ms":0,"attributes":{"db.operation.name":"query","db.system":"postgresql"}}
{"correlation_id":"pid_0bd16722-2e7a-467d-999f-95591b31721d","duration_ms":0,"event":"http_request","method":"GET","route":"/api/v1/audit-events","severity":"INFO","span_id":"433a3c9e91848a16","status":200,"timestamp":"2026-10-06T02:07:12.95845855Z","trace_id":"cff851afc7dd94bad64f323272dab24e"}
{"event":"correlation_span","name":"http.request","kind":"server","trace_id":"cff851afc7dd94bad64f323272dab24e","span_id":"433a3c9e91848a16","parent_span_id":"d327d0fdeb4a89e0","status":"ok","duration_ms":0,"attributes":{"http.request.method":"GET","http.response.status_code":"200","http.route":"/api/v1/audit-events"}}
=== RUN   TestAuditPublicPageCompositionSelectedAndLegacy/ordinary/selected
{"event":"correlation_span","name":"repository.schema","kind":"client","trace_id":"d4b3a9044cc5d5751fa49f96219430a6","span_id":"0f1b73011df184ac","status":"ok","duration_ms":0,"attributes":{"db.operation.name":"schema","db.system":"postgresql"}}
{"event":"correlation_span","name":"repository.schema","kind":"client","trace_id":"f31cf73c0a0387fad370b600587a87db","span_id":"cacf4189559d0750","status":"ok","duration_ms":0,"attributes":{"db.operation.name":"schema","db.system":"postgresql"}}
{"event":"correlation_span","name":"repository.query","kind":"client","trace_id":"78853a06175a051bb451291fc9d4dab5","span_id":"5456c684646c4dbe","status":"ok","duration_ms":0,"attributes":{"db.operation.name":"query","db.system":"postgresql"}}
{"event":"correlation_span","name":"repository.query","kind":"client","trace_id":"c82caeeb7ef97b07152613052d3e5af8","span_id":"cde3a1f219114801","status":"ok","duration_ms":0,"attributes":{"db.operation.name":"query","db.system":"postgresql"}}
{"event":"correlation_span","name":"repository.schema","kind":"client","trace_id":"059c1728b7626a496b4f17466baf6bca","span_id":"29fd1daa0cb146b0","status":"ok","duration_ms":0,"attributes":{"db.operation.name":"schema","db.system":"postgresql"}}
{"event":"correlation_span","name":"repository.schema","kind":"client","trace_id":"0c9c5698f57f2d049b832259057992d5","span_id":"e8448b2d9f5a718b","status":"ok","duration_ms":0,"attributes":{"db.operation.name":"schema","db.system":"postgresql"}}
{"event":"correlation_span","name":"repository.query","kind":"client","trace_id":"789671d67feb89c7a60e27b32b513bb0","span_id":"4c1acba29cdca601","status":"ok","duration_ms":0,"attributes":{"db.operation.name":"query","db.system":"postgresql"}}
{"event":"correlation_span","name":"repository.schema","kind":"client","trace_id":"801e327a5324c0f0bce96786ef5ee125","span_id":"75e6ec3317fa3867","status":"ok","duration_ms":0,"attributes":{"db.operation.name":"schema","db.system":"postgresql"}}
=== RUN   TestAuditPublicPageCompositionSelectedAndLegacy/security-agent/legacy
{"event":"correlation_span","name":"repository.query","kind":"client","trace_id":"1247a76e1f7116ae7541f40c1604b8f8","span_id":"c8a341eec972408f","status":"ok","duration_ms":0,"attributes":{"db.operation.name":"query","db.system":"postgresql"}}
{"event":"correlation_span","name":"repository.query","kind":"client","trace_id":"23b850c00e71bd4766bd9efee081cb5b","span_id":"dc0496ae866cbbaf","status":"ok","duration_ms":0,"attributes":{"db.operation.name":"query","db.system":"postgresql"}}
{"event":"correlation_span","name":"repository.schema","kind":"client","trace_id":"6cf172e026a201969ba343ccbc6eed8b","span_id":"3c7054c95f5cf043","status":"ok","duration_ms":0,"attributes":{"db.operation.name":"schema","db.system":"postgresql"}}
{"event":"correlation_span","name":"repository.schema","kind":"client","trace_id":"8dbc25ca36c1f1aa637d06853af965b4","span_id":"e97076e14c83af41","status":"ok","duration_ms":0,"attributes":{"db.operation.name":"schema","db.system":"postgresql"}}
{"event":"correlation_span","name":"repository.query","kind":"client","trace_id":"4da51cb9a18486dc0453c7752e73a712","span_id":"46d64f6153dd9e65","status":"ok","duration_ms":0,"attributes":{"db.operation.name":"query","db.system":"postgresql"}}
{"event":"correlation_span","name":"repository.query","kind":"client","trace_id":"75fdba9d2054596c95fb82272023194c","span_id":"e37ad6ea59260d16","status":"ok","duration_ms":0,"attributes":{"db.operation.name":"query","db.system":"postgresql"}}
{"event":"correlation_span","name":"repository.schema","kind":"client","trace_id":"bb5e8354c4657fc404893ece4ab32782","span_id":"add79c032f5b3bf4","status":"ok","duration_ms":0,"attributes":{"db.operation.name":"schema","db.system":"postgresql"}}
{"event":"correlation_span","name":"repository.schema","kind":"client","trace_id":"0a6765bab67441fc9a8b23c7ea33d26e","span_id":"1a402fc2b5824cd7","status":"ok","duration_ms":0,"attributes":{"db.operation.name":"schema","db.system":"postgresql"}}
{"event":"correlation_span","name":"repository.query","kind":"client","trace_id":"add04cdbf09524ecbaa6f3dd66afadaf","span_id":"9a037e30e6dc932f","status":"ok","duration_ms":0,"attributes":{"db.operation.name":"query","db.system":"postgresql"}}
{"event":"correlation_span","name":"repository.schema","kind":"client","trace_id":"dddea9d8739eb7e573377b2fdb6c62c2","span_id":"ccac675a7b02578a","status":"ok","duration_ms":0,"attributes":{"db.operation.name":"schema","db.system":"postgresql"}}
{"event":"correlation_span","name":"repository.query","kind":"client","trace_id":"22a1c2f9f5eb821c303afab68ecff406","span_id":"010005b7d1d50dc6","status":"ok","duration_ms":0,"attributes":{"db.operation.name":"query","db.system":"postgresql"}}
{"event":"correlation_span","name":"repository.query","kind":"client","trace_id":"e1e0f5409e516fdd36409cb531b5493f","span_id":"0e369ae05a7a87d0","status":"ok","duration_ms":0,"attributes":{"db.operation.name":"query","db.system":"postgresql"}}
{"event":"correlation_span","name":"repository.schema","kind":"client","trace_id":"f7970923991be885fe88bf59f435ba70","span_id":"db1db76327375c68","status":"ok","duration_ms":0,"attributes":{"db.operation.name":"schema","db.system":"postgresql"}}
{"event":"correlation_span","name":"repository.query","kind":"client","trace_id":"5221870d01d86f5767b99cd1de046b90","span_id":"afcad35689a6dcbf","status":"ok","duration_ms":0,"attributes":{"db.operation.name":"query","db.system":"postgresql"}}
{"event":"correlation_span","name":"repository.schema","kind":"client","trace_id":"88eb0f7af6ee53eee75ede367c3c3d57","span_id":"0229a4aa31ae8150","status":"ok","duration_ms":0,"attributes":{"db.operation.name":"schema","db.system":"postgresql"}}
{"event":"correlation_span","name":"repository.query","kind":"client","trace_id":"dbbcb9cd12b4a2399de4ad0319e3228d","span_id":"36db6890b1268f46","status":"ok","duration_ms":0,"attributes":{"db.operation.name":"query","db.system":"postgresql"}}
{"event":"correlation_span","name":"repository.schema","kind":"client","trace_id":"6569e7bc76e2788a461aaba00325a1a4","span_id":"a9bd1bdf018c592d","status":"ok","duration_ms":0,"attributes":{"db.operation.name":"schema","db.system":"postgresql"}}
{"event":"correlation_span","name":"repository.query","kind":"client","trace_id":"7fe3a59a3e7c4bf5c06a86d467275aa4","span_id":"7d33ea3ab02c969d","status":"ok","duration_ms":0,"attributes":{"db.operation.name":"query","db.system":"postgresql"}}
{"event":"correlation_span","name":"repository.query","kind":"client","trace_id":"cd503edf4c84afa8a24cd8e8abeec2f8","span_id":"5a327517c5c9a632","parent_span_id":"2239cd1a8f1f2a39","status":"ok","duration_ms":0,"attributes":{"db.operation.name":"query","db.system":"postgresql"}}
{"event":"correlation_span","name":"repository.query","kind":"client","trace_id":"cd503edf4c84afa8a24cd8e8abeec2f8","span_id":"2f33d9e8956d9b9f","parent_span_id":"2239cd1a8f1f2a39","status":"ok","duration_ms":0,"attributes":{"db.operation.name":"query","db.system":"postgresql"}}
{"correlation_id":"pid_70368d2d-8391-47ec-aced-ae2dde73255e","duration_ms":0,"event":"http_request","method":"GET","route":"/api/v1/audit-events","severity":"INFO","span_id":"2239cd1a8f1f2a39","status":200,"timestamp":"2026-10-06T02:07:12.972955218Z","trace_id":"cd503edf4c84afa8a24cd8e8abeec2f8"}
{"event":"correlation_span","name":"http.request","kind":"server","trace_id":"cd503edf4c84afa8a24cd8e8abeec2f8","span_id":"2239cd1a8f1f2a39","parent_span_id":"5aabfd0f230b9ab7","status":"ok","duration_ms":0,"attributes":{"http.request.method":"GET","http.response.status_code":"200","http.route":"/api/v1/audit-events"}}
=== RUN   TestAuditPublicPageCompositionSelectedAndLegacy/security-agent/selected
{"event":"correlation_span","name":"repository.query","kind":"client","trace_id":"643bd7995f5fb75f90d08b04ea059294","span_id":"82ba98829625fa7a","status":"ok","duration_ms":0,"attributes":{"db.operation.name":"query","db.system":"postgresql"}}
{"event":"correlation_span","name":"repository.query","kind":"client","trace_id":"419df92fe015a712340dd0a2c103386c","span_id":"2bf74e085444c805","status":"ok","duration_ms":0,"attributes":{"db.operation.name":"query","db.system":"postgresql"}}
{"event":"correlation_span","name":"repository.schema","kind":"client","trace_id":"c0c0c1462fa8b85e82034159bc7249ea","span_id":"a420b8e3f43542a3","status":"ok","duration_ms":0,"attributes":{"db.operation.name":"schema","db.system":"postgresql"}}
{"event":"correlation_span","name":"repository.schema","kind":"client","trace_id":"9329b07ab0d0a3ea05fad454b0599db8","span_id":"387c66d372e4346b","status":"ok","duration_ms":0,"attributes":{"db.operation.name":"schema","db.system":"postgresql"}}
{"event":"correlation_span","name":"repository.query","kind":"client","trace_id":"195741c81918d6886a00de1e96292b01","span_id":"13af1421d32af867","status":"ok","duration_ms":0,"attributes":{"db.operation.name":"query","db.system":"postgresql"}}
{"event":"correlation_span","name":"repository.query","kind":"client","trace_id":"76ed05904e4fa8ca933b2cddeb32b87c","span_id":"7f97becdb701f6f0","status":"ok","duration_ms":0,"attributes":{"db.operation.name":"query","db.system":"postgresql"}}
{"event":"correlation_span","name":"repository.schema","kind":"client","trace_id":"f6c4067c690eb1aa4067f1e59fe507b0","span_id":"949f5db2ffa0d538","status":"ok","duration_ms":0,"attributes":{"db.operation.name":"schema","db.system":"postgresql"}}
{"event":"correlation_span","name":"repository.schema","kind":"client","trace_id":"3a5848d1a65ba0696c04e7e6d8af38f5","span_id":"a2c142f6bda70fc3","status":"ok","duration_ms":0,"attributes":{"db.operation.name":"schema","db.system":"postgresql"}}
{"event":"correlation_span","name":"repository.query","kind":"client","trace_id":"b85a1028302460cb1a849525d89e4e9b","span_id":"6faa78e755594e62","status":"ok","duration_ms":0,"attributes":{"db.operation.name":"query","db.system":"postgresql"}}
{"event":"correlation_span","name":"repository.schema","kind":"client","trace_id":"7bf9ff271c44ff025b738fb8559785b9","span_id":"242323cd83159742","status":"ok","duration_ms":0,"attributes":{"db.operation.name":"schema","db.system":"postgresql"}}
{"event":"correlation_span","name":"repository.query","kind":"client","trace_id":"f7f7a5235ab3df9e68474bd0f07be04d","span_id":"2f0d81efe6955971","status":"ok","duration_ms":0,"attributes":{"db.operation.name":"query","db.system":"postgresql"}}
{"event":"correlation_span","name":"repository.query","kind":"client","trace_id":"7f573b5d77a2ae1199cdf6145df2b6a2","span_id":"14ce9584d891b528","status":"ok","duration_ms":0,"attributes":{"db.operation.name":"query","db.system":"postgresql"}}
{"event":"correlation_span","name":"repository.schema","kind":"client","trace_id":"0656ee43e21b4dc2f284913aca432c2b","span_id":"4f334ed4762d4acf","status":"ok","duration_ms":0,"attributes":{"db.operation.name":"schema","db.system":"postgresql"}}
{"event":"correlation_span","name":"repository.query","kind":"client","trace_id":"aed3501f7d4097a3a6d127d2bf510c62","span_id":"57230fd552e004d4","status":"ok","duration_ms":0,"attributes":{"db.operation.name":"query","db.system":"postgresql"}}
{"event":"correlation_span","name":"repository.query","kind":"client","trace_id":"4691a38980230f15ebcde872fb16b3d2","span_id":"382e6777c5cb1ee8","status":"ok","duration_ms":0,"attributes":{"db.operation.name":"query","db.system":"postgresql"}}
{"event":"correlation_span","name":"repository.schema","kind":"client","trace_id":"5c55ec72a4dbeba9447ad02afe4d1e33","span_id":"db67dcfb711b8c4f","status":"ok","duration_ms":0,"attributes":{"db.operation.name":"schema","db.system":"postgresql"}}
{"event":"correlation_span","name":"repository.query","kind":"client","trace_id":"b02c931a0d04364946ac0e099eaeb1e1","span_id":"0e6be12e600ed97d","status":"ok","duration_ms":0,"attributes":{"db.operation.name":"query","db.system":"postgresql"}}
{"event":"correlation_span","name":"repository.schema","kind":"client","trace_id":"544e0a25d6372e7c7783385d2a5aa66e","span_id":"83579cc96a62377e","status":"ok","duration_ms":0,"attributes":{"db.operation.name":"schema","db.system":"postgresql"}}
{"event":"correlation_span","name":"repository.query","kind":"client","trace_id":"a1f1e9de43cc7ccf8907a770acc22227","span_id":"565720cdbadd87a2","status":"ok","duration_ms":0,"attributes":{"db.operation.name":"query","db.system":"postgresql"}}
{"event":"correlation_span","name":"repository.schema","kind":"client","trace_id":"459b1922a28e328057c756a1bf6674b8","span_id":"e180ca73eed41448","status":"ok","duration_ms":0,"attributes":{"db.operation.name":"schema","db.system":"postgresql"}}
{"event":"correlation_span","name":"repository.query","kind":"client","trace_id":"e61daf732916968f474bca14a03519a4","span_id":"f0464744a53799fa","status":"ok","duration_ms":0,"attributes":{"db.operation.name":"query","db.system":"postgresql"}}
{"event":"correlation_span","name":"repository.query","kind":"client","trace_id":"86b47383d24858ef403fa7ef981d6475","span_id":"c6969a1c0492068d","parent_span_id":"05ee0848b144734f","status":"ok","duration_ms":0,"attributes":{"db.operation.name":"query","db.system":"postgresql"}}
{"event":"correlation_span","name":"repository.query","kind":"client","trace_id":"86b47383d24858ef403fa7ef981d6475","span_id":"43f864d4f2710bcc","parent_span_id":"05ee0848b144734f","status":"ok","duration_ms":0,"attributes":{"db.operation.name":"query","db.system":"postgresql"}}
{"event":"correlation_span","name":"repository.query","kind":"client","trace_id":"86b47383d24858ef403fa7ef981d6475","span_id":"38c0ac372b17a564","parent_span_id":"05ee0848b144734f","status":"ok","duration_ms":0,"attributes":{"db.operation.name":"query","db.system":"postgresql"}}
{"correlation_id":"pid_65705d94-f9cf-43d4-ac0c-1f6bde2e1de7","duration_ms":7,"event":"http_request","method":"GET","route":"/api/v1/audit-events","severity":"INFO","span_id":"05ee0848b144734f","status":200,"timestamp":"2026-10-06T02:07:13.008279342Z","trace_id":"86b47383d24858ef403fa7ef981d6475"}
{"event":"correlation_span","name":"http.request","kind":"server","trace_id":"86b47383d24858ef403fa7ef981d6475","span_id":"05ee0848b144734f","parent_span_id":"306452313a507a6c","status":"ok","duration_ms":8,"attributes":{"http.request.method":"GET","http.response.status_code":"200","http.route":"/api/v1/audit-events"}}
{"event":"correlation_span","name":"repository.query","kind":"client","trace_id":"d490ec4eb6d0370ee1f79ff963a4f054","span_id":"7308f727602826c1","parent_span_id":"950b33bd2ff3882c","status":"ok","duration_ms":0,"attributes":{"db.operation.name":"query","db.system":"postgresql"}}
{"event":"correlation_span","name":"repository.query","kind":"client","trace_id":"d490ec4eb6d0370ee1f79ff963a4f054","span_id":"d98736812607b0ba","parent_span_id":"950b33bd2ff3882c","status":"ok","duration_ms":0,"attributes":{"db.operation.name":"query","db.system":"postgresql"}}
{"correlation_id":"pid_253bb47b-765d-42a2-b1ba-fde1c4a81fa6","duration_ms":8,"event":"http_request","method":"GET","route":"/api/v1/audit-events","severity":"INFO","span_id":"950b33bd2ff3882c","status":503,"timestamp":"2026-10-06T02:07:13.021502624Z","trace_id":"d490ec4eb6d0370ee1f79ff963a4f054"}
{"event":"correlation_span","name":"http.request","kind":"server","trace_id":"d490ec4eb6d0370ee1f79ff963a4f054","span_id":"950b33bd2ff3882c","parent_span_id":"0c80f005fd9fa51c","status":"error","duration_ms":8,"attributes":{"http.request.method":"GET","http.response.status_code":"503","http.route":"/api/v1/audit-events"}}
--- PASS: TestAuditPublicPageCompositionSelectedAndLegacy (0.07s)
    --- PASS: TestAuditPublicPageCompositionSelectedAndLegacy/ordinary/legacy (0.01s)
    --- PASS: TestAuditPublicPageCompositionSelectedAndLegacy/ordinary/selected (0.00s)
    --- PASS: TestAuditPublicPageCompositionSelectedAndLegacy/security-agent/legacy (0.01s)
    --- PASS: TestAuditPublicPageCompositionSelectedAndLegacy/security-agent/selected (0.05s)
=== RUN   TestAuditPublicPageCompositionSelectedStartupRefusal
=== RUN   TestAuditPublicPageCompositionSelectedStartupRefusal/false
{"event":"correlation_span","name":"repository.query","kind":"client","trace_id":"230093de2a6c1455133464d2e792f6ed","span_id":"047a0c0b1a4c2071","status":"ok","duration_ms":0,"attributes":{"db.operation.name":"query","db.system":"postgresql"}}
{"event":"correlation_span","name":"repository.query","kind":"client","trace_id":"5ee4b116a97165de781349ec2b1d0298","span_id":"417d7c50ee254e90","status":"ok","duration_ms":0,"attributes":{"db.operation.name":"query","db.system":"postgresql"}}
{"event":"correlation_span","name":"repository.schema","kind":"client","trace_id":"f8a0a03dab9e29d791f98e6260125426","span_id":"a01c022778bca7f6","status":"ok","duration_ms":0,"attributes":{"db.operation.name":"schema","db.system":"postgresql"}}
{"event":"correlation_span","name":"repository.schema","kind":"client","trace_id":"70e87b74de229fd0f6b56f852d4ea55a","span_id":"f526193ed8ac10d2","status":"ok","duration_ms":0,"attributes":{"db.operation.name":"schema","db.system":"postgresql"}}
{"event":"correlation_span","name":"repository.query","kind":"client","trace_id":"cec42f888ac20fb4637e193ef36a47b1","span_id":"817f1fe6af6f4934","status":"ok","duration_ms":0,"attributes":{"db.operation.name":"query","db.system":"postgresql"}}
{"event":"correlation_span","name":"repository.query","kind":"client","trace_id":"38b4fb9b7a9abfedfd526c6e079f17e0","span_id":"db169c199495eacf","status":"ok","duration_ms":0,"attributes":{"db.operation.name":"query","db.system":"postgresql"}}
{"event":"correlation_span","name":"repository.schema","kind":"client","trace_id":"2fc2c818e88382e37c0fc802537ec9ce","span_id":"c54894ea7f5aad04","status":"ok","duration_ms":0,"attributes":{"db.operation.name":"schema","db.system":"postgresql"}}
{"event":"correlation_span","name":"repository.schema","kind":"client","trace_id":"546a2c9d6a46017b7b6d67e8c968571a","span_id":"d98f728207379d9d","status":"ok","duration_ms":0,"attributes":{"db.operation.name":"schema","db.system":"postgresql"}}
{"event":"correlation_span","name":"repository.query","kind":"client","trace_id":"1e3be7738eda045ea39e248091045520","span_id":"bccbf1c3fb089a17","status":"ok","duration_ms":0,"attributes":{"db.operation.name":"query","db.system":"postgresql"}}
{"event":"correlation_span","name":"repository.schema","kind":"client","trace_id":"8aa409373c76e845db6d14d4ca9c63b8","span_id":"87a5718fbceaf4f1","status":"ok","duration_ms":0,"attributes":{"db.operation.name":"schema","db.system":"postgresql"}}
{"event":"correlation_span","name":"repository.query","kind":"client","trace_id":"fd684361f2404aa64f4cf243f1b13dbe","span_id":"721d512146a0dd76","status":"ok","duration_ms":0,"attributes":{"db.operation.name":"query","db.system":"postgresql"}}
{"event":"correlation_span","name":"repository.query","kind":"client","trace_id":"f6a6a70812361ff8f10cca8e311d2491","span_id":"231a21302c0cfecf","status":"ok","duration_ms":0,"attributes":{"db.operation.name":"query","db.system":"postgresql"}}
=== RUN   TestAuditPublicPageCompositionSelectedStartupRefusal/null
{"event":"correlation_span","name":"repository.query","kind":"client","trace_id":"dff7e5c78296f8837afbcfaa2dbbd7ab","span_id":"6886013c8f4f8636","status":"ok","duration_ms":0,"attributes":{"db.operation.name":"query","db.system":"postgresql"}}
{"event":"correlation_span","name":"repository.query","kind":"client","trace_id":"c344a86f36d31755c6af24cf1b4633f0","span_id":"345d8e6c59884f3f","status":"ok","duration_ms":0,"attributes":{"db.operation.name":"query","db.system":"postgresql"}}
{"event":"correlation_span","name":"repository.schema","kind":"client","trace_id":"a73a1a91bf4d7ac8086363a8dac78655","span_id":"83f281bd8879513f","status":"ok","duration_ms":0,"attributes":{"db.operation.name":"schema","db.system":"postgresql"}}
{"event":"correlation_span","name":"repository.schema","kind":"client","trace_id":"a27808d6b840ccff80c0ef857ad55781","span_id":"f37bdc012b0ffa87","status":"ok","duration_ms":0,"attributes":{"db.operation.name":"schema","db.system":"postgresql"}}
{"event":"correlation_span","name":"repository.query","kind":"client","trace_id":"a495d63b65f73879cb926ac478ec8ae2","span_id":"c1322e31e17b8bdd","status":"ok","duration_ms":0,"attributes":{"db.operation.name":"query","db.system":"postgresql"}}
{"event":"correlation_span","name":"repository.query","kind":"client","trace_id":"24a9cc539c4b46af1954ef8f8a8b246c","span_id":"b670ea605efe11c7","status":"ok","duration_ms":0,"attributes":{"db.operation.name":"query","db.system":"postgresql"}}
{"event":"correlation_span","name":"repository.schema","kind":"client","trace_id":"bc30b75beff23985716c85fc86444979","span_id":"9b03514f732dfaeb","status":"ok","duration_ms":0,"attributes":{"db.operation.name":"schema","db.system":"postgresql"}}
{"event":"correlation_span","name":"repository.schema","kind":"client","trace_id":"04d42aa93c745429a5ce571d05924587","span_id":"cc3cce50a41d4720","status":"ok","duration_ms":0,"attributes":{"db.operation.name":"schema","db.system":"postgresql"}}
{"event":"correlation_span","name":"repository.query","kind":"client","trace_id":"84e18a1017f8a8c636af3b81de62acda","span_id":"cb3d02c21f85f2fb","status":"ok","duration_ms":0,"attributes":{"db.operation.name":"query","db.system":"postgresql"}}
{"event":"correlation_span","name":"repository.schema","kind":"client","trace_id":"316fb36bbdce9758b3ccd0cdf4aa3c1c","span_id":"02d1a8293550f543","status":"ok","duration_ms":0,"attributes":{"db.operation.name":"schema","db.system":"postgresql"}}
{"event":"correlation_span","name":"repository.query","kind":"client","trace_id":"2e9ef070d6843e7e94865783c2ca291e","span_id":"7d046ec5f179e005","status":"ok","duration_ms":0,"attributes":{"db.operation.name":"query","db.system":"postgresql"}}
{"event":"correlation_span","name":"repository.query","kind":"client","trace_id":"15261b429390afe687e49db5db0e47d8","span_id":"42195699383677c5","status":"ok","duration_ms":0,"attributes":{"db.operation.name":"query","db.system":"postgresql"}}
=== RUN   TestAuditPublicPageCompositionSelectedStartupRefusal/{"ready":true}
{"event":"correlation_span","name":"repository.query","kind":"client","trace_id":"178ebeae3301093c839615bfc61f6806","span_id":"5ef60b791e2e1b63","status":"ok","duration_ms":0,"attributes":{"db.operation.name":"query","db.system":"postgresql"}}
{"event":"correlation_span","name":"repository.query","kind":"client","trace_id":"088b0a7a98d91e6a715a8b8398e76fc9","span_id":"0df5c51b333aeab9","status":"ok","duration_ms":0,"attributes":{"db.operation.name":"query","db.system":"postgresql"}}
{"event":"correlation_span","name":"repository.schema","kind":"client","trace_id":"48f9070b197add138bedc6aa7776d83f","span_id":"5dbe538784d836b5","status":"ok","duration_ms":0,"attributes":{"db.operation.name":"schema","db.system":"postgresql"}}
{"event":"correlation_span","name":"repository.schema","kind":"client","trace_id":"bebfff60421cedafbaa4913c6dbb1ace","span_id":"758876052f4b52fc","status":"ok","duration_ms":0,"attributes":{"db.operation.name":"schema","db.system":"postgresql"}}
{"event":"correlation_span","name":"repository.query","kind":"client","trace_id":"b27822c6a9c7ef7952f06845856022c6","span_id":"d7417683e9959154","status":"ok","duration_ms":0,"attributes":{"db.operation.name":"query","db.system":"postgresql"}}
{"event":"correlation_span","name":"repository.query","kind":"client","trace_id":"b45ba5b58c25a14c23b1354e12de4b9b","span_id":"7f4505e8955ecada","status":"ok","duration_ms":0,"attributes":{"db.operation.name":"query","db.system":"postgresql"}}
{"event":"correlation_span","name":"repository.schema","kind":"client","trace_id":"9430c406b3cd219cb2908f5e3744431c","span_id":"a5e173b4a7716409","status":"ok","duration_ms":0,"attributes":{"db.operation.name":"schema","db.system":"postgresql"}}
{"event":"correlation_span","name":"repository.schema","kind":"client","trace_id":"9f9278a0677c92ce46c5a1498ff943af","span_id":"1b6c0555a8103445","status":"ok","duration_ms":0,"attributes":{"db.operation.name":"schema","db.system":"postgresql"}}
{"event":"correlation_span","name":"repository.query","kind":"client","trace_id":"97818f3e71ab646fb912e4159260e051","span_id":"8c60bf33af960fdb","status":"ok","duration_ms":0,"attributes":{"db.operation.name":"query","db.system":"postgresql"}}
{"event":"correlation_span","name":"repository.schema","kind":"client","trace_id":"361eb5acfaf3803106ad7975287c17b3","span_id":"c53742251d92512c","status":"ok","duration_ms":0,"attributes":{"db.operation.name":"schema","db.system":"postgresql"}}
{"event":"correlation_span","name":"repository.query","kind":"client","trace_id":"bb6022f9b6be2e556d454434c1d6a73d","span_id":"65d29e3af983d36f","status":"ok","duration_ms":0,"attributes":{"db.operation.name":"query","db.system":"postgresql"}}
{"event":"correlation_span","name":"repository.query","kind":"client","trace_id":"fcc84604ca9365925a949c59a9ba998a","span_id":"15f1893979bedcf9","status":"ok","duration_ms":0,"attributes":{"db.operation.name":"query","db.system":"postgresql"}}
=== RUN   TestAuditPublicPageCompositionSelectedStartupRefusal/true
{"event":"correlation_span","name":"repository.query","kind":"client","trace_id":"749ed705bcd40cb471a8775987280804","span_id":"458d442c47bcb73c","status":"ok","duration_ms":0,"attributes":{"db.operation.name":"query","db.system":"postgresql"}}
{"event":"correlation_span","name":"repository.query","kind":"client","trace_id":"e7f6f20da24ff1256861c7d626759c09","span_id":"06c2c09526a6984e","status":"ok","duration_ms":0,"attributes":{"db.operation.name":"query","db.system":"postgresql"}}
{"event":"correlation_span","name":"repository.schema","kind":"client","trace_id":"f3601c9a221b0e6c5d019fe933680739","span_id":"d3027247bf78d066","status":"ok","duration_ms":0,"attributes":{"db.operation.name":"schema","db.system":"postgresql"}}
{"event":"correlation_span","name":"repository.schema","kind":"client","trace_id":"01e67df29ac5502a9ee5615d544ae477","span_id":"385c764a3f144db8","status":"ok","duration_ms":0,"attributes":{"db.operation.name":"schema","db.system":"postgresql"}}
{"event":"correlation_span","name":"repository.query","kind":"client","trace_id":"74ffc9859d5180f67cdab12b569235bf","span_id":"5d2c345b0c443111","status":"ok","duration_ms":0,"attributes":{"db.operation.name":"query","db.system":"postgresql"}}
{"event":"correlation_span","name":"repository.query","kind":"client","trace_id":"07f1f8e92c879e9518ccc7bdd7a343ba","span_id":"6be6d03aa2b68b1b","status":"ok","duration_ms":0,"attributes":{"db.operation.name":"query","db.system":"postgresql"}}
{"event":"correlation_span","name":"repository.schema","kind":"client","trace_id":"f9225d1ebb05dd78020ca7c3e3e45091","span_id":"fa032cfc70ecfcc1","status":"ok","duration_ms":0,"attributes":{"db.operation.name":"schema","db.system":"postgresql"}}
{"event":"correlation_span","name":"repository.schema","kind":"client","trace_id":"0b7ae53dde8de43f62f5774f44082803","span_id":"e9ec5569a1075549","status":"ok","duration_ms":0,"attributes":{"db.operation.name":"schema","db.system":"postgresql"}}
{"event":"correlation_span","name":"repository.query","kind":"client","trace_id":"91b7fcf1f0d0eb21a2017619ee90fcfb","span_id":"f535c03cccd2b3b4","status":"ok","duration_ms":0,"attributes":{"db.operation.name":"query","db.system":"postgresql"}}
{"event":"correlation_span","name":"repository.schema","kind":"client","trace_id":"a79e243f274c601640ee082a1f7e2ca9","span_id":"7731fb9771597509","status":"ok","duration_ms":0,"attributes":{"db.operation.name":"schema","db.system":"postgresql"}}
{"event":"correlation_span","name":"repository.query","kind":"client","trace_id":"fc8caffb48e1f56fbb824eaa0bffe0d5","span_id":"6a0fca4f61867ed7","status":"ok","duration_ms":0,"attributes":{"db.operation.name":"query","db.system":"postgresql"}}
{"event":"correlation_span","name":"repository.query","kind":"client","trace_id":"43cc4cc2a73d01557c605aecf11cf3ef","span_id":"4cbb97680735ff19","status":"ok","duration_ms":0,"attributes":{"db.operation.name":"query","db.system":"postgresql"}}
--- PASS: TestAuditPublicPageCompositionSelectedStartupRefusal (0.07s)
    --- PASS: TestAuditPublicPageCompositionSelectedStartupRefusal/false (0.02s)
    --- PASS: TestAuditPublicPageCompositionSelectedStartupRefusal/null (0.02s)
    --- PASS: TestAuditPublicPageCompositionSelectedStartupRefusal/{"ready":true} (0.01s)
    --- PASS: TestAuditPublicPageCompositionSelectedStartupRefusal/true (0.02s)
=== RUN   TestP7ProductionCompositionRejectsMissingEnforcement
--- PASS: TestP7ProductionCompositionRejectsMissingEnforcement (0.00s)
=== RUN   TestP7ProductionCompositionInjectsEveryRouter
=== RUN   TestP7ProductionCompositionInjectsEveryRouter/listSensors
=== RUN   TestP7ProductionCompositionInjectsEveryRouter/listComplianceEvidence
=== RUN   TestP7ProductionCompositionInjectsEveryRouter/getAuditExport
=== RUN   TestP7ProductionCompositionInjectsEveryRouter/getSecurityAgentExport
--- PASS: TestP7ProductionCompositionInjectsEveryRouter (0.12s)
    --- PASS: TestP7ProductionCompositionInjectsEveryRouter/listSensors (0.00s)
    --- PASS: TestP7ProductionCompositionInjectsEveryRouter/listComplianceEvidence (0.00s)
    --- PASS: TestP7ProductionCompositionInjectsEveryRouter/getAuditExport (0.00s)
    --- PASS: TestP7ProductionCompositionInjectsEveryRouter/getSecurityAgentExport (0.00s)
=== RUN   TestP7GuardedRuntimeReadinessCallback
=== RUN   TestP7GuardedRuntimeReadinessCallback/healthy
=== RUN   TestP7GuardedRuntimeReadinessCallback/services_refused
=== RUN   TestP7GuardedRuntimeReadinessCallback/discovery_refused
=== RUN   TestP7GuardedRuntimeReadinessCallback/agent_refused
=== RUN   TestP7GuardedRuntimeReadinessCallback/previous_refused
--- PASS: TestP7GuardedRuntimeReadinessCallback (0.00s)
    --- PASS: TestP7GuardedRuntimeReadinessCallback/healthy (0.00s)
    --- PASS: TestP7GuardedRuntimeReadinessCallback/services_refused (0.00s)
    --- PASS: TestP7GuardedRuntimeReadinessCallback/discovery_refused (0.00s)
    --- PASS: TestP7GuardedRuntimeReadinessCallback/agent_refused (0.00s)
    --- PASS: TestP7GuardedRuntimeReadinessCallback/previous_refused (0.00s)
=== RUN   TestP7GuardedRuntimeReadinessStartupGate
=== RUN   TestP7GuardedRuntimeReadinessStartupGate/healthy
=== RUN   TestP7GuardedRuntimeReadinessStartupGate/discovery_refused
=== RUN   TestP7GuardedRuntimeReadinessStartupGate/agent_refused
=== RUN   TestP7GuardedRuntimeReadinessStartupGate/expired_context
=== RUN   TestP7GuardedRuntimeReadinessStartupGate/invalid_key
--- PASS: TestP7GuardedRuntimeReadinessStartupGate (0.00s)
    --- PASS: TestP7GuardedRuntimeReadinessStartupGate/healthy (0.00s)
    --- PASS: TestP7GuardedRuntimeReadinessStartupGate/discovery_refused (0.00s)
    --- PASS: TestP7GuardedRuntimeReadinessStartupGate/agent_refused (0.00s)
    --- PASS: TestP7GuardedRuntimeReadinessStartupGate/expired_context (0.00s)
    --- PASS: TestP7GuardedRuntimeReadinessStartupGate/invalid_key (0.00s)
=== RUN   TestTemporalAutomaticFindingDecorator
--- PASS: TestTemporalAutomaticFindingDecorator (0.00s)
=== RUN   TestComplianceStorageFactoryBoundary
{"event":"correlation_span","name":"repository.query","kind":"client","trace_id":"b8657248b3b540874ea5863f1163ce7d","span_id":"8fadffe55eb50bde","status":"ok","duration_ms":0,"attributes":{"db.operation.name":"query","db.system":"postgresql"}}
{"event":"correlation_span","name":"repository.query","kind":"client","trace_id":"0ea8165bcdb348422d1bd305afcb7e6c","span_id":"56e2dbf2ef1241e5","status":"ok","duration_ms":0,"attributes":{"db.operation.name":"query","db.system":"postgresql"}}
{"event":"correlation_span","name":"repository.schema","kind":"client","trace_id":"f1430dd70df13a6e58840f1496db2e1a","span_id":"b55e74b2cf493a1a","status":"ok","duration_ms":0,"attributes":{"db.operation.name":"schema","db.system":"postgresql"}}
{"event":"correlation_span","name":"repository.schema","kind":"client","trace_id":"fdbd8090e830bd2b13c3d3287300bb52","span_id":"444b61011d70b073","status":"ok","duration_ms":0,"attributes":{"db.operation.name":"schema","db.system":"postgresql"}}
{"event":"correlation_span","name":"repository.query","kind":"client","trace_id":"4197407d0a946cd8d5c770045e5c0545","span_id":"96e2a67eb76e7af8","status":"ok","duration_ms":0,"attributes":{"db.operation.name":"query","db.system":"postgresql"}}
{"event":"correlation_span","name":"repository.query","kind":"client","trace_id":"923e9a378a29483d64c5b53034fa1419","span_id":"389e928eddaafe71","status":"ok","duration_ms":0,"attributes":{"db.operation.name":"query","db.system":"postgresql"}}
{"event":"correlation_span","name":"repository.schema","kind":"client","trace_id":"1d028377ad4fdb4552179a94db644183","span_id":"83d00b973db32fdc","status":"ok","duration_ms":0,"attributes":{"db.operation.name":"schema","db.system":"postgresql"}}
{"event":"correlation_span","name":"repository.schema","kind":"client","trace_id":"e33b4f72fd90458a935f60dd94ab3841","span_id":"e9b181188dee3359","status":"ok","duration_ms":0,"attributes":{"db.operation.name":"schema","db.system":"postgresql"}}
{"event":"correlation_span","name":"repository.query","kind":"client","trace_id":"5c0f997a2a08a498a06e9d95b43344fc","span_id":"16770cfea648a092","status":"ok","duration_ms":0,"attributes":{"db.operation.name":"query","db.system":"postgresql"}}
--- PASS: TestComplianceStorageFactoryBoundary (0.01s)
=== RUN   TestComplianceBrowserAPIProcess
    compliance_browser_process_test.go:72: owned browser fixture not selected
--- SKIP: TestComplianceBrowserAPIProcess (0.00s)
=== RUN   TestComplianceAPIProductionComposition
=== RUN   TestComplianceAPIProductionComposition/installed
=== RUN   TestComplianceAPIProductionComposition/disabled
=== RUN   TestComplianceAPIProductionComposition/absent
=== RUN   TestComplianceAPIProductionComposition/unregistered
--- PASS: TestComplianceAPIProductionComposition (0.27s)
    --- PASS: TestComplianceAPIProductionComposition/installed (0.11s)
    --- PASS: TestComplianceAPIProductionComposition/disabled (0.03s)
    --- PASS: TestComplianceAPIProductionComposition/absent (0.03s)
    --- PASS: TestComplianceAPIProductionComposition/unregistered (0.10s)
=== RUN   TestComplianceAPIConfiguration
--- PASS: TestComplianceAPIConfiguration (0.01s)
=== RUN   TestComplianceDeploymentRenderedAPIConfig
    compliance_deployment_config_test.go:15: requires the owned rendered manifest fixture
--- SKIP: TestComplianceDeploymentRenderedAPIConfig (0.00s)
=== RUN   TestConnectorSecretsDriverUsesKMSAndAcceptsOneBoundedAWSRepresentation
--- PASS: TestConnectorSecretsDriverUsesKMSAndAcceptsOneBoundedAWSRepresentation (0.00s)
=== RUN   TestConnectorProviderHTTPClientDisablesAmbientProxyRedirectsAndLegacyTLS
--- PASS: TestConnectorProviderHTTPClientDisablesAmbientProxyRedirectsAndLegacyTLS (0.00s)
=== RUN   TestGitHubExchangeUsesFixedEndpointsStrictParsersAndReferenceOnlyResult
--- PASS: TestGitHubExchangeUsesFixedEndpointsStrictParsersAndReferenceOnlyResult (0.08s)
=== RUN   TestGitHubInstallationAuthorityRejectsUserAndPermissionDriftBeforePersistence
=== RUN   TestGitHubInstallationAuthorityRejectsUserAndPermissionDriftBeforePersistence/extra_permission
=== RUN   TestGitHubInstallationAuthorityRejectsUserAndPermissionDriftBeforePersistence/foreign_selection
=== RUN   TestGitHubInstallationAuthorityRejectsUserAndPermissionDriftBeforePersistence/user
=== RUN   TestGitHubInstallationAuthorityRejectsUserAndPermissionDriftBeforePersistence/write_permission
--- PASS: TestGitHubInstallationAuthorityRejectsUserAndPermissionDriftBeforePersistence (0.00s)
    --- PASS: TestGitHubInstallationAuthorityRejectsUserAndPermissionDriftBeforePersistence/extra_permission (0.00s)
    --- PASS: TestGitHubInstallationAuthorityRejectsUserAndPermissionDriftBeforePersistence/foreign_selection (0.00s)
    --- PASS: TestGitHubInstallationAuthorityRejectsUserAndPermissionDriftBeforePersistence/user (0.00s)
    --- PASS: TestGitHubInstallationAuthorityRejectsUserAndPermissionDriftBeforePersistence/write_permission (0.00s)
=== RUN   TestGitHubRecoveryAfterProviderResponseBeforeFirstGrantWriteNeverRepeatsExchange
--- PASS: TestGitHubRecoveryAfterProviderResponseBeforeFirstGrantWriteNeverRepeatsExchange (0.00s)
=== RUN   TestGitHubAppMintsInstallationTokenInMemoryOnly
--- PASS: TestGitHubAppMintsInstallationTokenInMemoryOnly (0.13s)
=== RUN   TestProviderManifestDecodersRejectMalformedDurableState
--- PASS: TestProviderManifestDecodersRejectMalformedDurableState (0.00s)
=== RUN   TestOktaExchangePersistsDeterministicOutcomeAndRevokesTransientTokens
--- PASS: TestOktaExchangePersistsDeterministicOutcomeAndRevokesTransientTokens (0.00s)
=== RUN   TestPerformConnectorJSONRejectsRedirectWrongMediaTypeOversizeAndTrailingValues
=== RUN   TestPerformConnectorJSONRejectsRedirectWrongMediaTypeOversizeAndTrailingValues/redirect
=== RUN   TestPerformConnectorJSONRejectsRedirectWrongMediaTypeOversizeAndTrailingValues/media
=== RUN   TestPerformConnectorJSONRejectsRedirectWrongMediaTypeOversizeAndTrailingValues/media_prefix
=== RUN   TestPerformConnectorJSONRejectsRedirectWrongMediaTypeOversizeAndTrailingValues/oversize
=== RUN   TestPerformConnectorJSONRejectsRedirectWrongMediaTypeOversizeAndTrailingValues/oversize_whitespace
=== RUN   TestPerformConnectorJSONRejectsRedirectWrongMediaTypeOversizeAndTrailingValues/trailing
--- PASS: TestPerformConnectorJSONRejectsRedirectWrongMediaTypeOversizeAndTrailingValues (0.00s)
    --- PASS: TestPerformConnectorJSONRejectsRedirectWrongMediaTypeOversizeAndTrailingValues/redirect (0.00s)
    --- PASS: TestPerformConnectorJSONRejectsRedirectWrongMediaTypeOversizeAndTrailingValues/media (0.00s)
    --- PASS: TestPerformConnectorJSONRejectsRedirectWrongMediaTypeOversizeAndTrailingValues/media_prefix (0.00s)
    --- PASS: TestPerformConnectorJSONRejectsRedirectWrongMediaTypeOversizeAndTrailingValues/oversize (0.00s)
    --- PASS: TestPerformConnectorJSONRejectsRedirectWrongMediaTypeOversizeAndTrailingValues/oversize_whitespace (0.00s)
    --- PASS: TestPerformConnectorJSONRejectsRedirectWrongMediaTypeOversizeAndTrailingValues/trailing (0.00s)
=== RUN   TestConnectorRejectionRuntimePostgres
    connector_rejection_runtime_test.go:18: requires the owned mounted connector-rejection fixture
--- SKIP: TestConnectorRejectionRuntimePostgres (0.00s)
=== RUN   TestDiscoveryRuntimeRepositorySelectsInstalledProfile
=== RUN   TestDiscoveryRuntimeRepositorySelectsInstalledProfile/installed
=== RUN   TestDiscoveryRuntimeRepositorySelectsInstalledProfile/absent
=== RUN   TestDiscoveryRuntimeRepositorySelectsInstalledProfile/no-interface
=== RUN   TestDiscoveryRuntimeRepositorySelectsInstalledProfile/invalid-installed
--- PASS: TestDiscoveryRuntimeRepositorySelectsInstalledProfile (0.00s)
    --- PASS: TestDiscoveryRuntimeRepositorySelectsInstalledProfile/installed (0.00s)
    --- PASS: TestDiscoveryRuntimeRepositorySelectsInstalledProfile/absent (0.00s)
    --- PASS: TestDiscoveryRuntimeRepositorySelectsInstalledProfile/no-interface (0.00s)
    --- PASS: TestDiscoveryRuntimeRepositorySelectsInstalledProfile/invalid-installed (0.00s)
=== RUN   TestDiscoveryRuntimeCapabilityForwardsAndRefusesInvalidInputs
=== RUN   TestDiscoveryRuntimeCapabilityForwardsAndRefusesInvalidInputs/nil-wrapper
=== RUN   TestDiscoveryRuntimeCapabilityForwardsAndRefusesInvalidInputs/nil-next
=== RUN   TestDiscoveryRuntimeCapabilityForwardsAndRefusesInvalidInputs/typed-nil
=== RUN   TestDiscoveryRuntimeCapabilityForwardsAndRefusesInvalidInputs/nil-context
=== RUN   TestDiscoveryRuntimeCapabilityForwardsAndRefusesInvalidInputs/cancelled
--- PASS: TestDiscoveryRuntimeCapabilityForwardsAndRefusesInvalidInputs (0.00s)
    --- PASS: TestDiscoveryRuntimeCapabilityForwardsAndRefusesInvalidInputs/nil-wrapper (0.00s)
    --- PASS: TestDiscoveryRuntimeCapabilityForwardsAndRefusesInvalidInputs/nil-next (0.00s)
    --- PASS: TestDiscoveryRuntimeCapabilityForwardsAndRefusesInvalidInputs/typed-nil (0.00s)
    --- PASS: TestDiscoveryRuntimeCapabilityForwardsAndRefusesInvalidInputs/nil-context (0.00s)
    --- PASS: TestDiscoveryRuntimeCapabilityForwardsAndRefusesInvalidInputs/cancelled (0.00s)
=== RUN   TestExistingTestDraftMountedProductionComposition
=== RUN   TestExistingTestDraftMountedProductionComposition/healthy
{"event":"correlation_span","name":"repository.query","kind":"client","trace_id":"da288bd8950744106db7bf12bc66baf5","span_id":"684e25fc8bb8409b","status":"ok","duration_ms":0,"attributes":{"db.operation.name":"query","db.system":"postgresql"}}
{"event":"correlation_span","name":"repository.query","kind":"client","trace_id":"5c5cbc5002cfcac16273962a9e3230d6","span_id":"b1238a3542b24b6d","status":"ok","duration_ms":0,"attributes":{"db.operation.name":"query","db.system":"postgresql"}}
{"event":"correlation_span","name":"repository.schema","kind":"client","trace_id":"44486367cd6e6b7b9199a8c286d6d299","span_id":"c0bec178d9febcc4","status":"ok","duration_ms":0,"attributes":{"db.operation.name":"schema","db.system":"postgresql"}}
{"event":"correlation_span","name":"repository.schema","kind":"client","trace_id":"336151a42cbb605739c07a249d853c02","span_id":"38386128d5b5af35","status":"ok","duration_ms":0,"attributes":{"db.operation.name":"schema","db.system":"postgresql"}}
{"event":"correlation_span","name":"repository.query","kind":"client","trace_id":"418241c20120297e8aa19f9aaa1a7a86","span_id":"a69630a659e7aa42","status":"ok","duration_ms":0,"attributes":{"db.operation.name":"query","db.system":"postgresql"}}
{"event":"correlation_span","name":"repository.query","kind":"client","trace_id":"8f6026aad168f3afc81e09302e9bae14","span_id":"c69eec955fb9a1b4","status":"ok","duration_ms":0,"attributes":{"db.operation.name":"query","db.system":"postgresql"}}
{"event":"correlation_span","name":"repository.schema","kind":"client","trace_id":"6c61c8a5756014d54251223fff6c64ab","span_id":"71a40c63a102554a","status":"ok","duration_ms":0,"attributes":{"db.operation.name":"schema","db.system":"postgresql"}}
{"event":"correlation_span","name":"repository.schema","kind":"client","trace_id":"9b79ed9792b084b6a03916d31c86378c","span_id":"4233b82f70f1009e","status":"ok","duration_ms":0,"attributes":{"db.operation.name":"schema","db.system":"postgresql"}}
{"event":"correlation_span","name":"repository.query","kind":"client","trace_id":"69f347c27a0331b9059861a5c38dd69a","span_id":"f0fb84498fd5836d","status":"ok","duration_ms":0,"attributes":{"db.operation.name":"query","db.system":"postgresql"}}
{"event":"correlation_span","name":"repository.schema","kind":"client","trace_id":"7749e9950a550d6168f79de8420a728f","span_id":"8e0ad43efd4037a8","status":"ok","duration_ms":0,"attributes":{"db.operation.name":"schema","db.system":"postgresql"}}
{"event":"correlation_span","name":"repository.query","kind":"client","trace_id":"9da9a325ba41479ec6137de27b34c71d","span_id":"8340092d59e23fff","status":"ok","duration_ms":0,"attributes":{"db.operation.name":"query","db.system":"postgresql"}}
{"event":"correlation_span","name":"repository.query","kind":"client","trace_id":"bff87788a2d51b832d45426fed17d7b8","span_id":"7074983903a0c49a","status":"ok","duration_ms":0,"attributes":{"db.operation.name":"query","db.system":"postgresql"}}
{"event":"correlation_span","name":"repository.schema","kind":"client","trace_id":"dbb8609c4c459d422559ed7548661cb6","span_id":"8439702d88cba4f0","status":"ok","duration_ms":0,"attributes":{"db.operation.name":"schema","db.system":"postgresql"}}
{"event":"correlation_span","name":"repository.query","kind":"client","trace_id":"83f4f305673a77073c63637c5e8e2d8a","span_id":"d6964cf3c47e0004","status":"ok","duration_ms":0,"attributes":{"db.operation.name":"query","db.system":"postgresql"}}
{"event":"correlation_span","name":"repository.schema","kind":"client","trace_id":"13c0e00d370d7db8f934a794ff6b3484","span_id":"74440fc8bb3f7567","status":"ok","duration_ms":0,"attributes":{"db.operation.name":"schema","db.system":"postgresql"}}
{"event":"correlation_span","name":"repository.query","kind":"client","trace_id":"e9fca3551a92fda3056ed7171c61cd4a","span_id":"8534f10ca18ad705","status":"ok","duration_ms":0,"attributes":{"db.operation.name":"query","db.system":"postgresql"}}
{"event":"correlation_span","name":"repository.schema","kind":"client","trace_id":"f84225799200f38c04bfed9667c91fee","span_id":"14f83804e3e96588","status":"ok","duration_ms":0,"attributes":{"db.operation.name":"schema","db.system":"postgresql"}}
{"event":"correlation_span","name":"repository.query","kind":"client","trace_id":"9bc8e1db07cc14fb3ca047095cd69752","span_id":"e97c2d01ae75da6c","status":"ok","duration_ms":0,"attributes":{"db.operation.name":"query","db.system":"postgresql"}}
{"event":"correlation_span","name":"repository.query","kind":"client","trace_id":"6b4470ecc863b346ef8dbee135c2f8ca","span_id":"2dc9cb42e9bbf1a5","parent_span_id":"e126dce08d1f7be5","status":"ok","duration_ms":0,"attributes":{"db.operation.name":"query","db.system":"postgresql"}}
{"event":"correlation_span","name":"repository.query","kind":"client","trace_id":"6b4470ecc863b346ef8dbee135c2f8ca","span_id":"758a3049c59e8db4","parent_span_id":"e126dce08d1f7be5","status":"ok","duration_ms":0,"attributes":{"db.operation.name":"query","db.system":"postgresql"}}
{"event":"correlation_span","name":"repository.query","kind":"client","trace_id":"6b4470ecc863b346ef8dbee135c2f8ca","span_id":"af5347bda1d1909a","parent_span_id":"e126dce08d1f7be5","status":"ok","duration_ms":68,"attributes":{"db.operation.name":"query","db.system":"postgresql"}}
{"event":"correlation_span","name":"repository.query","kind":"client","trace_id":"6b4470ecc863b346ef8dbee135c2f8ca","span_id":"c96d80b4dfce7bac","parent_span_id":"e126dce08d1f7be5","status":"ok","duration_ms":0,"attributes":{"db.operation.name":"query","db.system":"postgresql"}}
{"event":"correlation_span","name":"repository.query","kind":"client","trace_id":"6b4470ecc863b346ef8dbee135c2f8ca","span_id":"538514ddb226d467","parent_span_id":"e126dce08d1f7be5","status":"ok","duration_ms":85,"attributes":{"db.operation.name":"query","db.system":"postgresql"}}
{"correlation_id":"pid_9813c43b-227b-482c-9f8c-0a1ea551eb6e","duration_ms":265,"event":"http_request","method":"POST","route":"/api/v1/security-agents","severity":"INFO","span_id":"e126dce08d1f7be5","status":201,"timestamp":"2026-10-06T02:07:13.996719765Z","trace_id":"6b4470ecc863b346ef8dbee135c2f8ca"}
{"correlation_id":"pid_9813c43b-227b-482c-9f8c-0a1ea551eb6e","event":"audit_outcome","operation":"POST /api/v1/security-agents","outcome":"succeeded","severity":"INFO","timestamp":"2026-10-06T02:07:13.996780076Z","trace_id":"6b4470ecc863b346ef8dbee135c2f8ca"}
{"event":"correlation_span","name":"http.request","kind":"server","trace_id":"6b4470ecc863b346ef8dbee135c2f8ca","span_id":"e126dce08d1f7be5","parent_span_id":"899dba8417ff5b99","status":"ok","duration_ms":265,"attributes":{"http.request.method":"POST","http.response.status_code":"201","http.route":"/api/v1/security-agents"}}
=== RUN   TestExistingTestDraftMountedProductionComposition/missing_permission
{"event":"correlation_span","name":"repository.query","kind":"client","trace_id":"f3f246a8e3e8a4d6fb391e2d3611ccad","span_id":"be921b2229177187","status":"ok","duration_ms":0,"attributes":{"db.operation.name":"query","db.system":"postgresql"}}
{"event":"correlation_span","name":"repository.query","kind":"client","trace_id":"b377ca546bdde724e5b4b0baff83e183","span_id":"07e60f07220d38c0","status":"ok","duration_ms":0,"attributes":{"db.operation.name":"query","db.system":"postgresql"}}
{"event":"correlation_span","name":"repository.schema","kind":"client","trace_id":"2541c6e3f8b15c3b36dbe97dd3c6d557","span_id":"0fd5df572c53aef5","status":"ok","duration_ms":0,"attributes":{"db.operation.name":"schema","db.system":"postgresql"}}
{"event":"correlation_span","name":"repository.schema","kind":"client","trace_id":"fa4f5547a724ee3cc94ee63855f73894","span_id":"4e92a43aefc2e7be","status":"ok","duration_ms":0,"attributes":{"db.operation.name":"schema","db.system":"postgresql"}}
{"event":"correlation_span","name":"repository.query","kind":"client","trace_id":"4b1dc54d09a05c3cecc289cc4e9fadd1","span_id":"5229322b3aca57a7","status":"ok","duration_ms":0,"attributes":{"db.operation.name":"query","db.system":"postgresql"}}
{"event":"correlation_span","name":"repository.query","kind":"client","trace_id":"c06a9d052176a483068e11f0a77021b0","span_id":"4beeef67329362fb","status":"ok","duration_ms":0,"attributes":{"db.operation.name":"query","db.system":"postgresql"}}
{"event":"correlation_span","name":"repository.schema","kind":"client","trace_id":"5aaf6b5781237c6d5f4695c4829e780d","span_id":"02740b62dbb14079","status":"ok","duration_ms":0,"attributes":{"db.operation.name":"schema","db.system":"postgresql"}}
{"event":"correlation_span","name":"repository.schema","kind":"client","trace_id":"2e89cd91044e2d2b9a9e431c3ecfc391","span_id":"3bc50a48223d9983","status":"ok","duration_ms":0,"attributes":{"db.operation.name":"schema","db.system":"postgresql"}}
{"event":"correlation_span","name":"repository.query","kind":"client","trace_id":"6e51fb1f9638169075f6c3b1eee7aa8a","span_id":"40c02da131ae5851","status":"ok","duration_ms":0,"attributes":{"db.operation.name":"query","db.system":"postgresql"}}
{"event":"correlation_span","name":"repository.schema","kind":"client","trace_id":"5148b6c02c40f7407d2add4b64f4d9fa","span_id":"cdc5d6931ebbcd38","status":"ok","duration_ms":0,"attributes":{"db.operation.name":"schema","db.system":"postgresql"}}
{"event":"correlation_span","name":"repository.query","kind":"client","trace_id":"9c6fd777bf438d2b3729261975e123d6","span_id":"ee3e18e3c55ecb26","status":"ok","duration_ms":0,"attributes":{"db.operation.name":"query","db.system":"postgresql"}}
{"event":"correlation_span","name":"repository.query","kind":"client","trace_id":"3268c5a53d20b470056b8140322244a6","span_id":"9669d357faca9398","status":"ok","duration_ms":0,"attributes":{"db.operation.name":"query","db.system":"postgresql"}}
{"event":"correlation_span","name":"repository.schema","kind":"client","trace_id":"de8854a4c183aad682a36c1eaccf8297","span_id":"ca6a08c15a5f1c1c","status":"ok","duration_ms":0,"attributes":{"db.operation.name":"schema","db.system":"postgresql"}}
{"event":"correlation_span","name":"repository.query","kind":"client","trace_id":"c561e1598c11a385fd57c24df152c758","span_id":"d774b02db69bfeaf","status":"ok","duration_ms":0,"attributes":{"db.operation.name":"query","db.system":"postgresql"}}
{"event":"correlation_span","name":"repository.schema","kind":"client","trace_id":"6f56c0abaf364e2edc8781cf87b76332","span_id":"b8f189e3f907b8a0","status":"ok","duration_ms":0,"attributes":{"db.operation.name":"schema","db.system":"postgresql"}}
{"event":"correlation_span","name":"repository.query","kind":"client","trace_id":"8ee6d7de1d63fd17c8ed75ed5863271d","span_id":"abb3ba5d839f8e9e","status":"ok","duration_ms":0,"attributes":{"db.operation.name":"query","db.system":"postgresql"}}
{"event":"correlation_span","name":"repository.schema","kind":"client","trace_id":"3f3c13661ed5e931cf30c14776ad8b59","span_id":"fc297dfeb67c7373","status":"ok","duration_ms":0,"attributes":{"db.operation.name":"schema","db.system":"postgresql"}}
{"event":"correlation_span","name":"repository.query","kind":"client","trace_id":"ff516e01dff0bb0f57cb34ab96f033de","span_id":"40789b21b4458616","status":"ok","duration_ms":0,"attributes":{"db.operation.name":"query","db.system":"postgresql"}}
{"event":"correlation_span","name":"repository.query","kind":"client","trace_id":"1f2b4d7d02beec40ffcc54f5536fb98a","span_id":"611a3a533d88f174","parent_span_id":"66c45cc562de079f","status":"ok","duration_ms":0,"attributes":{"db.operation.name":"query","db.system":"postgresql"}}
{"correlation_id":"pid_6da24e90-ce76-49b3-b8ed-ec522b42a655","duration_ms":0,"event":"http_request","method":"POST","route":"/api/v1/security-agents","severity":"INFO","span_id":"66c45cc562de079f","status":403,"timestamp":"2026-10-06T02:07:14.006313604Z","trace_id":"1f2b4d7d02beec40ffcc54f5536fb98a"}
{"correlation_id":"pid_6da24e90-ce76-49b3-b8ed-ec522b42a655","event":"audit_outcome","operation":"POST /api/v1/security-agents","outcome":"rejected","severity":"INFO","timestamp":"2026-10-06T02:07:14.006359984Z","trace_id":"1f2b4d7d02beec40ffcc54f5536fb98a"}
{"event":"correlation_span","name":"http.request","kind":"server","trace_id":"1f2b4d7d02beec40ffcc54f5536fb98a","span_id":"66c45cc562de079f","parent_span_id":"f6f2ef0e2ddb41df","status":"ok","duration_ms":0,"attributes":{"http.request.method":"POST","http.response.status_code":"403","http.route":"/api/v1/security-agents"}}
=== RUN   TestExistingTestDraftMountedProductionComposition/wrong_csrf
{"event":"correlation_span","name":"repository.query","kind":"client","trace_id":"706d1a84e450ab5781238fb2ab9602df","span_id":"8d6aec2187e2f144","status":"ok","duration_ms":0,"attributes":{"db.operation.name":"query","db.system":"postgresql"}}
{"event":"correlation_span","name":"repository.query","kind":"client","trace_id":"d0e2f95080503d6bd95ec27f2c37a59a","span_id":"48b1fc2ea78fd668","status":"ok","duration_ms":0,"attributes":{"db.operation.name":"query","db.system":"postgresql"}}
{"event":"correlation_span","name":"repository.schema","kind":"client","trace_id":"565004613ae2fec20ebdc2f555b17100","span_id":"c3d71035a38808cd","status":"ok","duration_ms":0,"attributes":{"db.operation.name":"schema","db.system":"postgresql"}}
{"event":"correlation_span","name":"repository.schema","kind":"client","trace_id":"aab7de0aa23bbd34d8a29d7db0a0422b","span_id":"9f640f94c5dffb39","status":"ok","duration_ms":0,"attributes":{"db.operation.name":"schema","db.system":"postgresql"}}
{"event":"correlation_span","name":"repository.query","kind":"client","trace_id":"5840136536cedfb94449c4681d2434d0","span_id":"fe3678ddfa664b1a","status":"ok","duration_ms":0,"attributes":{"db.operation.name":"query","db.system":"postgresql"}}
{"event":"correlation_span","name":"repository.query","kind":"client","trace_id":"1b256ba522847aeefe12f8879ce9847c","span_id":"c8ca98e7d7681895","status":"ok","duration_ms":0,"attributes":{"db.operation.name":"query","db.system":"postgresql"}}
{"event":"correlation_span","name":"repository.schema","kind":"client","trace_id":"69987502f7c3c6a03abbbaba0215d90f","span_id":"7d0a4b0a6f01cf90","status":"ok","duration_ms":0,"attributes":{"db.operation.name":"schema","db.system":"postgresql"}}
{"event":"correlation_span","name":"repository.schema","kind":"client","trace_id":"cb31c89abb7d166ffb8e7cb585c81bc6","span_id":"00a495f37beaf3ac","status":"ok","duration_ms":0,"attributes":{"db.operation.name":"schema","db.system":"postgresql"}}
{"event":"correlation_span","name":"repository.query","kind":"client","trace_id":"f0bb422f2051181717dcd50ffbdf4aef","span_id":"6673756e1312eae0","status":"ok","duration_ms":0,"attributes":{"db.operation.name":"query","db.system":"postgresql"}}
{"event":"correlation_span","name":"repository.schema","kind":"client","trace_id":"7bb56127f4b794e1810c80666f0dfb4e","span_id":"b739981fbfd02d5e","status":"ok","duration_ms":0,"attributes":{"db.operation.name":"schema","db.system":"postgresql"}}
{"event":"correlation_span","name":"repository.query","kind":"client","trace_id":"976a1f4c0d1a396f02158368aac04dab","span_id":"d1dda65458f4f635","status":"ok","duration_ms":0,"attributes":{"db.operation.name":"query","db.system":"postgresql"}}
{"event":"correlation_span","name":"repository.query","kind":"client","trace_id":"a006261558c4929a56f7d9ba8e863901","span_id":"9bbffd1241aaaa06","status":"ok","duration_ms":0,"attributes":{"db.operation.name":"query","db.system":"postgresql"}}
{"event":"correlation_span","name":"repository.schema","kind":"client","trace_id":"3e74e8300dc58fe9f46e4b684898c590","span_id":"8508c7f69fe90125","status":"ok","duration_ms":0,"attributes":{"db.operation.name":"schema","db.system":"postgresql"}}
{"event":"correlation_span","name":"repository.query","kind":"client","trace_id":"1a61d490e90fc46d2bcb1b04d1cc3ca5","span_id":"e0212cd64b9800a6","status":"ok","duration_ms":0,"attributes":{"db.operation.name":"query","db.system":"postgresql"}}
{"event":"correlation_span","name":"repository.schema","kind":"client","trace_id":"d32d85e6c6c504b51d8daafdb2ad4b25","span_id":"66e07723d7ca5cd6","status":"ok","duration_ms":0,"attributes":{"db.operation.name":"schema","db.system":"postgresql"}}
{"event":"correlation_span","name":"repository.query","kind":"client","trace_id":"c768f7830734c5cb2a57844f11b710f4","span_id":"2fc6074fc7e2df9a","status":"ok","duration_ms":0,"attributes":{"db.operation.name":"query","db.system":"postgresql"}}
{"event":"correlation_span","name":"repository.schema","kind":"client","trace_id":"c921a395074346480e72f84065d47589","span_id":"347f072608b63aeb","status":"ok","duration_ms":0,"attributes":{"db.operation.name":"schema","db.system":"postgresql"}}
{"event":"correlation_span","name":"repository.query","kind":"client","trace_id":"02da614790f07928981cd562fe78abaa","span_id":"883c75ccf84d593b","status":"ok","duration_ms":0,"attributes":{"db.operation.name":"query","db.system":"postgresql"}}
{"event":"correlation_span","name":"repository.query","kind":"client","trace_id":"fb1a07dfce5c1b402dad803ac2c822dc","span_id":"fbb6db6b7f84130e","parent_span_id":"c2f9ea68f33fcd80","status":"ok","duration_ms":0,"attributes":{"db.operation.name":"query","db.system":"postgresql"}}
{"correlation_id":"pid_e512f6e0-e931-4f6d-95b5-e76b8272b1e4","duration_ms":0,"event":"http_request","method":"POST","route":"/api/v1/security-agents","severity":"INFO","span_id":"c2f9ea68f33fcd80","status":403,"timestamp":"2026-10-06T02:07:14.028813767Z","trace_id":"fb1a07dfce5c1b402dad803ac2c822dc"}
{"correlation_id":"pid_e512f6e0-e931-4f6d-95b5-e76b8272b1e4","event":"audit_outcome","operation":"POST /api/v1/security-agents","outcome":"rejected","severity":"INFO","timestamp":"2026-10-06T02:07:14.028867398Z","trace_id":"fb1a07dfce5c1b402dad803ac2c822dc"}
{"event":"correlation_span","name":"http.request","kind":"server","trace_id":"fb1a07dfce5c1b402dad803ac2c822dc","span_id":"c2f9ea68f33fcd80","parent_span_id":"e1b868407ef8bf25","status":"ok","duration_ms":0,"attributes":{"http.request.method":"POST","http.response.status_code":"403","http.route":"/api/v1/security-agents"}}
=== RUN   TestExistingTestDraftMountedProductionComposition/wrong_origin
{"event":"correlation_span","name":"repository.query","kind":"client","trace_id":"cea1b8b925b03ac79ff15314902287bc","span_id":"b4c54f29739cbc9d","status":"ok","duration_ms":0,"attributes":{"db.operation.name":"query","db.system":"postgresql"}}
{"event":"correlation_span","name":"repository.query","kind":"client","trace_id":"820399177f86f23df0ca0db8d0bea7fb","span_id":"65a9a059d35fddef","status":"ok","duration_ms":0,"attributes":{"db.operation.name":"query","db.system":"postgresql"}}
{"event":"correlation_span","name":"repository.schema","kind":"client","trace_id":"117fe42086f6ef9c02645dc736baf4b4","span_id":"14f7f4d19caad4dc","status":"ok","duration_ms":0,"attributes":{"db.operation.name":"schema","db.system":"postgresql"}}
{"event":"correlation_span","name":"repository.schema","kind":"client","trace_id":"a0141728943392af95d0a5450240747c","span_id":"e09cd88198bdc4a8","status":"ok","duration_ms":0,"attributes":{"db.operation.name":"schema","db.system":"postgresql"}}
{"event":"correlation_span","name":"repository.query","kind":"client","trace_id":"48429fda339ed6ebf79d6e9df5f1e426","span_id":"cf48acfd152a939e","status":"ok","duration_ms":0,"attributes":{"db.operation.name":"query","db.system":"postgresql"}}
{"event":"correlation_span","name":"repository.query","kind":"client","trace_id":"49a5ec4279d247ec5625b09f0d761c56","span_id":"6b41b10373f968fb","status":"ok","duration_ms":0,"attributes":{"db.operation.name":"query","db.system":"postgresql"}}
{"event":"correlation_span","name":"repository.schema","kind":"client","trace_id":"d7cac35f34bd7f756dc77070b00e1ffb","span_id":"7543c417ad37d271","status":"ok","duration_ms":0,"attributes":{"db.operation.name":"schema","db.system":"postgresql"}}
{"event":"correlation_span","name":"repository.schema","kind":"client","trace_id":"3a1cd9077597c09911652ce57ca8bedc","span_id":"b86ea8568609e4c6","status":"ok","duration_ms":0,"attributes":{"db.operation.name":"schema","db.system":"postgresql"}}
{"event":"correlation_span","name":"repository.query","kind":"client","trace_id":"8e51590f6d00cc151caa717379255f06","span_id":"c21e98d6a568dd7c","status":"ok","duration_ms":0,"attributes":{"db.operation.name":"query","db.system":"postgresql"}}
{"event":"correlation_span","name":"repository.schema","kind":"client","trace_id":"d2c19ef371ed30dfff8d8e2c36e4b758","span_id":"158c102535a29e64","status":"ok","duration_ms":0,"attributes":{"db.operation.name":"schema","db.system":"postgresql"}}
{"event":"correlation_span","name":"repository.query","kind":"client","trace_id":"05798d5df8471cee2bcce544604d1f1d","span_id":"58b4dcba31fa0bdb","status":"ok","duration_ms":0,"attributes":{"db.operation.name":"query","db.system":"postgresql"}}
{"event":"correlation_span","name":"repository.query","kind":"client","trace_id":"9d51d80841b71a9e51c5f217baff1b90","span_id":"715e5e3f505f163c","status":"ok","duration_ms":0,"attributes":{"db.operation.name":"query","db.system":"postgresql"}}
{"event":"correlation_span","name":"repository.schema","kind":"client","trace_id":"9c0ad14a5e52dabb14f217213cb77007","span_id":"71b8011fca04226d","status":"ok","duration_ms":0,"attributes":{"db.operation.name":"schema","db.system":"postgresql"}}
{"event":"correlation_span","name":"repository.query","kind":"client","trace_id":"f57fd9659befb1bafd559d5966eb5194","span_id":"9ce722ffe6b82cf7","status":"ok","duration_ms":0,"attributes":{"db.operation.name":"query","db.system":"postgresql"}}
{"event":"correlation_span","name":"repository.schema","kind":"client","trace_id":"0cc0b2df0d4e19663f6952048c98f544","span_id":"30c5bea8960604d3","status":"ok","duration_ms":0,"attributes":{"db.operation.name":"schema","db.system":"postgresql"}}
{"event":"correlation_span","name":"repository.query","kind":"client","trace_id":"01bffe646116808e1e779c6bf2271ef6","span_id":"e52572e63b0ee458","status":"ok","duration_ms":0,"attributes":{"db.operation.name":"query","db.system":"postgresql"}}
{"event":"correlation_span","name":"repository.schema","kind":"client","trace_id":"b68a3221293749ee270e6e16a1ed4fc1","span_id":"2ca1ad77d0afac39","status":"ok","duration_ms":0,"attributes":{"db.operation.name":"schema","db.system":"postgresql"}}
{"event":"correlation_span","name":"repository.query","kind":"client","trace_id":"8224fb1dac836d7b17cfb53946d4e5de","span_id":"1c42347d3982b0e8","status":"ok","duration_ms":0,"attributes":{"db.operation.name":"query","db.system":"postgresql"}}
=== RUN   TestExistingTestDraftMountedProductionComposition/foreign_scope
{"event":"correlation_span","name":"repository.query","kind":"client","trace_id":"a91c19808a8566856ab59fe5cd4d99de","span_id":"1915df5e64fecdb0","status":"ok","duration_ms":0,"attributes":{"db.operation.name":"query","db.system":"postgresql"}}
{"event":"correlation_span","name":"repository.query","kind":"client","trace_id":"1e75140dc7aac13b300d20ec7461e7d5","span_id":"59038c1acba3fc2c","status":"ok","duration_ms":0,"attributes":{"db.operation.name":"query","db.system":"postgresql"}}
{"event":"correlation_span","name":"repository.schema","kind":"client","trace_id":"0b251940bce73b980436d58f67f86858","span_id":"697daa23b486d454","status":"ok","duration_ms":0,"attributes":{"db.operation.name":"schema","db.system":"postgresql"}}
{"event":"correlation_span","name":"repository.schema","kind":"client","trace_id":"42f74b9d65642df2a020ec63c9e63600","span_id":"39341a3cfcc6bb52","status":"ok","duration_ms":0,"attributes":{"db.operation.name":"schema","db.system":"postgresql"}}
{"event":"correlation_span","name":"repository.query","kind":"client","trace_id":"5b117a1d3b219b7fe733039961041822","span_id":"425855cf4868612a","status":"ok","duration_ms":0,"attributes":{"db.operation.name":"query","db.system":"postgresql"}}
{"event":"correlation_span","name":"repository.query","kind":"client","trace_id":"8fd198e93341824276a9066e7d555fea","span_id":"4576f3deb5cd29d3","status":"ok","duration_ms":0,"attributes":{"db.operation.name":"query","db.system":"postgresql"}}
{"event":"correlation_span","name":"repository.schema","kind":"client","trace_id":"abb3bf93871c722c70623a6fc4755c57","span_id":"bc7de80d343d4840","status":"ok","duration_ms":0,"attributes":{"db.operation.name":"schema","db.system":"postgresql"}}
{"event":"correlation_span","name":"repository.schema","kind":"client","trace_id":"bd5158953f0b8885d597ab399fc0aac6","span_id":"8ae4206bc1514b44","status":"ok","duration_ms":0,"attributes":{"db.operation.name":"schema","db.system":"postgresql"}}
{"event":"correlation_span","name":"repository.query","kind":"client","trace_id":"dffede2ecbbb00f2ec2f3cd06089a609","span_id":"81737527eddc7af1","status":"ok","duration_ms":0,"attributes":{"db.operation.name":"query","db.system":"postgresql"}}
{"event":"correlation_span","name":"repository.schema","kind":"client","trace_id":"8dfb9d9e2253aacb2d78328898817959","span_id":"a423f76da2325a14","status":"ok","duration_ms":0,"attributes":{"db.operation.name":"schema","db.system":"postgresql"}}
{"event":"correlation_span","name":"repository.query","kind":"client","trace_id":"7872120b23bce904b8740fa0b1cae295","span_id":"e2745c58496f951c","status":"ok","duration_ms":0,"attributes":{"db.operation.name":"query","db.system":"postgresql"}}
{"event":"correlation_span","name":"repository.query","kind":"client","trace_id":"81065e1b4160487804c181738f608ff9","span_id":"d3c3c03ec181950f","status":"ok","duration_ms":0,"attributes":{"db.operation.name":"query","db.system":"postgresql"}}
{"event":"correlation_span","name":"repository.schema","kind":"client","trace_id":"adb1544f91bd7bfa3c55e6149c0add95","span_id":"0faefa9c14e42cd0","status":"ok","duration_ms":0,"attributes":{"db.operation.name":"schema","db.system":"postgresql"}}
{"event":"correlation_span","name":"repository.query","kind":"client","trace_id":"44a6e375caaee17356782ab25a9fdc25","span_id":"45ca960c99da2cd2","status":"ok","duration_ms":0,"attributes":{"db.operation.name":"query","db.system":"postgresql"}}
{"event":"correlation_span","name":"repository.schema","kind":"client","trace_id":"cc1a676aa32ecaae8bd5e877e1891400","span_id":"f982597bd58fcc81","status":"ok","duration_ms":0,"attributes":{"db.operation.name":"schema","db.system":"postgresql"}}
{"event":"correlation_span","name":"repository.query","kind":"client","trace_id":"ca9c47634ab5d909422a3d40626394b7","span_id":"8de48d4ec6f6a9ae","status":"ok","duration_ms":0,"attributes":{"db.operation.name":"query","db.system":"postgresql"}}
{"event":"correlation_span","name":"repository.schema","kind":"client","trace_id":"0bd18b2d007a223d3e6daa57d6c70ed9","span_id":"f2727c5b55dd4028","status":"ok","duration_ms":0,"attributes":{"db.operation.name":"schema","db.system":"postgresql"}}
{"event":"correlation_span","name":"repository.query","kind":"client","trace_id":"3f845e7f6d15516469bec1c93962628e","span_id":"a17ee19866c4ccf9","status":"ok","duration_ms":0,"attributes":{"db.operation.name":"query","db.system":"postgresql"}}
{"event":"correlation_span","name":"repository.query","kind":"client","trace_id":"023dbd093e6b821ff819f5e54a65dc08","span_id":"2cea067c60dc2357","parent_span_id":"ef0e31df2eb6c0c5","status":"ok","duration_ms":0,"attributes":{"db.operation.name":"query","db.system":"postgresql"}}
{"correlation_id":"pid_42d16d60-9c12-4a6f-89d9-b28b2f148e3b","duration_ms":0,"event":"http_request","method":"POST","route":"/api/v1/security-agents","severity":"INFO","span_id":"ef0e31df2eb6c0c5","status":409,"timestamp":"2026-10-06T02:07:14.04881461Z","trace_id":"023dbd093e6b821ff819f5e54a65dc08"}
{"correlation_id":"pid_42d16d60-9c12-4a6f-89d9-b28b2f148e3b","event":"audit_outcome","operation":"POST /api/v1/security-agents","outcome":"rejected","severity":"INFO","timestamp":"2026-10-06T02:07:14.048925637Z","trace_id":"023dbd093e6b821ff819f5e54a65dc08"}
{"event":"correlation_span","name":"http.request","kind":"server","trace_id":"023dbd093e6b821ff819f5e54a65dc08","span_id":"ef0e31df2eb6c0c5","parent_span_id":"cf820b129cda5320","status":"ok","duration_ms":0,"attributes":{"http.request.method":"POST","http.response.status_code":"409","http.route":"/api/v1/security-agents"}}
=== RUN   TestExistingTestDraftMountedProductionComposition/corrupt55
{"event":"correlation_span","name":"repository.query","kind":"client","trace_id":"b7d8bc3d6542b9d8f21ab1961c5398e0","span_id":"5863cd125f7b22b7","status":"ok","duration_ms":0,"attributes":{"db.operation.name":"query","db.system":"postgresql"}}
{"event":"correlation_span","name":"repository.query","kind":"client","trace_id":"77306f980e9dddecb587d160dd5f0800","span_id":"16b309aa61947c68","status":"ok","duration_ms":0,"attributes":{"db.operation.name":"query","db.system":"postgresql"}}
{"event":"correlation_span","name":"repository.schema","kind":"client","trace_id":"19c8c3e6bd77bf113a644faf9db4bfe3","span_id":"24953bd698214eb9","status":"ok","duration_ms":0,"attributes":{"db.operation.name":"schema","db.system":"postgresql"}}
{"event":"correlation_span","name":"repository.schema","kind":"client","trace_id":"dc8de740dcc34d509ed17c6b7068ad17","span_id":"4c378615abf41859","status":"ok","duration_ms":0,"attributes":{"db.operation.name":"schema","db.system":"postgresql"}}
{"event":"correlation_span","name":"repository.query","kind":"client","trace_id":"9783044e9d422f7df20d1b790a679984","span_id":"d6cf0b4bbf0c3c45","status":"ok","duration_ms":0,"attributes":{"db.operation.name":"query","db.system":"postgresql"}}
{"event":"correlation_span","name":"repository.query","kind":"client","trace_id":"4510981ac0fb763befc1e39971daa877","span_id":"ddabbd406fefa8c9","status":"ok","duration_ms":0,"attributes":{"db.operation.name":"query","db.system":"postgresql"}}
{"event":"correlation_span","name":"repository.schema","kind":"client","trace_id":"483a74274ac67140e5deadb54f7ea5d8","span_id":"d43bf6c47fba9458","status":"ok","duration_ms":0,"attributes":{"db.operation.name":"schema","db.system":"postgresql"}}
{"event":"correlation_span","name":"repository.schema","kind":"client","trace_id":"4604db22ccca0f52838a32692ffe9a98","span_id":"bb606a6b987680cc","status":"ok","duration_ms":0,"attributes":{"db.operation.name":"schema","db.system":"postgresql"}}
{"event":"correlation_span","name":"repository.query","kind":"client","trace_id":"26fbd59d988b1773b75b5cc98c0d3ece","span_id":"2b9e2d271da6e205","status":"ok","duration_ms":0,"attributes":{"db.operation.name":"query","db.system":"postgresql"}}
{"event":"correlation_span","name":"repository.schema","kind":"client","trace_id":"e425d050ca1ea7737f94e509400aaf4d","span_id":"91653c6ad88d9c3d","status":"ok","duration_ms":0,"attributes":{"db.operation.name":"schema","db.system":"postgresql"}}
{"event":"correlation_span","name":"repository.query","kind":"client","trace_id":"7468a0989a4a31d9eb4c35f94456309e","span_id":"e9f53fb631c766d1","status":"ok","duration_ms":0,"attributes":{"db.operation.name":"query","db.system":"postgresql"}}
{"event":"correlation_span","name":"repository.query","kind":"client","trace_id":"4a27500d14d8d24083835cdd7e67a11e","span_id":"6399561a102b7da4","status":"ok","duration_ms":0,"attributes":{"db.operation.name":"query","db.system":"postgresql"}}
{"event":"correlation_span","name":"repository.schema","kind":"client","trace_id":"e98547cad55d38aff3119b15e8efef61","span_id":"73330ea3a8f524ad","status":"ok","duration_ms":0,"attributes":{"db.operation.name":"schema","db.system":"postgresql"}}
{"event":"correlation_span","name":"repository.query","kind":"client","trace_id":"e3e5e8dfd8681be9c81b96d295f5bb35","span_id":"0c79105754d0cbcd","status":"ok","duration_ms":0,"attributes":{"db.operation.name":"query","db.system":"postgresql"}}
{"event":"correlation_span","name":"repository.schema","kind":"client","trace_id":"3d5ec09fc0e2d9889900732994563fbf","span_id":"e0aab633bcbb9712","status":"ok","duration_ms":0,"attributes":{"db.operation.name":"schema","db.system":"postgresql"}}
{"event":"correlation_span","name":"repository.query","kind":"client","trace_id":"1adac250573174e73165432132d2059c","span_id":"50bf720520cbfc60","status":"ok","duration_ms":0,"attributes":{"db.operation.name":"query","db.system":"postgresql"}}
{"event":"correlation_span","name":"repository.schema","kind":"client","trace_id":"59a689ea9525a7971fb56112d1e1ca13","span_id":"a2e579134bb4a880","status":"ok","duration_ms":0,"attributes":{"db.operation.name":"schema","db.system":"postgresql"}}
{"event":"correlation_span","name":"repository.query","kind":"client","trace_id":"aac43ff65be7c043efdb7e107545dafe","span_id":"259bc52b0c9e801e","status":"ok","duration_ms":0,"attributes":{"db.operation.name":"query","db.system":"postgresql"}}
{"event":"correlation_span","name":"repository.query","kind":"client","trace_id":"5c941f11b3fc99df1ff782c21e9d0b15","span_id":"cc958d793d9e7a7f","parent_span_id":"b4a0fc4e83b3aa32","status":"ok","duration_ms":0,"attributes":{"db.operation.name":"query","db.system":"postgresql"}}
{"event":"correlation_span","name":"repository.query","kind":"client","trace_id":"5c941f11b3fc99df1ff782c21e9d0b15","span_id":"6b58d1e6e554eba7","parent_span_id":"b4a0fc4e83b3aa32","status":"ok","duration_ms":0,"attributes":{"db.operation.name":"query","db.system":"postgresql"}}
{"event":"correlation_span","name":"repository.query","kind":"client","trace_id":"5c941f11b3fc99df1ff782c21e9d0b15","span_id":"403d837469e3fb57","parent_span_id":"b4a0fc4e83b3aa32","status":"error","duration_ms":0,"attributes":{"db.operation.name":"query","db.system":"postgresql"}}
{"correlation_id":"pid_ad90f588-9618-4872-bf3b-0ce302dfee6d","duration_ms":62,"event":"http_request","method":"POST","route":"/api/v1/security-agents","severity":"INFO","span_id":"b4a0fc4e83b3aa32","status":503,"timestamp":"2026-10-06T02:07:14.121206432Z","trace_id":"5c941f11b3fc99df1ff782c21e9d0b15"}
{"correlation_id":"pid_ad90f588-9618-4872-bf3b-0ce302dfee6d","event":"audit_outcome","operation":"POST /api/v1/security-agents","outcome":"rejected","severity":"INFO","timestamp":"2026-10-06T02:07:14.12125212Z","trace_id":"5c941f11b3fc99df1ff782c21e9d0b15"}
{"event":"correlation_span","name":"http.request","kind":"server","trace_id":"5c941f11b3fc99df1ff782c21e9d0b15","span_id":"b4a0fc4e83b3aa32","parent_span_id":"40eaaa9dbd660e3a","status":"error","duration_ms":62,"attributes":{"http.request.method":"POST","http.response.status_code":"503","http.route":"/api/v1/security-agents"}}
--- PASS: TestExistingTestDraftMountedProductionComposition (0.40s)
    --- PASS: TestExistingTestDraftMountedProductionComposition/healthy (0.27s)
    --- PASS: TestExistingTestDraftMountedProductionComposition/missing_permission (0.01s)
    --- PASS: TestExistingTestDraftMountedProductionComposition/wrong_csrf (0.02s)
    --- PASS: TestExistingTestDraftMountedProductionComposition/wrong_origin (0.01s)
    --- PASS: TestExistingTestDraftMountedProductionComposition/foreign_scope (0.01s)
    --- PASS: TestExistingTestDraftMountedProductionComposition/corrupt55 (0.07s)
=== RUN   TestExistingTestCatalogMountedProductionComposition
{"event":"correlation_span","name":"repository.query","kind":"client","trace_id":"05e256fc66d50a2976c27839e380d6ef","span_id":"b9ec7ebfe8dfae9b","status":"ok","duration_ms":0,"attributes":{"db.operation.name":"query","db.system":"postgresql"}}
{"event":"correlation_span","name":"repository.query","kind":"client","trace_id":"f31e313b20ce6cd0d513fd0ecd556512","span_id":"b32f9c7742090139","status":"ok","duration_ms":0,"attributes":{"db.operation.name":"query","db.system":"postgresql"}}
{"event":"correlation_span","name":"repository.schema","kind":"client","trace_id":"c499d0c72f3667fb32434c0bd4abeaae","span_id":"1aba6e9d3329f69f","status":"ok","duration_ms":0,"attributes":{"db.operation.name":"schema","db.system":"postgresql"}}
{"event":"correlation_span","name":"repository.schema","kind":"client","trace_id":"3a812aa7fbbfc860cab0147f84b870e5","span_id":"131fb76154b1d42a","status":"ok","duration_ms":0,"attributes":{"db.operation.name":"schema","db.system":"postgresql"}}
{"event":"correlation_span","name":"repository.query","kind":"client","trace_id":"4e579e956948ad1e29ac6c0119fa4dcc","span_id":"580c3258c43effe2","status":"ok","duration_ms":0,"attributes":{"db.operation.name":"query","db.system":"postgresql"}}
{"event":"correlation_span","name":"repository.query","kind":"client","trace_id":"7254fecaa95420dfa539819d4eb4526d","span_id":"6fbfa376588c3552","status":"ok","duration_ms":0,"attributes":{"db.operation.name":"query","db.system":"postgresql"}}
{"event":"correlation_span","name":"repository.schema","kind":"client","trace_id":"2163d4656fd1002768cf44b527e72cea","span_id":"1fc7953be76f00b5","status":"ok","duration_ms":0,"attributes":{"db.operation.name":"schema","db.system":"postgresql"}}
{"event":"correlation_span","name":"repository.schema","kind":"client","trace_id":"7638a5adb293c0da5579cabefac0fa30","span_id":"d3fbe5ee50d7b3f4","status":"ok","duration_ms":0,"attributes":{"db.operation.name":"schema","db.system":"postgresql"}}
{"event":"correlation_span","name":"repository.query","kind":"client","trace_id":"cd799f6c9f216e3d979a2b6b66d14d4e","span_id":"3104c2cd6e5be665","status":"ok","duration_ms":0,"attributes":{"db.operation.name":"query","db.system":"postgresql"}}
{"event":"correlation_span","name":"repository.schema","kind":"client","trace_id":"f7dacec02199d2184ce1f007ad85e2b9","span_id":"73c7dc674f5d3755","status":"ok","duration_ms":0,"attributes":{"db.operation.name":"schema","db.system":"postgresql"}}
{"event":"correlation_span","name":"repository.query","kind":"client","trace_id":"dbc5f2507ab3f6a2ac235d46c3406c68","span_id":"a5d4f2bb9bcd0d65","status":"ok","duration_ms":0,"attributes":{"db.operation.name":"query","db.system":"postgresql"}}
{"event":"correlation_span","name":"repository.query","kind":"client","trace_id":"bd7218db69819578fd085d26704b8051","span_id":"90348340b4546279","status":"ok","duration_ms":0,"attributes":{"db.operation.name":"query","db.system":"postgresql"}}
{"event":"correlation_span","name":"repository.schema","kind":"client","trace_id":"9a7176cdbf794772e84db12ae6ebbbba","span_id":"519d4a1c411aab9b","status":"ok","duration_ms":0,"attributes":{"db.operation.name":"schema","db.system":"postgresql"}}
{"event":"correlation_span","name":"repository.query","kind":"client","trace_id":"b82513649d4798fe1af5278af3038310","span_id":"e7469e74138d084d","status":"ok","duration_ms":0,"attributes":{"db.operation.name":"query","db.system":"postgresql"}}
{"event":"correlation_span","name":"repository.schema","kind":"client","trace_id":"de7fee1804b36cad9bfaf0a6566ad2a5","span_id":"f475bce198613698","status":"ok","duration_ms":0,"attributes":{"db.operation.name":"schema","db.system":"postgresql"}}
{"event":"correlation_span","name":"repository.query","kind":"client","trace_id":"22a4c7d1835af9083350d545b51c7569","span_id":"93edc4e2c4c89be3","status":"ok","duration_ms":0,"attributes":{"db.operation.name":"query","db.system":"postgresql"}}
{"event":"correlation_span","name":"repository.schema","kind":"client","trace_id":"36e4b621ec70327f2884ffc2d558c510","span_id":"0722e629f0b6b33b","status":"ok","duration_ms":0,"attributes":{"db.operation.name":"schema","db.system":"postgresql"}}
{"event":"correlation_span","name":"repository.query","kind":"client","trace_id":"27c451c6575d10a5ed7c3eae0a97d4e0","span_id":"21c914acd114ddbe","status":"ok","duration_ms":0,"attributes":{"db.operation.name":"query","db.system":"postgresql"}}
{"event":"correlation_span","name":"repository.query","kind":"client","trace_id":"d8ee7124238b1e06b2f7680bc12c5366","span_id":"7325b8e15d51bde1","parent_span_id":"45797093e291001c","status":"ok","duration_ms":0,"attributes":{"db.operation.name":"query","db.system":"postgresql"}}
{"correlation_id":"pid_92126b77-8fce-489d-b47c-1a5abee1473c","duration_ms":0,"event":"http_request","method":"GET","route":"/api/v1/security-agent-templates","severity":"INFO","span_id":"45797093e291001c","status":200,"timestamp":"2026-10-06T02:07:14.130191224Z","trace_id":"d8ee7124238b1e06b2f7680bc12c5366"}
{"event":"correlation_span","name":"http.request","kind":"server","trace_id":"d8ee7124238b1e06b2f7680bc12c5366","span_id":"45797093e291001c","parent_span_id":"8a4a378a7083befc","status":"ok","duration_ms":0,"attributes":{"http.request.method":"GET","http.response.status_code":"200","http.route":"/api/v1/security-agent-templates"}}
{"event":"correlation_span","name":"repository.query","kind":"client","trace_id":"de7f281c59e52aba90e7b02f12d376e5","span_id":"a3c806712f4f45ae","parent_span_id":"b74c1b7fe53fe2d1","status":"ok","duration_ms":0,"attributes":{"db.operation.name":"query","db.system":"postgresql"}}
{"correlation_id":"pid_6a216341-c155-4dea-9959-cb402f30ff18","duration_ms":0,"event":"http_request","method":"GET","route":"/unmatched","severity":"INFO","span_id":"b74c1b7fe53fe2d1","status":200,"timestamp":"2026-10-06T02:07:14.130622152Z","trace_id":"de7f281c59e52aba90e7b02f12d376e5"}
{"event":"correlation_span","name":"http.request","kind":"server","trace_id":"de7f281c59e52aba90e7b02f12d376e5","span_id":"b74c1b7fe53fe2d1","parent_span_id":"99ee905d48003cbc","status":"ok","duration_ms":0,"attributes":{"http.request.method":"GET","http.response.status_code":"200","http.route":"/unmatched"}}
{"event":"correlation_span","name":"repository.query","kind":"client","trace_id":"b7a57f2566b063a62c6f3e8ed133b3b3","span_id":"b8008b5d87fe7f83","parent_span_id":"c26d86414e9da847","status":"ok","duration_ms":0,"attributes":{"db.operation.name":"query","db.system":"postgresql"}}
{"correlation_id":"pid_58bbf2bd-4284-4749-8396-d4d12d66ae07","duration_ms":0,"event":"http_request","method":"GET","route":"/api/v1/security-agent-templates","severity":"INFO","span_id":"c26d86414e9da847","status":503,"timestamp":"2026-10-06T02:07:14.130965039Z","trace_id":"b7a57f2566b063a62c6f3e8ed133b3b3"}
{"event":"correlation_span","name":"http.request","kind":"server","trace_id":"b7a57f2566b063a62c6f3e8ed133b3b3","span_id":"c26d86414e9da847","parent_span_id":"a137493173bbc31e","status":"error","duration_ms":0,"attributes":{"http.request.method":"GET","http.response.status_code":"503","http.route":"/api/v1/security-agent-templates"}}
{"event":"correlation_span","name":"repository.query","kind":"client","trace_id":"5eb64b897165b47194e425f1c774129a","span_id":"4b75cb94f1955960","parent_span_id":"18a25a40f93680eb","status":"ok","duration_ms":0,"attributes":{"db.operation.name":"query","db.system":"postgresql"}}
{"correlation_id":"pid_16a6ea4e-f61f-4812-a376-43e0bc1b9abd","duration_ms":0,"event":"http_request","method":"GET","route":"/unmatched","severity":"INFO","span_id":"18a25a40f93680eb","status":503,"timestamp":"2026-10-06T02:07:14.131237298Z","trace_id":"5eb64b897165b47194e425f1c774129a"}
{"event":"correlation_span","name":"http.request","kind":"server","trace_id":"5eb64b897165b47194e425f1c774129a","span_id":"18a25a40f93680eb","parent_span_id":"249823206d1efaa1","status":"error","duration_ms":0,"attributes":{"http.request.method":"GET","http.response.status_code":"503","http.route":"/unmatched"}}
{"event":"correlation_span","name":"repository.query","kind":"client","trace_id":"e8106bc0e0fda8898d4d781f18ef2fee","span_id":"aa4593d0277df7b0","parent_span_id":"cc3b5522afb728eb","status":"ok","duration_ms":0,"attributes":{"db.operation.name":"query","db.system":"postgresql"}}
{"correlation_id":"pid_75ce82f5-24f9-4221-84e1-9ee67dc058fa","duration_ms":0,"event":"http_request","method":"GET","route":"/api/v1/security-agent-templates","severity":"INFO","span_id":"cc3b5522afb728eb","status":200,"timestamp":"2026-10-06T02:07:14.131639223Z","trace_id":"e8106bc0e0fda8898d4d781f18ef2fee"}
{"event":"correlation_span","name":"http.request","kind":"server","trace_id":"e8106bc0e0fda8898d4d781f18ef2fee","span_id":"cc3b5522afb728eb","parent_span_id":"5a768764054aebb3","status":"ok","duration_ms":0,"attributes":{"http.request.method":"GET","http.response.status_code":"200","http.route":"/api/v1/security-agent-templates"}}
{"event":"correlation_span","name":"repository.query","kind":"client","trace_id":"8f0fde1c4263a9a66a0873f29ff116ee","span_id":"65b989178ee64fa3","parent_span_id":"745413399e61ce63","status":"ok","duration_ms":0,"attributes":{"db.operation.name":"query","db.system":"postgresql"}}
{"correlation_id":"pid_d1c4d3d2-fedc-4da2-8058-7c76714d1517","duration_ms":0,"event":"http_request","method":"GET","route":"/unmatched","severity":"INFO","span_id":"745413399e61ce63","status":200,"timestamp":"2026-10-06T02:07:14.132079706Z","trace_id":"8f0fde1c4263a9a66a0873f29ff116ee"}
{"event":"correlation_span","name":"http.request","kind":"server","trace_id":"8f0fde1c4263a9a66a0873f29ff116ee","span_id":"745413399e61ce63","parent_span_id":"c60587c472a1c9b6","status":"ok","duration_ms":0,"attributes":{"http.request.method":"GET","http.response.status_code":"200","http.route":"/unmatched"}}
--- PASS: TestExistingTestCatalogMountedProductionComposition (0.01s)
=== RUN   TestTracedDatabasePreservesExistingTestDraftAuthority
--- PASS: TestTracedDatabasePreservesExistingTestDraftAuthority (0.00s)
=== RUN   TestExportWorkflowConfigurationIsClosed
--- PASS: TestExportWorkflowConfigurationIsClosed (0.00s)
=== RUN   TestExportWorkflowProductionCatalogRequiresWorkersAndAdmission
=== RUN   TestExportWorkflowProductionCatalogRequiresWorkersAndAdmission/ready
=== RUN   TestExportWorkflowProductionCatalogRequiresWorkersAndAdmission/disabled
=== RUN   TestExportWorkflowProductionCatalogRequiresWorkersAndAdmission/admission_absent
=== RUN   TestExportWorkflowProductionCatalogRequiresWorkersAndAdmission/admission_drift
=== RUN   TestExportWorkflowProductionCatalogRequiresWorkersAndAdmission/worker_unavailable
=== RUN   TestExportWorkflowProductionCatalogRequiresWorkersAndAdmission/missing_storage
--- PASS: TestExportWorkflowProductionCatalogRequiresWorkersAndAdmission (0.63s)
    --- PASS: TestExportWorkflowProductionCatalogRequiresWorkersAndAdmission/ready (0.13s)
    --- PASS: TestExportWorkflowProductionCatalogRequiresWorkersAndAdmission/disabled (0.12s)
    --- PASS: TestExportWorkflowProductionCatalogRequiresWorkersAndAdmission/admission_absent (0.12s)
    --- PASS: TestExportWorkflowProductionCatalogRequiresWorkersAndAdmission/admission_drift (0.14s)
    --- PASS: TestExportWorkflowProductionCatalogRequiresWorkersAndAdmission/worker_unavailable (0.11s)
    --- PASS: TestExportWorkflowProductionCatalogRequiresWorkersAndAdmission/missing_storage (0.00s)
=== RUN   TestProductionFindingTicketSecretResolverReadsOnlyExactWebhookReference
--- PASS: TestProductionFindingTicketSecretResolverReadsOnlyExactWebhookReference (0.00s)
=== RUN   TestProductionFindingTicketGeneratorsReturnExactIndependentAuthority
--- PASS: TestProductionFindingTicketGeneratorsReturnExactIndependentAuthority (0.00s)
=== RUN   TestP7IdentityTracedNativeRuntime
    identity_native_runtime_test.go:32: requires owned parent fixture
--- SKIP: TestP7IdentityTracedNativeRuntime (0.00s)
=== RUN   TestRunLifecycleWorkersStartsAllAndCancelsSiblings
--- PASS: TestRunLifecycleWorkersStartsAllAndCancelsSiblings (0.00s)
=== RUN   TestRunLifecycleWorkersFailsClosedWhenOneWorkerStops
--- PASS: TestRunLifecycleWorkersFailsClosedWhenOneWorkerStops (0.00s)
=== RUN   TestRunLifecycleWorkersRejectsInvalidConfiguration
--- PASS: TestRunLifecycleWorkersRejectsInvalidConfiguration (0.00s)
=== RUN   TestRunPrintsExactBuildVersion
=== PAUSE TestRunPrintsExactBuildVersion
=== RUN   TestRunRejectsInvalidBuildVersionWithoutOutput
=== PAUSE TestRunRejectsInvalidBuildVersionWithoutOutput
=== RUN   TestRunReturnsWriterFailure
=== PAUSE TestRunReturnsWriterFailure
=== RUN   TestRunRejectsNilWriter
=== PAUSE TestRunRejectsNilWriter
=== RUN   TestDefaultBuildVersion
=== PAUSE TestDefaultBuildVersion
=== RUN   TestServeProcessExposesExactHealthEndpoints
=== PAUSE TestServeProcessExposesExactHealthEndpoints
=== RUN   TestServeProcessFailsBeforeOrClosesListener
=== PAUSE TestServeProcessFailsBeforeOrClosesListener
=== RUN   TestNangoOAuthProviderBindsLifecycleToExactTenantAndPrivateAuthority
--- PASS: TestNangoOAuthProviderBindsLifecycleToExactTenantAndPrivateAuthority (0.00s)
=== RUN   TestNangoOAuthProviderRejectsAuthorityDriftBeforeNangoIO
--- PASS: TestNangoOAuthProviderRejectsAuthorityDriftBeforeNangoIO (0.00s)
=== RUN   TestNangoOAuthProviderRejectsMalformedWorkspaceProofBeforeActivation
--- PASS: TestNangoOAuthProviderRejectsMalformedWorkspaceProofBeforeActivation (0.00s)
=== RUN   TestNangoServiceSecretResolverMapsOnlyExactPrivateReference
--- PASS: TestNangoServiceSecretResolverMapsOnlyExactPrivateReference (0.00s)
=== RUN   TestProductionNangoRegistrationIsOptionalAndAddsOnlySlackLongTailAuthority
--- PASS: TestProductionNangoRegistrationIsOptionalAndAddsOnlySlackLongTailAuthority (0.00s)
=== RUN   TestNangoCapabilityReadinessCachesOnlySuccessAndRechecksClockRollback
--- PASS: TestNangoCapabilityReadinessCachesOnlySuccessAndRechecksClockRollback (0.00s)
=== RUN   TestOperationalMetricsNormalizeAndBoundHostileLabels
--- PASS: TestOperationalMetricsNormalizeAndBoundHostileLabels (0.02s)
=== RUN   TestAuditExportOperationalLabelsAreBounded
--- PASS: TestAuditExportOperationalLabelsAreBounded (0.00s)
=== RUN   TestOperationalSLOHistogramsSurviveDetailedSeriesOverflow
--- PASS: TestOperationalSLOHistogramsSurviveDetailedSeriesOverflow (0.00s)
=== RUN   TestStructuredCorrelationRecordDoesNotClaimOpenTelemetryExport
--- PASS: TestStructuredCorrelationRecordDoesNotClaimOpenTelemetryExport (0.00s)
=== RUN   TestEdgeSecurityAcceptsOnlyExactTrustedTLSForwarding
=== RUN   TestEdgeSecurityAcceptsOnlyExactTrustedTLSForwarding/proto
=== RUN   TestEdgeSecurityAcceptsOnlyExactTrustedTLSForwarding/forwarded_host
=== RUN   TestEdgeSecurityAcceptsOnlyExactTrustedTLSForwarding/forwarded_port
=== RUN   TestEdgeSecurityAcceptsOnlyExactTrustedTLSForwarding/forwarded_for
=== RUN   TestEdgeSecurityAcceptsOnlyExactTrustedTLSForwarding/raw_forwarded
=== RUN   TestEdgeSecurityAcceptsOnlyExactTrustedTLSForwarding/host
=== RUN   TestEdgeSecurityAcceptsOnlyExactTrustedTLSForwarding/origin
=== RUN   TestEdgeSecurityAcceptsOnlyExactTrustedTLSForwarding/proxy
--- PASS: TestEdgeSecurityAcceptsOnlyExactTrustedTLSForwarding (0.00s)
    --- PASS: TestEdgeSecurityAcceptsOnlyExactTrustedTLSForwarding/proto (0.00s)
    --- PASS: TestEdgeSecurityAcceptsOnlyExactTrustedTLSForwarding/forwarded_host (0.00s)
    --- PASS: TestEdgeSecurityAcceptsOnlyExactTrustedTLSForwarding/forwarded_port (0.00s)
    --- PASS: TestEdgeSecurityAcceptsOnlyExactTrustedTLSForwarding/forwarded_for (0.00s)
    --- PASS: TestEdgeSecurityAcceptsOnlyExactTrustedTLSForwarding/raw_forwarded (0.00s)
    --- PASS: TestEdgeSecurityAcceptsOnlyExactTrustedTLSForwarding/host (0.00s)
    --- PASS: TestEdgeSecurityAcceptsOnlyExactTrustedTLSForwarding/origin (0.00s)
    --- PASS: TestEdgeSecurityAcceptsOnlyExactTrustedTLSForwarding/proxy (0.00s)
=== RUN   TestOperationalMiddlewareRedactsAndBoundsTraffic
--- PASS: TestOperationalMiddlewareRedactsAndBoundsTraffic (0.00s)
=== RUN   TestRepositoryAndProviderBoundariesExportChildSpansAndMetrics
--- PASS: TestRepositoryAndProviderBoundariesExportChildSpansAndMetrics (0.00s)
=== RUN   TestTrustedForwardedClientDrivesSpoofProofRateLimit
--- PASS: TestTrustedForwardedClientDrivesSpoofProofRateLimit (0.00s)
=== RUN   TestOperationalMiddlewarePropagatesBoundedRequestDeadline
--- PASS: TestOperationalMiddlewarePropagatesBoundedRequestDeadline (0.01s)
=== RUN   TestOrderedHTTPTracingVerifier
--- PASS: TestOrderedHTTPTracingVerifier (0.00s)
=== RUN   TestOrderedHTTPRuntimeCompositionRequiresAuthority
{"event":"correlation_span","name":"repository.schema","kind":"client","trace_id":"e4b306ea0b0b980064e3987a711165ba","span_id":"618b8d06a0b34102","status":"ok","duration_ms":0,"attributes":{"db.operation.name":"schema","db.system":"postgresql"}}
{"event":"correlation_span","name":"repository.schema","kind":"client","trace_id":"e7e05aa31e7580213e2f4f163d35d722","span_id":"c575c604f5eecbc2","status":"ok","duration_ms":0,"attributes":{"db.operation.name":"schema","db.system":"postgresql"}}
{"event":"correlation_span","name":"repository.query","kind":"client","trace_id":"949338eff65bae688bee1a19b8d7bc28","span_id":"4a4ca35bf459a138","status":"ok","duration_ms":0,"attributes":{"db.operation.name":"query","db.system":"postgresql"}}
{"event":"correlation_span","name":"repository.query","kind":"client","trace_id":"694368144972239d517bba0e4cceabf8","span_id":"27d3d5561371c85d","status":"ok","duration_ms":0,"attributes":{"db.operation.name":"query","db.system":"postgresql"}}
{"event":"correlation_span","name":"repository.schema","kind":"client","trace_id":"130971fc73e5d8760dc40a51b7924db6","span_id":"620d97a9ce5a4f01","status":"ok","duration_ms":0,"attributes":{"db.operation.name":"schema","db.system":"postgresql"}}
{"event":"correlation_span","name":"repository.schema","kind":"client","trace_id":"5c26e9c1deb59b7eb734a4837de26e42","span_id":"8b1c9b72b2fe4a73","status":"ok","duration_ms":0,"attributes":{"db.operation.name":"schema","db.system":"postgresql"}}
{"event":"correlation_span","name":"repository.query","kind":"client","trace_id":"13039415e3ec921c878895b1b75a0c00","span_id":"5e9030705d3d486f","status":"ok","duration_ms":0,"attributes":{"db.operation.name":"query","db.system":"postgresql"}}
{"event":"correlation_span","name":"repository.schema","kind":"client","trace_id":"c22339c25fdd85d8dad07fa94c75e09e","span_id":"3449fe1a0f10d2dd","status":"ok","duration_ms":0,"attributes":{"db.operation.name":"schema","db.system":"postgresql"}}
{"event":"correlation_span","name":"repository.schema","kind":"client","trace_id":"ebb37de300e24628da80a6c78469c1a3","span_id":"59670055eafb1d38","status":"ok","duration_ms":0,"attributes":{"db.operation.name":"schema","db.system":"postgresql"}}
{"event":"correlation_span","name":"repository.query","kind":"client","trace_id":"cd3663deb149b5a55a7a8035a278771b","span_id":"332ec5a962305dd4","status":"ok","duration_ms":0,"attributes":{"db.operation.name":"query","db.system":"postgresql"}}
{"event":"correlation_span","name":"repository.query","kind":"client","trace_id":"1a2842cfdd75ed13ce6d6a749994c1c6","span_id":"3df2c664681b9219","status":"ok","duration_ms":0,"attributes":{"db.operation.name":"query","db.system":"postgresql"}}
{"event":"correlation_span","name":"repository.schema","kind":"client","trace_id":"be81d0d053617d14adfeb47bf4a44cbe","span_id":"753e9d29bb24db0d","status":"ok","duration_ms":0,"attributes":{"db.operation.name":"schema","db.system":"postgresql"}}
{"event":"correlation_span","name":"repository.schema","kind":"client","trace_id":"0ddf4f545138af1b41a6cb803a3ac135","span_id":"5245b1b7d295c7fc","status":"ok","duration_ms":0,"attributes":{"db.operation.name":"schema","db.system":"postgresql"}}
{"event":"correlation_span","name":"repository.query","kind":"client","trace_id":"742290749d2a5880c1ce255b04867711","span_id":"44b9f8e2bfc20ace","status":"ok","duration_ms":0,"attributes":{"db.operation.name":"query","db.system":"postgresql"}}
--- PASS: TestOrderedHTTPRuntimeCompositionRequiresAuthority (0.01s)
=== RUN   TestP7OrderedReadinessRoutingCharacterization
=== RUN   TestP7OrderedReadinessRoutingCharacterization/current_typed_release_without_actor_proof
    ordered_readiness_routing_characterization_test.go:47: PRIVATE_DIAGNOSTIC call-entry remaining=999.995142ms expired=false
PRIVATE_DIAGNOSTIC production-authorization-pin elapsed=195.727256ms remaining=804.207415ms expired=false
PRIVATE_DIAGNOSTIC production-public-pin elapsed=100.481372ms remaining=703.674255ms expired=false
    ordered_readiness_routing_characterization_test.go:72: PRIVATE_DIAGNOSTIC QueryRow-entry remaining=703.598331ms expired=false
    ordered_readiness_routing_characterization_test.go:76: PRIVATE_DIAGNOSTIC fake-authorization-pin elapsed=191.882716ms remaining=511.663727ms expired=false
    ordered_readiness_routing_characterization_test.go:79: PRIVATE_DIAGNOSTIC fake-public-pin elapsed=109.709255ms remaining=401.800841ms expired=false
    ordered_readiness_routing_characterization_test.go:49: PRIVATE_DIAGNOSTIC call-return elapsed=598.55184ms remaining=401.443293ms expired=false error=false
    ordered_readiness_routing_characterization_test.go:57: current=true refused=false QueryRow=1 Begin=0 Exec=0
=== RUN   TestP7OrderedReadinessRoutingCharacterization/noncurrent_exact_release_control
    ordered_readiness_routing_characterization_test.go:47: PRIVATE_DIAGNOSTIC call-entry remaining=999.991597ms expired=false
    ordered_readiness_routing_characterization_test.go:72: PRIVATE_DIAGNOSTIC QueryRow-entry remaining=887.72317ms expired=false
    ordered_readiness_routing_characterization_test.go:49: PRIVATE_DIAGNOSTIC call-return elapsed=217.929831ms remaining=782.061746ms expired=false error=false
    ordered_readiness_routing_characterization_test.go:57: current=false refused=false QueryRow=1 Begin=0 Exec=0
--- PASS: TestP7OrderedReadinessRoutingCharacterization (0.82s)
    --- PASS: TestP7OrderedReadinessRoutingCharacterization/current_typed_release_without_actor_proof (0.60s)
    --- PASS: TestP7OrderedReadinessRoutingCharacterization/noncurrent_exact_release_control (0.22s)
=== RUN   TestProductionPolicyHistoryOwnsHardenedExplicitAWSAuthority
--- PASS: TestProductionPolicyHistoryOwnsHardenedExplicitAWSAuthority (0.00s)
=== RUN   TestProductionPolicyHistoryRejectsForeignOrMutableIndexAuthority
=== RUN   TestProductionPolicyHistoryRejectsForeignOrMutableIndexAuthority/http
=== RUN   TestProductionPolicyHistoryRejectsForeignOrMutableIndexAuthority/foreign_region
=== RUN   TestProductionPolicyHistoryRejectsForeignOrMutableIndexAuthority/path
=== RUN   TestProductionPolicyHistoryRejectsForeignOrMutableIndexAuthority/index
--- PASS: TestProductionPolicyHistoryRejectsForeignOrMutableIndexAuthority (0.00s)
    --- PASS: TestProductionPolicyHistoryRejectsForeignOrMutableIndexAuthority/http (0.00s)
    --- PASS: TestProductionPolicyHistoryRejectsForeignOrMutableIndexAuthority/foreign_region (0.00s)
    --- PASS: TestProductionPolicyHistoryRejectsForeignOrMutableIndexAuthority/path (0.00s)
    --- PASS: TestProductionPolicyHistoryRejectsForeignOrMutableIndexAuthority/index (0.00s)
=== RUN   TestRuntimePostgresCancellationShutdownDiagnostic
    postgres_shutdown_diagnostic_test.go:14: owned PostgreSQL shutdown diagnostic only
--- SKIP: TestRuntimePostgresCancellationShutdownDiagnostic (0.00s)
=== RUN   TestMountPublicSurfaceRoutesOnlyTheExactStytchWebhookPath
--- PASS: TestMountPublicSurfaceRoutesOnlyTheExactStytchWebhookPath (0.00s)
=== RUN   TestReconciliationMaintenanceStartsUnavailable
--- PASS: TestReconciliationMaintenanceStartsUnavailable (0.00s)
=== RUN   TestReconciliationMaintenancePrometheusExposition
    reconciliation_maintenance_test.go:28: enable actual Prometheus exposition validation with ZASP_PROMTOOL_BIN
--- SKIP: TestReconciliationMaintenancePrometheusExposition (0.00s)
=== RUN   TestReconciliationMaintenanceRejectsStaleFailedAndForeignSamples
--- PASS: TestReconciliationMaintenanceRejectsStaleFailedAndForeignSamples (0.00s)
=== RUN   TestReconciliationMaintenanceStopsAndInvalidatesBeforeShutdown
--- PASS: TestReconciliationMaintenanceStopsAndInvalidatesBeforeShutdown (0.00s)
=== RUN   TestReconciliationMaintenanceDiscardsLateSuccessAfterCancellation
--- PASS: TestReconciliationMaintenanceDiscardsLateSuccessAfterCancellation (0.00s)
=== RUN   TestAWSCustomerRolePrefixesAreBoundedAndExact
--- PASS: TestAWSCustomerRolePrefixesAreBoundedAndExact (0.00s)
=== RUN   TestReferenceSecretResolverMapsOnlyCanonicalNamespaces
--- PASS: TestReferenceSecretResolverMapsOnlyCanonicalNamespaces (0.00s)
=== RUN   TestAWSReferenceIdentityUsesOnlyExplicitScopedAssumeRoleCredentials
--- PASS: TestAWSReferenceIdentityUsesOnlyExplicitScopedAssumeRoleCredentials (0.00s)
=== RUN   TestReferenceProviderConfigurationDecodersRejectTrailingDocuments
--- PASS: TestReferenceProviderConfigurationDecodersRejectTrailingDocuments (0.00s)
=== RUN   TestKubernetesReferenceProbeRejectsAnyDNSAddressOutsideConfiguredCIDRsBeforeSecrets
--- PASS: TestKubernetesReferenceProbeRejectsAnyDNSAddressOutsideConfiguredCIDRsBeforeSecrets (0.00s)
=== RUN   TestRunContextMountedProductionComposition
{"event":"correlation_span","name":"repository.query","kind":"client","trace_id":"ef82f7b54c55f2451a42615e3a5edeec","span_id":"918d10e41687821c","status":"ok","duration_ms":0,"attributes":{"db.operation.name":"query","db.system":"postgresql"}}
{"event":"correlation_span","name":"repository.query","kind":"client","trace_id":"55bcab5b84b4db2e756f7d35dac00997","span_id":"b27aa999085c4cf2","status":"ok","duration_ms":0,"attributes":{"db.operation.name":"query","db.system":"postgresql"}}
{"event":"correlation_span","name":"repository.schema","kind":"client","trace_id":"226182594dc9d2ecb6d9a0a5977ed327","span_id":"35981a771a497c9a","status":"ok","duration_ms":0,"attributes":{"db.operation.name":"schema","db.system":"postgresql"}}
{"event":"correlation_span","name":"repository.schema","kind":"client","trace_id":"ca8c73ec60e1576b673bc662ff8b4067","span_id":"a8725b332997648b","status":"ok","duration_ms":0,"attributes":{"db.operation.name":"schema","db.system":"postgresql"}}
{"event":"correlation_span","name":"repository.query","kind":"client","trace_id":"7170e7cac45d012799ce14d4d255b8a0","span_id":"0cc17506667d1981","status":"ok","duration_ms":0,"attributes":{"db.operation.name":"query","db.system":"postgresql"}}
{"event":"correlation_span","name":"repository.query","kind":"client","trace_id":"69192b017d2a3306aef5db218a37d31c","span_id":"cfcdf2aa5b119ebe","status":"ok","duration_ms":0,"attributes":{"db.operation.name":"query","db.system":"postgresql"}}
{"event":"correlation_span","name":"repository.schema","kind":"client","trace_id":"c7e1e66b20396ed2d64896aef0adeced","span_id":"4187c9e495733bc6","status":"ok","duration_ms":0,"attributes":{"db.operation.name":"schema","db.system":"postgresql"}}
{"event":"correlation_span","name":"repository.schema","kind":"client","trace_id":"f3fff2718d7f93f4177df60b561c4fa6","span_id":"86879b39051d21c2","status":"ok","duration_ms":0,"attributes":{"db.operation.name":"schema","db.system":"postgresql"}}
{"event":"correlation_span","name":"repository.query","kind":"client","trace_id":"e8b45192fdf26c5af220b46dda301241","span_id":"5ec74e937eb94615","status":"ok","duration_ms":0,"attributes":{"db.operation.name":"query","db.system":"postgresql"}}
{"event":"correlation_span","name":"repository.schema","kind":"client","trace_id":"6e6f36fe0483cd546ff967bb34d6e6b4","span_id":"ae60695a5da22140","status":"ok","duration_ms":0,"attributes":{"db.operation.name":"schema","db.system":"postgresql"}}
{"event":"correlation_span","name":"repository.query","kind":"client","trace_id":"f4b014560b1bdd79bc2be07475a65894","span_id":"8b3ea37daa486d6f","status":"ok","duration_ms":0,"attributes":{"db.operation.name":"query","db.system":"postgresql"}}
{"event":"correlation_span","name":"repository.query","kind":"client","trace_id":"53160315e1a670b3fcda08419070d228","span_id":"df2c418415471835","status":"ok","duration_ms":0,"attributes":{"db.operation.name":"query","db.system":"postgresql"}}
{"event":"correlation_span","name":"repository.schema","kind":"client","trace_id":"c7fe667717155fc62eaead1eafd6dcd3","span_id":"1ebab9437c9b7c52","status":"ok","duration_ms":0,"attributes":{"db.operation.name":"schema","db.system":"postgresql"}}
{"event":"correlation_span","name":"repository.query","kind":"client","trace_id":"25d6ee8225909e9f0a159369588c2bcc","span_id":"8a1dff4ebbb9265b","status":"ok","duration_ms":0,"attributes":{"db.operation.name":"query","db.system":"postgresql"}}
{"event":"correlation_span","name":"repository.schema","kind":"client","trace_id":"71b2d7a67e724f432ff9d606eebf8ce6","span_id":"05f8f137ddd51653","status":"ok","duration_ms":0,"attributes":{"db.operation.name":"schema","db.system":"postgresql"}}
{"event":"correlation_span","name":"repository.query","kind":"client","trace_id":"f447dcc72698887129a75874f251b031","span_id":"5ea0bb6b0224a969","status":"ok","duration_ms":0,"attributes":{"db.operation.name":"query","db.system":"postgresql"}}
{"event":"correlation_span","name":"repository.schema","kind":"client","trace_id":"183836577699463cd5dbd3c317ccca6d","span_id":"811d506e33738021","status":"ok","duration_ms":0,"attributes":{"db.operation.name":"schema","db.system":"postgresql"}}
{"event":"correlation_span","name":"repository.query","kind":"client","trace_id":"0fdbcecc71d326e990bd6cb3556e4f2e","span_id":"5aeddc56cac7ec72","status":"ok","duration_ms":0,"attributes":{"db.operation.name":"query","db.system":"postgresql"}}
{"event":"correlation_span","name":"repository.query","kind":"client","trace_id":"614f2ca2a5ca1d185c58cb743881bf2a","span_id":"deba06e5a8fa3c3c","parent_span_id":"8b76c9f1d0e5a425","status":"ok","duration_ms":0,"attributes":{"db.operation.name":"query","db.system":"postgresql"}}
{"event":"correlation_span","name":"repository.query","kind":"client","trace_id":"614f2ca2a5ca1d185c58cb743881bf2a","span_id":"aa12a9b52e5dcc73","parent_span_id":"8b76c9f1d0e5a425","status":"ok","duration_ms":0,"attributes":{"db.operation.name":"query","db.system":"postgresql"}}
{"event":"correlation_span","name":"repository.query","kind":"client","trace_id":"614f2ca2a5ca1d185c58cb743881bf2a","span_id":"3bd23dbae9141041","parent_span_id":"8b76c9f1d0e5a425","status":"ok","duration_ms":0,"attributes":{"db.operation.name":"query","db.system":"postgresql"}}
{"correlation_id":"pid_401dd75a-d165-4271-ab35-c6f87b20eae2","duration_ms":1,"event":"http_request","method":"GET","route":"/unmatched","severity":"INFO","span_id":"8b76c9f1d0e5a425","status":200,"timestamp":"2026-10-06T02:07:15.644336729Z","trace_id":"614f2ca2a5ca1d185c58cb743881bf2a"}
{"event":"correlation_span","name":"http.request","kind":"server","trace_id":"614f2ca2a5ca1d185c58cb743881bf2a","span_id":"8b76c9f1d0e5a425","parent_span_id":"dfab77288813559d","status":"ok","duration_ms":1,"attributes":{"http.request.method":"GET","http.response.status_code":"200","http.route":"/unmatched"}}
{"event":"correlation_span","name":"repository.query","kind":"client","trace_id":"baf48379bb85405ea2e5ecdb32e47db1","span_id":"3046f0bfcb54efc6","parent_span_id":"f8da328878fe1b72","status":"ok","duration_ms":0,"attributes":{"db.operation.name":"query","db.system":"postgresql"}}
{"event":"correlation_span","name":"repository.query","kind":"client","trace_id":"baf48379bb85405ea2e5ecdb32e47db1","span_id":"3b5498c6d6b49caa","parent_span_id":"f8da328878fe1b72","status":"ok","duration_ms":0,"attributes":{"db.operation.name":"query","db.system":"postgresql"}}
{"event":"correlation_span","name":"repository.query","kind":"client","trace_id":"baf48379bb85405ea2e5ecdb32e47db1","span_id":"cec1e7da38982602","parent_span_id":"f8da328878fe1b72","status":"ok","duration_ms":0,"attributes":{"db.operation.name":"query","db.system":"postgresql"}}
{"correlation_id":"pid_c16f2006-78e5-465c-bc78-da19ad45e73e","duration_ms":1,"event":"http_request","method":"GET","route":"/unmatched","severity":"INFO","span_id":"f8da328878fe1b72","status":200,"timestamp":"2026-10-06T02:07:15.646423179Z","trace_id":"baf48379bb85405ea2e5ecdb32e47db1"}
{"event":"correlation_span","name":"http.request","kind":"server","trace_id":"baf48379bb85405ea2e5ecdb32e47db1","span_id":"f8da328878fe1b72","parent_span_id":"32c0d0f397fe348d","status":"ok","duration_ms":1,"attributes":{"http.request.method":"GET","http.response.status_code":"200","http.route":"/unmatched"}}
{"event":"correlation_span","name":"repository.query","kind":"client","trace_id":"e622e6a1f1aa2b053eef7c0531654560","span_id":"1347ceec681b8230","parent_span_id":"813aa9a84c6b3324","status":"ok","duration_ms":0,"attributes":{"db.operation.name":"query","db.system":"postgresql"}}
{"event":"correlation_span","name":"repository.query","kind":"client","trace_id":"e622e6a1f1aa2b053eef7c0531654560","span_id":"0b6e33d3da45acd7","parent_span_id":"813aa9a84c6b3324","status":"ok","duration_ms":0,"attributes":{"db.operation.name":"query","db.system":"postgresql"}}
{"correlation_id":"pid_46dea682-4dad-48d1-961f-27ad6542ec59","duration_ms":0,"event":"http_request","method":"GET","route":"/unmatched","severity":"INFO","span_id":"813aa9a84c6b3324","status":503,"timestamp":"2026-10-06T02:07:15.647022401Z","trace_id":"e622e6a1f1aa2b053eef7c0531654560"}
{"event":"correlation_span","name":"http.request","kind":"server","trace_id":"e622e6a1f1aa2b053eef7c0531654560","span_id":"813aa9a84c6b3324","parent_span_id":"1b9798f06ba4bae0","status":"error","duration_ms":0,"attributes":{"http.request.method":"GET","http.response.status_code":"503","http.route":"/unmatched"}}
--- PASS: TestRunContextMountedProductionComposition (0.01s)
=== RUN   TestTracedDatabasePreservesRunContextAuthority
=== RUN   TestTracedDatabasePreservesRunContextAuthority/legacy
=== RUN   TestTracedDatabasePreservesRunContextAuthority/registered54
=== RUN   TestTracedDatabasePreservesRunContextAuthority/corrupt54
--- PASS: TestTracedDatabasePreservesRunContextAuthority (0.00s)
    --- PASS: TestTracedDatabasePreservesRunContextAuthority/legacy (0.00s)
    --- PASS: TestTracedDatabasePreservesRunContextAuthority/registered54 (0.00s)
    --- PASS: TestTracedDatabasePreservesRunContextAuthority/corrupt54 (0.00s)
=== RUN   TestRuntimeServicesRejectPartialEnabledConfig
--- PASS: TestRuntimeServicesRejectPartialEnabledConfig (0.00s)
=== RUN   TestAPISessionIndexSelectionReachesSelectedProvider
=== RUN   TestAPISessionIndexSelectionReachesSelectedProvider/#00
=== RUN   TestAPISessionIndexSelectionReachesSelectedProvider/zasp-runtime-sessions-v1
=== RUN   TestAPISessionIndexSelectionReachesSelectedProvider/zasp-runtime-sessions-v2
=== RUN   TestAPISessionIndexSelectionReachesSelectedProvider/zasp-runtime-sessions-v3
=== RUN   TestAPISessionIndexSelectionReachesSelectedProvider/*
--- PASS: TestAPISessionIndexSelectionReachesSelectedProvider (0.01s)
    --- PASS: TestAPISessionIndexSelectionReachesSelectedProvider/#00 (0.00s)
    --- PASS: TestAPISessionIndexSelectionReachesSelectedProvider/zasp-runtime-sessions-v1 (0.00s)
    --- PASS: TestAPISessionIndexSelectionReachesSelectedProvider/zasp-runtime-sessions-v2 (0.00s)
    --- PASS: TestAPISessionIndexSelectionReachesSelectedProvider/zasp-runtime-sessions-v3 (0.00s)
    --- PASS: TestAPISessionIndexSelectionReachesSelectedProvider/* (0.00s)
=== RUN   TestAPISessionIndexConfigurationRejectsUnknownGeneration
--- PASS: TestAPISessionIndexConfigurationRejectsUnknownGeneration (0.00s)
=== RUN   TestRuntimeSessionSearchCompositionSelectsRepositoryAuthority
=== RUN   TestRuntimeSessionSearchCompositionSelectsRepositoryAuthority/default
{"event":"correlation_span","name":"repository.schema","kind":"client","trace_id":"cf7b6cbf4c8f3936c6fda418a412a98b","span_id":"5ea36040eb49cff7","status":"ok","duration_ms":0,"attributes":{"db.operation.name":"schema","db.system":"postgresql"}}
{"event":"correlation_span","name":"repository.schema","kind":"client","trace_id":"7860acb411a81d06edc33db350a03adf","span_id":"8eac6c403c556c8b","status":"ok","duration_ms":0,"attributes":{"db.operation.name":"schema","db.system":"postgresql"}}
{"event":"correlation_span","name":"repository.query","kind":"client","trace_id":"9280b73b19594aae580f70ad8e6c8cfa","span_id":"8db805ac18050ddf","status":"ok","duration_ms":0,"attributes":{"db.operation.name":"query","db.system":"postgresql"}}
{"event":"correlation_span","name":"repository.query","kind":"client","trace_id":"287ac9825f16314f4b77451fa795dfd4","span_id":"1651d16780cd12b2","status":"ok","duration_ms":0,"attributes":{"db.operation.name":"query","db.system":"postgresql"}}
{"event":"correlation_span","name":"repository.schema","kind":"client","trace_id":"fd75447262dd4124c2cdc0c2ca1d2b79","span_id":"5d96c966ee7dae0b","status":"ok","duration_ms":0,"attributes":{"db.operation.name":"schema","db.system":"postgresql"}}
{"event":"correlation_span","name":"repository.schema","kind":"client","trace_id":"0fa7c14e78c47d86ee8a33386ecdbe02","span_id":"c954837d5fad6c8a","status":"ok","duration_ms":0,"attributes":{"db.operation.name":"schema","db.system":"postgresql"}}
{"event":"correlation_span","name":"repository.query","kind":"client","trace_id":"ccd360decc413cacd813f3e7198a2012","span_id":"07f8a637aa42b0d1","status":"ok","duration_ms":0,"attributes":{"db.operation.name":"query","db.system":"postgresql"}}
{"event":"correlation_span","name":"repository.schema","kind":"client","trace_id":"ca1ca558824c48f475d0a98f6c3e90ed","span_id":"272f5677ec0ce2b5","status":"ok","duration_ms":0,"attributes":{"db.operation.name":"schema","db.system":"postgresql"}}
{"event":"correlation_span","name":"repository.query","kind":"client","trace_id":"ff6db7e20450a8e9364faa9203387ef5","span_id":"7f33b2b62a4a2119","status":"error","duration_ms":0,"attributes":{"db.operation.name":"query","db.system":"postgresql"}}
{"event":"correlation_span","name":"repository.schema","kind":"client","trace_id":"a547a53612c85b10693d5b48b363ebf8","span_id":"07fd64f4b3078a4e","status":"ok","duration_ms":0,"attributes":{"db.operation.name":"schema","db.system":"postgresql"}}
{"event":"correlation_span","name":"repository.query","kind":"client","trace_id":"b5deb05c61e0d5b0adae919311e00b83","span_id":"8641acd01092c963","status":"error","duration_ms":0,"attributes":{"db.operation.name":"query","db.system":"postgresql"}}
=== RUN   TestRuntimeSessionSearchCompositionSelectsRepositoryAuthority/explicit_v1
{"event":"correlation_span","name":"repository.schema","kind":"client","trace_id":"0149223fe56fedb587e78048d8a535db","span_id":"967ab3c5b976cbc7","status":"ok","duration_ms":0,"attributes":{"db.operation.name":"schema","db.system":"postgresql"}}
{"event":"correlation_span","name":"repository.schema","kind":"client","trace_id":"8af3a0d2ea3efcb762e7601129834b42","span_id":"b958c477bc9d009a","status":"ok","duration_ms":0,"attributes":{"db.operation.name":"schema","db.system":"postgresql"}}
{"event":"correlation_span","name":"repository.query","kind":"client","trace_id":"2de60b10d80338d843b410755cdc7320","span_id":"58a9e33be4b9d5a9","status":"ok","duration_ms":0,"attributes":{"db.operation.name":"query","db.system":"postgresql"}}
{"event":"correlation_span","name":"repository.query","kind":"client","trace_id":"cde1121332724a5eb1aaf00ab0bc4a1c","span_id":"65dc2c29a4acfeff","status":"ok","duration_ms":0,"attributes":{"db.operation.name":"query","db.system":"postgresql"}}
{"event":"correlation_span","name":"repository.schema","kind":"client","trace_id":"090ee2fd3f06928d3bfaa313a4e03098","span_id":"da39b9be1a3e8c37","status":"ok","duration_ms":0,"attributes":{"db.operation.name":"schema","db.system":"postgresql"}}
{"event":"correlation_span","name":"repository.schema","kind":"client","trace_id":"5526eeb8acaa53f37eefacdec6573c09","span_id":"e5479a430fcd7609","status":"ok","duration_ms":0,"attributes":{"db.operation.name":"schema","db.system":"postgresql"}}
{"event":"correlation_span","name":"repository.query","kind":"client","trace_id":"d0265412db5aee4cae18a654e57c69eb","span_id":"ef511d64b805c5c4","status":"ok","duration_ms":0,"attributes":{"db.operation.name":"query","db.system":"postgresql"}}
{"event":"correlation_span","name":"repository.schema","kind":"client","trace_id":"4a793a7810085c1eef2f395ef195c0aa","span_id":"42c6f8e4033b23a3","status":"ok","duration_ms":0,"attributes":{"db.operation.name":"schema","db.system":"postgresql"}}
{"event":"correlation_span","name":"repository.query","kind":"client","trace_id":"ff01abf4b8ed8bc73655566bccf7e50d","span_id":"83dc5e2a0eaa8bbd","status":"error","duration_ms":0,"attributes":{"db.operation.name":"query","db.system":"postgresql"}}
{"event":"correlation_span","name":"repository.schema","kind":"client","trace_id":"c19905eaf7bad1020b1bc5c9a3860efd","span_id":"29055fe4325d1103","status":"ok","duration_ms":0,"attributes":{"db.operation.name":"schema","db.system":"postgresql"}}
{"event":"correlation_span","name":"repository.query","kind":"client","trace_id":"bda6e73d6e378f64f486c9221a70d991","span_id":"a9504c98c8ee341e","status":"error","duration_ms":0,"attributes":{"db.operation.name":"query","db.system":"postgresql"}}
=== RUN   TestRuntimeSessionSearchCompositionSelectsRepositoryAuthority/v2_ready
{"event":"correlation_span","name":"repository.schema","kind":"client","trace_id":"c23466c3b072f54c5cca2bca83ad4c77","span_id":"05550d8e64def27c","status":"ok","duration_ms":0,"attributes":{"db.operation.name":"schema","db.system":"postgresql"}}
{"event":"correlation_span","name":"repository.schema","kind":"client","trace_id":"62cde05891061947762b032d91c47428","span_id":"81d6b03e9606b776","status":"ok","duration_ms":0,"attributes":{"db.operation.name":"schema","db.system":"postgresql"}}
{"event":"correlation_span","name":"repository.query","kind":"client","trace_id":"83eb4555f57a890f6eba899ec1f510bd","span_id":"2659a4eea8274546","status":"ok","duration_ms":0,"attributes":{"db.operation.name":"query","db.system":"postgresql"}}
{"event":"correlation_span","name":"repository.query","kind":"client","trace_id":"fc56af1d9bfe2058b6aa68631d4adced","span_id":"630718156f3b1fd9","status":"ok","duration_ms":0,"attributes":{"db.operation.name":"query","db.system":"postgresql"}}
{"event":"correlation_span","name":"repository.schema","kind":"client","trace_id":"743933a3d0d75b39e518828ec1d4d196","span_id":"c44dba46858c5e59","status":"ok","duration_ms":0,"attributes":{"db.operation.name":"schema","db.system":"postgresql"}}
{"event":"correlation_span","name":"repository.schema","kind":"client","trace_id":"958da677a650822980aaa233cd2ae017","span_id":"ce55588f9cc6dfe1","status":"ok","duration_ms":0,"attributes":{"db.operation.name":"schema","db.system":"postgresql"}}
{"event":"correlation_span","name":"repository.query","kind":"client","trace_id":"b77855c3bcf4aef7e8ffeba4f0d39153","span_id":"9e9f1727176e0534","status":"ok","duration_ms":0,"attributes":{"db.operation.name":"query","db.system":"postgresql"}}
{"event":"correlation_span","name":"repository.query","kind":"client","trace_id":"bf0dd18b1ff1efe7794d5744ab8cd8fd","span_id":"0b35823be516d073","status":"ok","duration_ms":0,"attributes":{"db.operation.name":"query","db.system":"postgresql"}}
{"event":"correlation_span","name":"repository.schema","kind":"client","trace_id":"7448b889ce789ad0014f42aceadf6356","span_id":"e6d35d78da3919e3","status":"ok","duration_ms":0,"attributes":{"db.operation.name":"schema","db.system":"postgresql"}}
{"event":"correlation_span","name":"repository.query","kind":"client","trace_id":"714f445b8b29b209facd632c9188579d","span_id":"db68f956ef7e4bff","status":"error","duration_ms":0,"attributes":{"db.operation.name":"query","db.system":"postgresql"}}
{"event":"correlation_span","name":"repository.query","kind":"client","trace_id":"9ba6f8b71fe33bcd7bdfa36635df1480","span_id":"16c7135d0e29ad9f","status":"ok","duration_ms":0,"attributes":{"db.operation.name":"query","db.system":"postgresql"}}
{"event":"correlation_span","name":"repository.schema","kind":"client","trace_id":"1c8da14f3af43507e1638145594130d1","span_id":"026ac34a691a68cc","status":"ok","duration_ms":0,"attributes":{"db.operation.name":"schema","db.system":"postgresql"}}
{"event":"correlation_span","name":"repository.query","kind":"client","trace_id":"1c9641842b96f497bde7ca6a4fcef5e2","span_id":"3feece5090925dfd","status":"error","duration_ms":0,"attributes":{"db.operation.name":"query","db.system":"postgresql"}}
=== RUN   TestRuntimeSessionSearchCompositionSelectsRepositoryAuthority/v2_denied
{"event":"correlation_span","name":"repository.schema","kind":"client","trace_id":"c862efc12e66bf88ea93c3349f73b5e1","span_id":"12f6d37fdd195c61","status":"ok","duration_ms":0,"attributes":{"db.operation.name":"schema","db.system":"postgresql"}}
{"event":"correlation_span","name":"repository.schema","kind":"client","trace_id":"61e5e40094551abb83e57f1a777b47be","span_id":"59179c198e78eeb9","status":"ok","duration_ms":0,"attributes":{"db.operation.name":"schema","db.system":"postgresql"}}
{"event":"correlation_span","name":"repository.query","kind":"client","trace_id":"fa61b3adbf5ed362c74536c0d240f627","span_id":"4d3ce7b168604d2c","status":"ok","duration_ms":0,"attributes":{"db.operation.name":"query","db.system":"postgresql"}}
{"event":"correlation_span","name":"repository.query","kind":"client","trace_id":"9320c22942ba567a17341e2b39d704f1","span_id":"0dcd6f1eabe94042","status":"ok","duration_ms":0,"attributes":{"db.operation.name":"query","db.system":"postgresql"}}
{"event":"correlation_span","name":"repository.schema","kind":"client","trace_id":"f1332d050397f3fa89023b6c8dbe9c46","span_id":"5a65a7e70ffaabe9","status":"ok","duration_ms":0,"attributes":{"db.operation.name":"schema","db.system":"postgresql"}}
{"event":"correlation_span","name":"repository.schema","kind":"client","trace_id":"f87eb544dd17e91fcd7703369ac3b48f","span_id":"06bc293ae94838fb","status":"ok","duration_ms":0,"attributes":{"db.operation.name":"schema","db.system":"postgresql"}}
{"event":"correlation_span","name":"repository.query","kind":"client","trace_id":"3450d3e905db68c284b370096e141736","span_id":"3927abf715f97fed","status":"ok","duration_ms":0,"attributes":{"db.operation.name":"query","db.system":"postgresql"}}
{"event":"correlation_span","name":"repository.query","kind":"client","trace_id":"6592fbbfffd0b01bdb0a44048eba41b2","span_id":"a5c48490f1af26e1","status":"ok","duration_ms":0,"attributes":{"db.operation.name":"query","db.system":"postgresql"}}
{"event":"correlation_span","name":"repository.query","kind":"client","trace_id":"0ed5072724e3741fa0a9b5f59e53a3ba","span_id":"0bcb8dfdf89c3a15","status":"ok","duration_ms":0,"attributes":{"db.operation.name":"query","db.system":"postgresql"}}
=== RUN   TestRuntimeSessionSearchCompositionSelectsRepositoryAuthority/v2_malformed
{"event":"correlation_span","name":"repository.schema","kind":"client","trace_id":"319d40808fcb7a668271c4169fbfcee4","span_id":"be6619993ce88496","status":"ok","duration_ms":0,"attributes":{"db.operation.name":"schema","db.system":"postgresql"}}
{"event":"correlation_span","name":"repository.schema","kind":"client","trace_id":"e0cd8737197cd3a59738cdb92a5361de","span_id":"dd45c2d9949a2074","status":"ok","duration_ms":0,"attributes":{"db.operation.name":"schema","db.system":"postgresql"}}
{"event":"correlation_span","name":"repository.query","kind":"client","trace_id":"f474a34fa4ef6aa1feddea795e78c7a7","span_id":"8b9c567cf9947c53","status":"ok","duration_ms":0,"attributes":{"db.operation.name":"query","db.system":"postgresql"}}
{"event":"correlation_span","name":"repository.query","kind":"client","trace_id":"eeb73cec8a961a7a005e930c09615a68","span_id":"976402feaed7f237","status":"ok","duration_ms":0,"attributes":{"db.operation.name":"query","db.system":"postgresql"}}
{"event":"correlation_span","name":"repository.schema","kind":"client","trace_id":"22bf42e36ab9a265481f66b9123afa31","span_id":"5bdf0da231a5049a","status":"ok","duration_ms":0,"attributes":{"db.operation.name":"schema","db.system":"postgresql"}}
{"event":"correlation_span","name":"repository.schema","kind":"client","trace_id":"82ab48639641878c84dbf9531b541f3d","span_id":"002e98c798d904e6","status":"ok","duration_ms":0,"attributes":{"db.operation.name":"schema","db.system":"postgresql"}}
{"event":"correlation_span","name":"repository.query","kind":"client","trace_id":"253232d1d374eabe798c4e5f9053a55a","span_id":"19ffa5a1c95eada4","status":"ok","duration_ms":0,"attributes":{"db.operation.name":"query","db.system":"postgresql"}}
{"event":"correlation_span","name":"repository.query","kind":"client","trace_id":"d8eeb503fc8c9e38bc8672c97901ef95","span_id":"4e741593771771a7","status":"ok","duration_ms":0,"attributes":{"db.operation.name":"query","db.system":"postgresql"}}
{"event":"correlation_span","name":"repository.query","kind":"client","trace_id":"7e7c32cbc8e4f84a80de9d7822631de2","span_id":"2ff3ae418bdec773","status":"ok","duration_ms":0,"attributes":{"db.operation.name":"query","db.system":"postgresql"}}
=== RUN   TestRuntimeSessionSearchCompositionSelectsRepositoryAuthority/v2_missing
{"event":"correlation_span","name":"repository.schema","kind":"client","trace_id":"52a35369c2c68221ecb886eb25e16065","span_id":"224d6feba849d10b","status":"ok","duration_ms":0,"attributes":{"db.operation.name":"schema","db.system":"postgresql"}}
{"event":"correlation_span","name":"repository.schema","kind":"client","trace_id":"1f97f4d974c33d9a507975f1d1348f16","span_id":"f699bb1c9fb556d2","status":"ok","duration_ms":0,"attributes":{"db.operation.name":"schema","db.system":"postgresql"}}
{"event":"correlation_span","name":"repository.query","kind":"client","trace_id":"4933578aab12e918eafed4ded3d92bc8","span_id":"7c2768f61e280ea0","status":"ok","duration_ms":0,"attributes":{"db.operation.name":"query","db.system":"postgresql"}}
{"event":"correlation_span","name":"repository.query","kind":"client","trace_id":"14967536b5f469429d1ad4516adeb401","span_id":"5744c55a6de45be5","status":"ok","duration_ms":0,"attributes":{"db.operation.name":"query","db.system":"postgresql"}}
{"event":"correlation_span","name":"repository.schema","kind":"client","trace_id":"1c2c0ac6f648f3671b8095a76f794262","span_id":"686a938ea62e4acb","status":"ok","duration_ms":0,"attributes":{"db.operation.name":"schema","db.system":"postgresql"}}
{"event":"correlation_span","name":"repository.schema","kind":"client","trace_id":"4c1896299e90c8bbc29a3a4026ec5caa","span_id":"c761fa2e3f598b7e","status":"ok","duration_ms":0,"attributes":{"db.operation.name":"schema","db.system":"postgresql"}}
{"event":"correlation_span","name":"repository.query","kind":"client","trace_id":"fe6d8bb676d3be3161eb2180440944c1","span_id":"1f36d302c0077bfd","status":"ok","duration_ms":0,"attributes":{"db.operation.name":"query","db.system":"postgresql"}}
{"event":"correlation_span","name":"repository.query","kind":"client","trace_id":"9790c017f6ca2205666266101005e0b3","span_id":"339163ad380e70b4","status":"error","duration_ms":0,"attributes":{"db.operation.name":"query","db.system":"postgresql"}}
{"event":"correlation_span","name":"repository.query","kind":"client","trace_id":"60579b24b09e85baf9f57bf835d5b3c6","span_id":"b654f6d24babf121","status":"error","duration_ms":0,"attributes":{"db.operation.name":"query","db.system":"postgresql"}}
--- PASS: TestRuntimeSessionSearchCompositionSelectsRepositoryAuthority (0.03s)
    --- PASS: TestRuntimeSessionSearchCompositionSelectsRepositoryAuthority/default (0.00s)
    --- PASS: TestRuntimeSessionSearchCompositionSelectsRepositoryAuthority/explicit_v1 (0.01s)
    --- PASS: TestRuntimeSessionSearchCompositionSelectsRepositoryAuthority/v2_ready (0.00s)
    --- PASS: TestRuntimeSessionSearchCompositionSelectsRepositoryAuthority/v2_denied (0.00s)
    --- PASS: TestRuntimeSessionSearchCompositionSelectsRepositoryAuthority/v2_malformed (0.01s)
    --- PASS: TestRuntimeSessionSearchCompositionSelectsRepositoryAuthority/v2_missing (0.00s)
=== RUN   TestProductionPolicyHistoryClosesIdleSessionSearchConnection
--- PASS: TestProductionPolicyHistoryClosesIdleSessionSearchConnection (0.00s)
=== RUN   TestLoadRuntimeConfigIsStrict
=== RUN   TestLoadRuntimeConfigIsStrict/missing_ZASP_ENVIRONMENT
=== RUN   TestLoadRuntimeConfigIsStrict/missing_ZASP_PRODUCT_LISTEN_ADDRESS
=== RUN   TestLoadRuntimeConfigIsStrict/missing_ZASP_INTERNAL_LISTEN_ADDRESS
=== RUN   TestLoadRuntimeConfigIsStrict/missing_ZASP_PUBLIC_ORIGIN
=== RUN   TestLoadRuntimeConfigIsStrict/missing_ZASP_COOKIE_SECURE
=== RUN   TestLoadRuntimeConfigIsStrict/missing_ZASP_TRUSTED_PROXY_CIDRS
=== RUN   TestLoadRuntimeConfigIsStrict/missing_ZASP_REQUEST_RATE_PER_SECOND
=== RUN   TestLoadRuntimeConfigIsStrict/missing_ZASP_REQUEST_BURST
=== RUN   TestLoadRuntimeConfigIsStrict/missing_ZASP_PROVIDER_TIMEOUT
=== RUN   TestLoadRuntimeConfigIsStrict/missing_ZASP_REQUEST_TIMEOUT
=== RUN   TestLoadRuntimeConfigIsStrict/missing_ZASP_SHUTDOWN_TIMEOUT
=== RUN   TestLoadRuntimeConfigIsStrict/missing_ZASP_READINESS_INTERVAL
=== RUN   TestLoadRuntimeConfigIsStrict/missing_ZASP_READINESS_MAX_INTERVAL
=== RUN   TestLoadRuntimeConfigIsStrict/missing_ZASP_DISCOVERY_PARSER_VERSION
=== RUN   TestLoadRuntimeConfigIsStrict/missing_ZASP_DISCOVERY_TOOL_VERSION
=== RUN   TestLoadRuntimeConfigIsStrict/missing_ZASP_DEPLOYMENT_MODE
=== RUN   TestLoadRuntimeConfigIsStrict/missing_ZASP_POSTGRES_DSN
=== RUN   TestLoadRuntimeConfigIsStrict/missing_ZASP_SECURITY_AGENT_POSTGRES_DSN
=== RUN   TestLoadRuntimeConfigIsStrict/missing_ZASP_STYTCH_BASE_URL
=== RUN   TestLoadRuntimeConfigIsStrict/missing_ZASP_STYTCH_AUTHORIZE_URL
=== RUN   TestLoadRuntimeConfigIsStrict/missing_ZASP_STYTCH_PROJECT_ID
=== RUN   TestLoadRuntimeConfigIsStrict/missing_ZASP_STYTCH_SECRET
=== RUN   TestLoadRuntimeConfigIsStrict/missing_ZASP_STYTCH_WEBHOOK_SECRET
=== RUN   TestLoadRuntimeConfigIsStrict/missing_ZASP_STYTCH_PUBLIC_TOKEN
=== RUN   TestLoadRuntimeConfigIsStrict/missing_ZASP_STYTCH_ORGANIZATION_ID
=== RUN   TestLoadRuntimeConfigIsStrict/missing_ZASP_WORKFLOW_SIGNING_KEY
=== RUN   TestLoadRuntimeConfigIsStrict/missing_ZASP_TOKEN_REVEAL_KEY
=== RUN   TestLoadRuntimeConfigIsStrict/missing_ZASP_CONNECTOR_AWS_REGION
=== RUN   TestLoadRuntimeConfigIsStrict/missing_ZASP_CONNECTOR_ROLE_ARN
=== RUN   TestLoadRuntimeConfigIsStrict/missing_ZASP_CONNECTOR_WEB_IDENTITY_TOKEN_FILE
=== RUN   TestLoadRuntimeConfigIsStrict/missing_ZASP_CONNECTOR_KMS_KEY_ARN
=== RUN   TestLoadRuntimeConfigIsStrict/missing_ZASP_CONNECTOR_SECRET_PREFIX
=== RUN   TestLoadRuntimeConfigIsStrict/missing_ZASP_POLICY_HISTORY_ENDPOINT
=== RUN   TestLoadRuntimeConfigIsStrict/missing_ZASP_POLICY_HISTORY_INDEX
=== RUN   TestLoadRuntimeConfigIsStrict/missing_ZASP_AWS_CUSTOMER_ROLE_PREFIXES
=== RUN   TestLoadRuntimeConfigIsStrict/missing_ZASP_AWS_CUSTOMER_ROLE_ARNS
=== RUN   TestLoadRuntimeConfigIsStrict/missing_ZASP_FINDING_TICKET_EGRESS_CIDRS
=== RUN   TestLoadRuntimeConfigIsStrict/missing_ZASP_GITHUB_CLIENT_ID
=== RUN   TestLoadRuntimeConfigIsStrict/missing_ZASP_GITHUB_CLIENT_SECRET_REFERENCE
=== RUN   TestLoadRuntimeConfigIsStrict/missing_ZASP_GITHUB_APP_ID
=== RUN   TestLoadRuntimeConfigIsStrict/missing_ZASP_GITHUB_PRIVATE_KEY_REFERENCE
=== RUN   TestLoadRuntimeConfigIsStrict/missing_ZASP_OKTA_CLIENT_ID
=== RUN   TestLoadRuntimeConfigIsStrict/missing_ZASP_OKTA_CLIENT_SECRET_REFERENCE
--- PASS: TestLoadRuntimeConfigIsStrict (0.02s)
    --- PASS: TestLoadRuntimeConfigIsStrict/missing_ZASP_ENVIRONMENT (0.00s)
    --- PASS: TestLoadRuntimeConfigIsStrict/missing_ZASP_PRODUCT_LISTEN_ADDRESS (0.00s)
    --- PASS: TestLoadRuntimeConfigIsStrict/missing_ZASP_INTERNAL_LISTEN_ADDRESS (0.00s)
    --- PASS: TestLoadRuntimeConfigIsStrict/missing_ZASP_PUBLIC_ORIGIN (0.00s)
    --- PASS: TestLoadRuntimeConfigIsStrict/missing_ZASP_COOKIE_SECURE (0.00s)
    --- PASS: TestLoadRuntimeConfigIsStrict/missing_ZASP_TRUSTED_PROXY_CIDRS (0.00s)
    --- PASS: TestLoadRuntimeConfigIsStrict/missing_ZASP_REQUEST_RATE_PER_SECOND (0.00s)
    --- PASS: TestLoadRuntimeConfigIsStrict/missing_ZASP_REQUEST_BURST (0.00s)
    --- PASS: TestLoadRuntimeConfigIsStrict/missing_ZASP_PROVIDER_TIMEOUT (0.00s)
    --- PASS: TestLoadRuntimeConfigIsStrict/missing_ZASP_REQUEST_TIMEOUT (0.00s)
    --- PASS: TestLoadRuntimeConfigIsStrict/missing_ZASP_SHUTDOWN_TIMEOUT (0.00s)
    --- PASS: TestLoadRuntimeConfigIsStrict/missing_ZASP_READINESS_INTERVAL (0.00s)
    --- PASS: TestLoadRuntimeConfigIsStrict/missing_ZASP_READINESS_MAX_INTERVAL (0.00s)
    --- PASS: TestLoadRuntimeConfigIsStrict/missing_ZASP_DISCOVERY_PARSER_VERSION (0.00s)
    --- PASS: TestLoadRuntimeConfigIsStrict/missing_ZASP_DISCOVERY_TOOL_VERSION (0.00s)
    --- PASS: TestLoadRuntimeConfigIsStrict/missing_ZASP_DEPLOYMENT_MODE (0.00s)
    --- PASS: TestLoadRuntimeConfigIsStrict/missing_ZASP_POSTGRES_DSN (0.00s)
    --- PASS: TestLoadRuntimeConfigIsStrict/missing_ZASP_SECURITY_AGENT_POSTGRES_DSN (0.00s)
    --- PASS: TestLoadRuntimeConfigIsStrict/missing_ZASP_STYTCH_BASE_URL (0.00s)
    --- PASS: TestLoadRuntimeConfigIsStrict/missing_ZASP_STYTCH_AUTHORIZE_URL (0.00s)
    --- PASS: TestLoadRuntimeConfigIsStrict/missing_ZASP_STYTCH_PROJECT_ID (0.00s)
    --- PASS: TestLoadRuntimeConfigIsStrict/missing_ZASP_STYTCH_SECRET (0.00s)
    --- PASS: TestLoadRuntimeConfigIsStrict/missing_ZASP_STYTCH_WEBHOOK_SECRET (0.00s)
    --- PASS: TestLoadRuntimeConfigIsStrict/missing_ZASP_STYTCH_PUBLIC_TOKEN (0.00s)
    --- PASS: TestLoadRuntimeConfigIsStrict/missing_ZASP_STYTCH_ORGANIZATION_ID (0.00s)
    --- PASS: TestLoadRuntimeConfigIsStrict/missing_ZASP_WORKFLOW_SIGNING_KEY (0.00s)
    --- PASS: TestLoadRuntimeConfigIsStrict/missing_ZASP_TOKEN_REVEAL_KEY (0.00s)
    --- PASS: TestLoadRuntimeConfigIsStrict/missing_ZASP_CONNECTOR_AWS_REGION (0.00s)
    --- PASS: TestLoadRuntimeConfigIsStrict/missing_ZASP_CONNECTOR_ROLE_ARN (0.00s)
    --- PASS: TestLoadRuntimeConfigIsStrict/missing_ZASP_CONNECTOR_WEB_IDENTITY_TOKEN_FILE (0.00s)
    --- PASS: TestLoadRuntimeConfigIsStrict/missing_ZASP_CONNECTOR_KMS_KEY_ARN (0.00s)
    --- PASS: TestLoadRuntimeConfigIsStrict/missing_ZASP_CONNECTOR_SECRET_PREFIX (0.00s)
    --- PASS: TestLoadRuntimeConfigIsStrict/missing_ZASP_POLICY_HISTORY_ENDPOINT (0.00s)
    --- PASS: TestLoadRuntimeConfigIsStrict/missing_ZASP_POLICY_HISTORY_INDEX (0.00s)
    --- PASS: TestLoadRuntimeConfigIsStrict/missing_ZASP_AWS_CUSTOMER_ROLE_PREFIXES (0.00s)
    --- PASS: TestLoadRuntimeConfigIsStrict/missing_ZASP_AWS_CUSTOMER_ROLE_ARNS (0.00s)
    --- PASS: TestLoadRuntimeConfigIsStrict/missing_ZASP_FINDING_TICKET_EGRESS_CIDRS (0.00s)
    --- PASS: TestLoadRuntimeConfigIsStrict/missing_ZASP_GITHUB_CLIENT_ID (0.00s)
    --- PASS: TestLoadRuntimeConfigIsStrict/missing_ZASP_GITHUB_CLIENT_SECRET_REFERENCE (0.00s)
    --- PASS: TestLoadRuntimeConfigIsStrict/missing_ZASP_GITHUB_APP_ID (0.00s)
    --- PASS: TestLoadRuntimeConfigIsStrict/missing_ZASP_GITHUB_PRIVATE_KEY_REFERENCE (0.00s)
    --- PASS: TestLoadRuntimeConfigIsStrict/missing_ZASP_OKTA_CLIENT_ID (0.00s)
    --- PASS: TestLoadRuntimeConfigIsStrict/missing_ZASP_OKTA_CLIENT_SECRET_REFERENCE (0.00s)
=== RUN   TestConnectorWorkerOwnerIsPerProcessAndBounded
--- PASS: TestConnectorWorkerOwnerIsPerProcessAndBounded (0.00s)
=== RUN   TestRuntimeNangoConfigurationIsOptionalAllOrNothingAndPrivate
--- PASS: TestRuntimeNangoConfigurationIsOptionalAllOrNothingAndPrivate (0.00s)
=== RUN   TestRuntimeRejectsMemoryDependenciesInProduction
--- PASS: TestRuntimeRejectsMemoryDependenciesInProduction (0.00s)
=== RUN   TestComposeRuntimeDependenciesRejectsSchemaDrift
{"event":"correlation_span","name":"repository.schema","kind":"client","trace_id":"a8f7504f992492f8b01334472b4ae0bc","span_id":"74641309f41b8c5f","status":"ok","duration_ms":0,"attributes":{"db.operation.name":"schema","db.system":"postgresql"}}
--- PASS: TestComposeRuntimeDependenciesRejectsSchemaDrift (0.00s)
=== RUN   TestServeRuntimeSplitsProductAndInternalListeners
--- PASS: TestServeRuntimeSplitsProductAndInternalListeners (0.00s)
=== RUN   TestServeRuntimeRunsAndCancelsConnectorLifecycleWorker
--- PASS: TestServeRuntimeRunsAndCancelsConnectorLifecycleWorker (0.00s)
=== RUN   TestServeRuntimeBoundsHostileLifecycleWorkerShutdown
--- PASS: TestServeRuntimeBoundsHostileLifecycleWorkerShutdown (0.10s)
=== RUN   TestServeRuntimeReadinessTracksRequiredProviderChecks
--- PASS: TestServeRuntimeReadinessTracksRequiredProviderChecks (0.30s)
=== RUN   TestServeRuntimeClosesProductListenerAfterPartialStartup
--- PASS: TestServeRuntimeClosesProductListenerAfterPartialStartup (0.00s)
=== RUN   TestSecurityAgentExportBrowserAPIProcess
    security_agent_export_browser_process_test.go:58: owned export browser parent only
--- SKIP: TestSecurityAgentExportBrowserAPIProcess (0.00s)
=== RUN   TestSecurityAgentExportBrowserReadinessDestinations
--- PASS: TestSecurityAgentExportBrowserReadinessDestinations (0.00s)
=== RUN   TestSecurityAgentExportAPIProductionComposition
=== RUN   TestSecurityAgentExportAPIProductionComposition/installed
=== RUN   TestSecurityAgentExportAPIProductionComposition/absent
=== RUN   TestSecurityAgentExportAPIProductionComposition/drift
=== RUN   TestSecurityAgentExportAPIProductionComposition/disabled
--- PASS: TestSecurityAgentExportAPIProductionComposition (0.44s)
    --- PASS: TestSecurityAgentExportAPIProductionComposition/installed (0.22s)
    --- PASS: TestSecurityAgentExportAPIProductionComposition/absent (0.11s)
    --- PASS: TestSecurityAgentExportAPIProductionComposition/drift (0.09s)
    --- PASS: TestSecurityAgentExportAPIProductionComposition/disabled (0.02s)
=== RUN   TestAutomaticRulesMountedRollout
=== RUN   TestAutomaticRulesMountedRollout/absent/configured=false
{"event":"correlation_span","name":"repository.query","kind":"client","trace_id":"15709f2b0188817a018a4bc63bf82777","span_id":"a2ff965f146d935d","status":"ok","duration_ms":0,"attributes":{"db.operation.name":"query","db.system":"postgresql"}}
{"event":"correlation_span","name":"repository.query","kind":"client","trace_id":"2f25dd32e058fd00842698678652e276","span_id":"0ca1acb404e11d67","status":"ok","duration_ms":0,"attributes":{"db.operation.name":"query","db.system":"postgresql"}}
{"event":"correlation_span","name":"repository.schema","kind":"client","trace_id":"1c8e519c4a23951155a92e972df63bdb","span_id":"a6cefc91e483d10e","status":"ok","duration_ms":0,"attributes":{"db.operation.name":"schema","db.system":"postgresql"}}
{"event":"correlation_span","name":"repository.schema","kind":"client","trace_id":"525d57e166e7327b77cffe1028608a71","span_id":"4ca87e2b92bc4a1c","status":"ok","duration_ms":0,"attributes":{"db.operation.name":"schema","db.system":"postgresql"}}
{"event":"correlation_span","name":"repository.query","kind":"client","trace_id":"5af5cf1285d515c6d1343cf650177e91","span_id":"f23ade7872c12a72","status":"ok","duration_ms":0,"attributes":{"db.operation.name":"query","db.system":"postgresql"}}
{"event":"correlation_span","name":"repository.query","kind":"client","trace_id":"a7d2adef60ace47143881c5e6db6c083","span_id":"e1ae86eda13ab742","status":"ok","duration_ms":0,"attributes":{"db.operation.name":"query","db.system":"postgresql"}}
{"event":"correlation_span","name":"repository.schema","kind":"client","trace_id":"1667363cabfce68f9cb50dfc0f78ee34","span_id":"b76c4f5529209f8f","status":"ok","duration_ms":0,"attributes":{"db.operation.name":"schema","db.system":"postgresql"}}
{"event":"correlation_span","name":"repository.schema","kind":"client","trace_id":"f3515773922ed2536cf48ef99ff2b344","span_id":"09450f72a9055302","status":"ok","duration_ms":0,"attributes":{"db.operation.name":"schema","db.system":"postgresql"}}
{"event":"correlation_span","name":"repository.query","kind":"client","trace_id":"b95227d20d9875931016a5a0c6724596","span_id":"ac11c79f22b11ead","status":"ok","duration_ms":0,"attributes":{"db.operation.name":"query","db.system":"postgresql"}}
{"event":"correlation_span","name":"repository.schema","kind":"client","trace_id":"132b6765cb107eba487773067215acab","span_id":"d2e9564bcd81299e","status":"ok","duration_ms":0,"attributes":{"db.operation.name":"schema","db.system":"postgresql"}}
{"event":"correlation_span","name":"repository.query","kind":"client","trace_id":"b91c5a8f964e9caece1352408ae40efe","span_id":"560ab5205ea5e746","status":"ok","duration_ms":0,"attributes":{"db.operation.name":"query","db.system":"postgresql"}}
{"event":"correlation_span","name":"repository.query","kind":"client","trace_id":"2eb10edc7036b7e2a6b1936f4570d560","span_id":"dc9583fbbe22e71a","status":"ok","duration_ms":0,"attributes":{"db.operation.name":"query","db.system":"postgresql"}}
{"event":"correlation_span","name":"repository.schema","kind":"client","trace_id":"d8c2842cbd817cc825e8e0e5ee108e74","span_id":"40593c4a6d86f6f8","status":"ok","duration_ms":0,"attributes":{"db.operation.name":"schema","db.system":"postgresql"}}
{"event":"correlation_span","name":"repository.query","kind":"client","trace_id":"c64fa688b448fe083a597729f8acf782","span_id":"4289367cc8e8f7a1","status":"ok","duration_ms":0,"attributes":{"db.operation.name":"query","db.system":"postgresql"}}
{"event":"correlation_span","name":"repository.schema","kind":"client","trace_id":"ba498f9d01b891b138d6e822e242b6d8","span_id":"0a5df9d37e028556","status":"ok","duration_ms":0,"attributes":{"db.operation.name":"schema","db.system":"postgresql"}}
{"event":"correlation_span","name":"repository.query","kind":"client","trace_id":"28d76033d045366d2f7cf8ee717986ad","span_id":"e02b20fd5b0c4204","status":"ok","duration_ms":0,"attributes":{"db.operation.name":"query","db.system":"postgresql"}}
{"event":"correlation_span","name":"repository.schema","kind":"client","trace_id":"4f523623fb30f3100c86c5dd33044eec","span_id":"f30a6e70a4475575","status":"ok","duration_ms":0,"attributes":{"db.operation.name":"schema","db.system":"postgresql"}}
{"event":"correlation_span","name":"repository.query","kind":"client","trace_id":"63e7eef306ffe97565b7c2d6e0ab0eec","span_id":"b74ff85992382b5f","status":"ok","duration_ms":0,"attributes":{"db.operation.name":"query","db.system":"postgresql"}}
{"event":"correlation_span","name":"repository.query","kind":"client","trace_id":"e637abb6f362cf159721062a56313839","span_id":"f91690b79faf8379","parent_span_id":"6881b5bc82a1389a","status":"ok","duration_ms":0,"attributes":{"db.operation.name":"query","db.system":"postgresql"}}
{"event":"correlation_span","name":"repository.query","kind":"client","trace_id":"e637abb6f362cf159721062a56313839","span_id":"359fc4e1c118a302","parent_span_id":"6881b5bc82a1389a","status":"ok","duration_ms":0,"attributes":{"db.operation.name":"query","db.system":"postgresql"}}
{"event":"correlation_span","name":"repository.query","kind":"client","trace_id":"e637abb6f362cf159721062a56313839","span_id":"e0b7916f975b260f","parent_span_id":"6881b5bc82a1389a","status":"ok","duration_ms":0,"attributes":{"db.operation.name":"query","db.system":"postgresql"}}
{"correlation_id":"pid_5fdef083-6074-472d-85db-8db0c7d0455e","duration_ms":2,"event":"http_request","method":"POST","route":"/api/v1/security-agents","severity":"INFO","span_id":"6881b5bc82a1389a","status":201,"timestamp":"2026-10-06T02:07:16.573260347Z","trace_id":"e637abb6f362cf159721062a56313839"}
{"correlation_id":"pid_5fdef083-6074-472d-85db-8db0c7d0455e","event":"audit_outcome","operation":"POST /api/v1/security-agents","outcome":"succeeded","severity":"INFO","timestamp":"2026-10-06T02:07:16.573323843Z","trace_id":"e637abb6f362cf159721062a56313839"}
{"event":"correlation_span","name":"http.request","kind":"server","trace_id":"e637abb6f362cf159721062a56313839","span_id":"6881b5bc82a1389a","parent_span_id":"9acd280f38e47a0c","status":"ok","duration_ms":2,"attributes":{"http.request.method":"POST","http.response.status_code":"201","http.route":"/api/v1/security-agents"}}
=== RUN   TestAutomaticRulesMountedRollout/absent/configured=true
{"event":"correlation_span","name":"repository.query","kind":"client","trace_id":"a976f8939cc863fd928b1770c4e20702","span_id":"74e1a4703fc7a28e","status":"ok","duration_ms":0,"attributes":{"db.operation.name":"query","db.system":"postgresql"}}
{"event":"correlation_span","name":"repository.query","kind":"client","trace_id":"eb0625e70e0724acaad96032f8e0cb68","span_id":"1554ba5353263b63","status":"ok","duration_ms":0,"attributes":{"db.operation.name":"query","db.system":"postgresql"}}
{"event":"correlation_span","name":"repository.schema","kind":"client","trace_id":"21095a5d857e4a30afaf4b0eabbb4df0","span_id":"d1bf7d766b93586e","status":"ok","duration_ms":0,"attributes":{"db.operation.name":"schema","db.system":"postgresql"}}
{"event":"correlation_span","name":"repository.schema","kind":"client","trace_id":"357ec12461033796d803725be2b25e4d","span_id":"9be507ba9dd4906c","status":"ok","duration_ms":0,"attributes":{"db.operation.name":"schema","db.system":"postgresql"}}
{"event":"correlation_span","name":"repository.query","kind":"client","trace_id":"a44bb523508a8b9ccbe3f242b3e184e6","span_id":"bd1eb879d99053c4","status":"ok","duration_ms":0,"attributes":{"db.operation.name":"query","db.system":"postgresql"}}
{"event":"correlation_span","name":"repository.query","kind":"client","trace_id":"c2918a3a94884c62e00ba7f515754921","span_id":"39f31751df75f7b9","status":"ok","duration_ms":0,"attributes":{"db.operation.name":"query","db.system":"postgresql"}}
{"event":"correlation_span","name":"repository.schema","kind":"client","trace_id":"6980360d54eb8c34c0be98e1b75d12c2","span_id":"629555a424fcb478","status":"ok","duration_ms":0,"attributes":{"db.operation.name":"schema","db.system":"postgresql"}}
{"event":"correlation_span","name":"repository.schema","kind":"client","trace_id":"687419914a07c788965f9d1bee57c7de","span_id":"cdfe4402f9e0956b","status":"ok","duration_ms":0,"attributes":{"db.operation.name":"schema","db.system":"postgresql"}}
{"event":"correlation_span","name":"repository.query","kind":"client","trace_id":"599b1814327a5be8bf963097b9223687","span_id":"2d65e7ebb2c626ed","status":"ok","duration_ms":0,"attributes":{"db.operation.name":"query","db.system":"postgresql"}}
{"event":"correlation_span","name":"repository.schema","kind":"client","trace_id":"abafb7b2fbe0358ebc085e2ee691bc42","span_id":"234d7ca182fa9d08","status":"ok","duration_ms":0,"attributes":{"db.operation.name":"schema","db.system":"postgresql"}}
{"event":"correlation_span","name":"repository.query","kind":"client","trace_id":"3ef3e072b52b18c0580822230c5c6b1d","span_id":"2f2eba085cc56d05","status":"ok","duration_ms":0,"attributes":{"db.operation.name":"query","db.system":"postgresql"}}
{"event":"correlation_span","name":"repository.query","kind":"client","trace_id":"30d4deb973dd90121263088da5027230","span_id":"84292c482ec8eca8","status":"ok","duration_ms":0,"attributes":{"db.operation.name":"query","db.system":"postgresql"}}
{"event":"correlation_span","name":"repository.schema","kind":"client","trace_id":"bff312047362ed8d68ce5e9710792eba","span_id":"64f2d8c3ec488f66","status":"ok","duration_ms":0,"attributes":{"db.operation.name":"schema","db.system":"postgresql"}}
{"event":"correlation_span","name":"repository.query","kind":"client","trace_id":"8fb6c82d40a86a5a6ef8ef016d33a3cd","span_id":"8ea3d49cae543422","status":"ok","duration_ms":0,"attributes":{"db.operation.name":"query","db.system":"postgresql"}}
{"event":"correlation_span","name":"repository.schema","kind":"client","trace_id":"7e8108cf801fa5d968ace718ad7184d5","span_id":"5c852a6b64be37b0","status":"ok","duration_ms":0,"attributes":{"db.operation.name":"schema","db.system":"postgresql"}}
{"event":"correlation_span","name":"repository.query","kind":"client","trace_id":"762032d2e25696c4682b7972cd0be4be","span_id":"05580c251aab5b0d","status":"ok","duration_ms":0,"attributes":{"db.operation.name":"query","db.system":"postgresql"}}
{"event":"correlation_span","name":"repository.schema","kind":"client","trace_id":"f61aef7cc4e8e4e55c4eb0d9879ab3f5","span_id":"59e3e8f6ffe90fb8","status":"ok","duration_ms":0,"attributes":{"db.operation.name":"schema","db.system":"postgresql"}}
{"event":"correlation_span","name":"repository.query","kind":"client","trace_id":"91a463ceebc3757092016a7b50bc0405","span_id":"bdcc4cb89f014772","status":"ok","duration_ms":0,"attributes":{"db.operation.name":"query","db.system":"postgresql"}}
{"event":"correlation_span","name":"repository.query","kind":"client","trace_id":"5f56ababce7bfd35fe890e9197cbcf1e","span_id":"7a501c0d4adcdd58","parent_span_id":"7b877ee408cae731","status":"ok","duration_ms":0,"attributes":{"db.operation.name":"query","db.system":"postgresql"}}
{"event":"correlation_span","name":"repository.query","kind":"client","trace_id":"5f56ababce7bfd35fe890e9197cbcf1e","span_id":"4efe03932852c222","parent_span_id":"7b877ee408cae731","status":"ok","duration_ms":0,"attributes":{"db.operation.name":"query","db.system":"postgresql"}}
{"event":"correlation_span","name":"repository.query","kind":"client","trace_id":"5f56ababce7bfd35fe890e9197cbcf1e","span_id":"e104ab2e4ea7e1fa","parent_span_id":"7b877ee408cae731","status":"ok","duration_ms":0,"attributes":{"db.operation.name":"query","db.system":"postgresql"}}
{"correlation_id":"pid_933c3b09-8bf4-4830-ba28-7a677ac6ea84","duration_ms":2,"event":"http_request","method":"POST","route":"/api/v1/security-agents","severity":"INFO","span_id":"7b877ee408cae731","status":503,"timestamp":"2026-10-06T02:07:16.584170993Z","trace_id":"5f56ababce7bfd35fe890e9197cbcf1e"}
{"correlation_id":"pid_933c3b09-8bf4-4830-ba28-7a677ac6ea84","event":"audit_outcome","operation":"POST /api/v1/security-agents","outcome":"rejected","severity":"INFO","timestamp":"2026-10-06T02:07:16.584220528Z","trace_id":"5f56ababce7bfd35fe890e9197cbcf1e"}
{"event":"correlation_span","name":"http.request","kind":"server","trace_id":"5f56ababce7bfd35fe890e9197cbcf1e","span_id":"7b877ee408cae731","parent_span_id":"6ed991f2b1bbe474","status":"error","duration_ms":2,"attributes":{"http.request.method":"POST","http.response.status_code":"503","http.route":"/api/v1/security-agents"}}
=== RUN   TestAutomaticRulesMountedRollout/invalid/configured=false
{"event":"correlation_span","name":"repository.query","kind":"client","trace_id":"17bad3d3ef6f9eca5f2da59c9372c485","span_id":"ac88f6644df34085","status":"ok","duration_ms":0,"attributes":{"db.operation.name":"query","db.system":"postgresql"}}
{"event":"correlation_span","name":"repository.query","kind":"client","trace_id":"8a0537c35194fa27c85e7b6f47e1a9df","span_id":"48b4f26ce3ed56e9","status":"ok","duration_ms":0,"attributes":{"db.operation.name":"query","db.system":"postgresql"}}
{"event":"correlation_span","name":"repository.schema","kind":"client","trace_id":"e2a65bde0281627e591c54ed84295477","span_id":"d519bfdf40e28d8b","status":"ok","duration_ms":0,"attributes":{"db.operation.name":"schema","db.system":"postgresql"}}
{"event":"correlation_span","name":"repository.schema","kind":"client","trace_id":"eb20e67df6eada2068877d4c70a80311","span_id":"a1b720ef9ea66081","status":"ok","duration_ms":0,"attributes":{"db.operation.name":"schema","db.system":"postgresql"}}
{"event":"correlation_span","name":"repository.query","kind":"client","trace_id":"41d09741f7bc198376d684ff43327f22","span_id":"d6d21c91e659b145","status":"ok","duration_ms":0,"attributes":{"db.operation.name":"query","db.system":"postgresql"}}
{"event":"correlation_span","name":"repository.query","kind":"client","trace_id":"cd2a924ebc8e0ef406c59930810bcf76","span_id":"8920a4379ac8a229","status":"ok","duration_ms":0,"attributes":{"db.operation.name":"query","db.system":"postgresql"}}
{"event":"correlation_span","name":"repository.schema","kind":"client","trace_id":"70d9537036491866a1aa28f21727f7bf","span_id":"b961199032d1cceb","status":"ok","duration_ms":0,"attributes":{"db.operation.name":"schema","db.system":"postgresql"}}
{"event":"correlation_span","name":"repository.schema","kind":"client","trace_id":"f53d9469908bc711c65e165b0740f5ee","span_id":"e227343015e67ee4","status":"ok","duration_ms":0,"attributes":{"db.operation.name":"schema","db.system":"postgresql"}}
{"event":"correlation_span","name":"repository.query","kind":"client","trace_id":"08b4f2b6d5e2cb7b896bafb311355b3e","span_id":"26c0ffe6c09d6960","status":"ok","duration_ms":0,"attributes":{"db.operation.name":"query","db.system":"postgresql"}}
{"event":"correlation_span","name":"repository.schema","kind":"client","trace_id":"f0f9f16dcb806ab88f657d217baa212b","span_id":"b31b105d05de26d1","status":"ok","duration_ms":0,"attributes":{"db.operation.name":"schema","db.system":"postgresql"}}
{"event":"correlation_span","name":"repository.query","kind":"client","trace_id":"c87e80a62048cb76ac15670723620bee","span_id":"9698bb944f663788","status":"ok","duration_ms":0,"attributes":{"db.operation.name":"query","db.system":"postgresql"}}
{"event":"correlation_span","name":"repository.query","kind":"client","trace_id":"101865f6c88c8285c00425ef90416c71","span_id":"27144fe14fb88d15","status":"ok","duration_ms":0,"attributes":{"db.operation.name":"query","db.system":"postgresql"}}
{"event":"correlation_span","name":"repository.schema","kind":"client","trace_id":"6a5f5c010f26ca28bc04e709211eea59","span_id":"a129ea274902620c","status":"ok","duration_ms":0,"attributes":{"db.operation.name":"schema","db.system":"postgresql"}}
{"event":"correlation_span","name":"repository.query","kind":"client","trace_id":"fd6d4cf1d62bf236b5574ad6c6d61c54","span_id":"0bc840b95dc85a9e","status":"ok","duration_ms":0,"attributes":{"db.operation.name":"query","db.system":"postgresql"}}
{"event":"correlation_span","name":"repository.schema","kind":"client","trace_id":"559481bbbb6d5e9c06c6706714a4446b","span_id":"90685a7bd855e945","status":"ok","duration_ms":0,"attributes":{"db.operation.name":"schema","db.system":"postgresql"}}
{"event":"correlation_span","name":"repository.query","kind":"client","trace_id":"d1445a0372fee5037bbd76e5f79aaa61","span_id":"0ec233588ac1e9e9","status":"ok","duration_ms":0,"attributes":{"db.operation.name":"query","db.system":"postgresql"}}
{"event":"correlation_span","name":"repository.schema","kind":"client","trace_id":"3eda6cf2bbe6f4a0ba4fa8498def77de","span_id":"44c69b42cf7fff62","status":"ok","duration_ms":0,"attributes":{"db.operation.name":"schema","db.system":"postgresql"}}
{"event":"correlation_span","name":"repository.query","kind":"client","trace_id":"4d26573f302825f3fad5399503d49f16","span_id":"53745b2036a95df6","status":"ok","duration_ms":0,"attributes":{"db.operation.name":"query","db.system":"postgresql"}}
{"event":"correlation_span","name":"repository.query","kind":"client","trace_id":"7a21825dfe56c5d775ac57d67ed39cf8","span_id":"7ba51368d12fc10f","parent_span_id":"814f597a897c0ff0","status":"ok","duration_ms":0,"attributes":{"db.operation.name":"query","db.system":"postgresql"}}
{"event":"correlation_span","name":"repository.query","kind":"client","trace_id":"7a21825dfe56c5d775ac57d67ed39cf8","span_id":"cc64804de7e83584","parent_span_id":"814f597a897c0ff0","status":"ok","duration_ms":0,"attributes":{"db.operation.name":"query","db.system":"postgresql"}}
{"event":"correlation_span","name":"repository.query","kind":"client","trace_id":"7a21825dfe56c5d775ac57d67ed39cf8","span_id":"3b5d4133856ebae9","parent_span_id":"814f597a897c0ff0","status":"ok","duration_ms":0,"attributes":{"db.operation.name":"query","db.system":"postgresql"}}
{"correlation_id":"pid_1f323093-5312-4f35-8bc3-ef90ec506d95","duration_ms":2,"event":"http_request","method":"POST","route":"/api/v1/security-agents","severity":"INFO","span_id":"814f597a897c0ff0","status":201,"timestamp":"2026-10-06T02:07:16.594457505Z","trace_id":"7a21825dfe56c5d775ac57d67ed39cf8"}
{"correlation_id":"pid_1f323093-5312-4f35-8bc3-ef90ec506d95","event":"audit_outcome","operation":"POST /api/v1/security-agents","outcome":"succeeded","severity":"INFO","timestamp":"2026-10-06T02:07:16.594515392Z","trace_id":"7a21825dfe56c5d775ac57d67ed39cf8"}
{"event":"correlation_span","name":"http.request","kind":"server","trace_id":"7a21825dfe56c5d775ac57d67ed39cf8","span_id":"814f597a897c0ff0","parent_span_id":"759fb7b9fe28819d","status":"ok","duration_ms":2,"attributes":{"http.request.method":"POST","http.response.status_code":"201","http.route":"/api/v1/security-agents"}}
=== RUN   TestAutomaticRulesMountedRollout/invalid/configured=true
{"event":"correlation_span","name":"repository.query","kind":"client","trace_id":"a59e5abbfd905f48a0080cd423146383","span_id":"d62d67b1670bbb42","status":"ok","duration_ms":0,"attributes":{"db.operation.name":"query","db.system":"postgresql"}}
{"event":"correlation_span","name":"repository.query","kind":"client","trace_id":"7d5ae3e846a2d82881c0ba01048e4df7","span_id":"466d991c43d75172","status":"ok","duration_ms":0,"attributes":{"db.operation.name":"query","db.system":"postgresql"}}
{"event":"correlation_span","name":"repository.schema","kind":"client","trace_id":"248dc4b50cbfcf0be3b53cff6dfa2fa5","span_id":"60ed92d7c386c13c","status":"ok","duration_ms":0,"attributes":{"db.operation.name":"schema","db.system":"postgresql"}}
{"event":"correlation_span","name":"repository.schema","kind":"client","trace_id":"6778f8bdd7b66d035e636d77ef4d0e67","span_id":"5ff4153182de7c73","status":"ok","duration_ms":0,"attributes":{"db.operation.name":"schema","db.system":"postgresql"}}
{"event":"correlation_span","name":"repository.query","kind":"client","trace_id":"6d27417c607f2f212c9a8a4740847c58","span_id":"d09ae89a6dca046d","status":"ok","duration_ms":0,"attributes":{"db.operation.name":"query","db.system":"postgresql"}}
{"event":"correlation_span","name":"repository.query","kind":"client","trace_id":"44a2b674a1e34c028b35fb7fab13ed59","span_id":"99a3aab103b3f76c","status":"ok","duration_ms":0,"attributes":{"db.operation.name":"query","db.system":"postgresql"}}
{"event":"correlation_span","name":"repository.schema","kind":"client","trace_id":"816feae2bd751046125fe308baf61bcb","span_id":"865b6c731d1e827a","status":"ok","duration_ms":0,"attributes":{"db.operation.name":"schema","db.system":"postgresql"}}
{"event":"correlation_span","name":"repository.schema","kind":"client","trace_id":"cdc39e018aad812b50f8114ce72f7a7d","span_id":"6dcb7e6cc3f80b83","status":"ok","duration_ms":0,"attributes":{"db.operation.name":"schema","db.system":"postgresql"}}
{"event":"correlation_span","name":"repository.query","kind":"client","trace_id":"d9500c0cdf47a2ed0fcad288869295fc","span_id":"5e8bd39ab647be58","status":"ok","duration_ms":0,"attributes":{"db.operation.name":"query","db.system":"postgresql"}}
{"event":"correlation_span","name":"repository.schema","kind":"client","trace_id":"d11399715c930bedac7c9e54aabc08a9","span_id":"b401e731333a9169","status":"ok","duration_ms":0,"attributes":{"db.operation.name":"schema","db.system":"postgresql"}}
{"event":"correlation_span","name":"repository.query","kind":"client","trace_id":"916f98e67df9fc4d7771add73b34a3e2","span_id":"57dae7120d20d8ee","status":"ok","duration_ms":0,"attributes":{"db.operation.name":"query","db.system":"postgresql"}}
{"event":"correlation_span","name":"repository.query","kind":"client","trace_id":"1f749306db75d7e73578dbb4bf1f61cb","span_id":"d6e4809cf0ca4d72","status":"ok","duration_ms":0,"attributes":{"db.operation.name":"query","db.system":"postgresql"}}
{"event":"correlation_span","name":"repository.schema","kind":"client","trace_id":"72386c7a944d4c83f84ebc0dfa84512c","span_id":"b81a5546c306b7f0","status":"ok","duration_ms":0,"attributes":{"db.operation.name":"schema","db.system":"postgresql"}}
{"event":"correlation_span","name":"repository.query","kind":"client","trace_id":"cf8a0f412b4867ced77d92115b682b0a","span_id":"5e64c239ee9ec36b","status":"ok","duration_ms":0,"attributes":{"db.operation.name":"query","db.system":"postgresql"}}
{"event":"correlation_span","name":"repository.schema","kind":"client","trace_id":"5811ae26378fed025b9a99e14b55747d","span_id":"a44fc1e57d95bbfc","status":"ok","duration_ms":0,"attributes":{"db.operation.name":"schema","db.system":"postgresql"}}
{"event":"correlation_span","name":"repository.query","kind":"client","trace_id":"07e0700069887c5f617054b884cfae1b","span_id":"93ed1ebf2bbb6009","status":"ok","duration_ms":0,"attributes":{"db.operation.name":"query","db.system":"postgresql"}}
{"event":"correlation_span","name":"repository.schema","kind":"client","trace_id":"bff2c9ffe320bab0d78bfa505110fab3","span_id":"40e27567e9dcbfae","status":"ok","duration_ms":0,"attributes":{"db.operation.name":"schema","db.system":"postgresql"}}
{"event":"correlation_span","name":"repository.query","kind":"client","trace_id":"26f7959eae164fdc604cba38cb8be2ac","span_id":"3ccaa0cfae78e854","status":"ok","duration_ms":0,"attributes":{"db.operation.name":"query","db.system":"postgresql"}}
{"event":"correlation_span","name":"repository.query","kind":"client","trace_id":"e4c414bd8a24135ccb4c4b66264f8434","span_id":"3783e35a780f91a0","parent_span_id":"e50649c9e09b0919","status":"ok","duration_ms":0,"attributes":{"db.operation.name":"query","db.system":"postgresql"}}
{"event":"correlation_span","name":"repository.query","kind":"client","trace_id":"e4c414bd8a24135ccb4c4b66264f8434","span_id":"1e1ae3d385fadd4f","parent_span_id":"e50649c9e09b0919","status":"ok","duration_ms":0,"attributes":{"db.operation.name":"query","db.system":"postgresql"}}
{"event":"correlation_span","name":"repository.query","kind":"client","trace_id":"e4c414bd8a24135ccb4c4b66264f8434","span_id":"f9b93a0313d2b4cd","parent_span_id":"e50649c9e09b0919","status":"ok","duration_ms":0,"attributes":{"db.operation.name":"query","db.system":"postgresql"}}
{"event":"correlation_span","name":"repository.query","kind":"client","trace_id":"e4c414bd8a24135ccb4c4b66264f8434","span_id":"632053715a73bd7a","parent_span_id":"e50649c9e09b0919","status":"ok","duration_ms":0,"attributes":{"db.operation.name":"query","db.system":"postgresql"}}
{"correlation_id":"pid_6bf8eed3-64f1-488f-877f-e3dd01abe6a1","duration_ms":3,"event":"http_request","method":"POST","route":"/api/v1/security-agents","severity":"INFO","span_id":"e50649c9e09b0919","status":503,"timestamp":"2026-10-06T02:07:16.605664272Z","trace_id":"e4c414bd8a24135ccb4c4b66264f8434"}
{"correlation_id":"pid_6bf8eed3-64f1-488f-877f-e3dd01abe6a1","event":"audit_outcome","operation":"POST /api/v1/security-agents","outcome":"rejected","severity":"INFO","timestamp":"2026-10-06T02:07:16.605741428Z","trace_id":"e4c414bd8a24135ccb4c4b66264f8434"}
{"event":"correlation_span","name":"http.request","kind":"server","trace_id":"e4c414bd8a24135ccb4c4b66264f8434","span_id":"e50649c9e09b0919","parent_span_id":"751e51252f1962b8","status":"error","duration_ms":3,"attributes":{"http.request.method":"POST","http.response.status_code":"503","http.route":"/api/v1/security-agents"}}
=== RUN   TestAutomaticRulesMountedRollout/ready/configured=false
{"event":"correlation_span","name":"repository.query","kind":"client","trace_id":"133530703a4773185df8caef3d695777","span_id":"092c45d2540f42cc","status":"ok","duration_ms":0,"attributes":{"db.operation.name":"query","db.system":"postgresql"}}
{"event":"correlation_span","name":"repository.query","kind":"client","trace_id":"76b8441bb2f0ac2c03ccecdc583d5410","span_id":"b6e11795ec003656","status":"ok","duration_ms":0,"attributes":{"db.operation.name":"query","db.system":"postgresql"}}
{"event":"correlation_span","name":"repository.schema","kind":"client","trace_id":"0de833f92ae2a7e7d57fcb5f97789bc5","span_id":"3f8ae1fbeb2f6bd1","status":"ok","duration_ms":0,"attributes":{"db.operation.name":"schema","db.system":"postgresql"}}
{"event":"correlation_span","name":"repository.schema","kind":"client","trace_id":"484657d2babd4abf1d7d0250845e9f9d","span_id":"740bd87304209cdd","status":"ok","duration_ms":0,"attributes":{"db.operation.name":"schema","db.system":"postgresql"}}
{"event":"correlation_span","name":"repository.query","kind":"client","trace_id":"af84bc2cf3f599af5b9f93c63faa0143","span_id":"4121d2954adafc1d","status":"ok","duration_ms":0,"attributes":{"db.operation.name":"query","db.system":"postgresql"}}
{"event":"correlation_span","name":"repository.query","kind":"client","trace_id":"2069bfcfc637180c07dc5b321914f366","span_id":"3f9941980c398752","status":"ok","duration_ms":0,"attributes":{"db.operation.name":"query","db.system":"postgresql"}}
{"event":"correlation_span","name":"repository.schema","kind":"client","trace_id":"a0fb69b994a211d0afac9fb976d081a2","span_id":"12c50cc3db136453","status":"ok","duration_ms":0,"attributes":{"db.operation.name":"schema","db.system":"postgresql"}}
{"event":"correlation_span","name":"repository.schema","kind":"client","trace_id":"f641b7cb8f7b0632f0ad14d4580922e7","span_id":"3debafa609c89cea","status":"ok","duration_ms":0,"attributes":{"db.operation.name":"schema","db.system":"postgresql"}}
{"event":"correlation_span","name":"repository.query","kind":"client","trace_id":"a07503f54bd89b63be19bb4a4eef8e1d","span_id":"dac3232739acccc8","status":"ok","duration_ms":0,"attributes":{"db.operation.name":"query","db.system":"postgresql"}}
{"event":"correlation_span","name":"repository.schema","kind":"client","trace_id":"d43bd3e9bd89880164f585b8cc0de396","span_id":"d363bfc34429d28f","status":"ok","duration_ms":0,"attributes":{"db.operation.name":"schema","db.system":"postgresql"}}
{"event":"correlation_span","name":"repository.query","kind":"client","trace_id":"cec2447dbac0c92e57edda3cd0016fd4","span_id":"5342685f65eea5ee","status":"ok","duration_ms":0,"attributes":{"db.operation.name":"query","db.system":"postgresql"}}
{"event":"correlation_span","name":"repository.query","kind":"client","trace_id":"e03bfc35497a9a7721569b1e66aeca61","span_id":"29faf379a10c9246","status":"ok","duration_ms":0,"attributes":{"db.operation.name":"query","db.system":"postgresql"}}
{"event":"correlation_span","name":"repository.schema","kind":"client","trace_id":"dbffe050f64a3a2b5dc4794297987e32","span_id":"4ae4d09914795cd3","status":"ok","duration_ms":0,"attributes":{"db.operation.name":"schema","db.system":"postgresql"}}
{"event":"correlation_span","name":"repository.query","kind":"client","trace_id":"9b5f5c769ca7d8d705732952675147cd","span_id":"b19b86fa951e0fd2","status":"ok","duration_ms":0,"attributes":{"db.operation.name":"query","db.system":"postgresql"}}
{"event":"correlation_span","name":"repository.schema","kind":"client","trace_id":"f0bbe6f45401daf1bb4b2253c0d258db","span_id":"723a3c782b40e370","status":"ok","duration_ms":0,"attributes":{"db.operation.name":"schema","db.system":"postgresql"}}
{"event":"correlation_span","name":"repository.query","kind":"client","trace_id":"13c216068b73c4fae20cfe79880033ff","span_id":"54e98355ac91563f","status":"ok","duration_ms":0,"attributes":{"db.operation.name":"query","db.system":"postgresql"}}
{"event":"correlation_span","name":"repository.schema","kind":"client","trace_id":"ec9a3de483489317fe87a3d53b25dae6","span_id":"108edacd371e7a93","status":"ok","duration_ms":0,"attributes":{"db.operation.name":"schema","db.system":"postgresql"}}
{"event":"correlation_span","name":"repository.query","kind":"client","trace_id":"35ddddf5bd749589f4955e2d07242852","span_id":"bdd781911bd49fb5","status":"ok","duration_ms":0,"attributes":{"db.operation.name":"query","db.system":"postgresql"}}
{"event":"correlation_span","name":"repository.query","kind":"client","trace_id":"fde3cc7e68f4915ed2bdee707c757653","span_id":"b8ccbf12db2267c9","parent_span_id":"d4a6e1ebc280844d","status":"ok","duration_ms":0,"attributes":{"db.operation.name":"query","db.system":"postgresql"}}
{"event":"correlation_span","name":"repository.query","kind":"client","trace_id":"fde3cc7e68f4915ed2bdee707c757653","span_id":"fd1455bc04c2d1b4","parent_span_id":"d4a6e1ebc280844d","status":"ok","duration_ms":0,"attributes":{"db.operation.name":"query","db.system":"postgresql"}}
{"event":"correlation_span","name":"repository.query","kind":"client","trace_id":"fde3cc7e68f4915ed2bdee707c757653","span_id":"ec0318fd8fca9f51","parent_span_id":"d4a6e1ebc280844d","status":"ok","duration_ms":0,"attributes":{"db.operation.name":"query","db.system":"postgresql"}}
{"correlation_id":"pid_2e46cba3-bc0b-454c-9775-d9cb09a4088a","duration_ms":2,"event":"http_request","method":"POST","route":"/api/v1/security-agents","severity":"INFO","span_id":"d4a6e1ebc280844d","status":201,"timestamp":"2026-10-06T02:07:16.615920638Z","trace_id":"fde3cc7e68f4915ed2bdee707c757653"}
{"correlation_id":"pid_2e46cba3-bc0b-454c-9775-d9cb09a4088a","event":"audit_outcome","operation":"POST /api/v1/security-agents","outcome":"succeeded","severity":"INFO","timestamp":"2026-10-06T02:07:16.615981519Z","trace_id":"fde3cc7e68f4915ed2bdee707c757653"}
{"event":"correlation_span","name":"http.request","kind":"server","trace_id":"fde3cc7e68f4915ed2bdee707c757653","span_id":"d4a6e1ebc280844d","parent_span_id":"6f40c7005f42de76","status":"ok","duration_ms":2,"attributes":{"http.request.method":"POST","http.response.status_code":"201","http.route":"/api/v1/security-agents"}}
=== RUN   TestAutomaticRulesMountedRollout/ready/configured=true
{"event":"correlation_span","name":"repository.query","kind":"client","trace_id":"72c07b752ca34e8643da15c169f486ef","span_id":"ac5287ca2f744cbe","status":"ok","duration_ms":0,"attributes":{"db.operation.name":"query","db.system":"postgresql"}}
{"event":"correlation_span","name":"repository.query","kind":"client","trace_id":"42041916f4f3731283467be4028ff735","span_id":"cd023a6a9a269d73","status":"ok","duration_ms":0,"attributes":{"db.operation.name":"query","db.system":"postgresql"}}
{"event":"correlation_span","name":"repository.schema","kind":"client","trace_id":"9bc70f7b5e0995ead046e76eeea8d6f1","span_id":"e92f052be98827a1","status":"ok","duration_ms":0,"attributes":{"db.operation.name":"schema","db.system":"postgresql"}}
{"event":"correlation_span","name":"repository.schema","kind":"client","trace_id":"ae991a9739913623c6fab6515b103961","span_id":"0a4e0bee9520111c","status":"ok","duration_ms":0,"attributes":{"db.operation.name":"schema","db.system":"postgresql"}}
{"event":"correlation_span","name":"repository.query","kind":"client","trace_id":"06158e6f5681115afa4f499ef351e4a5","span_id":"171e96ab57e48d26","status":"ok","duration_ms":0,"attributes":{"db.operation.name":"query","db.system":"postgresql"}}
{"event":"correlation_span","name":"repository.query","kind":"client","trace_id":"1f3b5bbb5426983e9585d6fac8f019ce","span_id":"49a8e87cd844d416","status":"ok","duration_ms":0,"attributes":{"db.operation.name":"query","db.system":"postgresql"}}
{"event":"correlation_span","name":"repository.schema","kind":"client","trace_id":"513999672954a19c2c24c5e725ca6fbe","span_id":"f3b36503a3876b2f","status":"ok","duration_ms":0,"attributes":{"db.operation.name":"schema","db.system":"postgresql"}}
{"event":"correlation_span","name":"repository.schema","kind":"client","trace_id":"d0934dbafc2a758eaf2336b9cd05bbd4","span_id":"31a7433d1b8c5909","status":"ok","duration_ms":0,"attributes":{"db.operation.name":"schema","db.system":"postgresql"}}
{"event":"correlation_span","name":"repository.query","kind":"client","trace_id":"9ef35c99ab23945f8fd39c24356177f1","span_id":"16ea2920f2fe752a","status":"ok","duration_ms":0,"attributes":{"db.operation.name":"query","db.system":"postgresql"}}
{"event":"correlation_span","name":"repository.schema","kind":"client","trace_id":"6df77eb88f620616e39bdeec6b8bc9e3","span_id":"28445bcc7330a3e5","status":"ok","duration_ms":0,"attributes":{"db.operation.name":"schema","db.system":"postgresql"}}
{"event":"correlation_span","name":"repository.query","kind":"client","trace_id":"b31025b1cba49391c3b7b217464ee71d","span_id":"bf33d8353209d6a7","status":"ok","duration_ms":0,"attributes":{"db.operation.name":"query","db.system":"postgresql"}}
{"event":"correlation_span","name":"repository.query","kind":"client","trace_id":"aad4c70ed0dc7e85b942ac755d660867","span_id":"f99be27c0d476a9e","status":"ok","duration_ms":0,"attributes":{"db.operation.name":"query","db.system":"postgresql"}}
{"event":"correlation_span","name":"repository.schema","kind":"client","trace_id":"de0767a4b4abc42b15d8e4296e7b29da","span_id":"02ed5b5fe2151a9e","status":"ok","duration_ms":0,"attributes":{"db.operation.name":"schema","db.system":"postgresql"}}
{"event":"correlation_span","name":"repository.query","kind":"client","trace_id":"db3ff2ea26fdfbea467944f746eed32f","span_id":"d6490c0901887d65","status":"ok","duration_ms":0,"attributes":{"db.operation.name":"query","db.system":"postgresql"}}
{"event":"correlation_span","name":"repository.schema","kind":"client","trace_id":"fd4461276f21027f4e5703e68532409e","span_id":"c5888045dbff6df5","status":"ok","duration_ms":0,"attributes":{"db.operation.name":"schema","db.system":"postgresql"}}
{"event":"correlation_span","name":"repository.query","kind":"client","trace_id":"716803cb3c88bebb322ec51743b54c57","span_id":"0b23f0d0abd73db2","status":"ok","duration_ms":0,"attributes":{"db.operation.name":"query","db.system":"postgresql"}}
{"event":"correlation_span","name":"repository.schema","kind":"client","trace_id":"9e2e01b282397a13d6c19404d184fab6","span_id":"9faa309814eecd70","status":"ok","duration_ms":0,"attributes":{"db.operation.name":"schema","db.system":"postgresql"}}
{"event":"correlation_span","name":"repository.query","kind":"client","trace_id":"beffc4ac775ce6f2de9edde5e2b5c0eb","span_id":"df11e599c7d761b9","status":"ok","duration_ms":0,"attributes":{"db.operation.name":"query","db.system":"postgresql"}}
{"event":"correlation_span","name":"repository.query","kind":"client","trace_id":"4bc7ee7ae0f057c429e4125444e0ecef","span_id":"3daef62a367857b6","parent_span_id":"6f0ccba4e59328d9","status":"ok","duration_ms":0,"attributes":{"db.operation.name":"query","db.system":"postgresql"}}
{"event":"correlation_span","name":"repository.query","kind":"client","trace_id":"4bc7ee7ae0f057c429e4125444e0ecef","span_id":"48b5febddb7b3c8d","parent_span_id":"6f0ccba4e59328d9","status":"ok","duration_ms":0,"attributes":{"db.operation.name":"query","db.system":"postgresql"}}
{"event":"correlation_span","name":"repository.query","kind":"client","trace_id":"4bc7ee7ae0f057c429e4125444e0ecef","span_id":"f22c93ec4a38e377","parent_span_id":"6f0ccba4e59328d9","status":"ok","duration_ms":0,"attributes":{"db.operation.name":"query","db.system":"postgresql"}}
{"event":"correlation_span","name":"repository.query","kind":"client","trace_id":"4bc7ee7ae0f057c429e4125444e0ecef","span_id":"1ddfe06d680beedf","parent_span_id":"6f0ccba4e59328d9","status":"ok","duration_ms":0,"attributes":{"db.operation.name":"query","db.system":"postgresql"}}
{"event":"correlation_span","name":"repository.query","kind":"client","trace_id":"4bc7ee7ae0f057c429e4125444e0ecef","span_id":"2852c2633cafa7ef","parent_span_id":"6f0ccba4e59328d9","status":"ok","duration_ms":0,"attributes":{"db.operation.name":"query","db.system":"postgresql"}}
{"correlation_id":"pid_db3c6be7-97a3-4c8a-b20a-14e1a54bb144","duration_ms":3,"event":"http_request","method":"POST","route":"/api/v1/security-agents","severity":"INFO","span_id":"6f0ccba4e59328d9","status":201,"timestamp":"2026-10-06T02:07:16.628362182Z","trace_id":"4bc7ee7ae0f057c429e4125444e0ecef"}
{"correlation_id":"pid_db3c6be7-97a3-4c8a-b20a-14e1a54bb144","event":"audit_outcome","operation":"POST /api/v1/security-agents","outcome":"succeeded","severity":"INFO","timestamp":"2026-10-06T02:07:16.62842089Z","trace_id":"4bc7ee7ae0f057c429e4125444e0ecef"}
{"event":"correlation_span","name":"http.request","kind":"server","trace_id":"4bc7ee7ae0f057c429e4125444e0ecef","span_id":"6f0ccba4e59328d9","parent_span_id":"d3517d95470f1533","status":"ok","duration_ms":3,"attributes":{"http.request.method":"POST","http.response.status_code":"201","http.route":"/api/v1/security-agents"}}
--- PASS: TestAutomaticRulesMountedRollout (0.07s)
    --- PASS: TestAutomaticRulesMountedRollout/absent/configured=false (0.01s)
    --- PASS: TestAutomaticRulesMountedRollout/absent/configured=true (0.01s)
    --- PASS: TestAutomaticRulesMountedRollout/invalid/configured=false (0.01s)
    --- PASS: TestAutomaticRulesMountedRollout/invalid/configured=true (0.01s)
    --- PASS: TestAutomaticRulesMountedRollout/ready/configured=false (0.01s)
    --- PASS: TestAutomaticRulesMountedRollout/ready/configured=true (0.01s)
=== RUN   TestTemporalHumanMountedProductionComposition
=== RUN   TestTemporalHumanMountedProductionComposition/ordered=false
{"event":"correlation_span","name":"repository.query","kind":"client","trace_id":"88524864701830d44b19102772ad424f","span_id":"aec4839eef58296b","status":"ok","duration_ms":0,"attributes":{"db.operation.name":"query","db.system":"postgresql"}}
{"event":"correlation_span","name":"repository.query","kind":"client","trace_id":"1d3db756e31c041b501a0f51284995f3","span_id":"e14f12e76665a5ad","status":"ok","duration_ms":0,"attributes":{"db.operation.name":"query","db.system":"postgresql"}}
{"event":"correlation_span","name":"repository.schema","kind":"client","trace_id":"301a9df2121d288d208d2c389d9ff9bb","span_id":"452405a6a6438691","status":"ok","duration_ms":0,"attributes":{"db.operation.name":"schema","db.system":"postgresql"}}
{"event":"correlation_span","name":"repository.schema","kind":"client","trace_id":"22812774ce000d12b725bc913f031c9a","span_id":"a52efa468b0e0398","status":"ok","duration_ms":0,"attributes":{"db.operation.name":"schema","db.system":"postgresql"}}
{"event":"correlation_span","name":"repository.query","kind":"client","trace_id":"c49fc087512468d14f218d653b45593c","span_id":"c6fcc9ccfe7b9ee9","status":"ok","duration_ms":0,"attributes":{"db.operation.name":"query","db.system":"postgresql"}}
{"event":"correlation_span","name":"repository.query","kind":"client","trace_id":"814f2f75a20d6c10f776f12debb340ca","span_id":"9e69fb98e512ca2b","status":"ok","duration_ms":0,"attributes":{"db.operation.name":"query","db.system":"postgresql"}}
{"event":"correlation_span","name":"repository.schema","kind":"client","trace_id":"ea49f35ab6a5fbd0be5febda4b28c477","span_id":"75b0d97f3aedfaf5","status":"ok","duration_ms":0,"attributes":{"db.operation.name":"schema","db.system":"postgresql"}}
{"event":"correlation_span","name":"repository.schema","kind":"client","trace_id":"fdf8d0b5926e64ba426b02ee90ddff3e","span_id":"262f6b4c773c6875","status":"ok","duration_ms":0,"attributes":{"db.operation.name":"schema","db.system":"postgresql"}}
{"event":"correlation_span","name":"repository.query","kind":"client","trace_id":"20c66d31edc3541a9e174fea00d6735a","span_id":"cfc53f890483d77d","status":"ok","duration_ms":0,"attributes":{"db.operation.name":"query","db.system":"postgresql"}}
{"event":"correlation_span","name":"repository.schema","kind":"client","trace_id":"dc7d1779d618f0756ae048bdf7fe6f71","span_id":"94e500af29fae9a6","status":"ok","duration_ms":0,"attributes":{"db.operation.name":"schema","db.system":"postgresql"}}
{"event":"correlation_span","name":"repository.query","kind":"client","trace_id":"200abec843ccf81bcfd782f3505dd374","span_id":"1c8bb7d0e9085b88","status":"ok","duration_ms":0,"attributes":{"db.operation.name":"query","db.system":"postgresql"}}
{"event":"correlation_span","name":"repository.query","kind":"client","trace_id":"8798701feb9557dc207674f3511ee111","span_id":"e5cc219b6e29f890","status":"ok","duration_ms":0,"attributes":{"db.operation.name":"query","db.system":"postgresql"}}
{"event":"correlation_span","name":"repository.schema","kind":"client","trace_id":"fd20c548d34514a99d36d2242d3dff3d","span_id":"87a7705a6bf144da","status":"ok","duration_ms":0,"attributes":{"db.operation.name":"schema","db.system":"postgresql"}}
{"event":"correlation_span","name":"repository.query","kind":"client","trace_id":"70999a6b69cd709e486f50da91e82a57","span_id":"ca8556dc518bba61","status":"ok","duration_ms":0,"attributes":{"db.operation.name":"query","db.system":"postgresql"}}
{"event":"correlation_span","name":"repository.schema","kind":"client","trace_id":"f0fcc715c6790c6c62d47d01f5008073","span_id":"f8b58fcaea4c684a","status":"ok","duration_ms":0,"attributes":{"db.operation.name":"schema","db.system":"postgresql"}}
{"event":"correlation_span","name":"repository.query","kind":"client","trace_id":"7a086528a28aa2c7309708a6bdb85842","span_id":"f338bf694d3ad9e5","status":"ok","duration_ms":0,"attributes":{"db.operation.name":"query","db.system":"postgresql"}}
{"event":"correlation_span","name":"repository.schema","kind":"client","trace_id":"be7a41318e14276481bd831fbd240e08","span_id":"17921455a8127c49","status":"ok","duration_ms":0,"attributes":{"db.operation.name":"schema","db.system":"postgresql"}}
{"event":"correlation_span","name":"repository.query","kind":"client","trace_id":"c9f97330ceb40e72a0f5a60df128e032","span_id":"c86172d1031b0a8d","status":"ok","duration_ms":0,"attributes":{"db.operation.name":"query","db.system":"postgresql"}}
{"event":"correlation_span","name":"repository.query","kind":"client","trace_id":"7f0a593957b00be3895161ee122a181a","span_id":"d5485463b63e40ef","parent_span_id":"4ba75b339a85a12d","status":"ok","duration_ms":0,"attributes":{"db.operation.name":"query","db.system":"postgresql"}}
{"event":"correlation_span","name":"repository.query","kind":"client","trace_id":"7f0a593957b00be3895161ee122a181a","span_id":"fbd0cddb1c87c645","parent_span_id":"4ba75b339a85a12d","status":"ok","duration_ms":0,"attributes":{"db.operation.name":"query","db.system":"postgresql"}}
{"correlation_id":"pid_92156dab-fe00-402f-913a-533d0b144ef8","duration_ms":51,"event":"http_request","method":"POST","route":"/api/v1/security-agents/:resource","severity":"INFO","span_id":"4ba75b339a85a12d","status":202,"timestamp":"2026-10-06T02:07:16.688225343Z","trace_id":"7f0a593957b00be3895161ee122a181a"}
{"correlation_id":"pid_92156dab-fe00-402f-913a-533d0b144ef8","event":"audit_outcome","operation":"POST /api/v1/security-agents/:resource","outcome":"succeeded","severity":"INFO","timestamp":"2026-10-06T02:07:16.688314357Z","trace_id":"7f0a593957b00be3895161ee122a181a"}
{"event":"correlation_span","name":"http.request","kind":"server","trace_id":"7f0a593957b00be3895161ee122a181a","span_id":"4ba75b339a85a12d","parent_span_id":"bf688b865636de39","status":"ok","duration_ms":51,"attributes":{"http.request.method":"POST","http.response.status_code":"202","http.route":"/api/v1/security-agents/:resource"}}
{"event":"correlation_span","name":"repository.query","kind":"client","trace_id":"8a2283d29d20b478e2aa1b37e2b9c1e6","span_id":"63b55ab25c61dff4","parent_span_id":"ebb19155d4dafb2c","status":"ok","duration_ms":0,"attributes":{"db.operation.name":"query","db.system":"postgresql"}}
{"event":"correlation_span","name":"repository.query","kind":"client","trace_id":"8a2283d29d20b478e2aa1b37e2b9c1e6","span_id":"0fd1a4e9b0d03e2d","parent_span_id":"ebb19155d4dafb2c","status":"ok","duration_ms":0,"attributes":{"db.operation.name":"query","db.system":"postgresql"}}
{"correlation_id":"pid_56a39ee6-6a60-44ec-8e50-cb2be735dcf1","duration_ms":58,"event":"http_request","method":"POST","route":"/api/v1/security-agents/:resource","severity":"INFO","span_id":"ebb19155d4dafb2c","status":503,"timestamp":"2026-10-06T02:07:16.746728743Z","trace_id":"8a2283d29d20b478e2aa1b37e2b9c1e6"}
{"correlation_id":"pid_56a39ee6-6a60-44ec-8e50-cb2be735dcf1","event":"audit_outcome","operation":"POST /api/v1/security-agents/:resource","outcome":"rejected","severity":"INFO","timestamp":"2026-10-06T02:07:16.746795914Z","trace_id":"8a2283d29d20b478e2aa1b37e2b9c1e6"}
{"event":"correlation_span","name":"http.request","kind":"server","trace_id":"8a2283d29d20b478e2aa1b37e2b9c1e6","span_id":"ebb19155d4dafb2c","parent_span_id":"3bcac14d0ad5aa74","status":"error","duration_ms":58,"attributes":{"http.request.method":"POST","http.response.status_code":"503","http.route":"/api/v1/security-agents/:resource"}}
=== RUN   TestTemporalHumanMountedProductionComposition/ordered=true
{"event":"correlation_span","name":"repository.query","kind":"client","trace_id":"190c98999e9bf4f6f8767502e923a4de","span_id":"4971d4bf0b4dc215","status":"ok","duration_ms":0,"attributes":{"db.operation.name":"query","db.system":"postgresql"}}
{"event":"correlation_span","name":"repository.query","kind":"client","trace_id":"391188f1a84d57f32a4eff38863da70c","span_id":"ecd09bce891dd48e","status":"ok","duration_ms":0,"attributes":{"db.operation.name":"query","db.system":"postgresql"}}
{"event":"correlation_span","name":"repository.schema","kind":"client","trace_id":"e3ccab92ad10c7bcc7745503dec1cd8f","span_id":"f8ff3ec69308ce16","status":"ok","duration_ms":0,"attributes":{"db.operation.name":"schema","db.system":"postgresql"}}
{"event":"correlation_span","name":"repository.schema","kind":"client","trace_id":"845f4b8ead20c66b53d0049951b590fa","span_id":"08fa30c4cdaa3e2a","status":"ok","duration_ms":0,"attributes":{"db.operation.name":"schema","db.system":"postgresql"}}
{"event":"correlation_span","name":"repository.query","kind":"client","trace_id":"b0bdbebd776a2750445efa9ed8542a66","span_id":"d361ba6cebc5afb2","status":"ok","duration_ms":0,"attributes":{"db.operation.name":"query","db.system":"postgresql"}}
{"event":"correlation_span","name":"repository.query","kind":"client","trace_id":"0a762ca77a1aa67c09f1b9335cf1ffe9","span_id":"6cfd975e36c9e6b7","status":"ok","duration_ms":0,"attributes":{"db.operation.name":"query","db.system":"postgresql"}}
{"event":"correlation_span","name":"repository.schema","kind":"client","trace_id":"61ac41070ad052c096d3a8d993220db6","span_id":"0ea8cb0e01c483a0","status":"ok","duration_ms":0,"attributes":{"db.operation.name":"schema","db.system":"postgresql"}}
{"event":"correlation_span","name":"repository.schema","kind":"client","trace_id":"9c59a8cec1677b396f755294ae06e895","span_id":"168db580b520916c","status":"ok","duration_ms":0,"attributes":{"db.operation.name":"schema","db.system":"postgresql"}}
{"event":"correlation_span","name":"repository.query","kind":"client","trace_id":"00694cd39beac2e3ba69e140f514b122","span_id":"946ced0bf9e34bd2","status":"ok","duration_ms":0,"attributes":{"db.operation.name":"query","db.system":"postgresql"}}
{"event":"correlation_span","name":"repository.schema","kind":"client","trace_id":"03882533878fc882a470a44631a1cb9d","span_id":"233920f28946d79f","status":"ok","duration_ms":0,"attributes":{"db.operation.name":"schema","db.system":"postgresql"}}
{"event":"correlation_span","name":"repository.query","kind":"client","trace_id":"5c72a638be409b0890c2a9bcdad3df88","span_id":"6f4dca43031704e9","status":"ok","duration_ms":0,"attributes":{"db.operation.name":"query","db.system":"postgresql"}}
{"event":"correlation_span","name":"repository.query","kind":"client","trace_id":"7119576f366819151e3db4595c20a3ef","span_id":"fbbcd073e894acab","status":"ok","duration_ms":0,"attributes":{"db.operation.name":"query","db.system":"postgresql"}}
{"event":"correlation_span","name":"repository.schema","kind":"client","trace_id":"72c1d4701ca524ba11dcc57a7bc095bf","span_id":"41051ccbe43707f3","status":"ok","duration_ms":0,"attributes":{"db.operation.name":"schema","db.system":"postgresql"}}
{"event":"correlation_span","name":"repository.query","kind":"client","trace_id":"dd15bb2888e4303ae1a9ecde8302aab0","span_id":"49a32aaffa39eddf","status":"ok","duration_ms":0,"attributes":{"db.operation.name":"query","db.system":"postgresql"}}
{"event":"correlation_span","name":"repository.ordered_http_release","kind":"client","trace_id":"e8b34cf52d1aff5c5c3381e6b434a3fb","span_id":"fc69037f3aed3290","status":"ok","duration_ms":0,"attributes":{"db.operation.name":"deployment_ready","db.system":"postgresql"}}
{"event":"correlation_span","name":"repository.schema","kind":"client","trace_id":"f4b6446e1c18a41fea427d4841ece7f6","span_id":"c4999aad6bb9284a","status":"ok","duration_ms":0,"attributes":{"db.operation.name":"schema","db.system":"postgresql"}}
{"event":"correlation_span","name":"repository.query","kind":"client","trace_id":"65ef188bf866404156c6654f28c54caf","span_id":"9299addc20dc154f","status":"ok","duration_ms":0,"attributes":{"db.operation.name":"query","db.system":"postgresql"}}
{"event":"correlation_span","name":"repository.schema","kind":"client","trace_id":"a7cd0ca86b9529ac05ab897584f31c18","span_id":"170b1af80d6c6a85","status":"ok","duration_ms":0,"attributes":{"db.operation.name":"schema","db.system":"postgresql"}}
{"event":"correlation_span","name":"repository.query","kind":"client","trace_id":"24cc7eb7ef02be31c622392e199873b0","span_id":"8a1d5eab4cb38a3f","status":"ok","duration_ms":0,"attributes":{"db.operation.name":"query","db.system":"postgresql"}}
{"event":"correlation_span","name":"repository.query","kind":"client","trace_id":"2cbfd22fef52e556fb51aabef95343c6","span_id":"c2b9207632828bac","parent_span_id":"5ec5d79eff33d839","status":"ok","duration_ms":0,"attributes":{"db.operation.name":"query","db.system":"postgresql"}}
{"event":"correlation_span","name":"repository.query","kind":"client","trace_id":"2cbfd22fef52e556fb51aabef95343c6","span_id":"c6e70d42f0f8513f","parent_span_id":"5ec5d79eff33d839","status":"ok","duration_ms":0,"attributes":{"db.operation.name":"query","db.system":"postgresql"}}
{"event":"correlation_span","name":"repository.query","kind":"client","trace_id":"2cbfd22fef52e556fb51aabef95343c6","span_id":"756ae93ee6796074","parent_span_id":"5ec5d79eff33d839","status":"ok","duration_ms":0,"attributes":{"db.operation.name":"query","db.system":"postgresql"}}
{"correlation_id":"pid_fa71d1e7-3ac6-4107-a6c7-25ee76b69683","duration_ms":67,"event":"http_request","method":"POST","route":"/api/v1/security-agents/:resource","severity":"INFO","span_id":"5ec5d79eff33d839","status":202,"timestamp":"2026-10-06T02:07:16.823283305Z","trace_id":"2cbfd22fef52e556fb51aabef95343c6"}
{"correlation_id":"pid_fa71d1e7-3ac6-4107-a6c7-25ee76b69683","event":"audit_outcome","operation":"POST /api/v1/security-agents/:resource","outcome":"succeeded","severity":"INFO","timestamp":"2026-10-06T02:07:16.823358889Z","trace_id":"2cbfd22fef52e556fb51aabef95343c6"}
{"event":"correlation_span","name":"http.request","kind":"server","trace_id":"2cbfd22fef52e556fb51aabef95343c6","span_id":"5ec5d79eff33d839","parent_span_id":"4f714f68d96f8717","status":"ok","duration_ms":67,"attributes":{"http.request.method":"POST","http.response.status_code":"202","http.route":"/api/v1/security-agents/:resource"}}
{"event":"correlation_span","name":"repository.query","kind":"client","trace_id":"c50daed664af67f1281c041c09b48cb5","span_id":"6296b94fbf62c663","parent_span_id":"331005e102eb1332","status":"ok","duration_ms":0,"attributes":{"db.operation.name":"query","db.system":"postgresql"}}
{"event":"correlation_span","name":"repository.query","kind":"client","trace_id":"c50daed664af67f1281c041c09b48cb5","span_id":"f7126b37b3aab6eb","parent_span_id":"331005e102eb1332","status":"ok","duration_ms":0,"attributes":{"db.operation.name":"query","db.system":"postgresql"}}
{"correlation_id":"pid_086b9577-f821-4e0f-a4f6-8a9bef4f0122","duration_ms":0,"event":"http_request","method":"POST","route":"/api/v1/security-agents/:resource","severity":"INFO","span_id":"331005e102eb1332","status":503,"timestamp":"2026-10-06T02:07:16.823859702Z","trace_id":"c50daed664af67f1281c041c09b48cb5"}
{"correlation_id":"pid_086b9577-f821-4e0f-a4f6-8a9bef4f0122","event":"audit_outcome","operation":"POST /api/v1/security-agents/:resource","outcome":"rejected","severity":"INFO","timestamp":"2026-10-06T02:07:16.823902266Z","trace_id":"c50daed664af67f1281c041c09b48cb5"}
{"event":"correlation_span","name":"http.request","kind":"server","trace_id":"c50daed664af67f1281c041c09b48cb5","span_id":"331005e102eb1332","parent_span_id":"371563c09ab4f60e","status":"error","duration_ms":0,"attributes":{"http.request.method":"POST","http.response.status_code":"503","http.route":"/api/v1/security-agents/:resource"}}
--- PASS: TestTemporalHumanMountedProductionComposition (0.20s)
    --- PASS: TestTemporalHumanMountedProductionComposition/ordered=false (0.12s)
    --- PASS: TestTemporalHumanMountedProductionComposition/ordered=true (0.08s)
=== RUN   TestTemporalHumanTracingCapability
--- PASS: TestTemporalHumanTracingCapability (0.00s)
=== RUN   TestTemporalLifecycleRuntimePublicRepository
=== RUN   TestTemporalLifecycleRuntimePublicRepository/cancel/handled
=== RUN   TestTemporalLifecycleRuntimePublicRepository/cancel/unhandled
=== RUN   TestTemporalLifecycleRuntimePublicRepository/cancel/no-interface
=== RUN   TestTemporalLifecycleRuntimePublicRepository/cancel/error-handled
=== RUN   TestTemporalLifecycleRuntimePublicRepository/cancel/error-unhandled
=== RUN   TestTemporalLifecycleRuntimePublicRepository/read/handled
=== RUN   TestTemporalLifecycleRuntimePublicRepository/read/unhandled
=== RUN   TestTemporalLifecycleRuntimePublicRepository/read/no-interface
=== RUN   TestTemporalLifecycleRuntimePublicRepository/read/error-handled
=== RUN   TestTemporalLifecycleRuntimePublicRepository/read/error-unhandled
=== RUN   TestTemporalLifecycleRuntimePublicRepository/decide/handled
=== RUN   TestTemporalLifecycleRuntimePublicRepository/decide/unhandled
=== RUN   TestTemporalLifecycleRuntimePublicRepository/decide/no-interface
=== RUN   TestTemporalLifecycleRuntimePublicRepository/decide/error-handled
=== RUN   TestTemporalLifecycleRuntimePublicRepository/decide/error-unhandled
=== RUN   TestTemporalLifecycleRuntimePublicRepository/page/handled
=== RUN   TestTemporalLifecycleRuntimePublicRepository/page/unhandled
=== RUN   TestTemporalLifecycleRuntimePublicRepository/page/no-interface
=== RUN   TestTemporalLifecycleRuntimePublicRepository/page/error-handled
=== RUN   TestTemporalLifecycleRuntimePublicRepository/page/error-unhandled
--- PASS: TestTemporalLifecycleRuntimePublicRepository (0.04s)
    --- PASS: TestTemporalLifecycleRuntimePublicRepository/cancel/handled (0.00s)
    --- PASS: TestTemporalLifecycleRuntimePublicRepository/cancel/unhandled (0.00s)
    --- PASS: TestTemporalLifecycleRuntimePublicRepository/cancel/no-interface (0.00s)
    --- PASS: TestTemporalLifecycleRuntimePublicRepository/cancel/error-handled (0.00s)
    --- PASS: TestTemporalLifecycleRuntimePublicRepository/cancel/error-unhandled (0.00s)
    --- PASS: TestTemporalLifecycleRuntimePublicRepository/read/handled (0.00s)
    --- PASS: TestTemporalLifecycleRuntimePublicRepository/read/unhandled (0.00s)
    --- PASS: TestTemporalLifecycleRuntimePublicRepository/read/no-interface (0.00s)
    --- PASS: TestTemporalLifecycleRuntimePublicRepository/read/error-handled (0.00s)
    --- PASS: TestTemporalLifecycleRuntimePublicRepository/read/error-unhandled (0.00s)
    --- PASS: TestTemporalLifecycleRuntimePublicRepository/decide/handled (0.00s)
    --- PASS: TestTemporalLifecycleRuntimePublicRepository/decide/unhandled (0.00s)
    --- PASS: TestTemporalLifecycleRuntimePublicRepository/decide/no-interface (0.00s)
    --- PASS: TestTemporalLifecycleRuntimePublicRepository/decide/error-handled (0.00s)
    --- PASS: TestTemporalLifecycleRuntimePublicRepository/decide/error-unhandled (0.00s)
    --- PASS: TestTemporalLifecycleRuntimePublicRepository/page/handled (0.00s)
    --- PASS: TestTemporalLifecycleRuntimePublicRepository/page/unhandled (0.00s)
    --- PASS: TestTemporalLifecycleRuntimePublicRepository/page/no-interface (0.00s)
    --- PASS: TestTemporalLifecycleRuntimePublicRepository/page/error-handled (0.00s)
    --- PASS: TestTemporalLifecycleRuntimePublicRepository/page/error-unhandled (0.00s)
=== RUN   TestTemporalLifecycleRuntimeForwardingContract
=== RUN   TestTemporalLifecycleRuntimeForwardingContract/nil_wrapper
=== RUN   TestTemporalLifecycleRuntimeForwardingContract/nil_next
=== RUN   TestTemporalLifecycleRuntimeForwardingContract/typed_nil
=== RUN   TestTemporalLifecycleRuntimeForwardingContract/nil_context
=== RUN   TestTemporalLifecycleRuntimeForwardingContract/cancelled
--- PASS: TestTemporalLifecycleRuntimeForwardingContract (0.00s)
    --- PASS: TestTemporalLifecycleRuntimeForwardingContract/nil_wrapper (0.00s)
    --- PASS: TestTemporalLifecycleRuntimeForwardingContract/nil_next (0.00s)
    --- PASS: TestTemporalLifecycleRuntimeForwardingContract/typed_nil (0.00s)
    --- PASS: TestTemporalLifecycleRuntimeForwardingContract/nil_context (0.00s)
    --- PASS: TestTemporalLifecycleRuntimeForwardingContract/cancelled (0.00s)
=== CONT  TestRunReturnsWriterFailure
=== CONT  TestServeProcessExposesExactHealthEndpoints
=== CONT  TestRunRejectsInvalidBuildVersionWithoutOutput
--- PASS: TestRunReturnsWriterFailure (0.00s)
=== RUN   TestRunRejectsInvalidBuildVersionWithoutOutput/#00
=== PAUSE TestRunRejectsInvalidBuildVersionWithoutOutput/#00
=== RUN   TestRunRejectsInvalidBuildVersionWithoutOutput/.1.0.0
=== CONT  TestServeProcessFailsBeforeOrClosesListener
=== CONT  TestRunRejectsNilWriter
=== PAUSE TestRunRejectsInvalidBuildVersionWithoutOutput/.1.0.0
=== RUN   TestServeProcessFailsBeforeOrClosesListener/invalid_before_listen
=== CONT  TestRunPrintsExactBuildVersion
=== RUN   TestRunPrintsExactBuildVersion/dev
=== RUN   TestRunRejectsInvalidBuildVersionWithoutOutput/-dev
=== PAUSE TestRunPrintsExactBuildVersion/dev
--- PASS: TestRunRejectsNilWriter (0.00s)
=== PAUSE TestRunRejectsInvalidBuildVersionWithoutOutput/-dev
=== RUN   TestRunPrintsExactBuildVersion/0.1.0-test.1
=== RUN   TestRunRejectsInvalidBuildVersionWithoutOutput/_dev
=== PAUSE TestRunPrintsExactBuildVersion/0.1.0-test.1
=== RUN   TestServeProcessFailsBeforeOrClosesListener/canceled_before_listen
=== PAUSE TestRunRejectsInvalidBuildVersionWithoutOutput/_dev
=== RUN   TestRunRejectsInvalidBuildVersionWithoutOutput/dev_
=== RUN   TestRunPrintsExactBuildVersion/A_b+c.d-9
=== PAUSE TestRunPrintsExactBuildVersion/A_b+c.d-9
=== RUN   TestServeProcessFailsBeforeOrClosesListener/listen_failure
=== RUN   TestRunPrintsExactBuildVersion/aaaaaaaaaaaaaaaaaaaaaaaaaaaaaaaaaaaaaaaaaaaaaaaaaaaaaaaaaaaaaaaa
=== PAUSE TestRunPrintsExactBuildVersion/aaaaaaaaaaaaaaaaaaaaaaaaaaaaaaaaaaaaaaaaaaaaaaaaaaaaaaaaaaaaaaaa
=== CONT  TestDefaultBuildVersion
=== RUN   TestServeProcessFailsBeforeOrClosesListener/listen_failure_closes_returned_candidate
=== PAUSE TestRunRejectsInvalidBuildVersionWithoutOutput/dev_
--- PASS: TestDefaultBuildVersion (0.00s)
=== RUN   TestRunRejectsInvalidBuildVersionWithoutOutput/dev_build
=== CONT  TestRunPrintsExactBuildVersion/dev
=== PAUSE TestRunRejectsInvalidBuildVersionWithoutOutput/dev_build
=== RUN   TestRunRejectsInvalidBuildVersionWithoutOutput/dev_next
=== PAUSE TestRunRejectsInvalidBuildVersionWithoutOutput/dev_next
=== CONT  TestRunPrintsExactBuildVersion/aaaaaaaaaaaaaaaaaaaaaaaaaaaaaaaaaaaaaaaaaaaaaaaaaaaaaaaaaaaaaaaa
=== RUN   TestRunRejectsInvalidBuildVersionWithoutOutput/dev_next#01
=== RUN   TestServeProcessFailsBeforeOrClosesListener/cleanup_failure_wins_listen_failure
=== CONT  TestRunPrintsExactBuildVersion/A_b+c.d-9
=== PAUSE TestRunRejectsInvalidBuildVersionWithoutOutput/dev_next#01
=== CONT  TestRunPrintsExactBuildVersion/0.1.0-test.1
=== RUN   TestRunRejectsInvalidBuildVersionWithoutOutput/dev/path
=== PAUSE TestRunRejectsInvalidBuildVersionWithoutOutput/dev/path
=== RUN   TestRunRejectsInvalidBuildVersionWithoutOutput/dévelop
=== PAUSE TestRunRejectsInvalidBuildVersionWithoutOutput/dévelop
=== RUN   TestServeProcessFailsBeforeOrClosesListener/writer_failure_closes_listener
--- PASS: TestRunPrintsExactBuildVersion (0.00s)
    --- PASS: TestRunPrintsExactBuildVersion/dev (0.00s)
    --- PASS: TestRunPrintsExactBuildVersion/aaaaaaaaaaaaaaaaaaaaaaaaaaaaaaaaaaaaaaaaaaaaaaaaaaaaaaaaaaaaaaaa (0.00s)
    --- PASS: TestRunPrintsExactBuildVersion/A_b+c.d-9 (0.00s)
    --- PASS: TestRunPrintsExactBuildVersion/0.1.0-test.1 (0.00s)
=== RUN   TestServeProcessFailsBeforeOrClosesListener/writer_panic_closes_listener
=== RUN   TestRunRejectsInvalidBuildVersionWithoutOutput/dev\x00next
=== PAUSE TestRunRejectsInvalidBuildVersionWithoutOutput/dev\x00next
=== RUN   TestRunRejectsInvalidBuildVersionWithoutOutput/aaaaaaaaaaaaaaaaaaaaaaaaaaaaaaaaaaaaaaaaaaaaaaaaaaaaaaaaaaaaaaaaa
=== PAUSE TestRunRejectsInvalidBuildVersionWithoutOutput/aaaaaaaaaaaaaaaaaaaaaaaaaaaaaaaaaaaaaaaaaaaaaaaaaaaaaaaaaaaaaaaaa
--- PASS: TestServeProcessFailsBeforeOrClosesListener (0.00s)
    --- PASS: TestServeProcessFailsBeforeOrClosesListener/invalid_before_listen (0.00s)
    --- PASS: TestServeProcessFailsBeforeOrClosesListener/canceled_before_listen (0.00s)
    --- PASS: TestServeProcessFailsBeforeOrClosesListener/listen_failure (0.00s)
    --- PASS: TestServeProcessFailsBeforeOrClosesListener/listen_failure_closes_returned_candidate (0.00s)
    --- PASS: TestServeProcessFailsBeforeOrClosesListener/cleanup_failure_wins_listen_failure (0.00s)
    --- PASS: TestServeProcessFailsBeforeOrClosesListener/writer_failure_closes_listener (0.00s)
    --- PASS: TestServeProcessFailsBeforeOrClosesListener/writer_panic_closes_listener (0.00s)
=== CONT  TestRunRejectsInvalidBuildVersionWithoutOutput/#00
=== CONT  TestRunRejectsInvalidBuildVersionWithoutOutput/dev_build
=== CONT  TestRunRejectsInvalidBuildVersionWithoutOutput/dev_
=== CONT  TestRunRejectsInvalidBuildVersionWithoutOutput/dev/path
=== CONT  TestRunRejectsInvalidBuildVersionWithoutOutput/dev_next#01
=== CONT  TestRunRejectsInvalidBuildVersionWithoutOutput/aaaaaaaaaaaaaaaaaaaaaaaaaaaaaaaaaaaaaaaaaaaaaaaaaaaaaaaaaaaaaaaaa
=== CONT  TestRunRejectsInvalidBuildVersionWithoutOutput/dev\x00next
=== CONT  TestRunRejectsInvalidBuildVersionWithoutOutput/dev_next
=== CONT  TestRunRejectsInvalidBuildVersionWithoutOutput/dévelop
=== CONT  TestRunRejectsInvalidBuildVersionWithoutOutput/-dev
=== CONT  TestRunRejectsInvalidBuildVersionWithoutOutput/_dev
=== CONT  TestRunRejectsInvalidBuildVersionWithoutOutput/.1.0.0
--- PASS: TestRunRejectsInvalidBuildVersionWithoutOutput (0.00s)
    --- PASS: TestRunRejectsInvalidBuildVersionWithoutOutput/#00 (0.00s)
    --- PASS: TestRunRejectsInvalidBuildVersionWithoutOutput/dev_build (0.00s)
    --- PASS: TestRunRejectsInvalidBuildVersionWithoutOutput/dev_ (0.00s)
    --- PASS: TestRunRejectsInvalidBuildVersionWithoutOutput/dev_next#01 (0.00s)
    --- PASS: TestRunRejectsInvalidBuildVersionWithoutOutput/dev/path (0.00s)
    --- PASS: TestRunRejectsInvalidBuildVersionWithoutOutput/aaaaaaaaaaaaaaaaaaaaaaaaaaaaaaaaaaaaaaaaaaaaaaaaaaaaaaaaaaaaaaaaa (0.00s)
    --- PASS: TestRunRejectsInvalidBuildVersionWithoutOutput/dev\x00next (0.00s)
    --- PASS: TestRunRejectsInvalidBuildVersionWithoutOutput/dev_next (0.00s)
    --- PASS: TestRunRejectsInvalidBuildVersionWithoutOutput/dévelop (0.00s)
    --- PASS: TestRunRejectsInvalidBuildVersionWithoutOutput/-dev (0.00s)
    --- PASS: TestRunRejectsInvalidBuildVersionWithoutOutput/_dev (0.00s)
    --- PASS: TestRunRejectsInvalidBuildVersionWithoutOutput/.1.0.0 (0.00s)
--- PASS: TestServeProcessExposesExactHealthEndpoints (0.00s)
PASS
ok  	github.com/zasp-ai/zasp-sec/services/platform/agentsec-api	14.865s
