original_id	requirement	packet	existing_evidence	new_acceptance	production_class
M0-01	risk register. Deliverable: Create `docs/decisions/mvp-risk-register.md` with a pass/fail exit criterion for each external/OSS uncertainty.	P1,P10	implementation_status_v1.5.md [M0-01]; implementation_production_availability_v1.5.tsv [M0-01]; owner=T02-discovery-authority; v10 production discovery/runtime risk boundary; full race, real PostgreSQL, release gates, and independent 0/0/0 review at 48d9768	Original Verify: File lists Stytch, Neon, LocalStack/real AWS, Cartography, Prowler, Tetragon, Nango free Auth+Proxy, Promptfoo, embedded OPA, OpenSearch/SQS and Fargate. Add pinned private Temporal/FGA dependencies and operational configuration while preserving the original provider/topology acceptance.	production-available
M0-02	Stytch test config. Deliverable: Wire a non-production Stytch project into a one-file proof without committing credentials.	P7,P8,P10	implementation_status_v1.5.md [M0-02]; implementation_production_availability_v1.5.tsv [M0-02]; owner=T11-identity-admin; Historical classification retained, not current-profile deployed proof. Actual-adapter login-start characterization reproduces503 before state INSERT (1.236s). New identity native base-profile install/replay, missing-key refusal and begin/consume checkpoint passes12.283s locally; global guards and application provider-to-session flow are unfinished. Five raw-role forgery cases reproduced before correction (9.862s). See implementation_status_v1.5.md current identity checkpoint; real Stytch and post-login UI/FGA capability acceptance remain required.	Original Verify: A test login/session can be created and repository secret scan remains clean. Retain Stytch identity, JWT expiry/revalidation, CSRF and fresh authentication; FGA is not an alternate login system.	component-only
M0-03	Stytch JWT proof. Deliverable: Validate a fresh B2B session JWT through the Stytch backend SDK local-validation path.	P7,P8,P10	implementation_status_v1.5.md [M0-03]; implementation_production_availability_v1.5.tsv [M0-03]; owner=T11-identity-admin; audited component-only proof: Stytch JWT proof	Original Verify: Validation succeeds locally when eligible and an expired/old token follows documented remote refresh/auth behavior. Retain Stytch identity, JWT expiry/revalidation, CSRF and fresh authentication; FGA is not an alternate login system.	component-only
M0-04	Neon pooled proof. Deliverable: Connect a tiny Go program through a pooled Neon application URL.	unaffected	implementation_status_v1.5.md [M0-04]; implementation_production_availability_v1.5.tsv [M0-04]; owner=T02-discovery-authority; actual registered API PostgreSQL session exercises legacy and v10 reads while direct v10 table and worker authority remain denied at 48d9768	Original Verify: Ten concurrent reads complete without connection leak. Unchanged product contract; preserve existing implementation/evidence. No architecture-driven rewrite or availability promotion is required for this row.	production-available
M0-05	Neon migration proof. Deliverable: Run one up/down migration through a direct Neon connection on a disposable branch.	unaffected	implementation_status_v1.5.md [M0-05]; implementation_production_availability_v1.5.tsv [M0-05]; owner=T02-discovery-authority; immutable v10 fresh/v9 upgrade, restart, fingerprint drift, guarded down, and shipped migrator lifecycle at 48d9768	Original Verify: Schema returns to baseline after down migration. Unchanged product contract; preserve existing implementation/evidence. No architecture-driven rewrite or availability promotion is required for this row.	production-available
M0-06	LocalStack SQS proof. Deliverable: Create queue, DLQ and send/receive a batched event message in LocalStack.	P4,P9	implementation_status_v1.5.md [M0-06]; implementation_production_availability_v1.5.tsv [M0-06]; owner=T04-discovery-worker; audited component-only proof: LocalStack SQS proof	Original Verify: Message round trip and redrive attributes are asserted. Explicit queue requirement retained: runtime-event SQS/DLQ, scoped envelopes, bounded buffering/backpressure and needed provider/job delivery do not disappear with Temporal. Account for every consumer before retiring a job selector.	component-only
M0-07	LocalStack storage proof. Deliverable: Exercise LocalStack S3, KMS and Secrets Manager through the AWS SDK abstraction.	unaffected	implementation_status_v1.5.md [M0-07]; implementation_production_availability_v1.5.tsv [M0-07]; owner=T04-discovery-worker; audited component-only proof: LocalStack storage proof	Original Verify: Encrypted object and secret round trip succeeds. Unchanged product contract; preserve existing implementation/evidence. No architecture-driven rewrite or availability promotion is required for this row.	component-only
M0-08	OpenSearch proof. Deliverable: Index and filter one session event in a disposable OpenSearch target.	unaffected	implementation_status_v1.5.md [M0-08]; implementation_production_availability_v1.5.tsv [M0-08]; owner=T04-discovery-worker; audited component-only proof: OpenSearch proof	Original Verify: Query by session/environment returns the expected event. Unchanged product contract; preserve existing implementation/evidence. No architecture-driven rewrite or availability promotion is required for this row.	component-only
M0-09	real AWS IAM proof. Deliverable: Assume one disposable cross-account/read-only role in an isolated AWS test account.	unaffected	implementation_status_v1.5.md [M0-09]; implementation_production_availability_v1.5.tsv [M0-09]; owner=EXT-live-aws; audited external evidence gate: real AWS IAM proof	Original Verify: Allowed call succeeds and denied call fails as expected. Unchanged product contract; preserve existing implementation/evidence. No architecture-driven rewrite or availability promotion is required for this row.	blocked/external
M0-10	Cartography proof. Deliverable: Run two minimal Cartography AWS/GitHub fixtures for different Organizations and inspect their graph output.	unaffected	implementation_status_v1.5.md [M0-10]; implementation_production_availability_v1.5.tsv [M0-10]; owner=T04-discovery-worker; audited component-only proof: Cartography proof	Original Verify: Required source IDs and relationships normalize into separate Organization scopes with no collision or customer-visible Cartography labels. Unchanged product contract; preserve existing implementation/evidence. No architecture-driven rewrite or availability promotion is required for this row.	component-only
M0-11	Prowler proof. Deliverable: Run a minimal Prowler AWS fixture and parse one relevant finding.	unaffected	implementation_status_v1.5.md [M0-11]; implementation_production_availability_v1.5.tsv [M0-11]; owner=T03-launch-connectors; audited component-only proof: Prowler proof	Original Verify: Finding maps to a canonical resource ID and normalized evidence. Unchanged product contract; preserve existing implementation/evidence. No architecture-driven rewrite or availability promotion is required for this row.	component-only
M0-12	Tetragon proof. Deliverable: Capture process, file and outbound-network events for one supported Linux/Kubernetes test workload.	unaffected	implementation_status_v1.5.md [M0-12]; implementation_production_availability_v1.5.tsv [M0-12]; owner=T06-runtime-data-plane; production evidence: Tetragon proof; verified by Task 6 source/deploy review and focused race/release gates	Original Verify: Events share workload identity and sensor reports capability/drop state. Unchanged product contract; preserve existing implementation/evidence. No architecture-driven rewrite or availability promotion is required for this row.	production-available
M0-13	OTLP proof. Deliverable: Send an agent/task/tool trace through a real local OTel Collector.	unaffected	implementation_status_v1.5.md [M0-13]; implementation_production_availability_v1.5.tsv [M0-13]; owner=T06-runtime-data-plane; production evidence: OTLP proof; verified by Task 6 source/deploy review and focused race/release gates	Original Verify: Trace IDs and required agent attributes reach the ingest adapter. Unchanged product contract; preserve existing implementation/evidence. No architecture-driven rewrite or availability promotion is required for this row.	production-available
M0-14a	Nango free boot proof. Deliverable: Start the free self-hosted Nango build with only required Auth/Proxy dependencies.	unaffected	implementation_status_v1.5.md [M0-14a]; implementation_production_availability_v1.5.tsv [M0-14a]; owner=T03-launch-connectors; audited component-only proof: Nango free boot proof	Original Verify: Health endpoint is reachable from the product test network. Unchanged product contract; preserve existing implementation/evidence. No architecture-driven rewrite or availability promotion is required for this row.	component-only
M0-14b	Nango OAuth proof. Deliverable: Complete one OAuth connection against a fixture provider through the product wrapper.	unaffected	implementation_status_v1.5.md [M0-14b]; implementation_production_availability_v1.5.tsv [M0-14b]; owner=T03-launch-connectors; audited component-only proof: Nango OAuth proof	Original Verify: Product receives a durable connection reference. Unchanged product contract; preserve existing implementation/evidence. No architecture-driven rewrite or availability promotion is required for this row.	component-only
M0-14c	Nango API key proof. Deliverable: Complete one API-key connection against a fixture provider through the product wrapper.	unaffected	implementation_status_v1.5.md [M0-14c]; implementation_production_availability_v1.5.tsv [M0-14c]; owner=T03-launch-connectors; audited component-only proof: Nango API key proof	Original Verify: Product receives a connection reference without storing the raw provider key in product state. Unchanged product contract; preserve existing implementation/evidence. No architecture-driven rewrite or availability promotion is required for this row.	component-only
M0-14	Nango free auth proof. Deliverable: Record the validated Nango free feature boundary for MVP.	unaffected	implementation_status_v1.5.md [M0-14]; implementation_production_availability_v1.5.tsv [M0-14]; owner=T03-launch-connectors; audited component-only proof: Nango free auth proof	Original Verify: Proof explicitly marks Functions, Webhooks and MCP as out of scope. Unchanged product contract; preserve existing implementation/evidence. No architecture-driven rewrite or availability promotion is required for this row.	component-only
M0-15	Nango proxy proof. Deliverable: Proxy one authenticated GET through free self-hosted Nango.	unaffected	implementation_status_v1.5.md [M0-15]; implementation_production_availability_v1.5.tsv [M0-15]; owner=T03-launch-connectors; audited component-only proof: Nango proxy proof	Original Verify: Provider response succeeds and product code never persists the raw provider token. Unchanged product contract; preserve existing implementation/evidence. No architecture-driven rewrite or availability promotion is required for this row.	component-only
M0-16	Promptfoo proof. Deliverable: Run one prompt-injection case against a local fake agent target.	unaffected	implementation_status_v1.5.md [M0-16]; implementation_production_availability_v1.5.tsv [M0-16]; owner=T12-red-team; audited component-only proof: Promptfoo proof	Original Verify: Result can be normalized to objective, verdict and evidence reference. Unchanged product contract; preserve existing implementation/evidence. No architecture-driven rewrite or availability promotion is required for this row.	component-only
M0-17	OPA SDK proof. Deliverable: Evaluate one Allow and one Block decision using OPA Go SDK in-process.	unaffected	implementation_status_v1.5.md [M0-17]; implementation_production_availability_v1.5.tsv [M0-17]; owner=T06-runtime-data-plane; production evidence: OPA SDK proof; verified by Task 6 source/deploy review and focused race/release gates	Original Verify: Both decisions are deterministic and meet local latency sanity check. Unchanged product contract; preserve existing implementation/evidence. No architecture-driven rewrite or availability promotion is required for this row.	production-available
M0-18	Fargate verification proof. Deliverable: Run a canary workload on an existing disposable EKS Fargate test profile.	unaffected	implementation_status_v1.5.md [M0-18]; implementation_production_availability_v1.5.tsv [M0-18]; owner=EXT-live-fargate; audited external evidence gate: Fargate verification proof	Original Verify: Pod is Fargate-scheduled, canary criterion is observed and run resources are deleted. Unchanged product contract; preserve existing implementation/evidence. No architecture-driven rewrite or availability promotion is required for this row.	blocked/external
M0-19	Fargate egress proof. Deliverable: Apply a SecurityGroupPolicy that permits only required cluster/DNS plus product egress-proxy path.	unaffected	implementation_status_v1.5.md [M0-19]; implementation_production_availability_v1.5.tsv [M0-19]; owner=EXT-live-fargate; audited external evidence gate: Fargate egress proof	Original Verify: Direct undeclared egress fails and allowed proxy egress succeeds. Unchanged product contract; preserve existing implementation/evidence. No architecture-driven rewrite or availability promotion is required for this row.	blocked/external
M0-20	PostHog privacy proof. Deliverable: Send one allowlisted analytics event to a fake PostHog endpoint.	unaffected	implementation_status_v1.5.md [M0-20]; implementation_production_availability_v1.5.tsv [M0-20]; owner=T14-data-workflows; audited component-only proof: PostHog privacy proof	Original Verify: Serializer rejects seeded prompt, secret, IP and raw evidence fields. Unchanged product contract; preserve existing implementation/evidence. No architecture-driven rewrite or availability promotion is required for this row.	component-only
M0-21	OpenRouter privacy proof. Deliverable: Send one redacted finding explanation to a fake OpenRouter-compatible endpoint.	unaffected	implementation_status_v1.5.md [M0-21]; implementation_production_availability_v1.5.tsv [M0-21]; owner=T14-data-workflows; audited component-only proof: OpenRouter privacy proof	Original Verify: Seeded secret/PII fields are absent and structured result validates. Unchanged product contract; preserve existing implementation/evidence. No architecture-driven rewrite or availability promotion is required for this row.	component-only
M0-21a	Security Agent planner boundary proof. Deliverable: Send a structured security-response planning request containing untrusted injection text and a fixed two-action catalog to a fake OpenRouter-compatible endpoint.	unaffected	implementation_status_v1.5.md [M0-21a]; implementation_production_availability_v1.5.tsv [M0-21a]; owner=T07-security-agent-authority; audited component-only proof: Security Agent planner boundary proof	Original Verify: Returned plan validates only when it uses catalog actions and in-scope IDs; arbitrary URL/shell/action output is rejected by product validation. Unchanged product contract; preserve existing implementation/evidence. No architecture-driven rewrite or availability promotion is required for this row.	component-only
M0-22	OTLP export proof. Deliverable: Export bounded operational telemetry through Collector to a fake OTLP sink.	unaffected	implementation_status_v1.5.md [M0-22]; implementation_production_availability_v1.5.tsv [M0-22]; owner=T14-data-workflows; audited component-only proof: OTLP export proof	Original Verify: Exporter failure does not block the proof application. Unchanged product contract; preserve existing implementation/evidence. No architecture-driven rewrite or availability promotion is required for this row.	component-only
M0-23	M0 gate. Deliverable: Record pass/fail and resulting architecture decision for every proof.	P1,P3,P8	implementation_status_v1.5.md [M0-23]; implementation_production_availability_v1.5.tsv [M0-23]; owner=T02-discovery-authority; Task 2 production gate: 44-package race, hostile PostgreSQL, migration/deploy contracts, clean patch, and independent 0/0/0 review at 48d9768	Original Verify: No unresolved proof is marked passed and blockers are explicit. Retain original planner/observability contracts; add redacted dependency telemetry and readiness without exposing secrets or large payloads in workflow history.	production-available
M1-01d	platform API command. Deliverable: Create the platform API directory and minimal Go command.	P2,P5,P7	implementation_status_v1.5.md [M1-01d]; implementation_production_availability_v1.5.tsv [M1-01d]; owner=PROD-current-composition; audited shipped composition: platform API command	Original Verify: Command compiles and prints build version. Retain canonical scope, audit, error and idempotency contracts at the new orchestration/authorization boundaries.	production-available
M1-01e	platform worker command. Deliverable: Create the platform worker directory and minimal Go command.	P2,P5,P7	implementation_status_v1.5.md [M1-01e]; implementation_production_availability_v1.5.tsv [M1-01e]; owner=T04-discovery-worker; production evidence: platform worker command; verified by Task 4 source/deploy review and focused race/release gates	Original Verify: Command compiles and prints build version. Retain canonical scope, audit, error and idempotency contracts at the new orchestration/authorization boundaries.	production-available
M1-01f	event ingest command. Deliverable: Create the event-ingest directory and minimal Go command.	unaffected	implementation_status_v1.5.md [M1-01f]; implementation_production_availability_v1.5.tsv [M1-01f]; owner=T06-runtime-data-plane; production event-ingest command: private authenticated listener, exact PostgreSQL/S3/KMS/IRSA readiness, reconciliation, bounded drain, rendered isolated workload, and real-PostgreSQL HTTP acceptance/replay proof	Original Verify: Command compiles and prints build version. Unchanged product contract; preserve existing implementation/evidence. No architecture-driven rewrite or availability promotion is required for this row.	production-available
M1-01a	runtime gateway command. Deliverable: Create the runtime-gateway directory and minimal Go command.	unaffected	implementation_status_v1.5.md [M1-01a]; implementation_production_availability_v1.5.tsv [M1-01a]; owner=T06-runtime-data-plane; production runtime gateway command with signed disk cache, crash-durable bounded evidence queue, durable clock floor and evaluation replay receipts, exact authority replay, expired-event quarantine, customer-edge PVC, race/release gates	Original Verify: Command compiles and prints build version. Unchanged product contract; preserve existing implementation/evidence. No architecture-driven rewrite or availability promotion is required for this row.	production-available
M1-01b	worker directories. Deliverable: Create Python security-worker and Node redteam-worker package skeletons.	unaffected	implementation_status_v1.5.md [M1-01b]; implementation_production_availability_v1.5.tsv [M1-01b]; owner=T04-discovery-worker; audited component-only proof: worker directories	Original Verify: Each worker starts a no-op health command. Unchanged product contract; preserve existing implementation/evidence. No architecture-driven rewrite or availability promotion is required for this row.	component-only
M1-01c	web and CLI directories. Deliverable: Create Next.js web shell and agentsecctl command skeleton.	unaffected	implementation_status_v1.5.md [M1-01c]; implementation_production_availability_v1.5.tsv [M1-01c]; owner=T10-product-ui; audited component-only proof: web and CLI directories	Original Verify: Web build and agentsecctl version command succeed. Unchanged product contract; preserve existing implementation/evidence. No architecture-driven rewrite or availability promotion is required for this row.	component-only
M1-01	repo skeleton. Deliverable: Add root build commands that invoke the already-created service, worker, web and CLI targets.	unaffected	implementation_status_v1.5.md [M1-01]; implementation_production_availability_v1.5.tsv [M1-01]; owner=T02-discovery-authority; shipped platform v10 discovery/runtime authority, strict repositories, exact principal composition, and recovery state machines at 48d9768	Original Verify: One root build command succeeds without downloading unpinned runtime dependencies. Unchanged product contract; preserve existing implementation/evidence. No architecture-driven rewrite or availability promotion is required for this row.	production-available
M1-02	dependency lock. Deliverable: Create `build/dependencies.lock.yaml` with exact initial OSS versions/licenses and owners.	P1,P10	implementation_status_v1.5.md [M1-02]; implementation_production_availability_v1.5.tsv [M1-02]; owner=PROD-current-composition; audited shipped composition: dependency lock	Original Verify: CI parser validates required fields and no unreviewed copyleft/runtime dependency is added. Add pinned private Temporal/FGA dependencies and operational configuration while preserving the original provider/topology acceptance.	production-available
M1-03	canonical IDs. Deliverable: Define product UUID/ID wrappers and external-source reference type.	P2,P5,P7	implementation_status_v1.5.md [M1-03]; implementation_production_availability_v1.5.tsv [M1-03]; owner=PROD-current-composition; audited shipped composition: canonical IDs	Original Verify: Unit test prevents external vendor ID from becoming product primary key. Retain canonical scope, audit, error and idempotency contracts at the new orchestration/authorization boundaries.	production-available
M1-04	scope model. Deliverable: Define Organization/Workspace/Environment `Scope`.	P2,P5,P7	implementation_status_v1.5.md [M1-04]; implementation_production_availability_v1.5.tsv [M1-04]; owner=PROD-current-composition; audited shipped composition: scope model	Original Verify: Validation rejects missing Organization or Environment on scoped security entities. Retain canonical scope, audit, error and idempotency contracts at the new orchestration/authorization boundaries.	production-available
M1-05	evidence model. Deliverable: Define EvidenceRef, confidence and capability/path state enums.	unaffected	implementation_status_v1.5.md [M1-05]; implementation_production_availability_v1.5.tsv [M1-05]; owner=PROD-current-composition; audited shipped composition: evidence model	Original Verify: Enum round-trip tests pass and confidence is distinct from severity. Unchanged product contract; preserve existing implementation/evidence. No architecture-driven rewrite or availability promotion is required for this row.	production-available
M1-06	product error envelope. Deliverable: Define stable API error code, message, correlation ID and retryable flag.	P2,P5,P7	implementation_status_v1.5.md [M1-06]; implementation_production_availability_v1.5.tsv [M1-06]; owner=PROD-current-composition; audited shipped composition: product error envelope	Original Verify: JSON contract snapshot passes. Retain canonical scope, audit, error and idempotency contracts at the new orchestration/authorization boundaries.	production-available
M1-07	config loader. Deliverable: Create typed config with required/optional dependency groups and secret references.	P1,P10	implementation_status_v1.5.md [M1-07]; implementation_production_availability_v1.5.tsv [M1-07]; owner=PROD-current-composition; audited shipped composition: config loader	Original Verify: Missing required config fails start; optional config does not. Add pinned private Temporal/FGA dependencies and operational configuration while preserving the original provider/topology acceptance.	production-available
M1-08	external client policy. Deliverable: Create shared timeout/retry/concurrency helper for HTTP clients.	P1,P10	implementation_status_v1.5.md [M1-08]; implementation_production_availability_v1.5.tsv [M1-08]; owner=PROD-current-composition; audited shipped composition: external client policy	Original Verify: Unit tests retry transient errors only and enforce deadline. Add pinned private Temporal/FGA dependencies and operational configuration while preserving the original provider/topology acceptance.	production-available
M1-09	idempotency helper. Deliverable: Create idempotency-key store interface and request helper.	P2,P5,P7	implementation_status_v1.5.md [M1-09]; implementation_production_availability_v1.5.tsv [M1-09]; owner=PROD-current-composition; audited shipped composition: idempotency helper	Original Verify: Duplicate key returns prior result reference. Retain canonical scope, audit, error and idempotency contracts at the new orchestration/authorization boundaries.	production-available
M1-10	Neon schema baseline. Deliverable: Create initial Neon migration framework and schema-version table.	unaffected	implementation_status_v1.5.md [M1-10]; implementation_production_availability_v1.5.tsv [M1-10]; owner=PROD-current-composition; audited shipped composition: Neon schema baseline	Original Verify: Fresh up migration and down rollback pass on disposable Neon branch. Unchanged product contract; preserve existing implementation/evidence. No architecture-driven rewrite or availability promotion is required for this row.	production-available
M1-11	Neon pool wrapper. Deliverable: Create pooled application DB wrapper with query timeout and health stats.	P1,P10	implementation_status_v1.5.md [M1-11]; implementation_production_availability_v1.5.tsv [M1-11]; owner=T02-discovery-authority; production PostgreSQL session-user authority, bounded claims/leases, UTC outputs, and actual-login compatibility proof at 48d9768	Original Verify: Pool test reports wait/in-use and closes cleanly. Add pinned private Temporal/FGA dependencies and operational configuration while preserving the original provider/topology acceptance.	production-available
M1-12	S3 artifact interface. Deliverable: Create ArtifactStore interface and S3 implementation skeleton.	unaffected	implementation_status_v1.5.md [M1-12]; implementation_production_availability_v1.5.tsv [M1-12]; owner=T04-discovery-worker; production evidence: S3 artifact interface; verified by Task 4 source/deploy review and focused race/release gates	Original Verify: Put/Get/Delete fixture passes against LocalStack. Unchanged product contract; preserve existing implementation/evidence. No architecture-driven rewrite or availability promotion is required for this row.	production-available
M1-13	SQS queue interface. Deliverable: Create JobQueue interface and SQS batch implementation skeleton.	P4,P9	implementation_status_v1.5.md [M1-13]; implementation_production_availability_v1.5.tsv [M1-13]; owner=T04-discovery-worker; production evidence: SQS queue interface; verified by Task 4 source/deploy review and focused race/release gates	Original Verify: Batch publish/consume fixture passes against LocalStack. Explicit queue requirement retained: runtime-event SQS/DLQ, scoped envelopes, bounded buffering/backpressure and needed provider/job delivery do not disappear with Temporal. Account for every consumer before retiring a job selector.	production-available
M1-14	OpenSearch EventStore. Deliverable: Create EventStore interface and OpenSearch index/search skeleton.	unaffected	implementation_status_v1.5.md [M1-14]; implementation_production_availability_v1.5.tsv [M1-14]; owner=T04-discovery-worker; production evidence: OpenSearch EventStore; verified by Task 4 source/deploy review and focused race/release gates	Original Verify: Index/search fixture passes and scope filter is mandatory. Unchanged product contract; preserve existing implementation/evidence. No architecture-driven rewrite or availability promotion is required for this row.	production-available
M1-15	GraphStore interface. Deliverable: Create product GraphStore interface independent of Neo4j types.	unaffected	implementation_status_v1.5.md [M1-15]; implementation_production_availability_v1.5.tsv [M1-15]; owner=T04-discovery-worker; production evidence: GraphStore interface; verified by Task 4 source/deploy review and focused race/release gates	Original Verify: Fake implementation passes contract tests. Unchanged product contract; preserve existing implementation/evidence. No architecture-driven rewrite or availability promotion is required for this row.	production-available
M1-16	Neo4j GraphStore. Deliverable: Implement minimal Neo4j node/edge upsert/read contract.	unaffected	implementation_status_v1.5.md [M1-16]; implementation_production_availability_v1.5.tsv [M1-16]; owner=T04-discovery-worker; production evidence: Neo4j GraphStore; verified by Task 4 source/deploy review and focused race/release gates	Original Verify: Scoped upsert/read fixture passes. Unchanged product contract; preserve existing implementation/evidence. No architecture-driven rewrite or availability promotion is required for this row.	production-available
M1-17	audit emitter contract. Deliverable: Define AuditEmitter interface and required mutation fields.	P2,P5,P7	implementation_status_v1.5.md [M1-17]; implementation_production_availability_v1.5.tsv [M1-17]; owner=PROD-current-composition; audited shipped composition: audit emitter contract	Original Verify: Unit test rejects security mutation without actor/action/target/outcome. Retain canonical scope, audit, error and idempotency contracts at the new orchestration/authorization boundaries.	production-available
M1-18	feature flag contract. Deliverable: Define FeatureFlags interface with explicit code default and cache metadata.	P2,P5,P7	implementation_status_v1.5.md [M1-18]; implementation_production_availability_v1.5.tsv [M1-18]; owner=PROD-current-composition; audited shipped composition: feature flag contract	Original Verify: Fake outage returns configured default. Retain canonical scope, audit, error and idempotency contracts at the new orchestration/authorization boundaries.	production-available
M1-19	analytics contract. Deliverable: Define ProductTelemetry interface and allowlist serializer contract.	unaffected	implementation_status_v1.5.md [M1-19]; implementation_production_availability_v1.5.tsv [M1-19]; owner=PROD-current-composition; audited shipped composition: analytics contract	Original Verify: Unknown field is rejected, not silently forwarded. Unchanged product contract; preserve existing implementation/evidence. No architecture-driven rewrite or availability promotion is required for this row.	production-available
M1-20	AI gateway contract. Deliverable: Define AIGateway request/result and data-policy metadata.	P1,P3,P8	implementation_status_v1.5.md [M1-20]; implementation_production_availability_v1.5.tsv [M1-20]; owner=PROD-current-composition; audited shipped composition: AI gateway contract	Original Verify: Schema test rejects unapproved purpose. Retain original planner/observability contracts; add redacted dependency telemetry and readiness without exposing secrets or large payloads in workflow history.	production-available
M1-21	observability contract. Deliverable: Define common OTLP resource attributes and correlation helper.	P1,P3,P8	implementation_status_v1.5.md [M1-21]; implementation_production_availability_v1.5.tsv [M1-21]; owner=PROD-current-composition; audited shipped composition: observability contract	Original Verify: Cardinality/unit test rejects raw customer content attributes. Retain original planner/observability contracts; add redacted dependency telemetry and readiness without exposing secrets or large payloads in workflow history.	production-available
M1-22	event envelope. Deliverable: Define SecurityEvent envelope with version, scope, source, time, evidence and correlation fields.	unaffected	implementation_status_v1.5.md [M1-22]; implementation_production_availability_v1.5.tsv [M1-22]; owner=T04-discovery-worker; production evidence: event envelope; verified by Task 4 source/deploy review and focused race/release gates	Original Verify: Unscoped or unknown-version event is rejected. Unchanged product contract; preserve existing implementation/evidence. No architecture-driven rewrite or availability promotion is required for this row.	production-available
M1-23	OpenAPI root. Deliverable: Create OpenAPI 3.1 root, auth schemes, pagination/error schemas.	P8	implementation_status_v1.5.md [M1-23]; implementation_production_availability_v1.5.tsv [M1-23]; owner=PROD-current-composition; audited shipped composition: OpenAPI root	Original Verify: OpenAPI linter passes. Keep generated contracts, runnable UI and original gates valid on the replacement composition.	production-available
M1-24	generated TS client. Deliverable: Generate the frontend API client from OpenAPI.	P8	implementation_status_v1.5.md [M1-24]; implementation_production_availability_v1.5.tsv [M1-24]; owner=PROD-current-composition; audited shipped composition: generated TS client	Original Verify: Generated package compiles and is reproducible. Keep generated contracts, runnable UI and original gates valid on the replacement composition.	production-available
M1-25	UI API map seed. Deliverable: Create `docs/product/ui-api-map.yaml` with concrete Home and System Health entries using their planned operation IDs.	P7,P8	implementation_status_v1.5.md [M1-25]; implementation_production_availability_v1.5.tsv [M1-25]; owner=PROD-current-composition; audited shipped composition: UI API map seed	Original Verify: Coverage script resolves both operation IDs once defined. Keep this screen on real API state and the active permission policy; preserve its original display, error and interaction requirements. Keep generated contracts, runnable UI and original gates valid on the replacement composition.	production-available
M1-26	UI API coverage CI. Deliverable: Add CI script that fails for missing mapped operation or interactive public operation without a screen mapping.	P7,P8	implementation_status_v1.5.md [M1-26]; implementation_production_availability_v1.5.tsv [M1-26]; owner=PROD-current-composition; audited shipped composition: UI API coverage CI	Original Verify: Deliberately removing one op makes test fail. Keep this screen on real API state and the active permission policy; preserve its original display, error and interaction requirements. Keep generated contracts, runnable UI and original gates valid on the replacement composition.	production-available
M1-27	raw fetch lint. Deliverable: Add frontend lint rule/test forbidding hand-written `/api/v1/` requests outside generated client.	P8	implementation_status_v1.5.md [M1-27]; implementation_production_availability_v1.5.tsv [M1-27]; owner=PROD-current-composition; audited shipped composition: raw fetch lint	Original Verify: Seeded violation fails lint. Keep generated contracts, runnable UI and original gates valid on the replacement composition.	production-available
M1-28a	shared health handler. Deliverable: Implement shared Go health/readiness/version/metrics handler package.	P1,P10	implementation_status_v1.5.md [M1-28a]; implementation_production_availability_v1.5.tsv [M1-28a]; owner=PROD-current-composition; audited shipped composition: shared health handler	Original Verify: Unit test distinguishes liveness, readiness and version responses. Add pinned private Temporal/FGA dependencies and operational configuration while preserving the original provider/topology acceptance.	production-available
M1-28b	platform health wiring. Deliverable: Wire shared health handlers into platform API and worker commands.	P1,P10	implementation_status_v1.5.md [M1-28b]; implementation_production_availability_v1.5.tsv [M1-28b]; owner=PROD-current-composition; audited shipped composition: platform health wiring	Original Verify: Both commands expose health/readiness/version/metrics endpoints. Add pinned private Temporal/FGA dependencies and operational configuration while preserving the original provider/topology acceptance.	production-available
M1-28c	ingest health wiring. Deliverable: Wire shared health handlers into event-ingest.	unaffected	implementation_status_v1.5.md [M1-28c]; implementation_production_availability_v1.5.tsv [M1-28c]; owner=T06-runtime-data-plane; production evidence: ingest health wiring; verified by Task 6 source/deploy review and focused race/release gates	Original Verify: event-ingest smoke test distinguishes liveness and readiness. Unchanged product contract; preserve existing implementation/evidence. No architecture-driven rewrite or availability promotion is required for this row.	production-available
M1-28d	gateway health wiring. Deliverable: Wire shared health handlers into runtime-gateway.	unaffected	implementation_status_v1.5.md [M1-28d]; implementation_production_availability_v1.5.tsv [M1-28d]; owner=T06-runtime-data-plane; production evidence: gateway health wiring; verified by Task 6 source/deploy review and focused race/release gates	Original Verify: runtime-gateway smoke test distinguishes liveness and readiness. Unchanged product contract; preserve existing implementation/evidence. No architecture-driven rewrite or availability promotion is required for this row.	production-available
M1-28	service health endpoints. Deliverable: Register common health endpoint contract in OpenAPI/internal service docs.	P1,P10	implementation_status_v1.5.md [M1-28]; implementation_production_availability_v1.5.tsv [M1-28]; owner=PROD-current-composition; audited shipped composition: service health endpoints	Original Verify: All Go commands expose the same endpoint semantics. Add pinned private Temporal/FGA dependencies and operational configuration while preserving the original provider/topology acceptance.	production-available
M1-29	system health aggregator model. Deliverable: Define component status Healthy/Degraded/Unavailable with reason and last success.	P1,P10	implementation_status_v1.5.md [M1-29]; implementation_production_availability_v1.5.tsv [M1-29]; owner=PROD-current-composition; audited shipped composition: system health aggregator model	Original Verify: Aggregation test handles required vs optional dependencies. Add pinned private Temporal/FGA dependencies and operational configuration while preserving the original provider/topology acceptance.	production-available
M1-30a	local product manifests. Deliverable: Create local Kubernetes manifests for product API, worker, event-ingest and runtime-gateway stubs.	P1,P10	implementation_status_v1.5.md [M1-30a]; implementation_production_availability_v1.5.tsv [M1-30a]; owner=T04-discovery-worker; audited component-only proof: local product manifests	Original Verify: All four pods become Ready in local Kubernetes. Add pinned private Temporal/FGA dependencies and operational configuration while preserving the original provider/topology acceptance.	component-only
M1-30b	local graph manifest. Deliverable: Add local Neo4j service and persistent test volume configuration.	unaffected	implementation_status_v1.5.md [M1-30b]; implementation_production_availability_v1.5.tsv [M1-30b]; owner=T04-discovery-worker; audited component-only proof: local graph manifest	Original Verify: Graph health is reachable only inside the local cluster. Unchanged product contract; preserve existing implementation/evidence. No architecture-driven rewrite or availability promotion is required for this row.	component-only
M1-30c	local observability manifest. Deliverable: Add local OpenTelemetry Collector with a no-egress debug/test sink.	P1,P3,P8	implementation_status_v1.5.md [M1-30c]; implementation_production_availability_v1.5.tsv [M1-30c]; owner=T04-discovery-worker; audited component-only proof: local observability manifest	Original Verify: A test span reaches the local sink. Retain original planner/observability contracts; add redacted dependency telemetry and readiness without exposing secrets or large payloads in workflow history.	component-only
M1-30d	local AWS emulator manifest. Deliverable: Add LocalStack service and endpoint environment variables for local AWS clients.	unaffected	implementation_status_v1.5.md [M1-30d]; implementation_production_availability_v1.5.tsv [M1-30d]; owner=T04-discovery-worker; audited component-only proof: local AWS emulator manifest	Original Verify: A test S3 call uses the LocalStack endpoint. Unchanged product contract; preserve existing implementation/evidence. No architecture-driven rewrite or availability promotion is required for this row.	component-only
M1-30	local dev manifests. Deliverable: Add one local start target for the assembled manifests.	P1,P10	implementation_status_v1.5.md [M1-30]; implementation_production_availability_v1.5.tsv [M1-30]; owner=T04-discovery-worker; audited component-only proof: local dev manifests	Original Verify: Local environment starts without vendor dashboards exposed. Add pinned private Temporal/FGA dependencies and operational configuration while preserving the original provider/topology acceptance.	component-only
M1-31	LocalStack client factory. Deliverable: Add AWS endpoint override in product AWS client factory for local/CI only.	unaffected	implementation_status_v1.5.md [M1-31]; implementation_production_availability_v1.5.tsv [M1-31]; owner=T04-discovery-worker; audited component-only proof: LocalStack client factory	Original Verify: Test points SQS/S3/KMS/Secrets/OpenSearch clients at LocalStack. Unchanged product contract; preserve existing implementation/evidence. No architecture-driven rewrite or availability promotion is required for this row.	component-only
M1-32	OpenSearch index template. Deliverable: Create scoped session/runtime event index template with bounded keyword fields.	unaffected	implementation_status_v1.5.md [M1-32]; implementation_production_availability_v1.5.tsv [M1-32]; owner=T04-discovery-worker; production evidence: OpenSearch index template; verified by Task 4 source/deploy review and focused race/release gates	Original Verify: Template rejects dynamic mapping explosion fixture. Unchanged product contract; preserve existing implementation/evidence. No architecture-driven rewrite or availability promotion is required for this row.	production-available
M1-33	SQS queue definitions. Deliverable: Define three queues and DLQs with message schema/retention settings.	P4,P9	implementation_status_v1.5.md [M1-33]; implementation_production_availability_v1.5.tsv [M1-33]; owner=T04-discovery-worker; 2026-09-15-original-queue-repair-evidence.md: original queue/schema and actual bounded SQS receive-count repair independently approved; focused RED/GREEN, affected races, definition/Red Team checks, protocol7/7 and status31/31 passed; exact pinned disposable LocalStack session72976 exit0 proved queues3 DLQs3 schemas3 settings/redrive cleanup/audit; whole-release gates and verified publication pending, no live production claim	Original Verify: LocalStack provision test sees all queues/DLQs. Explicit queue requirement retained: runtime-event SQS/DLQ, scoped envelopes, bounded buffering/backpressure and needed provider/job delivery do not disappear with Temporal. Account for every consumer before retiring a job selector.	component-only
M1-34	S3 bucket layout. Deliverable: Define evidence/export/policy key prefixes and KMS configuration contract.	unaffected	implementation_status_v1.5.md [M1-34]; implementation_production_availability_v1.5.tsv [M1-34]; owner=T04-discovery-worker; audited component-only proof: S3 bucket layout	Original Verify: Artifact key builder cannot escape organization/workspace prefix. Unchanged product contract; preserve existing implementation/evidence. No architecture-driven rewrite or availability promotion is required for this row.	component-only
M1-35	base web shell. Deliverable: Create product shell, unauthenticated-route guard scaffold and left-nav component from PRD IA.	P8	implementation_status_v1.5.md [M1-35]; implementation_production_availability_v1.5.tsv [M1-35]; owner=PROD-current-composition; audited shipped composition: base web shell	Original Verify: Route smoke test renders all MVP nav labels, no OSS labels. Keep generated contracts, runnable UI and original gates valid on the replacement composition.	production-available
M1-36a	M1 build check. Deliverable: Run clean-checkout service, worker, web and CLI build checks.	P8	implementation_status_v1.5.md [M1-36a]; implementation_production_availability_v1.5.tsv [M1-36a]; owner=PROD-current-composition; audited shipped composition: M1 build check	Original Verify: All build targets succeed. Keep generated contracts, runnable UI and original gates valid on the replacement composition.	production-available
M1-36b	M1 schema check. Deliverable: Run database/event/domain schema validation checks.	P8	implementation_status_v1.5.md [M1-36b]; implementation_production_availability_v1.5.tsv [M1-36b]; owner=PROD-current-composition; audited shipped composition: M1 schema check	Original Verify: All schema checks succeed with no drift. Keep generated contracts, runnable UI and original gates valid on the replacement composition.	production-available
M1-36c	M1 OpenAPI check. Deliverable: Run OpenAPI generation and generated-client drift check.	P8	implementation_status_v1.5.md [M1-36c]; implementation_production_availability_v1.5.tsv [M1-36c]; owner=PROD-current-composition; audited shipped composition: M1 OpenAPI check	Original Verify: Generated client has no uncommitted diff. Keep generated contracts, runnable UI and original gates valid on the replacement composition.	production-available
M1-36d	M1 UI API coverage check. Deliverable: Run UI/API traceability validator.	P7,P8	implementation_status_v1.5.md [M1-36d]; implementation_production_availability_v1.5.tsv [M1-36d]; owner=PROD-current-composition; audited shipped composition: M1 UI API coverage check	Original Verify: No interactive operation lacks a mapped UI action or implementation task. Keep this screen on real API state and the active permission policy; preserve its original display, error and interaction requirements. Keep generated contracts, runnable UI and original gates valid on the replacement composition.	production-available
M1-36e	M1 local infrastructure smoke. Deliverable: Run local Kubernetes and LocalStack smoke checks.	P1,P10	implementation_status_v1.5.md [M1-36e]; implementation_production_availability_v1.5.tsv [M1-36e]; owner=T04-discovery-worker; audited component-only proof: M1 local infrastructure smoke	Original Verify: Required local dependencies report healthy. Add pinned private Temporal/FGA dependencies and operational configuration while preserving the original provider/topology acceptance.	component-only
M1-37	deployment mode config. Deliverable: Add `saas` and `single_tenant` deployment-mode configuration plus optional pinned Organization ID for single-tenant mode.	P1,P10	implementation_status_v1.5.md [M1-37]; implementation_production_availability_v1.5.tsv [M1-37]; owner=PROD-current-composition; audited shipped composition: deployment mode config	Original Verify: SaaS starts without a pinned Organization; single-tenant mode rejects startup without one. Add pinned private Temporal/FGA dependencies and operational configuration while preserving the original provider/topology acceptance.	production-available
M1-38	Neon Organization scope guard. Deliverable: Add a scoped repository helper that requires Organization ID for customer-data queries.	P6,P7,P9	implementation_status_v1.5.md [M1-38]; implementation_production_availability_v1.5.tsv [M1-38]; owner=PROD-current-composition; audited shipped composition: Neon Organization scope guard	Original Verify: A fixture query without Organization scope fails before SQL execution. Keep tenant SQL/RLS and historical migration bytes; add authorization revision fences and supported additive upgrade/retirement proof.	production-available
M1-39	OpenSearch Organization scope guard. Deliverable: Add Organization scope to EventStore index and query builders.	unaffected	implementation_status_v1.5.md [M1-39]; implementation_production_availability_v1.5.tsv [M1-39]; owner=PROD-current-composition; audited shipped composition: OpenSearch Organization scope guard	Original Verify: Organization A query cannot return Organization B fixture document. Unchanged product contract; preserve existing implementation/evidence. No architecture-driven rewrite or availability promotion is required for this row.	production-available
M1-40	S3 Organization artifact prefix. Deliverable: Prefix SaaS ArtifactStore keys with immutable Organization scope.	unaffected	implementation_status_v1.5.md [M1-40]; implementation_production_availability_v1.5.tsv [M1-40]; owner=PROD-current-composition; audited shipped composition: S3 Organization artifact prefix	Original Verify: Organization A cannot read a fixture key created for Organization B through the product store. Unchanged product contract; preserve existing implementation/evidence. No architecture-driven rewrite or availability promotion is required for this row.	production-available
M1-41	SQS Organization envelope guard. Deliverable: Require Organization scope in background/test/runtime-event queue envelopes.	P4,P9	implementation_status_v1.5.md [M1-41]; implementation_production_availability_v1.5.tsv [M1-41]; owner=PROD-current-composition; audited shipped composition: SQS Organization envelope guard	Original Verify: Consumer rejects a message with missing or mismatched Organization scope before side effects. Explicit queue requirement retained: runtime-event SQS/DLQ, scoped envelopes, bounded buffering/backpressure and needed provider/job delivery do not disappear with Temporal. Account for every consumer before retiring a job selector.	production-available
M1-42	graph Organization scope guard. Deliverable: Require Organization scope on graph node/edge writes and graph reads.	unaffected	implementation_status_v1.5.md [M1-42]; implementation_production_availability_v1.5.tsv [M1-42]; owner=PROD-current-composition; audited shipped composition: graph Organization scope guard	Original Verify: A bounded path query for Organization A cannot traverse Organization B fixture nodes. Unchanged product contract; preserve existing implementation/evidence. No architecture-driven rewrite or availability promotion is required for this row.	production-available
M1-43	tenant quota primitive. Deliverable: Define Organization-scoped concurrency/quota keys for connectors, graph queries, tests and AI requests.	P2,P3,P4,P8	implementation_status_v1.5.md [M1-43]; implementation_production_availability_v1.5.tsv [M1-43]; owner=PROD-current-composition; audited shipped composition: tenant quota primitive	Original Verify: Unit fixture separates counters for two Organizations and rejects an over-limit request predictably. Keep tenant quotas, admission concurrency and bounded workloads; worker/task-queue settings alone do not prove per-tenant fairness or isolation.	production-available
M1-44	SaaS tenancy foundation check. Deliverable: Run the bounded cross-Organization store/queue/graph contract suite.	P8	implementation_status_v1.5.md [M1-44]; implementation_production_availability_v1.5.tsv [M1-44]; owner=PROD-current-composition; audited shipped composition: SaaS tenancy foundation check	Original Verify: Every cross-Organization fixture is denied and single-tenant mode still passes the same scoped contracts. Keep generated contracts, runnable UI and original gates valid on the replacement composition.	production-available
M1-45a	Neon tenant context helper. Deliverable: Add a transaction helper that sets the current Organization context for tenant-protected queries.	P6,P7,P9	implementation_status_v1.5.md [M1-45a]; implementation_production_availability_v1.5.tsv [M1-45a]; owner=PROD-current-composition; audited shipped composition: Neon tenant context helper	Original Verify: Unit/integration fixture exposes the expected Organization context only inside the scoped transaction. Keep tenant SQL/RLS and historical migration bytes; add authorization revision fences and supported additive upgrade/retirement proof.	production-available
M1-45b	Neon RLS core identity/policy tables. Deliverable: Enable Row Level Security for Organization, Workspace-grant, integration and policy tables using the scoped Organization context.	P6,P7,P9	implementation_status_v1.5.md [M1-45b]; implementation_production_availability_v1.5.tsv [M1-45b]; owner=PROD-current-composition; audited shipped composition: Neon RLS core identity/policy tables	Original Verify: Direct SQL fixture under Organization A cannot read Organization B rows from those tables. Keep tenant SQL/RLS and historical migration bytes; add authorization revision fences and supported additive upgrade/retirement proof.	production-available
M1-45c	Neon RLS security workflow tables. Deliverable: Enable the same RLS policy pattern for findings, tests, audit metadata and export-job tables.	P6,P7,P9	implementation_status_v1.5.md [M1-45c]; implementation_production_availability_v1.5.tsv [M1-45c]; owner=PROD-current-composition; audited shipped composition: Neon RLS security workflow tables	Original Verify: Direct SQL fixture under Organization A cannot read or mutate Organization B workflow rows. Keep tenant SQL/RLS and historical migration bytes; add authorization revision fences and supported additive upgrade/retirement proof.	production-available
M1-45d	Neon RLS migration rollback. Deliverable: Add down migration coverage for tenant RLS policies.	P6,P7,P9	implementation_status_v1.5.md [M1-45d]; implementation_production_availability_v1.5.tsv [M1-45d]; owner=PROD-current-composition; audited shipped composition: Neon RLS migration rollback	Original Verify: Disposable Neon branch migrates up/down without leaving stale tenant policies. Keep tenant SQL/RLS and historical migration bytes; add authorization revision fences and supported additive upgrade/retirement proof.	production-available
M1-45	Neon tenant isolation gate. Deliverable: Run the bounded RLS cross-Organization fixture suite.	P6,P7,P9	implementation_status_v1.5.md [M1-45]; implementation_production_availability_v1.5.tsv [M1-45]; owner=PROD-current-composition; audited shipped composition: Neon tenant isolation gate	Original Verify: Tenant-protected direct SQL paths fail cross-Organization and normal scoped repository tests still pass. Keep tenant SQL/RLS and historical migration bytes; add authorization revision fences and supported additive upgrade/retirement proof.	production-available
M1-36	M1 gate. Deliverable: Write the M1 gate result from the five independent checks.	P8	implementation_status_v1.5.md [M1-36]; implementation_production_availability_v1.5.tsv [M1-36]; owner=PROD-current-composition; audited shipped composition: M1 gate	Original Verify: Gate record is PASS only when all check artifacts passed. Keep generated contracts, runnable UI and original gates valid on the replacement composition.	production-available
M1A-01	staging VPC module. Deliverable: Create minimal VPC/private-subnet Terraform module for the shared non-production SaaS staging environment.	unaffected	implementation_status_v1.5.md [M1A-01]; implementation_production_availability_v1.5.tsv [M1A-01]; owner=T15-deployment; 2026-09-15-staging-batch-audit.md: current Terraform validation/subnet outputs unverified; source audit only, no cloud/test run	Original Verify: `terraform validate` passes and subnet outputs exist. Unchanged product contract; preserve existing implementation/evidence. No architecture-driven rewrite or availability promotion is required for this row.	component-only
M1A-02	staging EKS module. Deliverable: Add minimal EKS cluster module consuming the staging VPC outputs.	P1,P10	implementation_status_v1.5.md [M1A-02]; implementation_production_availability_v1.5.tsv [M1A-02]; owner=T15-deployment; 2026-09-15-staging-batch-audit.md: current validation/cluster outputs and private-only staging gate unverified; source audit only, no cloud/test run	Original Verify: `terraform validate` passes and cluster outputs exist. Add pinned private Temporal/FGA dependencies and operational configuration while preserving the original provider/topology acceptance.	component-only
M1A-03	staging S3 KMS Secrets. Deliverable: Add staging evidence/event-archive bucket, KMS key and Secrets Manager entries.	unaffected	implementation_status_v1.5.md [M1A-03]; implementation_production_availability_v1.5.tsv [M1A-03]; owner=T15-deployment; 2026-09-15-staging-batch-audit.md: current selected-account encryption/public-access plan unverified; source audit only, no cloud/test run	Original Verify: Terraform plan shows encryption and no public bucket access. Unchanged product contract; preserve existing implementation/evidence. No architecture-driven rewrite or availability promotion is required for this row.	component-only
M1A-04	staging SQS DLQ. Deliverable: Add the three staging queues and DLQs using the product queue contract.	P4,P9	implementation_status_v1.5.md [M1A-04]; implementation_production_availability_v1.5.tsv [M1A-04]; owner=T15-deployment; staging-original-queue-20260918/fix-1-report.md and fix-1-review.md: original tests queue restored and canonical original-pair settings pinned; 13 focused source-contract tests pass; independent spec/quality accepted; no provider/account Terraform plan; connected suite retains separate56 rollout failure	Original Verify: Terraform plan has redrive policies and queue outputs. Explicit queue requirement retained: runtime-event SQS/DLQ, scoped envelopes, bounded buffering/backpressure and needed provider/job delivery do not disappear with Temporal. Account for every consumer before retiring a job selector.	component-only
M1A-05	staging OpenSearch. Deliverable: Add private staging OpenSearch domain using the current EventStore contract.	unaffected	implementation_status_v1.5.md [M1A-05]; implementation_production_availability_v1.5.tsv [M1A-05]; owner=T15-deployment; 2026-09-15-staging-batch-audit.md: current selected-account private encrypted domain plan unverified; source audit only, no cloud/test run	Original Verify: Terraform plan has VPC-only access and encryption. Unchanged product contract; preserve existing implementation/evidence. No architecture-driven rewrite or availability promotion is required for this row.	component-only
M1A-06	staging IAM IRSA. Deliverable: Add minimum IAM/IRSA roles for product stubs to reach staging S3, SQS and OpenSearch.	P1,P10	implementation_status_v1.5.md [M1A-06]; implementation_production_availability_v1.5.tsv [M1A-06]; owner=T15-deployment; 2026-09-15-staging-batch-audit.md: closed effective per-role unrelated-write denial matrix missing; source audit only, no cloud/test run	Original Verify: Policy test denies unrelated write actions. Add pinned private Temporal/FGA dependencies and operational configuration while preserving the original provider/topology acceptance.	component-only
M1A-07	staging product stub deploy. Deliverable: Deploy web/API/worker/event-ingest stubs from M1 into the staging EKS cluster.	P1,P10	implementation_status_v1.5.md [M1A-07]; implementation_production_availability_v1.5.tsv [M1A-07]; owner=EXT-cloud-deploy; 2026-09-15-staging-batch-audit.md: actual approved private staging deployment/Ready evidence pending; source audit only, no cloud/test run	Original Verify: Product endpoints become Ready without exposing vendor dashboards. Add pinned private Temporal/FGA dependencies and operational configuration while preserving the original provider/topology acceptance.	blocked/external
M1A-08	staging AWS dependency smoke. Deliverable: Exercise one scoped S3, SQS and OpenSearch operation from a product pod.	P1,P10	implementation_status_v1.5.md [M1A-08]; implementation_production_availability_v1.5.tsv [M1A-08]; owner=EXT-cloud-deploy; 2026-09-15-staging-batch-audit.md: integrated product-pod S3/SQS/OpenSearch plus OTLP smoke collector missing; source audit only, no cloud/test run	Original Verify: All three calls succeed through IRSA and emit OTLP health evidence. Add pinned private Temporal/FGA dependencies and operational configuration while preserving the original provider/topology acceptance.	blocked/external
M1A-09	staging deployment evidence. Deliverable: Record Terraform revision, cluster/version and product image hashes for later milestone smoke tests.	P1,P10	implementation_status_v1.5.md [M1A-09]; implementation_production_availability_v1.5.tsv [M1A-09]; owner=EXT-cloud-deploy; 2026-09-15-staging-batch-audit.md: same-run deployment/smoke/image provenance receipts missing; source audit only, no cloud/test run	Original Verify: Evidence record contains no credentials and is reproducible. Add pinned private Temporal/FGA dependencies and operational configuration while preserving the original provider/topology acceptance.	blocked/external
M1A-10	M1A gate. Deliverable: Write the M1A gate result for minimal real-AWS staging readiness.	P1,P10	implementation_status_v1.5.md [M1A-10]; implementation_production_availability_v1.5.tsv [M1A-10]; owner=EXT-cloud-deploy; 2026-09-15-staging-batch-audit.md: current caller-boolean gate lacks original dependency/OTLP receipt binding; source audit only, no cloud/test run	Original Verify: Gate is PASS only when product stubs reach all required staging dependencies with private endpoints. Add pinned private Temporal/FGA dependencies and operational configuration while preserving the original provider/topology acceptance.	blocked/external
M2-01	Stytch adapter. Deliverable: Create product Stytch B2B adapter for authenticateJwt, Organization, SSO and SCIM operations.	P7,P8,P10	implementation_status_v1.5.md [M2-01]; implementation_production_availability_v1.5.tsv [M2-01]; owner=PROD-current-composition; audited shipped composition: Stytch adapter	Original Verify: Fake/real test adapter returns product ExternalPrincipal without leaking Stytch SDK types. Retain Stytch identity, JWT expiry/revalidation, CSRF and fresh authentication; FGA is not an alternate login system.	production-available
M2-02	session middleware. Deliverable: Parse Stytch session JWT and create authenticated ExternalPrincipal.	P7,P8,P10	implementation_status_v1.5.md [M2-02]; implementation_production_availability_v1.5.tsv [M2-02]; owner=PROD-current-composition; Historical classification retained, not current-profile deployed proof. Actual-adapter login-start characterization reproduces503 before state INSERT (1.236s). New identity native base-profile install/replay, missing-key refusal and begin/consume checkpoint passes12.283s locally; global guards and application provider-to-session flow are unfinished. Five raw-role forgery cases reproduced before correction (9.862s). See implementation_status_v1.5.md current identity checkpoint; real Stytch and post-login UI/FGA capability acceptance remain required.	Original Verify: Fresh JWT path succeeds; invalid/expired fixture fails with stable auth error. Retain Stytch identity, JWT expiry/revalidation, CSRF and fresh authentication; FGA is not an alternate login system.	production-available
M2-02a	fresh-auth guard. Deliverable: Add `RequireFreshAuth` middleware for security-sensitive control-plane mutations.	P7,P8,P10	implementation_status_v1.5.md [M2-02a]; implementation_production_availability_v1.5.tsv [M2-02a]; owner=PROD-current-composition; audited shipped composition: fresh-auth guard	Original Verify: Revoked-session fixture is denied through remote Stytch revalidation; Stytch outage fails the guarded mutation closed. Retain Stytch identity, JWT expiry/revalidation, CSRF and fresh authentication; FGA is not an alternate login system.	production-available
M2-03	principal reconciliation. Deliverable: Persist Stytch member/org references to product principal table.	P5,P6,P7,P8	implementation_status_v1.5.md [M2-03]; implementation_production_availability_v1.5.tsv [M2-03]; owner=PROD-current-composition; audited shipped composition: principal reconciliation	Original Verify: Repeated reconciliation is idempotent. Map canonical principals and six original roles to scoped relations; synchronize authoritative grants/membership with desired/applied revisions, deny pending or revoked state, and prevent stale events from restoring access.	production-available
M2-04	built-in roles. Deliverable: Define built-in role to product-permission mapping.	P5,P6,P7,P8	implementation_status_v1.5.md [M2-04]; implementation_production_availability_v1.5.tsv [M2-04]; owner=PROD-current-composition; audited shipped composition: built-in roles	Original Verify: Permission table snapshot matches PRD roles. Map canonical principals and six original roles to scoped relations; synchronize authoritative grants/membership with desired/applied revisions, deny pending or revoked state, and prevent stale events from restoring access.	production-available
M2-05a	workspace grant store. Deliverable: Create persistence methods for product Workspace/Environment grants.	P5,P6,P7,P8	implementation_status_v1.5.md [M2-05a]; implementation_production_availability_v1.5.tsv [M2-05a]; owner=PROD-current-composition; audited shipped composition: workspace grant store	Original Verify: Grant create/list/delete fixture remains scoped to the authenticated Organization. Map canonical principals and six original roles to scoped relations; synchronize authoritative grants/membership with desired/applied revisions, deny pending or revoked state, and prevent stale events from restoring access.	production-available
M2-05b	workspace grant resolver. Deliverable: Resolve effective Workspace/Environment permissions for one product principal.	P5,P6,P7,P8	implementation_status_v1.5.md [M2-05b]; implementation_production_availability_v1.5.tsv [M2-05b]; owner=PROD-current-composition; audited shipped composition: workspace grant resolver; Historical classification, not current-profile deployed proof. Post-login fix1 mounted native/FGA group passes61.506s; retained unchanged identity/base-composed installation passes80.285s; affected UI110/110, typecheck and build pass. Finite component accepted after SPEC PASS/QUALITY APPROVED, both findings closed; see 2026-09-25-post-login-boundary-fix1-review.md and implementation_status_v1.5.md. Full first-admin/live Stytch/deployment and remaining P7/P8 gates stay open.	Original Verify: Cross-workspace access fixture resolves to denied permission. Map canonical principals and six original roles to scoped relations; synchronize authoritative grants/membership with desired/applied revisions, deny pending or revoked state, and prevent stale events from restoring access.	production-available
M2-05	workspace grant store. Deliverable: Wire grant store and resolver behind the authorization service.	P5,P6,P7,P8	implementation_status_v1.5.md [M2-05]; implementation_production_availability_v1.5.tsv [M2-05]; owner=PROD-current-composition; audited shipped composition: workspace grant store; Historical classification, not current-profile deployed proof. Post-login fix1 mounted native/FGA group passes61.506s; retained unchanged identity/base-composed installation passes80.285s; affected UI110/110, typecheck and build pass. Finite component accepted after SPEC PASS/QUALITY APPROVED, both findings closed; see 2026-09-25-post-login-boundary-fix1-review.md and implementation_status_v1.5.md. Full first-admin/live Stytch/deployment and remaining P7/P8 gates stay open.	Original Verify: Authorized fixture passes and cross-workspace fixture is denied. Map canonical principals and six original roles to scoped relations; synchronize authoritative grants/membership with desired/applied revisions, deny pending or revoked state, and prevent stale events from restoring access.	production-available
M2-06	authorization middleware. Deliverable: Resolve AuthorizationContext and enforce required permission/scope.	P5,P6,P7,P8	implementation_status_v1.5.md [M2-06]; implementation_production_availability_v1.5.tsv [M2-06]; owner=PROD-current-composition; audited shipped composition: authorization middleware; Historical classification, not current-profile deployed proof. Post-login fix1 mounted native/FGA group passes61.506s; retained unchanged identity/base-composed installation passes80.285s; affected UI110/110, typecheck and build pass. Finite component accepted after SPEC PASS/QUALITY APPROVED, both findings closed; see 2026-09-25-post-login-boundary-fix1-review.md and implementation_status_v1.5.md. Full first-admin/live Stytch/deployment and remaining P7/P8 gates stay open.	Original Verify: Handler test denies unauthorized scope server-side. Map canonical principals and six original roles to scoped relations; synchronize authoritative grants/membership with desired/applied revisions, deny pending or revoked state, and prevent stale events from restoring access.	production-available
M2-07	organization reconciliation. Deliverable: Create idempotent product Organization reconciliation from the authenticated Stytch Organization.	P5,P6,P7,P8	implementation_status_v1.5.md [M2-07]; implementation_production_availability_v1.5.tsv [M2-07]; owner=PROD-current-composition; audited shipped composition: organization reconciliation	Original Verify: Two Stytch Organizations map to two product Organizations; repeated reconciliation returns the existing matching Organization. Map canonical principals and six original roles to scoped relations; synchronize authoritative grants/membership with desired/applied revisions, deny pending or revoked state, and prevent stale events from restoring access.	production-available
M2-07a	first-Organization bootstrap command. Deliverable: Add an AgentSec operator-only bootstrap command/service that creates or resolves one Stytch Organization plus matching product Organization from customer name/domain and designated first Admin email.	P5,P6,P7,P8	implementation_status_v1.5.md [M2-07a]; implementation_production_availability_v1.5.tsv [M2-07a]; owner=PROD-current-composition; audited shipped composition: first-Organization bootstrap command	Original Verify: Re-running the same bootstrap is idempotent and produces one matching Organization. Map canonical principals and six original roles to scoped relations; synchronize authoritative grants/membership with desired/applied revisions, deny pending or revoked state, and prevent stale events from restoring access.	production-available
M2-07b	first-Admin Stytch invitation. Deliverable: Invite the designated first Organization Admin through the Stytch B2B bootstrap sign-in method without creating a local password.	P5,P6,P7,P8	implementation_status_v1.5.md [M2-07b]; implementation_production_availability_v1.5.tsv [M2-07b]; owner=PROD-current-composition; audited shipped composition: first-Admin Stytch invitation	Original Verify: Invite references the expected Organization/member and no raw auth secret is persisted in product state. Map canonical principals and six original roles to scoped relations; synchronize authoritative grants/membership with desired/applied revisions, deny pending or revoked state, and prevent stale events from restoring access.	production-available
M2-07c	first-Admin default scope bootstrap. Deliverable: On the first successful Admin session, create default Workspace plus production/staging/development Environments if absent.	P5,P6,P7,P8	implementation_status_v1.5.md [M2-07c]; implementation_production_availability_v1.5.tsv [M2-07c]; owner=PROD-current-composition; audited shipped composition: first-Admin default scope bootstrap	Original Verify: Repeated sign-in is idempotent and does not duplicate scopes. Map canonical principals and six original roles to scoped relations; synchronize authoritative grants/membership with desired/applied revisions, deny pending or revoked state, and prevent stale events from restoring access.	production-available
M2-07d	first-Admin bootstrap E2E. Deliverable: Run provision -> invite -> first sign-in -> default scope fixture through product code.	P5,P6,P7,P8	implementation_status_v1.5.md [M2-07d]; implementation_production_availability_v1.5.tsv [M2-07d]; owner=PROD-current-composition; audited shipped composition: first-Admin bootstrap E2E; Historical classification, not current-profile deployed proof. Post-login fix1 mounted native/FGA group passes61.506s; retained unchanged identity/base-composed installation passes80.285s; affected UI110/110, typecheck and build pass. Finite component accepted after SPEC PASS/QUALITY APPROVED, both findings closed; see 2026-09-25-post-login-boundary-fix1-review.md and implementation_status_v1.5.md. Full first-admin/live Stytch/deployment and remaining P7/P8 gates stay open.	Original Verify: Admin reaches Identity & Access with Organization Admin permission and no customer-facing bypass login. Map canonical principals and six original roles to scoped relations; synchronize authoritative grants/membership with desired/applied revisions, deny pending or revoked state, and prevent stale events from restoring access.	production-available
M2-08	API getOrganization. Deliverable: Implement OpenAPI operation `getOrganization` for `GET /api/v1/organization` using the existing service/store contract.	P5,P7,P8	implementation_status_v1.5.md [M2-08]; implementation_production_availability_v1.5.tsv [M2-08]; owner=PROD-current-composition; audited shipped composition: API getOrganization	Original Verify: Handler test covers authorized success plus one stable product error. Enforce the operation through the production FGA checker with tenant-scoped query/count/cursor behavior; keep SQL row guards and original API contracts.	production-available
M2-09	API listWorkspaces. Deliverable: Implement OpenAPI operation `listWorkspaces` for `GET /api/v1/workspaces` using the existing service/store contract.	P5,P7,P8	implementation_status_v1.5.md [M2-09]; implementation_production_availability_v1.5.tsv [M2-09]; owner=PROD-current-composition; audited shipped composition: API listWorkspaces	Original Verify: Handler test covers authorized success plus one stable product error. Enforce the operation through the production FGA checker with tenant-scoped query/count/cursor behavior; keep SQL row guards and original API contracts.	production-available
M2-10	API createWorkspace. Deliverable: Implement OpenAPI operation `createWorkspace` for `POST /api/v1/workspaces` using the existing service/store contract.	P5,P7,P8	implementation_status_v1.5.md [M2-10]; implementation_production_availability_v1.5.tsv [M2-10]; owner=PROD-current-composition; historical shipped composition: API createWorkspace. New-profile component evidence: .superpowers/sdd/2026-09-22-temporal-openfga-execution-plan/p7-hierarchy-create/report.md, integrated2 PASS23.598s with mounted201, actual local FGA, six atomic effects, direct-write refusals and current authority negatives. Audit isolation, combined-profile fix/regression, independent review and deployed Stytch remain open; historical class is not new-profile production proof.	Original Verify: Handler test covers authorized success plus one stable product error. Enforce the operation through the production FGA checker with tenant-scoped query/count/cursor behavior; keep SQL row guards and original API contracts.	production-available
M2-11	API getWorkspace. Deliverable: Implement OpenAPI operation `getWorkspace` for `GET /api/v1/workspaces/{id}` using the existing service/store contract.	P5,P7,P8	implementation_status_v1.5.md [M2-11]; implementation_production_availability_v1.5.tsv [M2-11]; owner=PROD-current-composition; audited shipped composition: API getWorkspace	Original Verify: Handler test covers authorized success plus one stable product error. Enforce the operation through the production FGA checker with tenant-scoped query/count/cursor behavior; keep SQL row guards and original API contracts.	production-available
M2-12	API updateWorkspace. Deliverable: Implement OpenAPI operation `updateWorkspace` for `PATCH /api/v1/workspaces/{id}` using the existing service/store contract.	P5,P7,P8	implementation_status_v1.5.md [M2-12]; implementation_production_availability_v1.5.tsv [M2-12]; owner=PROD-current-composition; audited shipped composition: API updateWorkspace	Original Verify: Handler test covers authorized success plus one stable product error. Enforce the operation through the production FGA checker with tenant-scoped query/count/cursor behavior; keep SQL row guards and original API contracts.	production-available
M2-13	API listEnvironments. Deliverable: Implement OpenAPI operation `listEnvironments` for `GET /api/v1/environments` using the existing service/store contract.	P5,P7,P8	implementation_status_v1.5.md [M2-13]; implementation_production_availability_v1.5.tsv [M2-13]; owner=PROD-current-composition; audited shipped composition: API listEnvironments	Original Verify: Handler test covers authorized success plus one stable product error. Enforce the operation through the production FGA checker with tenant-scoped query/count/cursor behavior; keep SQL row guards and original API contracts.	production-available
M2-14	API createEnvironment. Deliverable: Implement OpenAPI operation `createEnvironment` for `POST /api/v1/environments` using the existing service/store contract.	P5,P7,P8	implementation_status_v1.5.md [M2-14]; implementation_production_availability_v1.5.tsv [M2-14]; owner=PROD-current-composition; historical shipped composition: API createEnvironment. New-profile component evidence: .superpowers/sdd/2026-09-22-temporal-openfga-execution-plan/p7-hierarchy-create/report.md, integrated2 PASS23.598s with mounted201, actual local FGA, atomic effects, direct-write refusals and current authority negatives. Audit isolation, combined-profile fix/regression, independent review and deployed Stytch remain open; class selection is separately incomplete at M2-46b. Historical class is not new-profile production proof.	Original Verify: Handler test covers authorized success plus one stable product error. Enforce the operation through the production FGA checker with tenant-scoped query/count/cursor behavior; keep SQL row guards and original API contracts.	production-available
M2-15	API getEnvironment. Deliverable: Implement OpenAPI operation `getEnvironment` for `GET /api/v1/environments/{id}` using the existing service/store contract.	P5,P7,P8	implementation_status_v1.5.md [M2-15]; implementation_production_availability_v1.5.tsv [M2-15]; owner=PROD-current-composition; historical shipped composition: API getEnvironment. New-profile gap confirmed by p7/hierarchy-create-integrated-1.log: current classifier refuses getEnvironment; integrated2 uses getDataControls only as a new-scope authority probe and does not implement this operation. Historical class is not current OpenFGA endpoint acceptance.	Original Verify: Handler test covers authorized success plus one stable product error. Enforce the operation through the production FGA checker with tenant-scoped query/count/cursor behavior; keep SQL row guards and original API contracts.	production-available
M2-16	API updateEnvironment. Deliverable: Implement OpenAPI operation `updateEnvironment` for `PATCH /api/v1/environments/{id}` using the existing service/store contract.	P5,P7,P8	implementation_status_v1.5.md [M2-16]; implementation_production_availability_v1.5.tsv [M2-16]; owner=PROD-current-composition; audited shipped composition: API updateEnvironment	Original Verify: Handler test covers authorized success plus one stable product error. Enforce the operation through the production FGA checker with tenant-scoped query/count/cursor behavior; keep SQL row guards and original API contracts.	production-available
M2-17	API getCurrentPrincipal. Deliverable: Implement OpenAPI operation `getCurrentPrincipal` for `GET /api/v1/me` using the existing service/store contract.	P5,P7,P8	implementation_status_v1.5.md [M2-17]; implementation_production_availability_v1.5.tsv [M2-17]; owner=PROD-current-composition; audited shipped composition: API getCurrentPrincipal	Original Verify: Handler test covers authorized success plus one stable product error. Enforce the operation through the production FGA checker with tenant-scoped query/count/cursor behavior; keep SQL row guards and original API contracts.	production-available
M2-18	API listMembers. Deliverable: Implement OpenAPI operation `listMembers` for `GET /api/v1/admin/members` using the existing service/store contract.	P5,P7,P8	implementation_status_v1.5.md [M2-18]; implementation_production_availability_v1.5.tsv [M2-18]; owner=PROD-current-composition; audited shipped composition: API listMembers	Original Verify: Handler test covers authorized success plus one stable product error. Enforce the operation through the production FGA checker with tenant-scoped query/count/cursor behavior; keep SQL row guards and original API contracts.	production-available
M2-19	API listBuiltInRoles. Deliverable: Implement OpenAPI operation `listBuiltInRoles` for `GET /api/v1/admin/roles` using the existing service/store contract.	P5,P7,P8	implementation_status_v1.5.md [M2-19]; implementation_production_availability_v1.5.tsv [M2-19]; owner=PROD-current-composition; audited shipped composition: API listBuiltInRoles	Original Verify: Handler test covers authorized success plus one stable product error. Enforce the operation through the production FGA checker with tenant-scoped query/count/cursor behavior; keep SQL row guards and original API contracts.	production-available
M2-20	SSO service. Deliverable: Create product SSO service that validates product config and calls Stytch adapter.	P6,P7	implementation_status_v1.5.md [M2-20]; implementation_production_availability_v1.5.tsv [M2-20]; owner=T11-identity-admin; production Stytch SSO service is mounted through the identity coordinator with exact provider authority, durable replay, and bounded redacted failures	Original Verify: Fake adapter test covers create/list/delete/test semantics. Keep SSO/SCIM configuration and Stytch provider behavior; permission-affecting changes feed current desired authorization state.	production-available
M2-21	API listSSOConnections. Deliverable: Implement OpenAPI operation `listSSOConnections` for `GET /api/v1/admin/sso-connections` using the existing service/store contract.	P5,P7,P8	implementation_status_v1.5.md [M2-21]; implementation_production_availability_v1.5.tsv [M2-21]; owner=T11-identity-admin; production listSSOConnections is mounted and exercised through the generated-client browser journey against the provider-faithful Stytch boundary	Original Verify: Handler test covers authorized success plus one stable product error. Enforce the operation through the production FGA checker with tenant-scoped query/count/cursor behavior; keep SQL row guards and original API contracts.	production-available
M2-22	API createSSOConnection. Deliverable: Implement OpenAPI operation `createSSOConnection` for `POST /api/v1/admin/sso-connections` using the existing service/store contract.	P5,P7,P8	implementation_status_v1.5.md [M2-22]; implementation_production_availability_v1.5.tsv [M2-22]; owner=T11-identity-admin; production createSSOConnection is fresh-auth guarded, replay safe, durably audited, and exercised through the installed-browser journey	Original Verify: Handler test covers authorized success plus one stable product error. Enforce the operation through the production FGA checker with tenant-scoped query/count/cursor behavior; keep SQL row guards and original API contracts.	production-available
M2-23	API deleteSSOConnection. Deliverable: Implement OpenAPI operation `deleteSSOConnection` for `DELETE /api/v1/admin/sso-connections/{id}` using the existing service/store contract.	P5,P7,P8	implementation_status_v1.5.md [M2-23]; implementation_production_availability_v1.5.tsv [M2-23]; owner=T11-identity-admin; production deleteSSOConnection is mounted with exact tenant/provider binding and durable replay semantics	Original Verify: Handler test covers authorized success plus one stable product error. Enforce the operation through the production FGA checker with tenant-scoped query/count/cursor behavior; keep SQL row guards and original API contracts.	production-available
M2-24	API testSSOConnection. Deliverable: Implement OpenAPI operation `testSSOConnection` for `POST /api/v1/admin/sso-connections/{id}/test` using the existing service/store contract.	P5,P7,P8	implementation_status_v1.5.md [M2-24]; implementation_production_availability_v1.5.tsv [M2-24]; owner=T11-identity-admin; production testSSOConnection is mounted and exercised through the installed-browser Stytch workflow	Original Verify: Handler test covers authorized success plus one stable product error. Enforce the operation through the production FGA checker with tenant-scoped query/count/cursor behavior; keep SQL row guards and original API contracts.	production-available
M2-25	SCIM config service. Deliverable: Create product SCIM connection service over Stytch.	P6,P7	implementation_status_v1.5.md [M2-25]; implementation_production_availability_v1.5.tsv [M2-25]; owner=T11-identity-admin; production SCIM service is mounted through the identity coordinator with one-time encrypted credential reveal authority	Original Verify: Create/list/delete tests pass without implementing product `/scim/v2` endpoints. Keep SSO/SCIM configuration and Stytch provider behavior; permission-affecting changes feed current desired authorization state.	production-available
M2-26	API listSCIMConnections. Deliverable: Implement OpenAPI operation `listSCIMConnections` for `GET /api/v1/admin/scim-connections` using the existing service/store contract.	P5,P7,P8	implementation_status_v1.5.md [M2-26]; implementation_production_availability_v1.5.tsv [M2-26]; owner=T11-identity-admin; production listSCIMConnections is mounted and exercised through the generated-client browser journey without returning bearer credentials	Original Verify: Handler test covers authorized success plus one stable product error. Enforce the operation through the production FGA checker with tenant-scoped query/count/cursor behavior; keep SQL row guards and original API contracts.	production-available
M2-27	API createSCIMConnection. Deliverable: Implement OpenAPI operation `createSCIMConnection` for `POST /api/v1/admin/scim-connections` using the existing service/store contract.	P5,P7,P8	implementation_status_v1.5.md [M2-27]; implementation_production_availability_v1.5.tsv [M2-27]; owner=T11-identity-admin; production createSCIMConnection is fresh-auth guarded, replay safe, durably audited, and exposes its bearer token only through an acknowledged one-time grant	Original Verify: Handler test covers authorized success plus one stable product error. Enforce the operation through the production FGA checker with tenant-scoped query/count/cursor behavior; keep SQL row guards and original API contracts.	production-available
M2-28	API deleteSCIMConnection. Deliverable: Implement OpenAPI operation `deleteSCIMConnection` for `DELETE /api/v1/admin/scim-connections/{id}` using the existing service/store contract.	P5,P7,P8	implementation_status_v1.5.md [M2-28]; implementation_production_availability_v1.5.tsv [M2-28]; owner=T11-identity-admin; production deleteSCIMConnection is mounted with exact tenant/provider binding and durable replay semantics	Original Verify: Handler test covers authorized success plus one stable product error. Enforce the operation through the production FGA checker with tenant-scoped query/count/cursor behavior; keep SQL row guards and original API contracts.	production-available
M2-29	Stytch webhook verifier. Deliverable: Verify Stytch webhook signature/event identity and deduplicate event ID.	P5,P6,P7,P8	implementation_status_v1.5.md [M2-29]; implementation_production_availability_v1.5.tsv [M2-29]; owner=T11-identity-admin; exact /api/v1/webhooks/stytch production routing verifies the signed bounded payload before durable reconciliation	Original Verify: Invalid signature fails; replay is idempotent. Map canonical principals and six original roles to scoped relations; synchronize authoritative grants/membership with desired/applied revisions, deny pending or revoked state, and prevent stale events from restoring access.	production-available
M2-30	Stytch deprovision reconciliation. Deliverable: Remove product grants for deprovisioned member/group changes.	P5,P6,P7,P8	implementation_status_v1.5.md [M2-30]; implementation_production_availability_v1.5.tsv [M2-30]; owner=T11-identity-admin; production Stytch deprovision reconciliation is tenant bound, replay safe, atomically revokes access, and is exercised by the combined PostgreSQL journey	Original Verify: Fixture loses access and emits audit event. Map canonical principals and six original roles to scoped relations; synchronize authoritative grants/membership with desired/applied revisions, deny pending or revoked state, and prevent stale events from restoring access.	production-available
M2-31	group mapping store. Deliverable: Create versioned IdP-group to built-in-role/Workspace-grant mapping store.	P5,P6,P7,P8	implementation_status_v1.5.md [M2-31]; implementation_production_availability_v1.5.tsv [M2-31]; owner=T11-identity-admin; production group-mapping authority persists exact tenant scope and atomically revokes affected sessions and tokens	Original Verify: Mapping update changes resolved authorization on next reconciliation. Map canonical principals and six original roles to scoped relations; synchronize authoritative grants/membership with desired/applied revisions, deny pending or revoked state, and prevent stale events from restoring access.	production-available
M2-32	API listGroupMappings. Deliverable: Implement OpenAPI operation `listGroupMappings` for `GET /api/v1/admin/group-mappings` using the existing service/store contract.	P5,P7,P8	implementation_status_v1.5.md [M2-32]; implementation_production_availability_v1.5.tsv [M2-32]; owner=T11-identity-admin; production listGroupMappings is mounted behind browser-session tenant authorization and the generated client	Original Verify: Handler test covers authorized success plus one stable product error. Enforce the operation through the production FGA checker with tenant-scoped query/count/cursor behavior; keep SQL row guards and original API contracts.	production-available
M2-33	API updateGroupMappings. Deliverable: Implement OpenAPI operation `updateGroupMappings` for `PATCH /api/v1/admin/group-mappings` using the existing service/store contract.	P5,P6,P7,P8	implementation_status_v1.5.md [M2-33]; implementation_production_availability_v1.5.tsv [M2-33]; owner=T11-identity-admin; group-mapping-update-20260918/green/report.md and independent-review.md: real versioned update and observed40P01 fix pass connected registered-role tests, permission changes, session/PAT revocation and rollback; 50Go race plus pinnedNode22UI2136/types/lint/build pass; final four-file patch independently approved locally; no production acceptance or publication	Original Verify: Handler test covers authorized success plus one stable product error. Enforce the operation through the production FGA checker with tenant-scoped query/count/cursor behavior; keep SQL row guards and original API contracts. Map canonical principals and six original roles to scoped relations; synchronize authoritative grants/membership with desired/applied revisions, deny pending or revoked state, and prevent stale events from restoring access.	component-only
M2-34	API token model. Deliverable: Create hashed product API token model with scope, expiry and last-used fields.	P5,P6,P7,P8	implementation_status_v1.5.md [M2-34]; implementation_production_availability_v1.5.tsv [M2-34]; owner=PROD-current-composition; audited shipped composition: API token model	Original Verify: Raw token is returned only once and never stored. Enforce the operation through the production FGA checker with tenant-scoped query/count/cursor behavior; keep SQL row guards and original API contracts. PAT permissions intersect current principal grants; expiry/revocation stays immediate in SQL, with no FGA outage fallback.	production-available
M2-35	API listAPITokens. Deliverable: Implement OpenAPI operation `listAPITokens` for `GET /api/v1/admin/api-tokens` using the existing service/store contract.	P5,P6,P7,P8	implementation_status_v1.5.md [M2-35]; implementation_production_availability_v1.5.tsv [M2-35]; owner=PROD-current-composition; audited shipped composition: API listAPITokens	Original Verify: Handler test covers authorized success plus one stable product error. Enforce the operation through the production FGA checker with tenant-scoped query/count/cursor behavior; keep SQL row guards and original API contracts. PAT permissions intersect current principal grants; expiry/revocation stays immediate in SQL, with no FGA outage fallback.	production-available
M2-36	API createAPIToken. Deliverable: Implement OpenAPI operation `createAPIToken` for `POST /api/v1/admin/api-tokens` using the existing service/store contract.	P5,P6,P7,P8	implementation_status_v1.5.md [M2-36]; implementation_production_availability_v1.5.tsv [M2-36]; owner=PROD-current-composition; audited shipped composition: API createAPIToken	Original Verify: Handler test covers authorized success plus one stable product error. Enforce the operation through the production FGA checker with tenant-scoped query/count/cursor behavior; keep SQL row guards and original API contracts. PAT permissions intersect current principal grants; expiry/revocation stays immediate in SQL, with no FGA outage fallback.	production-available
M2-37	API revokeAPIToken. Deliverable: Implement OpenAPI operation `revokeAPIToken` for `DELETE /api/v1/admin/api-tokens/{id}` using the existing service/store contract.	P5,P6,P7,P8	implementation_status_v1.5.md [M2-37]; implementation_production_availability_v1.5.tsv [M2-37]; owner=PROD-current-composition; audited shipped composition: API revokeAPIToken	Original Verify: Handler test covers authorized success plus one stable product error. Enforce the operation through the production FGA checker with tenant-scoped query/count/cursor behavior; keep SQL row guards and original API contracts. PAT permissions intersect current principal grants; expiry/revocation stays immediate in SQL, with no FGA outage fallback.	production-available
M2-38	API token auth. Deliverable: Authenticate product API token into the same AuthorizationContext.	P5,P6,P7,P8	implementation_status_v1.5.md [M2-38]; implementation_production_availability_v1.5.tsv [M2-38]; owner=PROD-current-composition; audited shipped composition: API token auth	Original Verify: Revoked/expired token fails; scoped token cannot cross Workspace. Enforce the operation through the production FGA checker with tenant-scoped query/count/cursor behavior; keep SQL row guards and original API contracts. PAT permissions intersect current principal grants; expiry/revocation stays immediate in SQL, with no FGA outage fallback.	production-available
M2-39a	audit event store. Deliverable: Create append-only AuditEvent store and query method.	P7,P8	implementation_status_v1.5.md [M2-39a]; implementation_production_availability_v1.5.tsv [M2-39a]; owner=PROD-current-composition; historical shipped composition: audit event store; bounded current-profile evidence: 2026-09-25-openfga-audit-isolation-review.md (SPEC PASS/QUALITY APPROVED, local only)	Original Verify: No update/delete store method exists and append/read fixture passes. Guarded base/composed native raw-write refusal and affected checked writers pass locally. Complete current-authorized caller coverage and deployed acceptance remain required; historical availability is not current-profile production proof.	production-available
M2-39b	audit metadata redaction. Deliverable: Add structured audit metadata redaction before persistence.	unaffected	implementation_status_v1.5.md [M2-39b]; implementation_production_availability_v1.5.tsv [M2-39b]; owner=PROD-current-composition; audited shipped composition: audit metadata redaction	Original Verify: Seeded secret fixture is replaced before store append. Unchanged product contract; preserve existing implementation/evidence. No architecture-driven rewrite or availability promotion is required for this row.	production-available
M2-39	audit store. Deliverable: Wire audit append and redaction into the product audit service.	unaffected	implementation_status_v1.5.md [M2-39]; implementation_production_availability_v1.5.tsv [M2-39]; owner=PROD-current-composition; audited shipped composition: audit store	Original Verify: Representative event is redacted, append-only and queryable. Unchanged product contract; preserve existing implementation/evidence. No architecture-driven rewrite or availability promotion is required for this row.	production-available
M2-40	API listAuditEvents. Deliverable: Implement OpenAPI operation `listAuditEvents` for `GET /api/v1/audit-events` using the existing service/store contract.	P5,P7,P8	implementation_status_v1.5.md [M2-40]; implementation_production_availability_v1.5.tsv [M2-40]; owner=PROD-current-composition; historical shipped composition: API listAuditEvents; bounded guarded read-purpose evidence: 2026-09-25-openfga-audit-isolation-review.md, corrected native group65.943s	Original Verify: Handler test covers authorized success plus one stable product error. Enforce the operation through the production FGA checker with tenant-scoped query/count/cursor behavior; keep SQL row guards and original API contracts. Accepted local guarded-base read evidence does not establish full composed mounted or deployed acceptance.	production-available
M2-41	API createAuditExport. Deliverable: Implement OpenAPI operation `createAuditExport` for `POST /api/v1/audit-exports` using the existing service/store contract.	P4,P5,P7,P8	implementation_status_v1.5.md [M2-41]; implementation_production_availability_v1.5.tsv [M2-41]; owner=T11-identity-admin; audited component-only proof: API createAuditExport; 2026-09-25-openfga-audit-isolation-review.md records unchanged legacy export prerequisite refusal before/after guarded installation	Original Verify: Handler test covers authorized success plus one stable product error. Enforce the operation through the production FGA checker with tenant-scoped query/count/cursor behavior; keep SQL row guards and original API contracts. Inventory export/retention jobs and durable artifact finalization/cleanup; preserve scoped authorization, expiry, audit and truthful pending/error states. Guarded audit append/read does not restore the full export path or prove export completion.	component-only
M2-42	API getAuditExport. Deliverable: Implement OpenAPI operation `getAuditExport` for `GET /api/v1/audit-exports/{id}` using the existing service/store contract.	P4,P5,P7,P8	implementation_status_v1.5.md [M2-42]; implementation_production_availability_v1.5.tsv [M2-42]; owner=T11-identity-admin; audited component-only proof: API getAuditExport	Original Verify: Handler test covers authorized success plus one stable product error. Enforce the operation through the production FGA checker with tenant-scoped query/count/cursor behavior; keep SQL row guards and original API contracts. Inventory export/retention jobs and durable artifact finalization/cleanup; preserve scoped authorization, expiry, audit and truthful pending/error states. Installation does not prove export completion.	component-only
M2-43a	Identity route shell. Deliverable: Create the Identity & Access route shell and section navigation.	P7,P8	implementation_status_v1.5.md [M2-43a]; implementation_production_availability_v1.5.tsv [M2-43a]; owner=PROD-current-composition; audited shipped composition: Identity route shell	Original Verify: Route renders all five section labels with generated-client provider. Keep this screen on real API state and the active permission policy; preserve its original display, error and interaction requirements.	production-available
M2-43b	Members and roles panel. Deliverable: Bind members and built-in roles read panels.	P7,P8	implementation_status_v1.5.md [M2-43b]; implementation_production_availability_v1.5.tsv [M2-43b]; owner=PROD-current-composition; audited shipped composition: Members and roles panel	Original Verify: Loading/empty/error fixtures render correctly. Keep this screen on real API state and the active permission policy; preserve its original display, error and interaction requirements.	production-available
M2-43c	SSO panel. Deliverable: Build SSO connections list/create/test/delete panel.	P7,P8	implementation_status_v1.5.md [M2-43c]; implementation_production_availability_v1.5.tsv [M2-43c]; owner=T11-identity-admin; production Identity & Access route mounts the generated-client SSO panel and the installed-browser journey exercises list, create, and test	Original Verify: Component test covers test-success and product error. Keep this screen on real API state and the active permission policy; preserve its original display, error and interaction requirements.	production-available
M2-43d	SCIM panel. Deliverable: Build SCIM connections list/create/delete panel.	P7,P8	implementation_status_v1.5.md [M2-43d]; implementation_production_availability_v1.5.tsv [M2-43d]; owner=T11-identity-admin; production Identity & Access route mounts the generated-client SCIM panel and proves one-time credential display with no durable raw-token retention	Original Verify: Component test renders connection state and confirmation. Keep this screen on real API state and the active permission policy; preserve its original display, error and interaction requirements.	production-available
M2-43e	Group mapping panel. Deliverable: Build IdP group mapping editor for role and Workspace grants.	P7,P8	implementation_status_v1.5.md [M2-43e]; implementation_production_availability_v1.5.tsv [M2-43e]; owner=T11-identity-admin; production Identity & Access route mounts the generated-client group-mapping panel and exercises exact scoped mutation and session reconciliation	Original Verify: Component test saves one mapping and shows validation error. Keep this screen on real API state and the active permission policy; preserve its original display, error and interaction requirements.	production-available
M2-43	identity admin UI shell. Deliverable: Compose Identity & Access panels into one page and run route smoke test.	P7,P8	implementation_status_v1.5.md [M2-43]; implementation_production_availability_v1.5.tsv [M2-43]; owner=PROD-current-composition; audited shipped composition: identity admin UI shell	Original Verify: All panels render together with no direct Stytch dashboard dependency. Keep this screen on real API state and the active permission policy; preserve its original display, error and interaction requirements.	production-available
M2-44	identity admin actions. Deliverable: Wire SSO test, SCIM create/delete and group mapping actions with confirmations/errors.	P7,P8	implementation_status_v1.5.md [M2-44]; implementation_production_availability_v1.5.tsv [M2-44]; owner=PROD-current-composition; audited shipped composition: identity admin actions	Original Verify: E2E fake Stytch flow passes. Keep scoped UI data/actions and original evidence semantics under the active FGA policy; pending or unavailable stays explicit.	production-available
M2-45	API access UI. Deliverable: Create API Access list/create/revoke flow.	P5,P7,P8	implementation_status_v1.5.md [M2-45]; implementation_production_availability_v1.5.tsv [M2-45]; owner=PROD-current-composition; audited shipped composition: API access UI	Original Verify: E2E displays token once then revokes it. Enforce the operation through the production FGA checker with tenant-scoped query/count/cursor behavior; keep SQL row guards and original API contracts. Keep this screen on real API state and the active permission policy; preserve its original display, error and interaction requirements.	production-available
M2-46a	Workspace onboarding form. Deliverable: Build create/update Workspace form.	P7,P8	implementation_status_v1.5.md [M2-46a]; implementation_production_availability_v1.5.tsv [M2-46a]; owner=PROD-current-composition; audited shipped composition: Workspace onboarding form	Original Verify: Component test validates name and saves through generated client. Keep this screen on real API state and the active permission policy; preserve its original display, error and interaction requirements.	production-available
M2-46b	Environment onboarding form. Deliverable: Build create/update Environment form.	P7,P8	implementation_status_v1.5.md [M2-46b]; implementation_production_availability_v1.5.tsv [M2-46b]; owner=T11-identity-admin; historical Complete/name-form component evidence retained; 2026-09-24 audit finds no class input in UI/API and fixed development creation; .superpowers/sdd/2026-09-22-temporal-openfga-execution-plan/p7-environment-class-ledger/report.md	Original Verify: Component test sets production/staging/development and saves. Actual class selection and persistence acceptance remain open; environment display names do not prove that contract. Keep this screen on real API state and the active permission policy; preserve its original display, error and interaction requirements.	component-only
M2-46c	Scope selector. Deliverable: Build Workspace/Environment selector backed by authorized scope.	P7,P8	implementation_status_v1.5.md [M2-46c]; implementation_production_availability_v1.5.tsv [M2-46c]; owner=PROD-current-composition; audited shipped composition: Scope selector	Original Verify: Selection persists and inaccessible scope is absent. Keep this screen on real API state and the active permission policy; preserve its original display, error and interaction requirements.	production-available
M2-46	workspace/env onboarding UI. Deliverable: Compose Workspace/Environment onboarding flow and scope selector.	P7,P8	implementation_status_v1.5.md [M2-46]; implementation_production_availability_v1.5.tsv [M2-46]; owner=PROD-current-composition; audited shipped composition: workspace/env onboarding UI	Original Verify: E2E create/update/select flow passes. Keep this screen on real API state and the active permission policy; preserve its original display, error and interaction requirements.	production-available
M2-47a	M2 SSO session E2E. Deliverable: Run sign-in, session validation and sign-out/revocation fixture.	P7,P8,P10	implementation_status_v1.5.md [M2-47a]; implementation_production_availability_v1.5.tsv [M2-47a]; owner=T11-identity-admin; combined disposable-PostgreSQL and installed-Chrome E2E proves provider-faithful SSO creation, testing, fresh reauthentication, and scoped session authority	Original Verify: Expected Stytch-backed session states map to product errors and access. Repeat the original identity/isolation acceptance on live production boundaries; fixture success does not replace Stytch or deployed evidence.	production-available
M2-47b	M2 SCIM deprovision E2E. Deliverable: Run user/group provision then deprovision fixture.	P7,P8,P10	implementation_status_v1.5.md [M2-47b]; implementation_production_availability_v1.5.tsv [M2-47b]; owner=T11-identity-admin; combined disposable-PostgreSQL and installed-Chrome E2E proves SCIM creation, one-time secret handling, group mapping, signed deprovision, replay, and access revocation	Original Verify: Workspace grants are removed within the documented revocation behavior. Repeat the original identity/isolation acceptance on live production boundaries; fixture success does not replace Stytch or deployed evidence.	production-available
M2-47c	M2 workspace authorization E2E. Deliverable: Run cross-workspace authorization fixture.	P7,P8,P10	implementation_status_v1.5.md [M2-47c]; implementation_production_availability_v1.5.tsv [M2-47c]; owner=PROD-current-composition; audited shipped composition: M2 workspace authorization E2E	Original Verify: Unauthorized workspace read and mutation are denied server-side. Repeat the original identity/isolation acceptance on live production boundaries; fixture success does not replace Stytch or deployed evidence.	production-available
M2-47d	M2 API token E2E. Deliverable: Create, use and revoke one scoped API token.	P5,P6,P7,P8	implementation_status_v1.5.md [M2-47d]; implementation_production_availability_v1.5.tsv [M2-47d]; owner=PROD-current-composition; audited shipped composition: M2 API token E2E	Original Verify: Revoked token is rejected and all lifecycle actions are audited. PAT permissions intersect current principal grants; expiry/revocation stays immediate in SQL, with no FGA outage fallback.	production-available
M2-47e	M2 audit E2E. Deliverable: Run representative SSO, role/grant and token mutations.	P7,P8,P10	implementation_status_v1.5.md [M2-47e]; implementation_production_availability_v1.5.tsv [M2-47e]; owner=PROD-current-composition; audited shipped composition: M2 audit E2E	Original Verify: Each security-relevant mutation appears in product audit history. Repeat the original identity/isolation acceptance on live production boundaries; fixture success does not replace Stytch or deployed evidence.	production-available
M2-48	cross-Organization API authorization. Deliverable: Add an authorization fixture with two Stytch Organizations and identical Workspace names.	P7,P8,P10	implementation_status_v1.5.md [M2-48]; implementation_production_availability_v1.5.tsv [M2-48]; owner=PROD-current-composition; audited shipped composition: cross-Organization API authorization	Original Verify: Principal from Organization A receives a stable forbidden result for Organization B resource IDs. Repeat the original identity/isolation acceptance on live production boundaries; fixture success does not replace Stytch or deployed evidence.	production-available
M2-49	single-tenant Organization pin guard. Deliverable: Reject authenticated Organization IDs that differ from the configured single-tenant Organization.	P7,P8,P10	implementation_status_v1.5.md [M2-49]; implementation_production_availability_v1.5.tsv [M2-49]; owner=PROD-current-composition; audited shipped composition: single-tenant Organization pin guard	Original Verify: Matching Organization succeeds; mismatched Organization fails before repository access. Repeat the original identity/isolation acceptance on live production boundaries; fixture success does not replace Stytch or deployed evidence.	production-available
M2-50	SaaS Organization isolation E2E. Deliverable: Run one bounded two-Organization login/read/mutation authorization scenario.	P7,P8,P10	implementation_status_v1.5.md [M2-50]; implementation_production_availability_v1.5.tsv [M2-50]; owner=PROD-current-composition; audited shipped composition: SaaS Organization isolation E2E	Original Verify: Same product routes work for both Organizations independently and no cross-Organization object is returned or mutated. Repeat the original identity/isolation acceptance on live production boundaries; fixture success does not replace Stytch or deployed evidence.	production-available
M2-47	M2 gate. Deliverable: Write the M2 gate result from identity/admin checks.	P7,P8,P10	implementation_status_v1.5.md [M2-47]; implementation_production_availability_v1.5.tsv [M2-47]; owner=T11-identity-admin; audited component-only proof: M2 gate	Original Verify: Gate record is PASS without any direct Stytch dashboard dependency. Repeat the original identity/isolation acceptance on live production boundaries; fixture success does not replace Stytch or deployed evidence.	component-only
M3-01	connector manifest. Deliverable: Define product ConnectorManifest with provider/category/data types/actions/auth mode, product-owned setup schema/access guidance/test semantics and internal adapter key.	P4,P8	implementation_status_v1.5.md [M3-01]; implementation_production_availability_v1.5.tsv [M3-01]; owner=PROD-current-composition; audited shipped composition: connector manifest	Original Verify: Public serializer excludes internal adapter/OSS name. Preserve this connector/catalog/collector/provider contract while routing manual and periodic sync through scoped admission and Temporal Schedules; retain cursor resume, freshness, overlap policy and connector revocation.	production-available
M3-02	connector catalog store. Deliverable: Create catalog registry and search/filter.	P4,P8	implementation_status_v1.5.md [M3-02]; implementation_production_availability_v1.5.tsv [M3-02]; owner=PROD-current-composition; audited shipped composition: connector catalog store	Original Verify: Catalog test returns product descriptions/capabilities only. Preserve this connector/catalog/collector/provider contract while routing manual and periodic sync through scoped admission and Temporal Schedules; retain cursor resume, freshness, overlap policy and connector revocation.	production-available
M3-02a	Generic Webhook catalog entry. Deliverable: Add built-in signed Generic Webhook integration metadata with allowlisted HTTPS destination configuration and response/approval notification capability.	P4,P8	implementation_status_v1.5.md [M3-02a]; implementation_production_availability_v1.5.tsv [M3-02a]; owner=PROD-current-composition; audited shipped composition: Generic Webhook catalog entry	Original Verify: Catalog exposes product setup fields only and rejects non-HTTPS/arbitrary per-action URLs. Preserve this connector/catalog/collector/provider contract while routing manual and periodic sync through scoped admission and Temporal Schedules; retain cursor resume, freshness, overlap policy and connector revocation.	production-available
M3-03	API listIntegrationCatalog. Deliverable: Implement OpenAPI operation `listIntegrationCatalog` for `GET /api/v1/integration-catalog` using the existing service/store contract.	P4,P5,P7,P8	implementation_status_v1.5.md [M3-03]; implementation_production_availability_v1.5.tsv [M3-03]; owner=PROD-current-composition; audited shipped composition: API listIntegrationCatalog	Original Verify: Handler test covers authorized success plus one stable product error. Enforce the operation through the production FGA checker with tenant-scoped query/count/cursor behavior; keep SQL row guards and original API contracts. Preserve this connector/catalog/collector/provider contract while routing manual and periodic sync through scoped admission and Temporal Schedules; retain cursor resume, freshness, overlap policy and connector revocation.	production-available
M3-04	API listIntegrations. Deliverable: Implement OpenAPI operation `listIntegrations` for `GET /api/v1/integrations` using the existing service/store contract.	P4,P5,P7,P8	implementation_status_v1.5.md [M3-04]; implementation_production_availability_v1.5.tsv [M3-04]; owner=PROD-current-composition; audited shipped composition: API listIntegrations	Original Verify: Handler test covers authorized success plus one stable product error. Enforce the operation through the production FGA checker with tenant-scoped query/count/cursor behavior; keep SQL row guards and original API contracts. Preserve this connector/catalog/collector/provider contract while routing manual and periodic sync through scoped admission and Temporal Schedules; retain cursor resume, freshness, overlap policy and connector revocation.	production-available
M3-05	API createIntegration. Deliverable: Implement OpenAPI operation `createIntegration` for `POST /api/v1/integrations` using the existing service/store contract.	P4,P5,P7,P8	implementation_status_v1.5.md [M3-05]; implementation_production_availability_v1.5.tsv [M3-05]; owner=PROD-current-composition; Historical shipped class retained. Current-profile checked create/get/update, exact receipt/version/audit effects, provider setup and native refusal cases have bounded local evidence and SPEC PASS / QUALITY APPROVED at 2026-09-25-openfga-integration-client-fix1-review.md. Global retained-writer guards, current workers and deployed providers remain open.	Original Verify: Handler test covers authorized success plus one stable product error. Enforce the operation through the production FGA checker with tenant-scoped query/count/cursor behavior; keep SQL row guards and original API contracts. Preserve this connector/catalog/collector/provider contract while routing manual and periodic sync through scoped admission and Temporal Schedules; retain cursor resume, freshness, overlap policy and connector revocation. Checked rejection alone does not satisfy successful integration creation, provider setup, discovery or deployed Stytch acceptance.	production-available
M3-06	API getIntegration. Deliverable: Implement OpenAPI operation `getIntegration` for `GET /api/v1/integrations/{id}` using the existing service/store contract.	P4,P5,P7,P8	implementation_status_v1.5.md [M3-06]; implementation_production_availability_v1.5.tsv [M3-06]; owner=PROD-current-composition; Historical shipped class retained. Current-profile mounted GET after real local checked create/reference completion/update has bounded local evidence and SPEC PASS / QUALITY APPROVED at 2026-09-25-openfga-integration-client-fix1-review.md. Local fixture results are not deployed provider or complete P7 proof.	Original Verify: Handler test covers authorized success plus one stable product error. Enforce the operation through the production FGA checker with tenant-scoped query/count/cursor behavior; keep SQL row guards and original API contracts. Preserve this connector/catalog/collector/provider contract while routing manual and periodic sync through scoped admission and Temporal Schedules; retain cursor resume, freshness, overlap policy and connector revocation.	production-available
M3-07	API updateIntegration. Deliverable: Implement OpenAPI operation `updateIntegration` for `PATCH /api/v1/integrations/{id}` using the existing service/store contract.	P4,P5,P7,P8	implementation_status_v1.5.md [M3-07]; implementation_production_availability_v1.5.tsv [M3-07]; owner=PROD-current-composition; Historical shipped class retained. Current-profile checked updates preserve independent workflow/typed/connection versions and webhook metadata, with rollback/concurrency evidence and SPEC PASS / QUALITY APPROVED at 2026-09-25-openfga-integration-client-fix1-review.md. Global retained-writer guards and deployed provider flows remain open.	Original Verify: Handler test covers authorized success plus one stable product error. Enforce the operation through the production FGA checker with tenant-scoped query/count/cursor behavior; keep SQL row guards and original API contracts. Preserve this connector/catalog/collector/provider contract while routing manual and periodic sync through scoped admission and Temporal Schedules; retain cursor resume, freshness, overlap policy and connector revocation. Checked rejection and seeded replay fixtures do not satisfy successful integration mutation or deployed provider acceptance.	production-available
M3-08	API deleteIntegration. Deliverable: Implement OpenAPI operation `deleteIntegration` for `DELETE /api/v1/integrations/{id}` using the existing service/store contract.	P4,P5,P7,P8	implementation_status_v1.5.md [M3-08]; implementation_production_availability_v1.5.tsv [M3-08]; owner=PROD-current-composition; audited shipped composition: API deleteIntegration	Original Verify: Handler test covers authorized success plus one stable product error. Enforce the operation through the production FGA checker with tenant-scoped query/count/cursor behavior; keep SQL row guards and original API contracts. Preserve this connector/catalog/collector/provider contract while routing manual and periodic sync through scoped admission and Temporal Schedules; retain cursor resume, freshness, overlap policy and connector revocation.	production-available
M3-09	API authorizeIntegration. Deliverable: Implement OpenAPI operation `authorizeIntegration` for `POST /api/v1/integrations/{id}/authorize` using the existing service/store contract.	P4,P5,P7,P8	implementation_status_v1.5.md [M3-09]; implementation_production_availability_v1.5.tsv [M3-09]; owner=T03-launch-connectors; production evidence: retained scope-bound authorizeIntegration request and HTTPS provider handoff proven in the installed-browser multi-tenant gate	Original Verify: Handler test covers authorized success plus one stable product error. Enforce the operation through the production FGA checker with tenant-scoped query/count/cursor behavior; keep SQL row guards and original API contracts. Preserve this connector/catalog/collector/provider contract while routing manual and periodic sync through scoped admission and Temporal Schedules; retain cursor resume, freshness, overlap policy and connector revocation.	production-available
M3-10	API syncIntegration. Deliverable: Implement OpenAPI operation `syncIntegration` for `POST /api/v1/integrations/{id}/sync` using the existing service/store contract.	P4,P5,P7,P8	implementation_status_v1.5.md [M3-10]; implementation_production_availability_v1.5.tsv [M3-10]; owner=T04-discovery-worker; production evidence: API syncIntegration; verified by Task 4 source/deploy review and focused race/release gates	Original Verify: Handler test covers authorized success plus one stable product error. Enforce the operation through the production FGA checker with tenant-scoped query/count/cursor behavior; keep SQL row guards and original API contracts. Preserve this connector/catalog/collector/provider contract while routing manual and periodic sync through scoped admission and Temporal Schedules; retain cursor resume, freshness, overlap policy and connector revocation.	production-available
M3-11	API listIntegrationSyncs. Deliverable: Implement OpenAPI operation `listIntegrationSyncs` for `GET /api/v1/integrations/{id}/syncs` using the existing service/store contract.	P4,P5,P7,P8	implementation_status_v1.5.md [M3-11]; implementation_production_availability_v1.5.tsv [M3-11]; owner=T04-discovery-worker; production evidence: API listIntegrationSyncs; verified by Task 4 source/deploy review and focused race/release gates	Original Verify: Handler test covers authorized success plus one stable product error. Enforce the operation through the production FGA checker with tenant-scoped query/count/cursor behavior; keep SQL row guards and original API contracts. Preserve this connector/catalog/collector/provider contract while routing manual and periodic sync through scoped admission and Temporal Schedules; retain cursor resume, freshness, overlap policy and connector revocation.	production-available
M3-12	API getIntegrationSync. Deliverable: Implement OpenAPI operation `getIntegrationSync` for `GET /api/v1/integrations/{id}/syncs/{syncId}` using the existing service/store contract.	P4,P5,P7,P8	implementation_status_v1.5.md [M3-12]; implementation_production_availability_v1.5.tsv [M3-12]; owner=T04-discovery-worker; production evidence: API getIntegrationSync; verified by Task 4 source/deploy review and focused race/release gates	Original Verify: Handler test covers authorized success plus one stable product error. Enforce the operation through the production FGA checker with tenant-scoped query/count/cursor behavior; keep SQL row guards and original API contracts. Preserve this connector/catalog/collector/provider contract while routing manual and periodic sync through scoped admission and Temporal Schedules; retain cursor resume, freshness, overlap policy and connector revocation.	production-available
M3-13	integration job payload. Deliverable: Define idempotent IntegrationSync job payload and status transitions.	P4,P8	implementation_status_v1.5.md [M3-13]; implementation_production_availability_v1.5.tsv [M3-13]; owner=T04-discovery-worker; production evidence: integration job payload; verified by Task 4 source/deploy review and focused race/release gates	Original Verify: Duplicate job ID does not create duplicate sync. Preserve this connector/catalog/collector/provider contract while routing manual and periodic sync through scoped admission and Temporal Schedules; retain cursor resume, freshness, overlap policy and connector revocation.	production-available
M3-14	AWS credential adapter. Deliverable: Implement AWS role-assumption/identity check using customer integration config.	P4,P8,P10	implementation_status_v1.5.md [M3-14]; implementation_production_availability_v1.5.tsv [M3-14]; owner=EXT-live-aws; Real-AWS acceptance remains externally gated. Current-profile checked reference replay/preparation/completion, canonical native connection identity, subject binding and independent workflow/typed/connection versions have local AWS/Kubernetes fixture evidence, reviewed at 2026-09-25-openfga-integration-client-fix1-review.md. These controlled provider fixtures do not close real-AWS acceptance.	Original Verify: Local fixture plus real-AWS denial fixture pass. Preserve this connector/catalog/collector/provider contract while routing manual and periodic sync through scoped admission and Temporal Schedules; retain cursor resume, freshness, overlap policy and connector revocation.	blocked/external
M3-15	Cartography runner. Deliverable: Wrap selected Cartography modules and convert source nodes to Organization-scoped normalization input.	P4,P8	implementation_status_v1.5.md [M3-15]; implementation_production_availability_v1.5.tsv [M3-15]; owner=T04-discovery-worker; production evidence: credential-free Cartography process authority and identical AWS ARNs remain isolated across Organizations in the combined discovery worker gate at 1f2031f	Original Verify: Two-Organization fixture outputs source records tagged to the correct Organization and exposes no product UI dependency. Preserve this connector/catalog/collector/provider contract while routing manual and periodic sync through scoped admission and Temporal Schedules; retain cursor resume, freshness, overlap policy and connector revocation.	production-available
M3-16	Prowler runner. Deliverable: Wrap selected Prowler AWS checks and parse evidence.	P4,P8	implementation_status_v1.5.md [M3-16]; implementation_production_availability_v1.5.tsv [M3-16]; owner=T04-discovery-worker; production evidence: bounded Prowler process output persists canonical finding and version-pinned artifact evidence without credential echo in the combined discovery gate at 1f2031f	Original Verify: Fixture produces canonical resource source ID and evidence. Preserve this connector/catalog/collector/provider contract while routing manual and periodic sync through scoped admission and Temporal Schedules; retain cursor resume, freshness, overlap policy and connector revocation.	production-available
M3-17	AWS normalization. Deliverable: Normalize AWS account/role/policy/resource relationships needed by Agent Security graph.	P4,P8	implementation_status_v1.5.md [M3-17]; implementation_production_availability_v1.5.tsv [M3-17]; owner=T04-discovery-worker; production evidence: multi-region AWS inventory and security sources normalize stable account, role, policy, resource, and evidence relationships under exact tenant scope at 1f2031f	Original Verify: Fixture produces stable product relationships. Preserve this connector/catalog/collector/provider contract while routing manual and periodic sync through scoped admission and Temporal Schedules; retain cursor resume, freshness, overlap policy and connector revocation.	production-available
M3-18	Kubernetes normalization. Deliverable: Normalize cluster/namespace/service-account/workload relationships.	P4,P8	implementation_status_v1.5.md [M3-18]; implementation_production_availability_v1.5.tsv [M3-18]; owner=T04-discovery-worker; production evidence: all Kubernetes launch phases normalize cluster, namespace, service-account, RBAC, workload, and posture relationships with exact cursor lineage at 1f2031f	Original Verify: Fixture links workload identity to runtime resource. Preserve this connector/catalog/collector/provider contract while routing manual and periodic sync through scoped admission and Temporal Schedules; retain cursor resume, freshness, overlap policy and connector revocation.	production-available
M3-19	GitHub normalization. Deliverable: Normalize org/repo/app/workflow identity/resource relationships needed by agent paths.	P4,P8	implementation_status_v1.5.md [M3-19]; implementation_production_availability_v1.5.tsv [M3-19]; owner=T04-discovery-worker; production evidence: GitHub installation, repository, workflow, environment, permission, and identity relationships pass exact subject-bound pagination and resume gates at 1f2031f	Original Verify: Fixture links GitHub app/workflow to repo and permission. Preserve this connector/catalog/collector/provider contract while routing manual and periodic sync through scoped admission and Temporal Schedules; retain cursor resume, freshness, overlap policy and connector revocation.	production-available
M3-20	IdP normalization. Deliverable: Normalize Okta or Entra user/group/app/service-principal relationships for launch IdP.	P4,P8	implementation_status_v1.5.md [M3-20]; implementation_production_availability_v1.5.tsv [M3-20]; owner=T04-discovery-worker; production evidence: Okta users, groups, applications, assignments, roles, and service principals normalize with exact issuer/subject scope and cursor lineage at 1f2031f	Original Verify: Fixture creates product Identity and privilege edges. Preserve this connector/catalog/collector/provider contract while routing manual and periodic sync through scoped admission and Temporal Schedules; retain cursor resume, freshness, overlap policy and connector revocation.	production-available
M3-21	integration freshness. Deliverable: Persist last success/error/rate-limit/stale threshold per Integration.	P4,P8	implementation_status_v1.5.md [M3-21]; implementation_production_availability_v1.5.tsv [M3-21]; owner=T04-discovery-worker; production evidence: integration freshness; verified by Task 4 source/deploy review and focused race/release gates	Original Verify: Stale fixture remains visible and does not delete assets. Preserve this connector/catalog/collector/provider contract while routing manual and periodic sync through scoped admission and Temporal Schedules; retain cursor resume, freshness, overlap policy and connector revocation.	production-available
M3-22a	Nango private deployment. Deliverable: Create free self-hosted Nango deployment config with no public ingress.	P4,P8	implementation_status_v1.5.md [M3-22a]; implementation_production_availability_v1.5.tsv [M3-22a]; owner=T03-launch-connectors; production Nango runs as an exact-pinned private two-replica service with no ingress and product-only admission	Original Verify: Only product services can reach the Nango service endpoint. Preserve this connector/catalog/collector/provider contract while routing manual and periodic sync through scoped admission and Temporal Schedules; retain cursor resume, freshness, overlap policy and connector revocation.	production-available
M3-22b	Nango free feature boundary. Deliverable: Configure product use of Nango to Auth and Proxy only.	P4,P8	implementation_status_v1.5.md [M3-22b]; implementation_production_availability_v1.5.tsv [M3-22b]; owner=T03-launch-connectors; shipped product composes only managed Auth lifecycle and the bounded Proxy wrapper; Functions, Webhooks, MCP, RBAC, and Enterprise workers remain outside product authority	Original Verify: Config has no Functions, Webhooks or MCP dependency. Preserve this connector/catalog/collector/provider contract while routing manual and periodic sync through scoped admission and Temporal Schedules; retain cursor resume, freshness, overlap policy and connector revocation.	production-available
M3-22c	Nango storage secrets. Deliverable: Wire Nango database connection and encryption key from Kubernetes secrets.	P4,P8	implementation_status_v1.5.md [M3-22c]; implementation_production_availability_v1.5.tsv [M3-22c]; owner=T03-launch-connectors; rendered Nango and API workloads consume only exact Kubernetes references for database URL, encryption key, and the single production service key	Original Verify: Rendered config contains secret references, not raw secret values. Preserve this connector/catalog/collector/provider contract while routing manual and periodic sync through scoped admission and Temporal Schedules; retain cursor resume, freshness, overlap policy and connector revocation.	production-available
M3-22	Nango internal service config. Deliverable: Add a smoke test for Nango Auth/Proxy health through the product wrapper.	P4,P8	implementation_status_v1.5.md [M3-22]; implementation_production_availability_v1.5.tsv [M3-22]; owner=T03-launch-connectors; product capability readiness probes the private server plus the exact authenticated prod Slack integration behind a success-only 30-second cache and keeps Nango off public ingress	Original Verify: Smoke test passes with Nango admin UI unreachable from ingress. Preserve this connector/catalog/collector/provider contract while routing manual and periodic sync through scoped admission and Temporal Schedules; retain cursor resume, freshness, overlap policy and connector revocation.	production-available
M3-23	Nango connection adapter. Deliverable: Create product adapter to create/read a Nango connection reference.	P4,P8	implementation_status_v1.5.md [M3-23]; implementation_production_availability_v1.5.tsv [M3-23]; owner=T03-launch-connectors; production API composes tenant-derived Nango connection creation, recovery, and revocation while PostgreSQL persists only the opaque scoped connection reference	Original Verify: Product DB stores reference but not raw provider credential. Preserve this connector/catalog/collector/provider contract while routing manual and periodic sync through scoped admission and Temporal Schedules; retain cursor resume, freshness, overlap policy and connector revocation.	production-available
M3-24	Nango auth callback. Deliverable: Implement internal OAuth callback with state/PKCE validation.	P4,P8	implementation_status_v1.5.md [M3-24]; implementation_production_availability_v1.5.tsv [M3-24]; owner=T03-launch-connectors; production OAuth start and callback bind tenant, integration, attempt, state, stored verifier, authority provider, callback URL, and lost-response recovery before activation	Original Verify: CSRF/state mismatch fixture fails. Preserve this connector/catalog/collector/provider contract while routing manual and periodic sync through scoped admission and Temporal Schedules; retain cursor resume, freshness, overlap policy and connector revocation.	production-available
M3-25	Nango proxy wrapper. Deliverable: Wrap authenticated Nango Proxy calls with provider-host allowlist.	P4,P8	implementation_status_v1.5.md [M3-25]; implementation_production_availability_v1.5.tsv [M3-25]; owner=T03-launch-connectors; production OAuth activation invokes the composed Nango proxy wrapper for one exact GET /api/team.info rule and persists only the verified workspace ID plus opaque connection reference	Original Verify: SSRF fixture to unconfigured host fails. Preserve this connector/catalog/collector/provider contract while routing manual and periodic sync through scoped admission and Temporal Schedules; retain cursor resume, freshness, overlap policy and connector revocation.	production-available
M3-26	sensor enrollment model. Deliverable: Create sensor ID/token hash/config/heartbeat model.	unaffected	implementation_status_v1.5.md [M3-26]; implementation_production_availability_v1.5.tsv [M3-26]; owner=T06-runtime-data-plane; production evidence: sensor enrollment model; verified by Task 6 source/deploy review and focused race/release gates	Original Verify: Raw enrollment token is returned once only. Unchanged product contract; preserve existing implementation/evidence. No architecture-driven rewrite or availability promotion is required for this row.	production-available
M3-27	API listSensors. Deliverable: Implement OpenAPI operation `listSensors` for `GET /api/v1/sensors` using the existing service/store contract.	P5,P7,P8	implementation_status_v1.5.md [M3-27]; implementation_production_availability_v1.5.tsv [M3-27]; owner=T06-runtime-data-plane; production evidence: API listSensors; verified by Task 6 source/deploy review and focused race/release gates	Original Verify: Handler test covers authorized success plus one stable product error. Enforce the operation through the production FGA checker with tenant-scoped query/count/cursor behavior; keep SQL row guards and original API contracts.	production-available
M3-28	API createSensorEnrollment. Deliverable: Implement OpenAPI operation `createSensorEnrollment` for `POST /api/v1/sensors` using the existing service/store contract.	P5,P7,P8	implementation_status_v1.5.md [M3-28]; implementation_production_availability_v1.5.tsv [M3-28]; owner=T06-runtime-data-plane; production evidence: API createSensorEnrollment; verified by Task 6 source/deploy review and focused race/release gates	Original Verify: Handler test covers authorized success plus one stable product error. Enforce the operation through the production FGA checker with tenant-scoped query/count/cursor behavior; keep SQL row guards and original API contracts.	production-available
M3-29	API getSensor. Deliverable: Implement OpenAPI operation `getSensor` for `GET /api/v1/sensors/{id}` using the existing service/store contract.	P5,P7,P8	implementation_status_v1.5.md [M3-29]; implementation_production_availability_v1.5.tsv [M3-29]; owner=T06-runtime-data-plane; production evidence: API getSensor; verified by Task 6 source/deploy review and focused race/release gates	Original Verify: Handler test covers authorized success plus one stable product error. Enforce the operation through the production FGA checker with tenant-scoped query/count/cursor behavior; keep SQL row guards and original API contracts.	production-available
M3-30	API updateSensor. Deliverable: Implement OpenAPI operation `updateSensor` for `PATCH /api/v1/sensors/{id}` using the existing service/store contract.	P5,P7,P8	implementation_status_v1.5.md [M3-30]; implementation_production_availability_v1.5.tsv [M3-30]; owner=T06-runtime-data-plane; production evidence: API updateSensor; verified by Task 6 source/deploy review and focused race/release gates	Original Verify: Handler test covers authorized success plus one stable product error. Enforce the operation through the production FGA checker with tenant-scoped query/count/cursor behavior; keep SQL row guards and original API contracts.	production-available
M3-31	API deleteSensor. Deliverable: Implement OpenAPI operation `deleteSensor` for `DELETE /api/v1/sensors/{id}` using the existing service/store contract.	P5,P7,P8	implementation_status_v1.5.md [M3-31]; implementation_production_availability_v1.5.tsv [M3-31]; owner=T06-runtime-data-plane; production evidence: API deleteSensor; verified by Task 6 source/deploy review and focused race/release gates	Original Verify: Handler test covers authorized success plus one stable product error. Enforce the operation through the production FGA checker with tenant-scoped query/count/cursor behavior; keep SQL row guards and original API contracts.	production-available
M3-32	API rotateSensorToken. Deliverable: Implement OpenAPI operation `rotateSensorToken` for `POST /api/v1/sensors/{id}/rotate-token` using the existing service/store contract.	P5,P7,P8	implementation_status_v1.5.md [M3-32]; implementation_production_availability_v1.5.tsv [M3-32]; owner=T06-runtime-data-plane; production evidence: API rotateSensorToken; verified by Task 6 source/deploy review and focused race/release gates	Original Verify: Handler test covers authorized success plus one stable product error. Enforce the operation through the production FGA checker with tenant-scoped query/count/cursor behavior; keep SQL row guards and original API contracts.	production-available
M3-33	API getSensorCoverage. Deliverable: Implement OpenAPI operation `getSensorCoverage` for `GET /api/v1/sensors/{id}/coverage` using the existing service/store contract.	P5,P7,P8	implementation_status_v1.5.md [M3-33]; implementation_production_availability_v1.5.tsv [M3-33]; owner=T06-runtime-data-plane; production evidence: API getSensorCoverage; verified by Task 6 source/deploy review and focused race/release gates	Original Verify: Handler test covers authorized success plus one stable product error. Enforce the operation through the production FGA checker with tenant-scoped query/count/cursor behavior; keep SQL row guards and original API contracts.	production-available
M3-34	sensor heartbeat internal API. Deliverable: Implement `sensorHeartbeat` internal operation.	P5,P7,P8	implementation_status_v1.5.md [M3-34]; implementation_production_availability_v1.5.tsv [M3-34]; owner=T06-runtime-data-plane; production evidence: sensor heartbeat internal API; verified by Task 6 source/deploy review and focused race/release gates	Original Verify: Valid scoped token updates heartbeat/capabilities; invalid token fails. Enforce the operation through the production FGA checker with tenant-scoped query/count/cursor behavior; keep SQL row guards and original API contracts.	production-available
M3-35	Tetragon packaging. Deliverable: Add Tetragon Helm dependency/wrapper and minimal filtered tracing policies.	unaffected	implementation_status_v1.5.md [M3-35]; implementation_production_availability_v1.5.tsv [M3-35]; owner=T06-runtime-data-plane; production evidence: Tetragon packaging; verified by Task 6 source/deploy review and focused race/release gates	Original Verify: Render includes process, selected sensitive-file and network policies only. Unchanged product contract; preserve existing implementation/evidence. No architecture-driven rewrite or availability promotion is required for this row.	production-available
M3-36	Tetragon adapter. Deliverable: Convert supported Tetragon events to canonical SecurityEvent.	unaffected	implementation_status_v1.5.md [M3-36]; implementation_production_availability_v1.5.tsv [M3-36]; owner=T06-runtime-data-plane; production evidence: Tetragon adapter; verified by Task 6 source/deploy review and focused race/release gates	Original Verify: Process/file/network fixtures normalize with workload identity. Unchanged product contract; preserve existing implementation/evidence. No architecture-driven rewrite or availability promotion is required for this row.	production-available
M3-37	Tetragon sensor health. Deliverable: Collect kernel/BTF support, CPU/memory, event rate and drops into Sensor coverage.	unaffected	implementation_status_v1.5.md [M3-37]; implementation_production_availability_v1.5.tsv [M3-37]; owner=T06-runtime-data-plane; production evidence: Tetragon sensor health; verified by Task 6 source/deploy review and focused race/release gates	Original Verify: Sensor detail fixture displays unsupported/drop state. Unchanged product contract; preserve existing implementation/evidence. No architecture-driven rewrite or availability promotion is required for this row.	production-available
M3-38	OTLP semantic adapter. Deliverable: Map agent/session/task/tool/sandbox attributes from spans to SecurityEvent.	unaffected	implementation_status_v1.5.md [M3-38]; implementation_production_availability_v1.5.tsv [M3-38]; owner=T06-runtime-data-plane; production evidence: OTLP semantic adapter; verified by Task 6 source/deploy review and focused race/release gates	Original Verify: Sample trace preserves trace/session IDs. Unchanged product contract; preserve existing implementation/evidence. No architecture-driven rewrite or availability promotion is required for this row.	production-available
M3-39	event ingest auth. Deliverable: Authenticate sensor/runtime internal requests and enforce scope.	unaffected	implementation_status_v1.5.md [M3-39]; implementation_production_availability_v1.5.tsv [M3-39]; owner=T06-runtime-data-plane; production evidence: event ingest auth; verified by Task 6 source/deploy review and focused race/release gates	Original Verify: Unscoped/invalid source is rejected before parsing payload. Unchanged product contract; preserve existing implementation/evidence. No architecture-driven rewrite or availability promotion is required for this row.	production-available
M3-40	event ingest filter. Deliverable: Apply collection mode and event relevance filter before durable queue.	unaffected	implementation_status_v1.5.md [M3-40]; implementation_production_availability_v1.5.tsv [M3-40]; owner=T06-runtime-data-plane; production evidence: event ingest filter; canonical metadata-only bytes bind reservation, digest, artifact, and downstream decode	Original Verify: Metadata-only fixture removes content but keeps action metadata. Unchanged product contract; preserve existing implementation/evidence. No architecture-driven rewrite or availability promotion is required for this row.	production-available
M3-41	event batcher. Deliverable: Batch canonical events to bounded size/count before SQS.	unaffected	implementation_status_v1.5.md [M3-41]; implementation_production_availability_v1.5.tsv [M3-41]; owner=T06-runtime-data-plane; production evidence: event batcher; verified by Task 6 source/deploy review and focused race/release gates	Original Verify: 10k input events produce bounded batch messages, not 10k SQS calls. Unchanged product contract; preserve existing implementation/evidence. No architecture-driven rewrite or availability promotion is required for this row.	production-available
M3-42	ingest internal API. Deliverable: Implement `ingestEvents` internal operation.	P5,P7,P8	implementation_status_v1.5.md [M3-42]; implementation_production_availability_v1.5.tsv [M3-42]; owner=T06-runtime-data-plane; production private ingest API: token-derived scope and canonical versioned artifact precede one transactional runtime outbox; real-PostgreSQL HTTP replay proves ACK-last durable acceptance	Original Verify: Valid batch acknowledges only after SQS acceptance. Enforce the operation through the production FGA checker with tenant-scoped query/count/cursor behavior; keep SQL row guards and original API contracts.	production-available
M3-43a	runtime batch consume. Deliverable: Consume one normalized runtime-event batch idempotently from SQS.	unaffected	implementation_status_v1.5.md [M3-43a]; implementation_production_availability_v1.5.tsv [M3-43a]; owner=T06-runtime-data-plane; production evidence: runtime batch consume; verified by Task 6 source/deploy review and focused race/release gates	Original Verify: Replaying the same message reuses the same deterministic batch ID. Unchanged product contract; preserve existing implementation/evidence. No architecture-driven rewrite or availability promotion is required for this row.	production-available
M3-43b	runtime event S3 archive. Deliverable: Write the compressed normalized batch to an Organization/date-scoped S3 archive key with deterministic batch ID.	unaffected	implementation_status_v1.5.md [M3-43b]; implementation_production_availability_v1.5.tsv [M3-43b]; owner=T06-runtime-data-plane; production evidence: runtime event S3 archive; verified by Task 6 source/deploy review and focused race/release gates	Original Verify: Replay overwrites/reuses the same logical archive object and cannot escape the Organization prefix. Unchanged product contract; preserve existing implementation/evidence. No architecture-driven rewrite or availability promotion is required for this row.	production-available
M3-43c	runtime event indexing. Deliverable: Write consumed runtime events to OpenSearch with deterministic event IDs and S3 archive reference.	unaffected	implementation_status_v1.5.md [M3-43c]; implementation_production_availability_v1.5.tsv [M3-43c]; owner=T06-runtime-data-plane; production evidence: runtime event indexing; verified by Task 6 source/deploy review and focused race/release gates	Original Verify: Replay does not duplicate indexed events. Unchanged product contract; preserve existing implementation/evidence. No architecture-driven rewrite or availability promotion is required for this row.	production-available
M3-43d	runtime correlation update. Deliverable: Apply correlation/graph evidence updates after archive and event indexing succeed.	unaffected	implementation_status_v1.5.md [M3-43d]; implementation_production_availability_v1.5.tsv [M3-43d]; owner=T06-runtime-data-plane; production correlation graph: exact scope/batch/generation snapshot is durable before receipt; S3-loss replay mutates Neo4j once at 3497c084	Original Verify: Replay does not duplicate correlation evidence. Unchanged product contract; preserve existing implementation/evidence. No architecture-driven rewrite or availability promotion is required for this row.	production-available
M3-43	runtime-event worker. Deliverable: Wire consume -> S3 archive -> OpenSearch -> correlation with one observable job state and acknowledge SQS only after all required stages are durable.	unaffected	implementation_status_v1.5.md [M3-43]; implementation_production_availability_v1.5.tsv [M3-43]; owner=T06-runtime-data-plane; production runtime worker: archive and index precede durable correlation graph; stage receipt and queue acknowledgement remain ACK-last at 3497c084	Original Verify: A fixture batch reaches archive, index and correlation exactly once before acknowledgement. Unchanged product contract; preserve existing implementation/evidence. No architecture-driven rewrite or availability promotion is required for this row.	production-available
M3-44	OpenSearch event indexer. Deliverable: Index normalized event with required scope/session/agent/time fields.	unaffected	implementation_status_v1.5.md [M3-44]; implementation_production_availability_v1.5.tsv [M3-44]; owner=T06-runtime-data-plane; production evidence: OpenSearch event indexer; verified by Task 6 source/deploy review and focused race/release gates	Original Verify: Scoped filter query returns expected event only. Unchanged product contract; preserve existing implementation/evidence. No architecture-driven rewrite or availability promotion is required for this row.	production-available
M3-45	correlation exact path. Deliverable: Correlate exact trace/session IDs into Session/Agent references.	unaffected	implementation_status_v1.5.md [M3-45]; implementation_production_availability_v1.5.tsv [M3-45]; owner=T04-discovery-worker; production evidence: correlation exact path; verified by Task 4 source/deploy review and focused race/release gates	Original Verify: Exact fixture scores Exact. Unchanged product contract; preserve existing implementation/evidence. No architecture-driven rewrite or availability promotion is required for this row.	production-available
M3-46	correlation runtime path. Deliverable: Correlate sandbox/container/cgroup/process lineage when semantic ID absent.	unaffected	implementation_status_v1.5.md [M3-46]; implementation_production_availability_v1.5.tsv [M3-46]; owner=T04-discovery-worker; 2026-09-12 original-criterion reconciliation supersedes 2026-09-09 reachability refusal: controlled fresh registered51 provider/browser proof2555 (prior78940) scores semantic-ID-absent kernel input Strong, not Exact, with source-qualified sandbox/container and exact process identity; separate installed file-event source/archive proof preserves uint64 cgroup membership and precise matching rejects conflicting cgroups; independent scope review accepted these distinct controls; PR49 main fda8ae99921be468b3d95f2369f54112a725e046 verified by CI34687750130 SUCCESS40m6s; docs/internal/2026-09-11-precision-provider-evidence.md and docs/internal/2026-09-11-file-cgroup-lineage.md; controlled fixture acceptance, not live deployment or source attestation	Original Verify: Controlled fixture scores Strong, not Exact. Unchanged product contract; preserve existing implementation/evidence. No architecture-driven rewrite or availability promotion is required for this row.	production-available
M3-47	correlation ambiguity. Deliverable: Leave concurrent ambiguous runtime events Probable/Unattributed.	unaffected	implementation_status_v1.5.md [M3-47]; implementation_production_availability_v1.5.tsv [M3-47]; owner=T04-discovery-worker; 2026-09-12 original-criterion reconciliation supersedes 2026-09-09 reachability refusal: controlled proveRuntimeCandidateRecovery admits competing semantic candidates through authenticated ingestion and registered workers, persists unassigned Probable after fresh runtime ingestion and preserves frozen Strong replay; precise complete-binding tests retain competing sandbox/enrollment/unknown candidates as Probable/Unattributed, never Exact; independent scope review accepted actual ambiguity coverage, not absent-candidate-only evidence; PR49 main fda8ae99921be468b3d95f2369f54112a725e046 verified by CI34687750130 SUCCESS40m6s; docs/internal/2026-09-11-precision-provider-evidence.md and services/platform/runtimecorrelation/precise_correlator_test.go; controlled fixture acceptance, not live deployment or source attestation	Original Verify: Fixture never upgrades ambiguous event to Exact. Unchanged product contract; preserve existing implementation/evidence. No architecture-driven rewrite or availability promotion is required for this row.	production-available
M3-48a	Connection catalog route. Deliverable: Build integration catalog grid and filters.	P4,P7,P8	implementation_status_v1.5.md [M3-48a]; implementation_production_availability_v1.5.tsv [M3-48a]; owner=PROD-current-composition; audited shipped composition: Connection catalog route	Original Verify: Fixture renders provider cards without internal adapter names. Keep this screen on real API state and the active permission policy; preserve its original display, error and interaction requirements. Preserve this connector/catalog/collector/provider contract while routing manual and periodic sync through scoped admission and Temporal Schedules; retain cursor resume, freshness, overlap policy and connector revocation.	production-available
M3-48b	Connection list route. Deliverable: Build connected integrations table with status/freshness.	P4,P7,P8	implementation_status_v1.5.md [M3-48b]; implementation_production_availability_v1.5.tsv [M3-48b]; owner=PROD-current-composition; audited shipped composition: Connection list route	Original Verify: Healthy/stale/degraded fixtures render. Keep this screen on real API state and the active permission policy; preserve its original display, error and interaction requirements. Preserve this connector/catalog/collector/provider contract while routing manual and periodic sync through scoped admission and Temporal Schedules; retain cursor resume, freshness, overlap policy and connector revocation.	production-available
M3-48c1	Connection detail summary. Deliverable: Build integration detail summary with name, scope, health and last sync.	P4,P7,P8	implementation_status_v1.5.md [M3-48c1]; implementation_production_availability_v1.5.tsv [M3-48c1]; owner=PROD-current-composition; audited shipped composition: Connection detail summary	Original Verify: Healthy, stale and error fixtures render the expected product state. Keep this screen on real API state and the active permission policy; preserve its original display, error and interaction requirements. Preserve this connector/catalog/collector/provider contract while routing manual and periodic sync through scoped admission and Temporal Schedules; retain cursor resume, freshness, overlap policy and connector revocation.	production-available
M3-48c2	Connection detail data and history. Deliverable: Add collected-data capabilities and bounded sync-history list to integration detail.	P4,P7,P8	implementation_status_v1.5.md [M3-48c2]; implementation_production_availability_v1.5.tsv [M3-48c2]; owner=T10-product-ui; shipped detail uses scoped product APIs for collected-data capabilities, freshness, bounded sync history, and exact sync detail	Original Verify: Fixture renders data types and paginated sync history from generated client data. Keep this screen on real API state and the active permission policy; preserve its original display, error and interaction requirements. Preserve this connector/catalog/collector/provider contract while routing manual and periodic sync through scoped admission and Temporal Schedules; retain cursor resume, freshness, overlap policy and connector revocation.	production-available
M3-48c3	Connection detail actions. Deliverable: Add the supported authorize, sync and delete action controls to integration detail.	P4,P7,P8	implementation_status_v1.5.md [M3-48c3]; implementation_production_availability_v1.5.tsv [M3-48c3]; owner=T10-product-ui; shipped capability-gated authorize, manual sync, schedule, delete, and retained-receipt actions pass installed-browser E2E	Original Verify: Capability fixture hides unsupported actions and exposes stable product errors. Keep this screen on real API state and the active permission policy; preserve its original display, error and interaction requirements. Preserve this connector/catalog/collector/provider contract while routing manual and periodic sync through scoped admission and Temporal Schedules; retain cursor resume, freshness, overlap policy and connector revocation.	production-available
M3-48d	AWS setup wizard UI. Deliverable: Add AWS Review access -> role/external-ID configure -> Test connection -> Initial sync -> Coverage flow using generated client operations.	P4,P7,P8	implementation_status_v1.5.md [M3-48d]; implementation_production_availability_v1.5.tsv [M3-48d]; owner=T10-product-ui; shipped AWS setup uses the live catalog, role and opaque external-ID configuration, connection test, initial sync, coverage, and stable permission remediation	Original Verify: Missing permission fixture shows exact remediation and cannot render Healthy. Keep this screen on real API state and the active permission policy; preserve its original display, error and interaction requirements. Preserve this connector/catalog/collector/provider contract while routing manual and periodic sync through scoped admission and Temporal Schedules; retain cursor resume, freshness, overlap policy and connector revocation.	production-available
M3-48e	Kubernetes setup wizard UI. Deliverable: Add Kubernetes coverage-choice -> scoped sensor enrollment -> Helm instructions -> heartbeat/test -> Coverage flow.	P4,P7,P8	implementation_status_v1.5.md [M3-48e]; implementation_production_availability_v1.5.tsv [M3-48e]; owner=T10-product-ui; shipped Kubernetes setup uses the live tenant-scoped v34 setup-status API, enrollment and Helm guidance, environment runtime sensor coverage, and installed-browser proof	Original Verify: Unsupported kernel or missing gateway state remains visible instead of marking full coverage. Keep this screen on real API state and the active permission policy; preserve its original display, error and interaction requirements. Preserve this connector/catalog/collector/provider contract while routing manual and periodic sync through scoped admission and Temporal Schedules; retain cursor resume, freshness, overlap policy and connector revocation.	production-available
M3-48f	GitHub setup wizard UI. Deliverable: Add GitHub access review -> authorize/install -> scope validation -> Initial sync -> Coverage flow.	P4,P7,P8	implementation_status_v1.5.md [M3-48f]; implementation_production_availability_v1.5.tsv [M3-48f]; owner=T10-product-ui; shipped GitHub setup uses the live tenant-scoped v34 setup-status API for organization, repository selection, and exact read permissions with installed-browser proof	Original Verify: Repository/Organization scope returned by authorization is displayed and missing scope is actionable. Keep this screen on real API state and the active permission policy; preserve its original display, error and interaction requirements. Preserve this connector/catalog/collector/provider contract while routing manual and periodic sync through scoped admission and Temporal Schedules; retain cursor resume, freshness, overlap policy and connector revocation.	production-available
M3-48g	launch IdP setup wizard UI. Deliverable: Add launch IdP access review -> credential/authorization -> Test connection -> Initial sync -> Coverage flow, clearly separated from AgentSec SSO configuration.	P4,P7,P8	implementation_status_v1.5.md [M3-48g]; implementation_production_availability_v1.5.tsv [M3-48g]; owner=T10-product-ui; shipped Okta setup uses the live tenant-scoped v34 setup-status API for tenant and exact discovery scopes, remains separate from Zasp sign-in, and passes installed-browser proof	Original Verify: Fixture distinguishes directory-security integration from Stytch sign-in configuration. Keep this screen on real API state and the active permission policy; preserve its original display, error and interaction requirements. Preserve this connector/catalog/collector/provider contract while routing manual and periodic sync through scoped admission and Temporal Schedules; retain cursor resume, freshness, overlap policy and connector revocation.	production-available
M3-48h	Generic Webhook setup UI. Deliverable: Add signed Generic Webhook destination configure/test/status flow through Connections.	P4,P7,P8	implementation_status_v1.5.md [M3-48h]; implementation_production_availability_v1.5.tsv [M3-48h]; owner=T10-product-ui; production evidence: schema v35 tenant-scoped signed webhook configure/test/status, fixed destination and payload, durable exact replay, pinned HTTPS, independent review, race/release gates and full Chrome lost-response/reload proof; docs/internal/2026-09-08-m3-48h-production-webhook.md	Original Verify: Test delivery shows signature status and arbitrary per-action URL input is impossible. Keep this screen on real API state and the active permission policy; preserve its original display, error and interaction requirements. Preserve this connector/catalog/collector/provider contract while routing manual and periodic sync through scoped admission and Temporal Schedules; retain cursor resume, freshness, overlap policy and connector revocation.	production-available
M3-48	Connections UI shell. Deliverable: Compose catalog/list/detail navigation for Connections.	P4,P7,P8	implementation_status_v1.5.md [M3-48]; implementation_production_availability_v1.5.tsv [M3-48]; owner=PROD-current-composition; audited shipped composition: Connections UI shell	Original Verify: Route smoke test covers all three pages. Keep this screen on real API state and the active permission policy; preserve its original display, error and interaction requirements. Preserve this connector/catalog/collector/provider contract while routing manual and periodic sync through scoped admission and Temporal Schedules; retain cursor resume, freshness, overlap policy and connector revocation.	production-available
M3-49	Connections UI actions. Deliverable: Wire connect/authorize/sync/delete and sync-history actions.	P4,P7,P8	implementation_status_v1.5.md [M3-49]; implementation_production_availability_v1.5.tsv [M3-49]; owner=T10-product-ui; production evidence: capability-gated authorize, sync, delete, receipt recovery, history, and freshness actions proven through shipped product APIs in the installed-browser gate	Original Verify: E2E fake provider flow stays product-branded. Keep this screen on real API state and the active permission policy; preserve its original display, error and interaction requirements. Preserve this connector/catalog/collector/provider contract while routing manual and periodic sync through scoped admission and Temporal Schedules; retain cursor resume, freshness, overlap policy and connector revocation.	production-available
M3-50	Sensors UI shell. Deliverable: Create Sensors list/detail/enrollment routes.	P7,P8	implementation_status_v1.5.md [M3-50]; implementation_production_availability_v1.5.tsv [M3-50]; owner=T10-product-ui; shipped sensor list, detail, enrollment, and heartbeat coverage use strict generated-client product APIs	Original Verify: Routes use generated client and show coverage/freshness. Keep this screen on real API state and the active permission policy; preserve its original display, error and interaction requirements.	production-available
M3-51	Sensors UI actions. Deliverable: Wire enroll/rotate/delete actions with confirmation.	P7,P8	implementation_status_v1.5.md [M3-51]; implementation_production_availability_v1.5.tsv [M3-51]; owner=T10-product-ui; shipped idempotent enroll, version-fenced update/rotate/delete, one-time credential, and fresh-auth controls pass lifecycle UI tests	Original Verify: E2E sensor lifecycle passes. Keep this screen on real API state and the active permission policy; preserve its original display, error and interaction requirements.	production-available
M3-52a	M3 connector E2E. Deliverable: Run AWS/Kubernetes/GitHub/IdP fixture connector E2E.	P4,P8	implementation_status_v1.5.md [M3-52a]; implementation_production_availability_v1.5.tsv [M3-52a]; owner=T04-discovery-worker; production evidence: combined AWS, Kubernetes, GitHub, and Okta fixtures traverse production provider clients, canonical collection, manifest-last artifacts, and worker decoding under race at 1f2031f	Original Verify: Canonical assets and freshness records are created. Preserve this connector/catalog/collector/provider contract while routing manual and periodic sync through scoped admission and Temporal Schedules; retain cursor resume, freshness, overlap policy and connector revocation.	production-available
M3-52b	M3 sensor E2E. Deliverable: Run sensor enrollment and heartbeat E2E.	unaffected	implementation_status_v1.5.md [M3-52b]; implementation_production_availability_v1.5.tsv [M3-52b]; owner=T06-runtime-data-plane; installed-browser E2E proves scoped enrollment, authenticated heartbeat, healthy kernel/capability coverage, version-pinned rotation, reload, deletion, and no persisted token	Original Verify: Coverage page receives sensor health and capability data. Unchanged product contract; preserve existing implementation/evidence. No architecture-driven rewrite or availability promotion is required for this row.	production-available
M3-52c	M3 OTLP eBPF ingest E2E. Deliverable: Run one semantic OTLP trace plus eBPF runtime fixture through ingest.	unaffected	implementation_status_v1.5.md [M3-52c]; implementation_production_availability_v1.5.tsv [M3-52c]; owner=T06-runtime-data-plane; production evidence: production-composed sensor enrollment and runtime ingest boundaries, authenticated heartbeat, durable replay, and installed-Chrome lifecycle pass the schema-v28 combined E2E	Original Verify: Both sources create normalized scoped events. Unchanged product contract; preserve existing implementation/evidence. No architecture-driven rewrite or availability promotion is required for this row.	production-available
M3-52d	M3 queue index E2E. Deliverable: Run normalized event batch through SQS worker, S3 archive and OpenSearch index.	unaffected	implementation_status_v1.5.md [M3-52d]; implementation_production_availability_v1.5.tsv [M3-52d]; owner=T04-discovery-worker; v36 production ingest/outbox/coordinator/stages through actual local SQS/S3/OpenSearch; exact archive/index references, fenced physical replay, terminal ingest replay, six provider acknowledgements and empty DLQ; migration race, independent review and full Chrome proof in docs/internal/2026-09-08-m3-52d-runtime-queue-index.md; Neo4j/cloud IAM not claimed	Original Verify: Archive/index references agree, replay remains idempotent and DLQ stays empty. Unchanged product contract; preserve existing implementation/evidence. No architecture-driven rewrite or availability promotion is required for this row.	production-available
M3-52e	M3 freshness degrade E2E. Deliverable: Fail one connector sync after a known-good sync.	P4,P8	implementation_status_v1.5.md [M3-52e]; implementation_production_availability_v1.5.tsv [M3-52e]; owner=T04-discovery-worker; production evidence: M3 freshness degrade E2E; verified by Task 4 source/deploy review and focused race/release gates	Original Verify: Last-known inventory remains visible with stale marker. Preserve this connector/catalog/collector/provider contract while routing manual and periodic sync through scoped admission and Temporal Schedules; retain cursor resume, freshness, overlap policy and connector revocation.	production-available
M3-52	M3 gate. Deliverable: Write the M3 gate result from connector, sensor, ingest, queue/index and freshness checks.	P4,P8,P10	implementation_status_v1.5.md [M3-52]; implementation_production_availability_v1.5.tsv [M3-52]; owner=EXT-human-observation; audited external evidence gate: M3 gate	Original Verify: Gate record is PASS only when all independent checks passed. Preserve this connector/catalog/collector/provider contract while routing manual and periodic sync through scoped admission and Temporal Schedules; retain cursor resume, freshness, overlap policy and connector revocation.	blocked/external
M4-01a	canonical asset ID reconciliation. Deliverable: Reconcile one normalized source asset into a stable Organization-scoped canonical Asset ID in Neon.	P4,P8	implementation_status_v1.5.md [M4-01a]; implementation_production_availability_v1.5.tsv [M4-01a]; owner=T05-inventory-cutover; v14 complete-snapshot E2E proves canonical AWS asset identity through public API and typed database authority	Original Verify: Repeated source record preserves the same product Asset ID and source evidence reference. Reuse canonical inventory reconciliation under sync Activities; repeated pages/restarts must not duplicate or cross tenant inventory.	production-available
M4-01b	Agent reconciliation. Deliverable: Reconcile normalized Agent fields onto the canonical Asset record.	P4,P8	implementation_status_v1.5.md [M4-01b]; implementation_production_availability_v1.5.tsv [M4-01b]; owner=T05-inventory-cutover; v14 complete-snapshot E2E proves Kubernetes Agent reconciliation through public API and installed browser	Original Verify: Repeated Agent source update preserves product ID and updates last-seen/source metadata. Reuse canonical inventory reconciliation under sync Activities; repeated pages/restarts must not duplicate or cross tenant inventory.	production-available
M4-01c	Tool reconciliation. Deliverable: Reconcile normalized Tool/MCP fields onto canonical Tool records.	P4,P8	implementation_status_v1.5.md [M4-01c]; implementation_production_availability_v1.5.tsv [M4-01c]; owner=T05-inventory-cutover; v14 complete-snapshot E2E proves GitHub Tool reconciliation through public API and installed browser	Original Verify: Duplicate provider/tool identifiers do not create duplicate product Tools inside one Organization. Reuse canonical inventory reconciliation under sync Activities; repeated pages/restarts must not duplicate or cross tenant inventory.	production-available
M4-01d	Identity reconciliation. Deliverable: Reconcile normalized human/service/agent identity fields without storing raw credentials.	P4,P8	implementation_status_v1.5.md [M4-01d]; implementation_production_availability_v1.5.tsv [M4-01d]; owner=T05-inventory-cutover; v14 complete-snapshot E2E proves Okta Identity reconciliation through public API and installed browser	Original Verify: Credential fixture stores fingerprint/reference only and remains Organization-scoped. Reuse canonical inventory reconciliation under sync Activities; repeated pages/restarts must not duplicate or cross tenant inventory.	production-available
M4-01e	Runtime reconciliation. Deliverable: Reconcile runtime/sandbox/workload identity and isolation metadata onto canonical Runtime records.	P4,P8	implementation_status_v1.5.md [M4-01e]; implementation_production_availability_v1.5.tsv [M4-01e]; owner=T05-inventory-cutover; v14 complete-snapshot E2E proves Kubernetes Runtime reconciliation through public API and installed browser	Original Verify: Repeated workload source maps to the same Runtime while preserving source evidence. Reuse canonical inventory reconciliation under sync Activities; repeated pages/restarts must not duplicate or cross tenant inventory.	production-available
M4-01f	canonical relationship projection. Deliverable: Upsert one bounded canonical relationship set from reconciled product IDs into GraphStore.	P4,P8	implementation_status_v1.5.md [M4-01f]; implementation_production_availability_v1.5.tsv [M4-01f]; owner=T05-inventory-cutover; v14 complete-snapshot E2E proves canonical relationship projection with exact source and evidence bindings	Original Verify: Replay is idempotent and no source/vendor ID becomes a public primary key. Reuse canonical inventory reconciliation under sync Activities; repeated pages/restarts must not duplicate or cross tenant inventory.	production-available
M4-01	asset reconciliation gate. Deliverable: Run one fixture through Asset, Agent, Tool, Identity, Runtime and relationship reconciliation.	P4,P8	implementation_status_v1.5.md [M4-01]; implementation_production_availability_v1.5.tsv [M4-01]; owner=T05-inventory-cutover; v14 cutover gate proves public typed inventory is derived only from authoritative complete snapshots	Original Verify: Repeated sync preserves canonical IDs and graph relationships without cross-Organization collision. Reuse canonical inventory reconciliation under sync Activities; repeated pages/restarts must not duplicate or cross tenant inventory.	production-available
M4-02	agent ownership/tags. Deliverable: Add owner/team/tag fields and audit mutation.	unaffected	implementation_status_v1.5.md [M4-02]; implementation_production_availability_v1.5.tsv [M4-02]; owner=T05-inventory-cutover; audited shipped composition: tenant-scoped Agent ownership, team, and canonical tags	Original Verify: Owner update changes only scoped Agent and emits audit. Unchanged product contract; preserve existing implementation/evidence. No architecture-driven rewrite or availability promotion is required for this row.	production-available
M4-03	API listAgents. Deliverable: Implement OpenAPI operation `listAgents` for `GET /api/v1/agents` using the existing service/store contract.	P5,P7,P8	implementation_status_v1.5.md [M4-03]; implementation_production_availability_v1.5.tsv [M4-03]; owner=PROD-current-composition; audited shipped composition: API listAgents	Original Verify: Handler test covers authorized success plus one stable product error. Enforce the operation through the production FGA checker with tenant-scoped query/count/cursor behavior; keep SQL row guards and original API contracts.	production-available
M4-04	API getAgent. Deliverable: Implement OpenAPI operation `getAgent` for `GET /api/v1/agents/{id}` using the existing service/store contract.	P5,P7,P8	implementation_status_v1.5.md [M4-04]; implementation_production_availability_v1.5.tsv [M4-04]; owner=PROD-current-composition; audited shipped composition: API getAgent	Original Verify: Handler test covers authorized success plus one stable product error. Enforce the operation through the production FGA checker with tenant-scoped query/count/cursor behavior; keep SQL row guards and original API contracts.	production-available
M4-05	API updateAgent. Deliverable: Implement OpenAPI operation `updateAgent` for `PATCH /api/v1/agents/{id}` using the existing service/store contract.	P5,P7,P8	implementation_status_v1.5.md [M4-05]; implementation_production_availability_v1.5.tsv [M4-05]; owner=T05-inventory-cutover; audited shipped composition: API updateAgent	Original Verify: Handler test covers authorized success plus one stable product error. Enforce the operation through the production FGA checker with tenant-scoped query/count/cursor behavior; keep SQL row guards and original API contracts.	production-available
M4-06	API getAgentCapabilities. Deliverable: Implement OpenAPI operation `getAgentCapabilities` for `GET /api/v1/agents/{id}/capabilities` using the existing service/store contract.	P5,P7,P8	implementation_status_v1.5.md [M4-06]; implementation_production_availability_v1.5.tsv [M4-06]; owner=PROD-current-composition; audited shipped composition: API getAgentCapabilities	Original Verify: Handler test covers authorized success plus one stable product error. Enforce the operation through the production FGA checker with tenant-scoped query/count/cursor behavior; keep SQL row guards and original API contracts.	production-available
M4-07	API getAgentRelationships. Deliverable: Implement OpenAPI operation `getAgentRelationships` for `GET /api/v1/agents/{id}/relationships` using the existing service/store contract.	P5,P7,P8	implementation_status_v1.5.md [M4-07]; implementation_production_availability_v1.5.tsv [M4-07]; owner=PROD-current-composition; audited shipped composition: API getAgentRelationships	Original Verify: Handler test covers authorized success plus one stable product error. Enforce the operation through the production FGA checker with tenant-scoped query/count/cursor behavior; keep SQL row guards and original API contracts.	production-available
M4-08	API listAgentSessions. Deliverable: Implement OpenAPI operation `listAgentSessions` for `GET /api/v1/agents/{id}/sessions` using the existing service/store contract.	P5,P7,P8	implementation_status_v1.5.md [M4-08]; implementation_production_availability_v1.5.tsv [M4-08]; owner=PROD-current-composition; audited shipped composition: API listAgentSessions	Original Verify: Handler test covers authorized success plus one stable product error. Enforce the operation through the production FGA checker with tenant-scoped query/count/cursor behavior; keep SQL row guards and original API contracts.	production-available
M4-09	API listTools. Deliverable: Implement OpenAPI operation `listTools` for `GET /api/v1/tools` using the existing service/store contract.	P5,P7,P8	implementation_status_v1.5.md [M4-09]; implementation_production_availability_v1.5.tsv [M4-09]; owner=PROD-current-composition; audited shipped composition: API listTools	Original Verify: Handler test covers authorized success plus one stable product error. Enforce the operation through the production FGA checker with tenant-scoped query/count/cursor behavior; keep SQL row guards and original API contracts.	production-available
M4-10	API getTool. Deliverable: Implement OpenAPI operation `getTool` for `GET /api/v1/tools/{id}` using the existing service/store contract.	P5,P7,P8	implementation_status_v1.5.md [M4-10]; implementation_production_availability_v1.5.tsv [M4-10]; owner=PROD-current-composition; audited shipped composition: API getTool	Original Verify: Handler test covers authorized success plus one stable product error. Enforce the operation through the production FGA checker with tenant-scoped query/count/cursor behavior; keep SQL row guards and original API contracts.	production-available
M4-11	API listIdentities. Deliverable: Implement OpenAPI operation `listIdentities` for `GET /api/v1/identities` using the existing service/store contract.	P5,P7,P8	implementation_status_v1.5.md [M4-11]; implementation_production_availability_v1.5.tsv [M4-11]; owner=PROD-current-composition; audited shipped composition: API listIdentities	Original Verify: Handler test covers authorized success plus one stable product error. Enforce the operation through the production FGA checker with tenant-scoped query/count/cursor behavior; keep SQL row guards and original API contracts.	production-available
M4-12	API getIdentity. Deliverable: Implement OpenAPI operation `getIdentity` for `GET /api/v1/identities/{id}` using the existing service/store contract.	P5,P7,P8	implementation_status_v1.5.md [M4-12]; implementation_production_availability_v1.5.tsv [M4-12]; owner=PROD-current-composition; audited shipped composition: API getIdentity	Original Verify: Handler test covers authorized success plus one stable product error. Enforce the operation through the production FGA checker with tenant-scoped query/count/cursor behavior; keep SQL row guards and original API contracts.	production-available
M4-13	API listRuntimes. Deliverable: Implement OpenAPI operation `listRuntimes` for `GET /api/v1/runtimes` using the existing service/store contract.	P5,P7,P8	implementation_status_v1.5.md [M4-13]; implementation_production_availability_v1.5.tsv [M4-13]; owner=PROD-current-composition; audited shipped composition: API listRuntimes	Original Verify: Handler test covers authorized success plus one stable product error. Enforce the operation through the production FGA checker with tenant-scoped query/count/cursor behavior; keep SQL row guards and original API contracts.	production-available
M4-14	API getRuntime. Deliverable: Implement OpenAPI operation `getRuntime` for `GET /api/v1/runtimes/{id}` using the existing service/store contract.	P5,P7,P8	implementation_status_v1.5.md [M4-14]; implementation_production_availability_v1.5.tsv [M4-14]; owner=PROD-current-composition; audited shipped composition: API getRuntime	Original Verify: Handler test covers authorized success plus one stable product error. Enforce the operation through the production FGA checker with tenant-scoped query/count/cursor behavior; keep SQL row guards and original API contracts.	production-available
M4-15	API getAsset. Deliverable: Implement OpenAPI operation `getAsset` for `GET /api/v1/assets/{id}` using the existing service/store contract.	P5,P7,P8	implementation_status_v1.5.md [M4-15]; implementation_production_availability_v1.5.tsv [M4-15]; owner=PROD-current-composition; audited shipped composition: API getAsset	Original Verify: Handler test covers authorized success plus one stable product error. Enforce the operation through the production FGA checker with tenant-scoped query/count/cursor behavior; keep SQL row guards and original API contracts.	production-available
M4-16	capability rule model. Deliverable: Define six MVP capability categories and evidence-state transition rules.	unaffected	implementation_status_v1.5.md [M4-16]; implementation_production_availability_v1.5.tsv [M4-16]; owner=T05-inventory-cutover; production evidence: six-category Kubernetes RBAC rules derive from canonical tenant-scoped inventory and fail closed on malformed provider authority	Original Verify: State transition tests reject Verified without verification evidence. Unchanged product contract; preserve existing implementation/evidence. No architecture-driven rewrite or availability promotion is required for this row.	production-available
M4-17	capability graph query. Deliverable: Implement bounded graph query from Agent to tool/identity/resource/action outcomes.	unaffected	implementation_status_v1.5.md [M4-17]; implementation_production_availability_v1.5.tsv [M4-17]; owner=T05-inventory-cutover; production evidence: API-role keyset graph query traverses Agent identity, binding, and role authority with foreign-tenant denial	Original Verify: Fixture yields read vs write capability correctly. Unchanged product contract; preserve existing implementation/evidence. No architecture-driven rewrite or availability promotion is required for this row.	production-available
M4-18	capability observed upgrade. Deliverable: Upgrade Reachable to Observed from matching runtime/provider evidence.	unaffected	implementation_status_v1.5.md [M4-18]; implementation_production_availability_v1.5.tsv [M4-18]; owner=T05-inventory-cutover; production evidence: canonical provider observations upgrade reachable capabilities to observed while retaining sorted evidence authority	Original Verify: Runtime fixture updates state without deleting configured edge. Unchanged product contract; preserve existing implementation/evidence. No architecture-driven rewrite or availability promotion is required for this row.	production-available
M4-19	capability verified/blocked upgrade. Deliverable: Apply Attack Lab Verified and runtime policy Blocked evidence to derived capability state.	unaffected	implementation_status_v1.5.md [M4-19]; implementation_production_availability_v1.5.tsv [M4-19]; owner=T05-inventory-cutover; production evidence: tenant-scoped PostgreSQL capability authority upgrades observed reachability to verified and blocked while retaining underlying reachability and exact evidence at e8a046b	Original Verify: Fixtures preserve underlying reachability while state changes. Unchanged product contract; preserve existing implementation/evidence. No architecture-driven rewrite or availability promotion is required for this row.	production-available
M4-20	posture ownerless agent. Deliverable: Implement high-signal posture rule: agent has no owner.	unaffected	implementation_status_v1.5.md [M4-20]; implementation_production_availability_v1.5.tsv [M4-20]; owner=T05-inventory-cutover; production evidence: source-owned ownerless-agent posture refresh persists exact tenant evidence, risk factor, resolution, and foreign-tenant isolation at 2b768d6	Original Verify: Pass/fail graph fixtures store exact supporting evidence for the rule. Unchanged product contract; preserve existing implementation/evidence. No architecture-driven rewrite or availability promotion is required for this row.	production-available
M4-21	posture human credential. Deliverable: Implement high-signal posture rule: agent uses a human credential.	unaffected	implementation_status_v1.5.md [M4-21]; implementation_production_availability_v1.5.tsv [M4-21]; owner=T05-inventory-cutover; production evidence: source-owned human-credential posture refresh persists and resolves exact evidence-backed findings at 2b768d6	Original Verify: Pass/fail graph fixtures store exact supporting evidence for the rule. Unchanged product contract; preserve existing implementation/evidence. No architecture-driven rewrite or availability promotion is required for this row.	production-available
M4-22	posture shared credential. Deliverable: Implement high-signal posture rule: credential is shared/long-lived across agents.	unaffected	implementation_status_v1.5.md [M4-22]; implementation_production_availability_v1.5.tsv [M4-22]; owner=T05-inventory-cutover; production evidence: shared credential fingerprint across active agents produces exact evidence-backed finding authority and clears on false posture at 2b768d6	Original Verify: Pass/fail graph fixtures store exact supporting evidence for the rule. Unchanged product contract; preserve existing implementation/evidence. No architecture-driven rewrite or availability promotion is required for this row.	production-available
M4-23	posture untrusted write. Deliverable: Implement high-signal posture rule: untrusted/public input plus production write.	unaffected	implementation_status_v1.5.md [M4-23]; implementation_production_availability_v1.5.tsv [M4-23]; owner=T05-inventory-cutover; production evidence: untrusted input plus production write produces an exact evidence-backed tenant finding and deterministic risk factor at 2b768d6	Original Verify: Pass/fail graph fixtures store exact supporting evidence for the rule. Unchanged product contract; preserve existing implementation/evidence. No architecture-driven rewrite or availability promotion is required for this row.	production-available
M4-24	posture shell credential. Deliverable: Implement high-signal posture rule: shell/code execution plus production credential.	unaffected	implementation_status_v1.5.md [M4-24]; implementation_production_availability_v1.5.tsv [M4-24]; owner=T05-inventory-cutover; production evidence: shell execution plus production credential produces an exact evidence-backed tenant finding and deterministic risk factor at 2b768d6	Original Verify: Pass/fail graph fixtures store exact supporting evidence for the rule. Unchanged product contract; preserve existing implementation/evidence. No architecture-driven rewrite or availability promotion is required for this row.	production-available
M4-25	posture egress sensitive. Deliverable: Implement high-signal posture rule: unrestricted egress plus sensitive-data reach.	unaffected	implementation_status_v1.5.md [M4-25]; implementation_production_availability_v1.5.tsv [M4-25]; owner=T05-inventory-cutover; production evidence: unrestricted egress plus sensitive-data reach produces an exact evidence-backed tenant finding and deterministic risk factor at 2b768d6	Original Verify: Pass/fail graph fixtures store exact supporting evidence for the rule. Unchanged product contract; preserve existing implementation/evidence. No architecture-driven rewrite or availability promotion is required for this row.	production-available
M4-26	posture unapproved tool. Deliverable: Implement high-signal posture rule: unapproved remote MCP/tool.	unaffected	implementation_status_v1.5.md [M4-26]; implementation_production_availability_v1.5.tsv [M4-26]; owner=T05-inventory-cutover; production evidence: unapproved remote tool reach produces an exact evidence-backed tenant finding and deterministic risk factor at 2b768d6	Original Verify: Pass/fail graph fixtures store exact supporting evidence for the rule. Unchanged product contract; preserve existing implementation/evidence. No architecture-driven rewrite or availability promotion is required for this row.	production-available
M4-27	posture destructive no control. Deliverable: Implement high-signal posture rule: destructive tool without runtime control.	unaffected	implementation_status_v1.5.md [M4-27]; implementation_production_availability_v1.5.tsv [M4-27]; owner=T05-inventory-cutover; production evidence: destructive tool reach without runtime control produces an exact evidence-backed tenant finding and deterministic risk factor at 2b768d6	Original Verify: Pass/fail graph fixtures store exact supporting evidence for the rule. Unchanged product contract; preserve existing implementation/evidence. No architecture-driven rewrite or availability promotion is required for this row.	production-available
M4-28	posture no runtime coverage. Deliverable: Implement high-signal posture rule: production agent lacks supported runtime policy coverage.	unaffected	implementation_status_v1.5.md [M4-28]; implementation_production_availability_v1.5.tsv [M4-28]; owner=T05-inventory-cutover; production evidence: production agent without supported runtime policy produces exact evidence and clears after supported coverage appears at 2b768d6	Original Verify: Pass/fail graph fixtures store exact supporting evidence for the rule. Unchanged product contract; preserve existing implementation/evidence. No architecture-driven rewrite or availability promotion is required for this row.	production-available
M4-29	posture weak runtime isolation. Deliverable: Implement high-signal posture rule: runtime exposes host filesystem or privileged mode.	unaffected	implementation_status_v1.5.md [M4-29]; implementation_production_availability_v1.5.tsv [M4-29]; owner=T05-inventory-cutover; production evidence: host filesystem or privileged runtime posture produces exact isolation evidence and deterministic risk factor at 2b768d6	Original Verify: Pass/fail graph fixtures store exact supporting evidence for the rule. Unchanged product contract; preserve existing implementation/evidence. No architecture-driven rewrite or availability promotion is required for this row.	production-available
M4-30	posture cicd production secret. Deliverable: Implement high-signal posture rule: agent can modify CI/CD and reach production secrets.	unaffected	implementation_status_v1.5.md [M4-30]; implementation_production_availability_v1.5.tsv [M4-30]; owner=T05-inventory-cutover; production evidence: CI/CD write plus production-secret reach produces exact evidence and deterministic risk factor at 2b768d6	Original Verify: Pass/fail graph fixtures store exact supporting evidence for the rule. Unchanged product contract; preserve existing implementation/evidence. No architecture-driven rewrite or availability promotion is required for this row.	production-available
M4-31	posture zombie credential. Deliverable: Implement high-signal posture rule: inactive agent retains active credential/permission.	unaffected	implementation_status_v1.5.md [M4-31]; implementation_production_availability_v1.5.tsv [M4-31]; owner=T05-inventory-cutover; production evidence: inactive agent with active credential produces exact source evidence and resolves after credential deactivation at 2b768d6	Original Verify: Pass/fail graph fixtures store exact supporting evidence for the rule. Unchanged product contract; preserve existing implementation/evidence. No architecture-driven rewrite or availability promotion is required for this row.	production-available
M4-32	Prowler relevance filter. Deliverable: Mark Prowler findings visible-by-default only when attached to agent/path/compliance context.	unaffected	implementation_status_v1.5.md [M4-32]; implementation_production_availability_v1.5.tsv [M4-32]; owner=T05-inventory-cutover; production evidence: only Prowler records bound to exact inventory entity and version-pinned artifact evidence enter the default tenant finding set at 18d4e9d	Original Verify: Unrelated cloud finding stays out of Agent Security default finding list. Unchanged product contract; preserve existing implementation/evidence. No architecture-driven rewrite or availability promotion is required for this row.	production-available
M4-33	finding risk factors. Deliverable: Compute explainable risk factors without opaque ML score.	unaffected	implementation_status_v1.5.md [M4-33]; implementation_production_availability_v1.5.tsv [M4-33]; owner=T05-inventory-cutover; production evidence: PostgreSQL finding detail returns exact explainable factor name and evidence ID for every persisted posture finding at 2b768d6	Original Verify: Fixture exposes top factors and environment/policy evidence. Unchanged product contract; preserve existing implementation/evidence. No architecture-driven rewrite or availability promotion is required for this row.	production-available
M4-34	API listFindings. Deliverable: Implement OpenAPI operation `listFindings` for `GET /api/v1/findings` using the existing service/store contract.	P5,P7,P8	implementation_status_v1.5.md [M4-34]; implementation_production_availability_v1.5.tsv [M4-34]; owner=PROD-current-composition; audited shipped composition: API listFindings	Original Verify: Handler test covers authorized success plus one stable product error. Enforce the operation through the production FGA checker with tenant-scoped query/count/cursor behavior; keep SQL row guards and original API contracts.	production-available
M4-35	API getFinding. Deliverable: Implement OpenAPI operation `getFinding` for `GET /api/v1/findings/{id}` using the existing service/store contract.	P5,P7,P8	implementation_status_v1.5.md [M4-35]; implementation_production_availability_v1.5.tsv [M4-35]; owner=PROD-current-composition; audited shipped composition: API getFinding	Original Verify: Handler test covers authorized success plus one stable product error. Enforce the operation through the production FGA checker with tenant-scoped query/count/cursor behavior; keep SQL row guards and original API contracts.	production-available
M4-36	API updateFinding. Deliverable: Implement OpenAPI operation `updateFinding` for `PATCH /api/v1/findings/{id}` using the existing service/store contract.	P5,P7,P8	implementation_status_v1.5.md [M4-36]; implementation_production_availability_v1.5.tsv [M4-36]; owner=PROD-current-composition; audited shipped composition: API updateFinding	Original Verify: Handler test covers authorized success plus one stable product error. Enforce the operation through the production FGA checker with tenant-scoped query/count/cursor behavior; keep SQL row guards and original API contracts.	production-available
M4-37	API acceptFindingRisk. Deliverable: Implement OpenAPI operation `acceptFindingRisk` for `POST /api/v1/findings/{id}/accept-risk` using the existing service/store contract.	P5,P7,P8	implementation_status_v1.5.md [M4-37]; implementation_production_availability_v1.5.tsv [M4-37]; owner=PROD-current-composition; audited shipped composition: API acceptFindingRisk	Original Verify: Handler test covers authorized success plus one stable product error. Enforce the operation through the production FGA checker with tenant-scoped query/count/cursor behavior; keep SQL row guards and original API contracts.	production-available
M4-38	API createFindingTicket. Deliverable: Implement OpenAPI operation `createFindingTicket` for `POST /api/v1/findings/{id}/ticket` using the existing service/store contract.	P3,P4,P5,P7,P8	implementation_status_v1.5.md [M4-38]; implementation_production_availability_v1.5.tsv [M4-38]; owner=T14-data-workflows; production evidence: mounted tenant-scoped BrowserSession/PAT createFindingTicket API enforces If-Match, idempotency, CSRF, exact replay, and a strict generated contract	Original Verify: Handler test covers authorized success plus one stable product error. Enforce the operation through the production FGA checker with tenant-scoped query/count/cursor behavior; keep SQL row guards and original API contracts. Keep signed webhook/ticket request validation and provider outcome semantics; common admission and current permission checks cannot claim receiver verification.	production-available
M4-39	ticket webhook action. Deliverable: Implement generic signed remediation webhook for `createFindingTicket`.	P3,P4,P7	implementation_status_v1.5.md [M4-39]; implementation_production_availability_v1.5.tsv [M4-39]; owner=T14-data-workflows; production evidence: exact-one scoped generic webhook uses an opaque Secrets Manager reference, pinned DNS/CIDR TLS egress, HMAC redacted payloads, fenced leases, and replay without duplicate delivery	Original Verify: Fake receiver verifies signature and safe payload excludes secret evidence. Keep signed webhook/ticket request validation and provider outcome semantics; common admission and current permission checks cannot claim receiver verification.	production-available
M4-40	attack path templates. Deliverable: Define bounded entry-condition to high-impact-sink path templates.	unaffected	implementation_status_v1.5.md [M4-40]; implementation_production_availability_v1.5.tsv [M4-40]; owner=T05-inventory-cutover; production evidence: discovery reconciliation derives deterministic bounded finding-to-role attack paths from exact entry, sink, node, and evidence sets at 18d4e9d	Original Verify: Fixture avoids unlimited graph traversal. Unchanged product contract; preserve existing implementation/evidence. No architecture-driven rewrite or availability promotion is required for this row.	production-available
M4-41	attack path query. Deliverable: Compute supported attack paths with evidence state and current block edge.	unaffected	implementation_status_v1.5.md [M4-41]; implementation_production_availability_v1.5.tsv [M4-41]; owner=T05-inventory-cutover; production evidence: tenant PostgreSQL path reads preserve observed and blocked state, exact node order, evidence, replay, complete-empty cleanup, and foreign-tenant isolation at 18d4e9d	Original Verify: Potential/Observed/Verified/Blocked fixtures classify correctly. Unchanged product contract; preserve existing implementation/evidence. No architecture-driven rewrite or availability promotion is required for this row.	production-available
M4-42	break path options. Deliverable: Rank small node/edge/policy changes that break a path.	unaffected	implementation_status_v1.5.md [M4-42]; implementation_production_availability_v1.5.tsv [M4-42]; owner=T05-inventory-cutover; production evidence: derived paths persist deterministic ranked remove-node and enforce-policy options bound to the exact path evidence at 18d4e9d	Original Verify: Fixture returns deterministic minimal options with evidence. Unchanged product contract; preserve existing implementation/evidence. No architecture-driven rewrite or availability promotion is required for this row.	production-available
M4-43	API listAttackPaths. Deliverable: Implement OpenAPI operation `listAttackPaths` for `GET /api/v1/attack-paths` using the existing service/store contract.	P5,P7,P8	implementation_status_v1.5.md [M4-43]; implementation_production_availability_v1.5.tsv [M4-43]; owner=PROD-current-composition; audited shipped composition: API listAttackPaths	Original Verify: Handler test covers authorized success plus one stable product error. Enforce the operation through the production FGA checker with tenant-scoped query/count/cursor behavior; keep SQL row guards and original API contracts.	production-available
M4-44	API getAttackPath. Deliverable: Implement OpenAPI operation `getAttackPath` for `GET /api/v1/attack-paths/{id}` using the existing service/store contract.	P5,P7,P8	implementation_status_v1.5.md [M4-44]; implementation_production_availability_v1.5.tsv [M4-44]; owner=PROD-current-composition; audited shipped composition: API getAttackPath	Original Verify: Handler test covers authorized success plus one stable product error. Enforce the operation through the production FGA checker with tenant-scoped query/count/cursor behavior; keep SQL row guards and original API contracts.	production-available
M4-45	API getAttackPathBreakOptions. Deliverable: Implement OpenAPI operation `getAttackPathBreakOptions` for `GET /api/v1/attack-paths/{id}/break-options` using the existing service/store contract.	P5,P7,P8	implementation_status_v1.5.md [M4-45]; implementation_production_availability_v1.5.tsv [M4-45]; owner=PROD-current-composition; audited shipped composition: API getAttackPathBreakOptions	Original Verify: Handler test covers authorized success plus one stable product error. Enforce the operation through the production FGA checker with tenant-scoped query/count/cursor behavior; keep SQL row guards and original API contracts.	production-available
M4-46	home summary service. Deliverable: Create base overview counts for agents, new/worsening high-risk paths, stale launch-connector/sensor coverage and recent verified/blocked changes; Security Agent attention fields are added in M7A.	P7,P8	implementation_status_v1.5.md [M4-46]; implementation_production_availability_v1.5.tsv [M4-46]; owner=PROD-current-composition; audited shipped composition: home summary service	Original Verify: Summary never reports healthy when source is stale/degraded. Scope aggregations, search, evidence and counts before pagination through current authority; preserve product projections.	production-available
M4-47	API getHomeSummary. Deliverable: Implement OpenAPI operation `getHomeSummary` for `GET /api/v1/home/summary` using the existing service/store contract.	P5,P7,P8	implementation_status_v1.5.md [M4-47]; implementation_production_availability_v1.5.tsv [M4-47]; owner=PROD-current-composition; audited shipped composition: API getHomeSummary	Original Verify: Handler test covers authorized success plus one stable product error. Enforce the operation through the production FGA checker with tenant-scoped query/count/cursor behavior; keep SQL row guards and original API contracts.	production-available
M4-48	global search service. Deliverable: Search product entities by safe indexed name/type/ID.	P7,P8	implementation_status_v1.5.md [M4-48]; implementation_production_availability_v1.5.tsv [M4-48]; owner=T14-data-workflows; production evidence: exact tenant-scoped indexed PostgreSQL name/type/ID search rejects raw graph syntax and direct API table reads at f61fee2	Original Verify: Search never exposes raw graph query language. Scope aggregations, search, evidence and counts before pagination through current authority; preserve product projections.	production-available
M4-49	API globalSearch. Deliverable: Implement OpenAPI operation `globalSearch` for `GET /api/v1/search` using the existing service/store contract.	P5,P7,P8	implementation_status_v1.5.md [M4-49]; implementation_production_availability_v1.5.tsv [M4-49]; owner=T14-data-workflows; production evidence: mounted BrowserSession/PAT globalSearch API, strict OpenAPI/generated decoder, and production UI search at f61fee2	Original Verify: Handler test covers authorized success plus one stable product error. Enforce the operation through the production FGA checker with tenant-scoped query/count/cursor behavior; keep SQL row guards and original API contracts.	production-available
M4-50a	Agents table. Deliverable: Build Agents table and pagination.	P7,P8	implementation_status_v1.5.md [M4-50a]; implementation_production_availability_v1.5.tsv [M4-50a]; owner=PROD-current-composition; audited shipped composition: Agents table	Original Verify: Fixture renders core columns and loading/empty/error states. Keep this screen on real API state and the active permission policy; preserve its original display, error and interaction requirements.	production-available
M4-50b1	Agents ownership filters. Deliverable: Add owner, environment and risk filters to the Agents list.	P7,P8	implementation_status_v1.5.md [M4-50b1]; implementation_production_availability_v1.5.tsv [M4-50b1]; owner=PROD-current-composition; audited shipped composition: Agents ownership filters	Original Verify: Filter-state test generates expected owner/environment/risk API query. Keep scoped UI data/actions and original evidence semantics under the active FGA policy; pending or unavailable stays explicit.	production-available
M4-50b2	Agents capability filters. Deliverable: Add shell/code-execution and high-impact-reach filters to the Agents list.	P7,P8	implementation_status_v1.5.md [M4-50b2]; implementation_production_availability_v1.5.tsv [M4-50b2]; owner=PROD-current-composition; audited shipped composition: Agents capability filters	Original Verify: Filter-state test generates the expected capability API query. Keep scoped UI data/actions and original evidence semantics under the active FGA policy; pending or unavailable stays explicit.	production-available
M4-50b3	Agents coverage filters. Deliverable: Add runtime sensor and policy-coverage filters to the Agents list.	P7,P8	implementation_status_v1.5.md [M4-50b3]; implementation_production_availability_v1.5.tsv [M4-50b3]; owner=PROD-current-composition; audited shipped composition: Agents coverage filters	Original Verify: Filter-state test generates the expected coverage API query. Keep scoped UI data/actions and original evidence semantics under the active FGA policy; pending or unavailable stays explicit.	production-available
M4-50c	Agents coverage indicators. Deliverable: Add last-seen, stale-source and policy/sensor coverage indicators.	P7,P8	implementation_status_v1.5.md [M4-50c]; implementation_production_availability_v1.5.tsv [M4-50c]; owner=PROD-current-composition; audited shipped composition: Agents coverage indicators	Original Verify: Stale fixture does not render as healthy. Keep scoped UI data/actions and original evidence semantics under the active FGA policy; pending or unavailable stays explicit.	production-available
M4-50	Agents list UI. Deliverable: Compose Agents table, filters and coverage indicators.	P7,P8	implementation_status_v1.5.md [M4-50]; implementation_production_availability_v1.5.tsv [M4-50]; owner=PROD-current-composition; audited shipped composition: Agents list UI	Original Verify: E2E filter plus stale-state flow passes. Keep this screen on real API state and the active permission policy; preserve its original display, error and interaction requirements.	production-available
M4-51a	Agent detail header. Deliverable: Build Agent header with owner, status, environment, risk and last seen.	P7,P8	implementation_status_v1.5.md [M4-51a]; implementation_production_availability_v1.5.tsv [M4-51a]; owner=PROD-current-composition; audited shipped composition: Agent detail header	Original Verify: Component test renders and owner edit uses generated client. Keep this screen on real API state and the active permission policy; preserve its original display, error and interaction requirements.	production-available
M4-51b1	Agent identity section. Deliverable: Build the Agent identity section with principal/credential references and evidence state.	P7,P8	implementation_status_v1.5.md [M4-51b1]; implementation_production_availability_v1.5.tsv [M4-51b1]; owner=PROD-current-composition; audited shipped composition: Agent identity section	Original Verify: Fixture links identity references to canonical detail routes. Keep scoped UI data/actions and original evidence semantics under the active FGA policy; pending or unavailable stays explicit.	production-available
M4-51b2	Agent tools section. Deliverable: Build the Agent Tools & MCP section with observed/configured tool relationships.	P7,P8	implementation_status_v1.5.md [M4-51b2]; implementation_production_availability_v1.5.tsv [M4-51b2]; owner=PROD-current-composition; audited shipped composition: Agent tools section	Original Verify: Fixture links tool and MCP references to canonical detail routes. Keep scoped UI data/actions and original evidence semantics under the active FGA policy; pending or unavailable stays explicit.	production-available
M4-51b3	Agent runtime section. Deliverable: Build the Agent runtime/sandbox section with coverage and evidence state.	P7,P8	implementation_status_v1.5.md [M4-51b3]; implementation_production_availability_v1.5.tsv [M4-51b3]; owner=PROD-current-composition; audited shipped composition: Agent runtime section	Original Verify: Fixture links runtime references to canonical detail routes. Keep scoped UI data/actions and original evidence semantics under the active FGA policy; pending or unavailable stays explicit.	production-available
M4-51c	Agent capability section. Deliverable: Build Effective Capability cards with path/evidence state.	P7,P8	implementation_status_v1.5.md [M4-51c]; implementation_production_availability_v1.5.tsv [M4-51c]; owner=PROD-current-composition; audited shipped composition: Agent capability section	Original Verify: Configured/Observed/Verified/Blocked fixtures render consistently. Keep scoped UI data/actions and original evidence semantics under the active FGA policy; pending or unavailable stays explicit.	production-available
M4-51d	Agent exposure section. Deliverable: Build Findings and Attack Paths sections.	P7,P8	implementation_status_v1.5.md [M4-51d]; implementation_production_availability_v1.5.tsv [M4-51d]; owner=PROD-current-composition; audited shipped composition: Agent exposure section	Original Verify: Fixture opens linked finding/path. Keep scoped UI data/actions and original evidence semantics under the active FGA policy; pending or unavailable stays explicit.	production-available
M4-51e	Agent sessions/policies section. Deliverable: Build Sessions and runtime policy coverage sections.	P7,P8	implementation_status_v1.5.md [M4-51e]; implementation_production_availability_v1.5.tsv [M4-51e]; owner=PROD-current-composition; audited shipped composition: Agent sessions/policies section	Original Verify: Fixture opens session and policy routes. Keep scoped UI data/actions and original evidence semantics under the active FGA policy; pending or unavailable stays explicit.	production-available
M4-51	Agent detail UI. Deliverable: Compose Agent detail sections and verify responsive reading order.	P7,P8	implementation_status_v1.5.md [M4-51]; implementation_production_availability_v1.5.tsv [M4-51]; owner=PROD-current-composition; audited shipped composition: Agent detail UI	Original Verify: E2E opens capability, finding, path and session from one Agent. Keep this screen on real API state and the active permission policy; preserve its original display, error and interaction requirements.	production-available
M4-52	Tools UI. Deliverable: Create Tools & MCP list/detail.	P7,P8	implementation_status_v1.5.md [M4-52]; implementation_production_availability_v1.5.tsv [M4-52]; owner=PROD-current-composition; audited shipped composition: Tools UI	Original Verify: E2E shows agents using tool and privilege/control state. Keep this screen on real API state and the active permission policy; preserve its original display, error and interaction requirements.	production-available
M4-53	Identities UI. Deliverable: Create Identities list/detail.	P7,P8	implementation_status_v1.5.md [M4-53]; implementation_production_availability_v1.5.tsv [M4-53]; owner=PROD-current-composition; audited shipped composition: Identities UI	Original Verify: E2E shows agents, privilege, last use and resource reach. Keep this screen on real API state and the active permission policy; preserve its original display, error and interaction requirements.	production-available
M4-54	Runtimes UI. Deliverable: Create Runtimes list/detail.	P7,P8	implementation_status_v1.5.md [M4-54]; implementation_production_availability_v1.5.tsv [M4-54]; owner=PROD-current-composition; audited shipped composition: Runtimes UI	Original Verify: E2E shows isolation, mounts, egress and sensor coverage. Keep this screen on real API state and the active permission policy; preserve its original display, error and interaction requirements.	production-available
M4-55	Findings list UI. Deliverable: Create Findings list with high-signal default and agent relevance.	P7,P8	implementation_status_v1.5.md [M4-55]; implementation_production_availability_v1.5.tsv [M4-55]; owner=PROD-current-composition; audited shipped composition: Findings list UI	Original Verify: Unrelated Prowler fixture is hidden by default. Keep this screen on real API state and the active permission policy; preserve its original display, error and interaction requirements.	production-available
M4-56	Finding detail UI. Deliverable: Create Why/Evidence/Path/Fix/Verify layout and actions.	P7,P8	implementation_status_v1.5.md [M4-56]; implementation_production_availability_v1.5.tsv [M4-56]; owner=PROD-current-composition; audited shipped composition: Finding detail UI	Original Verify: E2E can assign, accept risk and create webhook ticket. Keep this screen on real API state and the active permission policy; preserve its original display, error and interaction requirements.	production-available
M4-57	Attack Paths UI. Deliverable: Create bounded path graph and evidence side panel.	P7,P8	implementation_status_v1.5.md [M4-57]; implementation_production_availability_v1.5.tsv [M4-57]; owner=PROD-current-composition; audited shipped composition: Attack Paths UI	Original Verify: E2E edge click shows source/confidence/timestamp and Break Path options. Keep this screen on real API state and the active permission policy; preserve its original display, error and interaction requirements.	production-available
M4-58	Home UI. Deliverable: Create Overview page and first-value coverage states.	P7,P8	implementation_status_v1.5.md [M4-58]; implementation_production_availability_v1.5.tsv [M4-58]; owner=PROD-current-composition; audited shipped composition: Home UI	Original Verify: E2E from stale source shows warning, not zero-risk state. Keep this screen on real API state and the active permission policy; preserve its original display, error and interaction requirements.	production-available
M4-59a	inventory golden test. Deliverable: Load one canonical fixture agent and verify Inventory rendering/API shape.	P4,P8	implementation_status_v1.5.md [M4-59a]; implementation_production_availability_v1.5.tsv [M4-59a]; owner=T05-inventory-cutover; installed-Chrome v14 golden journey proves typed lists, detail, deep-link reload, multi-source retention, partial/failed retention, and complete-empty removal	Original Verify: Agent owner, identity, runtime, tools and coverage render from canonical IDs. Reuse canonical inventory reconciliation under sync Activities; repeated pages/restarts must not duplicate or cross tenant inventory.	production-available
M4-59b	capability golden test. Deliverable: Run capability calculation for the fixture agent.	unaffected	implementation_status_v1.5.md [M4-59b]; implementation_production_availability_v1.5.tsv [M4-59b]; owner=T05-inventory-cutover; production evidence: canonical Kubernetes agent fixture derives observed, verified, and blocked effective capabilities with sorted evidence in PostgreSQL at e8a046b	Original Verify: Expected production write and shell capabilities include evidence paths. Unchanged product contract; preserve existing implementation/evidence. No architecture-driven rewrite or availability promotion is required for this row.	production-available
M4-59c	posture golden test. Deliverable: Run high-signal agent posture checks on the fixture graph.	unaffected	implementation_status_v1.5.md [M4-59c]; implementation_production_availability_v1.5.tsv [M4-59c]; owner=T05-inventory-cutover; production evidence: canonical agent fixture raises all applicable posture findings with exact evidence and risk factors, then resolves them without cross-tenant mutation at 2b768d6	Original Verify: Expected agent-specific finding is raised with exact evidence. Unchanged product contract; preserve existing implementation/evidence. No architecture-driven rewrite or availability promotion is required for this row.	production-available
M4-59d	attack path golden test. Deliverable: Compute attack path from untrusted input to controlled high-impact sink.	unaffected	implementation_status_v1.5.md [M4-59d]; implementation_production_availability_v1.5.tsv [M4-59d]; owner=T05-inventory-cutover; production evidence: canonical Prowler finding derives a bounded evidence-state attack path and ranked break options in production PostgreSQL at 18d4e9d	Original Verify: Path includes ranked break options and evidence states. Unchanged product contract; preserve existing implementation/evidence. No architecture-driven rewrite or availability promotion is required for this row.	production-available
M4-59e	exposure UX golden test. Deliverable: Open finding and attack-path UI for the fixture.	P7,P8	implementation_status_v1.5.md [M4-59e]; implementation_production_availability_v1.5.tsv [M4-59e]; owner=T05-inventory-cutover; production evidence: mounted ProductionRiskView renders Why, Evidence, Path, Fix, and Verify from authorized product APIs with path navigation at 2b768d6	Original Verify: Why, Evidence, Path, Fix and Verify sections use product concepts only. Keep scoped UI data/actions and original evidence semantics under the active FGA policy; pending or unavailable stays explicit.	production-available
M4-59	M4 gate. Deliverable: Write the M4 gate result for the one evidence-backed fixture.	P7,P8	implementation_status_v1.5.md [M4-59]; implementation_production_availability_v1.5.tsv [M4-59]; owner=T05-inventory-cutover; installed-Chrome v16 M4 gate proves tenant-scoped inventory, findings, paths, response-loss ticket retry, same-tab reload persistence, zero duplicate webhook delivery, and clean browser state	Original Verify: Gate record is PASS only when inventory through exposure UX is coherent. Keep scoped UI data/actions and original evidence semantics under the active FGA policy; pending or unavailable stays explicit.	production-available
M5-01	test domain. Deliverable: Define TestDefinition/TestRun/TestAttempt and safety metadata.	P3,P4,P8	implementation_status_v1.5.md [M5-01]; implementation_production_availability_v1.5.tsv [M5-01]; owner=T12-red-team; production TestDefinition/TestRun/TestAttempt and published OpenAPI distinguish engine_error from pass/fail; individual acceptance review and main CI 34300722566 pass; evidence 2026-09-08-m5-red-team-production-closure.md	Original Verify: Schema distinguishes engine_error from pass/fail. Retain Promptfoo/Fargate provider safety, invocation identity, evidence, cancellation and cleanup; migrate durable control flow or name a still-required engine before retirement. Real Fargate gates remain.	production-available
M5-02	Promptfoo adapter. Deliverable: Wrap Promptfoo target/run output into normalized TestAttempt.	P3,P4,P8	implementation_status_v1.5.md [M5-02]; implementation_production_availability_v1.5.tsv [M5-02]; owner=T12-red-team; PR16 schema39 pinned engine normalizes objective, immutable input receipt, behavior, verdict and evidence; durable PostgreSQL/S3 and reloaded browser proof; independent acceptance; main CI34306928829 passed; docs/internal/2026-09-08-m5-red-team-production-closure.md	Original Verify: One fixture normalizes objective, input artifact ref, behavior, verdict and evidence. Retain Promptfoo/Fargate provider safety, invocation identity, evidence, cancellation and cleanup; migrate durable control flow or name a still-required engine before retirement. Real Fargate gates remain.	production-available
M5-03	curated pack selector. Deliverable: Select small test categories from Agent capabilities/tools/data reach.	P3,P4,P8	implementation_status_v1.5.md [M5-03]; implementation_production_availability_v1.5.tsv [M5-03]; owner=T12-red-team; mounted create wizard derives explained recommendations from fresh exact-target product APIs and rejects expired evidence; selector/API/UI/Chrome proof plus individual review and main CI 34300722566 pass	Original Verify: Fixture recommends only relevant categories with explanations. Retain Promptfoo/Fargate provider safety, invocation identity, evidence, cancellation and cleanup; migrate durable control flow or name a still-required engine before retirement. Real Fargate gates remain.	production-available
M5-04	test safety preflight. Deliverable: Reject production-write credentials/targets and show expected side effects.	P3,P4,P8	implementation_status_v1.5.md [M5-04]; implementation_production_availability_v1.5.tsv [M5-04]; owner=T12-red-team; schema37 authoritative environment and registered credential admission rejects unsafe creation/queue/claim; actual PostgreSQL denial tests and mounted expected-side-effects UI; individual review and main CI 34300722566 pass	Original Verify: Unsafe fixture fails before queueing. Retain Promptfoo/Fargate provider safety, invocation identity, evidence, cancellation and cleanup; migrate durable control flow or name a still-required engine before retirement. Real Fargate gates remain.	production-available
M5-05	API listTests. Deliverable: Implement OpenAPI operation `listTests` for `GET /api/v1/tests` using the existing service/store contract.	P5,P7,P8	implementation_status_v1.5.md [M5-05]; implementation_production_availability_v1.5.tsv [M5-05]; owner=T12-red-team; audited production listTests: browser/PAT success and stable error matrix; PR 15 main CI 34303890095; docs/internal/2026-09-08-m5-red-team-production-closure.md	Original Verify: Handler test covers authorized success plus one stable product error. Enforce the operation through the production FGA checker with tenant-scoped query/count/cursor behavior; keep SQL row guards and original API contracts.	production-available
M5-06	API createTest. Deliverable: Implement OpenAPI operation `createTest` for `POST /api/v1/tests` using the existing service/store contract.	P5,P7,P8	implementation_status_v1.5.md [M5-06]; implementation_production_availability_v1.5.tsv [M5-06]; owner=T12-red-team; audited production createTest: browser/PAT success, receipt/audit and stable error matrix; PR 15 main CI 34303890095; docs/internal/2026-09-08-m5-red-team-production-closure.md	Original Verify: Handler test covers authorized success plus one stable product error. Enforce the operation through the production FGA checker with tenant-scoped query/count/cursor behavior; keep SQL row guards and original API contracts.	production-available
M5-07	API getTest. Deliverable: Implement OpenAPI operation `getTest` for `GET /api/v1/tests/{id}` using the existing service/store contract.	P5,P7,P8	implementation_status_v1.5.md [M5-07]; implementation_production_availability_v1.5.tsv [M5-07]; owner=T12-red-team; audited production getTest: browser/PAT success and stable error matrix; PR 15 main CI 34303890095; docs/internal/2026-09-08-m5-red-team-production-closure.md	Original Verify: Handler test covers authorized success plus one stable product error. Enforce the operation through the production FGA checker with tenant-scoped query/count/cursor behavior; keep SQL row guards and original API contracts.	production-available
M5-08	API updateTest. Deliverable: Implement OpenAPI operation `updateTest` for `PATCH /api/v1/tests/{id}` using the existing service/store contract.	P5,P7,P8	implementation_status_v1.5.md [M5-08]; implementation_production_availability_v1.5.tsv [M5-08]; owner=T12-red-team; audited production updateTest: browser/PAT success, ETag/receipt/audit and stable error matrix; PR 15 main CI 34303890095; docs/internal/2026-09-08-m5-red-team-production-closure.md	Original Verify: Handler test covers authorized success plus one stable product error. Enforce the operation through the production FGA checker with tenant-scoped query/count/cursor behavior; keep SQL row guards and original API contracts.	production-available
M5-09	API runTest. Deliverable: Implement OpenAPI operation `runTest` for `POST /api/v1/tests/{id}/runs` using the existing service/store contract.	P3,P4,P5,P7,P8	implementation_status_v1.5.md [M5-09]; implementation_production_availability_v1.5.tsv [M5-09]; owner=T12-red-team; audited production runTest: browser/PAT success and stable error matrix, committed-response recovery, exact queue authority; PR 15 main CI 34303890095; docs/internal/2026-09-08-m5-red-team-production-closure.md	Original Verify: Handler test covers authorized success plus one stable product error. Enforce the operation through the production FGA checker with tenant-scoped query/count/cursor behavior; keep SQL row guards and original API contracts. Retain Promptfoo/Fargate provider safety, invocation identity, evidence, cancellation and cleanup; migrate durable control flow or name a still-required engine before retirement. Real Fargate gates remain.	production-available
M5-10	API listTestRuns. Deliverable: Implement OpenAPI operation `listTestRuns` for `GET /api/v1/test-runs` using the existing service/store contract.	P5,P7,P8	implementation_status_v1.5.md [M5-10]; implementation_production_availability_v1.5.tsv [M5-10]; owner=T12-red-team; audited production listTestRuns: browser/PAT success and stable error matrix; PR 15 main CI 34303890095; docs/internal/2026-09-08-m5-red-team-production-closure.md	Original Verify: Handler test covers authorized success plus one stable product error. Enforce the operation through the production FGA checker with tenant-scoped query/count/cursor behavior; keep SQL row guards and original API contracts.	production-available
M5-11	API getTestRun. Deliverable: Implement OpenAPI operation `getTestRun` for `GET /api/v1/test-runs/{id}` using the existing service/store contract.	P5,P7,P8	implementation_status_v1.5.md [M5-11]; implementation_production_availability_v1.5.tsv [M5-11]; owner=T12-red-team; audited production getTestRun: browser/PAT success and stable error matrix plus browser result reload; PR 15 main CI 34303890095; docs/internal/2026-09-08-m5-red-team-production-closure.md	Original Verify: Handler test covers authorized success plus one stable product error. Enforce the operation through the production FGA checker with tenant-scoped query/count/cursor behavior; keep SQL row guards and original API contracts.	production-available
M5-12	API cancelTestRun. Deliverable: Implement OpenAPI operation `cancelTestRun` for `POST /api/v1/test-runs/{id}/cancel` using the existing service/store contract.	P3,P4,P5,P7,P8	implementation_status_v1.5.md [M5-12]; implementation_production_availability_v1.5.tsv [M5-12]; owner=T12-red-team; audited production cancelTestRun: browser/PAT success, receipt/audit and stable error matrix, lease invalidation; PR 15 main CI 34303890095; docs/internal/2026-09-08-m5-red-team-production-closure.md	Original Verify: Handler test covers authorized success plus one stable product error. Enforce the operation through the production FGA checker with tenant-scoped query/count/cursor behavior; keep SQL row guards and original API contracts. Retain Promptfoo/Fargate provider safety, invocation identity, evidence, cancellation and cleanup; migrate durable control flow or name a still-required engine before retirement. Real Fargate gates remain.	production-available
M5-13	test worker queue. Deliverable: Consume TestRun from SQS tests queue and invoke Promptfoo adapter idempotently.	P4,P9	implementation_status_v1.5.md [M5-13]; implementation_production_availability_v1.5.tsv [M5-13]; owner=T12-red-team; audited composed PostgreSQL/outbox/SQS/pinned-engine/lease-adapter worker: physical duplicate delivery, one attempt/invocation, empty queue/DLQ and normalized evidence; PR 15 main CI 34303890095; docs/internal/2026-09-08-m5-red-team-production-closure.md	Original Verify: Duplicate delivery does not duplicate attempt. Explicit queue requirement retained: runtime-event SQS/DLQ, scoped envelopes, bounded buffering/backpressure and needed provider/job delivery do not disappear with Temporal. Account for every consumer before retiring a job selector.	production-available
M5-14	test evidence artifacts. Deliverable: Persist raw test artifacts to S3 and normalized summary to Neon.	P3,P4,P8	implementation_status_v1.5.md [M5-14]; implementation_production_availability_v1.5.tsv [M5-14]; owner=T12-red-team; PR16 exact S3 input/native artifact bundle with policy-redacted secret fixture and normalized PostgreSQL attempt; version/SHA/size/KMS plus byte-identical reconstruction; independent acceptance; main CI34306928829 passed; docs/internal/2026-09-08-m5-red-team-production-closure.md	Original Verify: Summary references artifact; secret fixture is redacted per policy. Retain Promptfoo/Fargate provider safety, invocation identity, evidence, cancellation and cleanup; migrate durable control flow or name a still-required engine before retirement. Real Fargate gates remain.	production-available
M5-15	red team UI list/new. Deliverable: Create Red Team list and new-test wizard.	P7,P8	implementation_status_v1.5.md [M5-15]; implementation_production_availability_v1.5.tsv [M5-15]; owner=T12-red-team; audited browser product API list/new-test flow with evidence-derived recommendations, selection, safety and queueing; PR 15 main CI 34303890095; docs/internal/2026-09-08-m5-red-team-production-closure.md	Original Verify: E2E recommended pack and safety step render. Keep this screen on real API state and the active permission policy; preserve its original display, error and interaction requirements.	production-available
M5-16	red team result UI. Deliverable: Create result view grouped by security outcome with Attack Lab eligibility.	P7,P8	implementation_status_v1.5.md [M5-16]; implementation_production_availability_v1.5.tsv [M5-16]; owner=T12-red-team; PR17 production outcome groups and completed-failure evidence eligibility; actual Chrome exact-source fresh safety decision with unchecked approval, disabled Run and zero new execution authority; independent acceptance and main CI34308044218 passed; docs/internal/2026-09-08-m5-red-team-production-closure.md	Original Verify: E2E successful attempt links to Verify safely. Keep this screen on real API state and the active permission policy; preserve its original display, error and interaction requirements.	production-available
M5-17	SandboxProvider contract. Deliverable: Define Create/Run/Cancel/Destroy/Capabilities contract and isolation classification.	P3,P4,P8	implementation_status_v1.5.md [M5-17]; implementation_production_availability_v1.5.tsv [M5-17]; owner=T12-red-team; PR18 production Create/Run/Cancel/Destroy/Capabilities and isolation contract; checkpoint-before-cancel, exact UID foreground cleanup plus dependent-pod absence, uncertain cleanup restart without finish/ACK; hostile API/controller fixtures, independent acceptance and main CI34309274962 passed; docs/internal/2026-09-08-m5-red-team-production-closure.md	Original Verify: Fake provider contract tests pass. Retain Promptfoo/Fargate provider safety, invocation identity, evidence, cancellation and cleanup; migrate durable control flow or name a still-required engine before retirement. Real Fargate gates remain.	production-available
M5-18	Fargate provider create. Deliverable: Create run-scoped Kubernetes Job/Pod selected by dedicated Attack Lab Fargate profile.	P3,P4,P8	implementation_status_v1.5.md [M5-18]; implementation_production_availability_v1.5.tsv [M5-18]; owner=T12-red-team; Shipped production Kubernetes provider fixture proves exact run-scoped Job, Fargate profile labels and UID-fenced cleanup ownership; worker race suite and independent task acceptance passed; main CI34306928829 passed; live Fargate scheduling not claimed; docs/internal/2026-09-08-m5-red-team-production-closure.md	Original Verify: Fixture confirms Fargate scheduling labels/profile and cleanup ownership. Retain Promptfoo/Fargate provider safety, invocation identity, evidence, cancellation and cleanup; migrate durable control flow or name a still-required engine before retirement. Real Fargate gates remain.	production-available
M5-19	Fargate resource limits. Deliverable: Apply CPU/memory/ephemeral-storage limits and timeout.	P3,P4,P8	implementation_status_v1.5.md [M5-19]; implementation_production_availability_v1.5.tsv [M5-19]; owner=T12-red-team; PR19 absolute durable-attempt timeout without resumed budget reset; exact Job deadline and local-budget evidence distinct from caller/transport timeout; bounded retained reason before UID cleanup and restart without rerun; resource-limit fixtures, independent acceptance and main CI34310435523 passed; docs/internal/2026-09-08-m5-red-team-production-closure.md	Original Verify: Timeout fixture ends with bounded reason. Retain Promptfoo/Fargate provider safety, invocation identity, evidence, cancellation and cleanup; migrate durable control flow or name a still-required engine before retirement. Real Fargate gates remain.	production-available
M5-20	Fargate service account. Deliverable: Create/use dedicated run service account and test IAM role reference.	P3,P4,P8	implementation_status_v1.5.md [M5-20]; implementation_production_availability_v1.5.tsv [M5-20]; owner=T12-red-team; PR20 dedicated exact service-account test IAM role with deny-all boundary; actual Pod identity and ambient-credential rejection; corrected deployment preflight; independent review and main CI34377164185 passed; docs/internal/2026-09-08-m5-red-team-production-closure.md	Original Verify: Run cannot inherit product worker role. Retain Promptfoo/Fargate provider safety, invocation identity, evidence, cancellation and cleanup; migrate durable control flow or name a still-required engine before retirement. Real Fargate gates remain.	production-available
M5-21	Fargate SG policy. Deliverable: Attach run network SecurityGroupPolicy for egress-proxy/required control-plane endpoints.	P3,P4,P8	implementation_status_v1.5.md [M5-21]; implementation_production_availability_v1.5.tsv [M5-21]; owner=T12-red-team; PR21 exact sandbox SG and isolated subnet/image-layer endpoint routing; shared-contract Linux packet denial with independent controls and kernel counters; owned interrupted cleanup; confined ConfigMap CA; independent acceptance and main CI34380166718 passed; docs/internal/2026-09-08-m5-red-team-production-closure.md	Original Verify: Direct undeclared egress fixture is denied. Retain Promptfoo/Fargate provider safety, invocation identity, evidence, cancellation and cleanup; migrate durable control flow or name a still-required engine before retirement. Real Fargate gates remain.	production-available
M5-22	Attack Lab egress proxy token. Deliverable: Create per-run signed egress token with domain/method allowlist.	P3,P4,P8	implementation_status_v1.5.md [M5-22]; implementation_production_availability_v1.5.tsv [M5-22]; owner=T12-red-team; PR 22 main 55e819eb and main CI 34383062122 passed; real worker-issued signed token, tenant/run PostgreSQL authority, TLS canary, undeclared-host/expired-token denial, bounded proxy concurrency/shutdown	Original Verify: Proxy rejects undeclared host and expired token. Retain Promptfoo/Fargate provider safety, invocation identity, evidence, cancellation and cleanup; migrate durable control flow or name a still-required engine before retirement. Real Fargate gates remain.	production-available
M5-23a	Attack Lab target check. Deliverable: Reject Attack Lab target outside the configured non-production/test allowlist.	P3,P4,P8	implementation_status_v1.5.md [M5-23a]; implementation_production_availability_v1.5.tsv [M5-23a]; owner=T13-attack-lab; production evidence: exact active tenant target preflight; composed API/worker/browser E2E	Original Verify: Production target fixture is rejected before sandbox creation. Retain Promptfoo/Fargate provider safety, invocation identity, evidence, cancellation and cleanup; migrate durable control flow or name a still-required engine before retirement. Real Fargate gates remain.	production-available
M5-23b	Attack Lab credential check. Deliverable: Reject production-write or otherwise disallowed credential class.	P3,P4,P8	implementation_status_v1.5.md [M5-23b]; implementation_production_availability_v1.5.tsv [M5-23b]; owner=T13-attack-lab; production evidence: versioned read-only credential binding; composed API/worker/browser E2E	Original Verify: Production-write credential fixture is hard rejected. Retain Promptfoo/Fargate provider safety, invocation identity, evidence, cancellation and cleanup; migrate durable control flow or name a still-required engine before retirement. Real Fargate gates remain.	production-available
M5-23c	Attack Lab destination check. Deliverable: Validate requested external destinations against declared per-run allowlist.	P3,P4,P8	implementation_status_v1.5.md [M5-23c]; implementation_production_availability_v1.5.tsv [M5-23c]; owner=T13-attack-lab; production evidence: exact destination and single-host egress authority; composed API/worker/browser E2E	Original Verify: Undeclared destination fixture is rejected. Retain Promptfoo/Fargate provider safety, invocation identity, evidence, cancellation and cleanup; migrate durable control flow or name a still-required engine before retirement. Real Fargate gates remain.	production-available
M5-23d	Attack Lab success criteria check. Deliverable: Require explicit observable success criteria for a verification run.	P3,P4,P8	implementation_status_v1.5.md [M5-23d]; implementation_production_availability_v1.5.tsv [M5-23d]; owner=T13-attack-lab; production evidence: source-run criterion and bounded side effects; composed API/worker/browser E2E	Original Verify: Run without a measurable criterion is rejected. Retain Promptfoo/Fargate provider safety, invocation identity, evidence, cancellation and cleanup; migrate durable control flow or name a still-required engine before retirement. Real Fargate gates remain.	production-available
M5-23	Attack Lab preflight. Deliverable: Assemble target, credential, destination and success-criteria safety checks.	P3,P4,P8	implementation_status_v1.5.md [M5-23]; implementation_production_availability_v1.5.tsv [M5-23]; owner=T13-attack-lab; production evidence: tenant-scoped fail-closed preflight API and explicit approval; installed-Chrome E2E	Original Verify: Approved fixture returns one product SafetyDecision before sandbox creation. Retain Promptfoo/Fargate provider safety, invocation identity, evidence, cancellation and cleanup; migrate durable control flow or name a still-required engine before retirement. Real Fargate gates remain.	production-available
M5-24	Attack Lab canary contract. Deliverable: Create canary resource/credential descriptor and expected-touch criterion.	P3,P4,P8	implementation_status_v1.5.md [M5-24]; implementation_production_availability_v1.5.tsv [M5-24]; owner=T13-attack-lab; production evidence: bounded non-production canary contract and isolated provider seam; composed worker E2E	Original Verify: Fixture can touch test resource without real production access. Retain Promptfoo/Fargate provider safety, invocation identity, evidence, cancellation and cleanup; migrate durable control flow or name a still-required engine before retirement. Real Fargate gates remain.	production-available
M5-25	Attack Lab evidence collector. Deliverable: Collect semantic/gateway/egress/Kubernetes/cloud side-effect evidence.	P3,P4,P8	implementation_status_v1.5.md [M5-25]; implementation_production_availability_v1.5.tsv [M5-25]; owner=T13-attack-lab; production evidence: manifest-last versioned evidence artifact and redacted five-line result; composed worker E2E	Original Verify: Fixture records exact source references; no eBPF dependency inside Fargate. Retain Promptfoo/Fargate provider safety, invocation identity, evidence, cancellation and cleanup; migrate durable control flow or name a still-required engine before retirement. Real Fargate gates remain.	production-available
M5-26	Attack Lab verdict. Deliverable: Implement Verified/Not Reproduced/Inconclusive evaluator.	P3,P4,P8	implementation_status_v1.5.md [M5-26]; implementation_production_availability_v1.5.tsv [M5-26]; owner=T13-attack-lab; production evidence: strict verified/not-reproduced/inconclusive verdict authority; composed worker E2E	Original Verify: Infrastructure failure is Inconclusive; exact canary touch is Verified. Retain Promptfoo/Fargate provider safety, invocation identity, evidence, cancellation and cleanup; migrate durable control flow or name a still-required engine before retirement. Real Fargate gates remain.	production-available
M5-27	API listAttackLabRuns. Deliverable: Implement OpenAPI operation `listAttackLabRuns` for `GET /api/v1/attack-lab/runs` using the existing service/store contract.	P5,P7,P8	implementation_status_v1.5.md [M5-27]; implementation_production_availability_v1.5.tsv [M5-27]; owner=T13-attack-lab; production evidence: tenant-scoped cursor-bounded listAttackLabRuns; public API/browser E2E	Original Verify: Handler test covers authorized success plus one stable product error. Enforce the operation through the production FGA checker with tenant-scoped query/count/cursor behavior; keep SQL row guards and original API contracts.	production-available
M5-28	API createAttackLabRun. Deliverable: Implement OpenAPI operation `createAttackLabRun` for `POST /api/v1/attack-lab/runs` using the existing service/store contract.	P3,P4,P5,P7,P8	implementation_status_v1.5.md [M5-28]; implementation_production_availability_v1.5.tsv [M5-28]; owner=T13-attack-lab; production evidence: idempotent approved createAttackLabRun with durable outbox; public API/browser E2E	Original Verify: Handler test covers authorized success plus one stable product error. Enforce the operation through the production FGA checker with tenant-scoped query/count/cursor behavior; keep SQL row guards and original API contracts. Retain Promptfoo/Fargate provider safety, invocation identity, evidence, cancellation and cleanup; migrate durable control flow or name a still-required engine before retirement. Real Fargate gates remain.	production-available
M5-29	API getAttackLabRun. Deliverable: Implement OpenAPI operation `getAttackLabRun` for `GET /api/v1/attack-lab/runs/{id}` using the existing service/store contract.	P5,P7,P8	implementation_status_v1.5.md [M5-29]; implementation_production_availability_v1.5.tsv [M5-29]; owner=T13-attack-lab; production evidence: strict tenant-scoped getAttackLabRun with attempt evidence; public API/browser E2E	Original Verify: Handler test covers authorized success plus one stable product error. Enforce the operation through the production FGA checker with tenant-scoped query/count/cursor behavior; keep SQL row guards and original API contracts.	production-available
M5-30	API cancelAttackLabRun. Deliverable: Implement OpenAPI operation `cancelAttackLabRun` for `POST /api/v1/attack-lab/runs/{id}/cancel` using the existing service/store contract.	P3,P4,P5,P7,P8	implementation_status_v1.5.md [M5-30]; implementation_production_availability_v1.5.tsv [M5-30]; owner=T13-attack-lab; production evidence: version-fenced cancel with terminal no-sandbox delivery; composed worker/browser E2E	Original Verify: Handler test covers authorized success plus one stable product error. Enforce the operation through the production FGA checker with tenant-scoped query/count/cursor behavior; keep SQL row guards and original API contracts. Retain Promptfoo/Fargate provider safety, invocation identity, evidence, cancellation and cleanup; migrate durable control flow or name a still-required engine before retirement. Real Fargate gates remain.	production-available
M5-31	API rerunAttackLabRun. Deliverable: Implement OpenAPI operation `rerunAttackLabRun` for `POST /api/v1/attack-lab/runs/{id}/rerun` using the existing service/store contract.	P3,P4,P5,P7,P8	implementation_status_v1.5.md [M5-31]; implementation_production_availability_v1.5.tsv [M5-31]; owner=T13-attack-lab; production evidence: version-fenced safe rerun with refreshed authority; public API/browser E2E	Original Verify: Handler test covers authorized success plus one stable product error. Enforce the operation through the production FGA checker with tenant-scoped query/count/cursor behavior; keep SQL row guards and original API contracts. Retain Promptfoo/Fargate provider safety, invocation identity, evidence, cancellation and cleanup; migrate durable control flow or name a still-required engine before retirement. Real Fargate gates remain.	production-available
M5-32	Attack Lab worker. Deliverable: Run preflight -> provider -> evidence -> verdict -> cleanup as idempotent SQS test job.	P3,P4,P8	implementation_status_v1.5.md [M5-32]; implementation_production_availability_v1.5.tsv [M5-32]; owner=T13-attack-lab; production evidence: composed outbox/controller, leases, ACK-last, evidence and mandatory cleanup; real composition E2E	Original Verify: Worker replay does not rerun a completed side effect. Retain Promptfoo/Fargate provider safety, invocation identity, evidence, cancellation and cleanup; migrate durable control flow or name a still-required engine before retirement. Real Fargate gates remain.	production-available
M5-33a	Attack Lab preflight target UI. Deliverable: Render target, environment and credential class on the safety review page.	P7,P8	implementation_status_v1.5.md [M5-33a]; implementation_production_availability_v1.5.tsv [M5-33a]; owner=T13-attack-lab; production evidence: exact target and criterion review in production Attack Lab route; installed-Chrome E2E	Original Verify: Fixture shows selected non-production target and test credential class. Keep this screen on real API state and the active permission policy; preserve its original display, error and interaction requirements.	production-available
M5-33b	Attack Lab preflight network UI. Deliverable: Render allowed destinations and expected external side effects.	P7,P8	implementation_status_v1.5.md [M5-33b]; implementation_production_availability_v1.5.tsv [M5-33b]; owner=T13-attack-lab; production evidence: exact allowed destination review without credential disclosure; installed-Chrome E2E	Original Verify: Undeclared destination warning is visible before Run. Keep this screen on real API state and the active permission policy; preserve its original display, error and interaction requirements.	production-available
M5-33c	Attack Lab preflight limits UI. Deliverable: Render runtime/resource limits and cleanup/retention behavior.	P7,P8	implementation_status_v1.5.md [M5-33c]; implementation_production_availability_v1.5.tsv [M5-33c]; owner=T13-attack-lab; production evidence: CPU/memory/storage/time limits shown before approval; installed-Chrome E2E	Original Verify: Fixture displays timeout, resource cap and cleanup mode. Keep this screen on real API state and the active permission policy; preserve its original display, error and interaction requirements.	production-available
M5-33	Attack Lab preflight UI. Deliverable: Compose the preflight safety sections with the Run action disabled until safety passes.	P7,P8	implementation_status_v1.5.md [M5-33]; implementation_production_availability_v1.5.tsv [M5-33]; owner=T13-attack-lab; production evidence: explicit safety-decision checkbox gates run creation; installed-Chrome E2E	Original Verify: Run is enabled only for an approved SafetyDecision. Keep this screen on real API state and the active permission policy; preserve its original display, error and interaction requirements.	production-available
M5-34	Attack Lab result UI. Deliverable: Create verdict/timeline/canary/network/evidence/re-run result page.	P7,P8	implementation_status_v1.5.md [M5-34]; implementation_production_availability_v1.5.tsv [M5-34]; owner=T13-attack-lab; production evidence: verdict/evidence/cleanup/rerun/cancel/reload UI; installed-Chrome E2E	Original Verify: E2E distinguishes Inconclusive from Not Reproduced. Keep this screen on real API state and the active permission policy; preserve its original display, error and interaction requirements.	production-available
M5-35	M5 gate. Deliverable: Run staging red-team -> Fargate verification with test/canary resources.	P3,P4,P8	implementation_status_v1.5.md [M5-35]; implementation_production_availability_v1.5.tsv [M5-35]; owner=T13-attack-lab; production evidence: schema v26, public API, composed workers, browser, tenant denial and secret-forensics gates	Original Verify: A controlled path can become Verified and no production write credential is accepted. Retain Promptfoo/Fargate provider safety, invocation identity, evidence, cancellation and cleanup; migrate durable control flow or name a still-required engine before retirement. Real Fargate gates remain.	production-available
M6-01	policy domain. Deliverable: Define product Policy scope, trigger, conditions, Monitor/Block action, rollout and failure mode.	unaffected	implementation_status_v1.5.md [M6-01]; implementation_production_availability_v1.5.tsv [M6-01]; owner=PROD-current-composition; audited shipped composition: policy domain	Original Verify: Schema rejects approval/redact/custom Rego in MVP. Unchanged product contract; preserve existing implementation/evidence. No architecture-driven rewrite or availability promotion is required for this row.	production-available
M6-02	policy validator. Deliverable: Validate conditions against supported runtime-gateway capabilities.	unaffected	implementation_status_v1.5.md [M6-02]; implementation_production_availability_v1.5.tsv [M6-02]; owner=PROD-current-composition; audited shipped composition: policy validator	Original Verify: Unsupported enforcement claim fails before save. Unchanged product contract; preserve existing implementation/evidence. No architecture-driven rewrite or availability promotion is required for this row.	production-available
M6-03	OPA compiler. Deliverable: Compile product Policy to deterministic internal OPA/Rego representation.	unaffected	implementation_status_v1.5.md [M6-03]; implementation_production_availability_v1.5.tsv [M6-03]; owner=T06-runtime-data-plane; production evidence: OPA compiler; verified by Task 6 source/deploy review and focused race/release gates	Original Verify: Golden output stable across repeated compile. Unchanged product contract; preserve existing implementation/evidence. No architecture-driven rewrite or availability promotion is required for this row.	production-available
M6-04	embedded evaluator. Deliverable: Evaluate compiled policy through OPA Go SDK in runtime-gateway.	unaffected	implementation_status_v1.5.md [M6-04]; implementation_production_availability_v1.5.tsv [M6-04]; owner=T06-runtime-data-plane; production evidence: embedded evaluator; verified by Task 6 source/deploy review and focused race/release gates	Original Verify: Allow/Monitor/Block fixtures pass under latency benchmark. Unchanged product contract; preserve existing implementation/evidence. No architecture-driven rewrite or availability promotion is required for this row.	production-available
M6-05	policy bundle signer. Deliverable: Create signed bundle manifest and S3 artifact writer.	unaffected	implementation_status_v1.5.md [M6-05]; implementation_production_availability_v1.5.tsv [M6-05]; owner=T06-runtime-data-plane; production evidence: policy bundle signer; verified by Task 6 source/deploy review and focused race/release gates	Original Verify: Modified bundle fails verification. Unchanged product contract; preserve existing implementation/evidence. No architecture-driven rewrite or availability promotion is required for this row.	production-available
M6-06	runtime bundle cache. Deliverable: Load last-valid signed bundle to local runtime-gateway cache.	unaffected	implementation_status_v1.5.md [M6-06]; implementation_production_availability_v1.5.tsv [M6-06]; owner=T06-runtime-data-plane; production evidence: runtime bundle cache; verified by Task 6 source/deploy review and focused race/release gates	Original Verify: Gateway restart works with cached bundle when control plane is unavailable. Unchanged product contract; preserve existing implementation/evidence. No architecture-driven rewrite or availability promotion is required for this row.	production-available
M6-07	internal policy bundle API. Deliverable: Implement `getPolicyBundle` internal operation.	P5,P7,P8	implementation_status_v1.5.md [M6-07]; implementation_production_availability_v1.5.tsv [M6-07]; owner=T06-runtime-data-plane; production evidence: internal policy bundle API; verified by Task 6 source/deploy review and focused race/release gates	Original Verify: Scoped runtime token fetches only its Environment bundle. Enforce the operation through the production FGA checker with tenant-scoped query/count/cursor behavior; keep SQL row guards and original API contracts.	production-available
M6-08	API listPolicies. Deliverable: Implement OpenAPI operation `listPolicies` for `GET /api/v1/policies` using the existing service/store contract.	P5,P7,P8	implementation_status_v1.5.md [M6-08]; implementation_production_availability_v1.5.tsv [M6-08]; owner=PROD-current-composition; audited shipped composition: API listPolicies	Original Verify: Handler test covers authorized success plus one stable product error. Enforce the operation through the production FGA checker with tenant-scoped query/count/cursor behavior; keep SQL row guards and original API contracts.	production-available
M6-09	API createPolicy. Deliverable: Implement OpenAPI operation `createPolicy` for `POST /api/v1/policies` using the existing service/store contract.	P5,P7,P8	implementation_status_v1.5.md [M6-09]; implementation_production_availability_v1.5.tsv [M6-09]; owner=PROD-current-composition; audited shipped composition: API createPolicy	Original Verify: Handler test covers authorized success plus one stable product error. Enforce the operation through the production FGA checker with tenant-scoped query/count/cursor behavior; keep SQL row guards and original API contracts.	production-available
M6-10	API getPolicy. Deliverable: Implement OpenAPI operation `getPolicy` for `GET /api/v1/policies/{id}` using the existing service/store contract.	P5,P7,P8	implementation_status_v1.5.md [M6-10]; implementation_production_availability_v1.5.tsv [M6-10]; owner=PROD-current-composition; audited shipped composition: API getPolicy	Original Verify: Handler test covers authorized success plus one stable product error. Enforce the operation through the production FGA checker with tenant-scoped query/count/cursor behavior; keep SQL row guards and original API contracts.	production-available
M6-11	API updatePolicy. Deliverable: Implement OpenAPI operation `updatePolicy` for `PATCH /api/v1/policies/{id}` using the existing service/store contract.	P5,P7,P8	implementation_status_v1.5.md [M6-11]; implementation_production_availability_v1.5.tsv [M6-11]; owner=PROD-current-composition; audited shipped composition: API updatePolicy	Original Verify: Handler test covers authorized success plus one stable product error. Enforce the operation through the production FGA checker with tenant-scoped query/count/cursor behavior; keep SQL row guards and original API contracts.	production-available
M6-12	API deletePolicy. Deliverable: Implement OpenAPI operation `deletePolicy` for `DELETE /api/v1/policies/{id}` using the existing service/store contract.	P5,P7,P8	implementation_status_v1.5.md [M6-12]; implementation_production_availability_v1.5.tsv [M6-12]; owner=PROD-current-composition; audited shipped composition: API deletePolicy	Original Verify: Handler test covers authorized success plus one stable product error. Enforce the operation through the production FGA checker with tenant-scoped query/count/cursor behavior; keep SQL row guards and original API contracts.	production-available
M6-13	API simulatePolicy. Deliverable: Implement OpenAPI operation `simulatePolicy` for `POST /api/v1/policies/{id}/simulate` using the existing service/store contract.	P5,P7,P8	implementation_status_v1.5.md [M6-13]; implementation_production_availability_v1.5.tsv [M6-13]; owner=T06-runtime-data-plane; production evidence: tenant-scoped simulatePolicy uses exact read-only OpenSearch history authority and returns bounded results; installed-Chrome schema-v27 E2E	Original Verify: Handler test covers authorized success plus one stable product error. Enforce the operation through the production FGA checker with tenant-scoped query/count/cursor behavior; keep SQL row guards and original API contracts.	production-available
M6-14	API rolloutPolicy. Deliverable: Implement OpenAPI operation `rolloutPolicy` for `POST /api/v1/policies/{id}/rollout` using the existing service/store contract.	P5,P7,P8	implementation_status_v1.5.md [M6-14]; implementation_production_availability_v1.5.tsv [M6-14]; owner=PROD-current-composition; audited shipped composition: API rolloutPolicy	Original Verify: Handler test covers authorized success plus one stable product error. Enforce the operation through the production FGA checker with tenant-scoped query/count/cursor behavior; keep SQL row guards and original API contracts.	production-available
M6-15	API disablePolicy. Deliverable: Implement OpenAPI operation `disablePolicy` for `POST /api/v1/policies/{id}/disable` using the existing service/store contract.	P5,P7,P8	implementation_status_v1.5.md [M6-15]; implementation_production_availability_v1.5.tsv [M6-15]; owner=PROD-current-composition; audited shipped composition: API disablePolicy	Original Verify: Handler test covers authorized success plus one stable product error. Enforce the operation through the production FGA checker with tenant-scoped query/count/cursor behavior; keep SQL row guards and original API contracts.	production-available
M6-16	API listPolicyDecisions. Deliverable: Implement OpenAPI operation `listPolicyDecisions` for `GET /api/v1/policies/{id}/decisions` using the existing service/store contract.	P5,P7,P8	implementation_status_v1.5.md [M6-16]; implementation_production_availability_v1.5.tsv [M6-16]; owner=T06-runtime-data-plane; production evidence: tenant-scoped listPolicyDecisions persists and returns exact policy IDs with stable paging; installed-Chrome schema-v27 E2E	Original Verify: Handler test covers authorized success plus one stable product error. Enforce the operation through the production FGA checker with tenant-scoped query/count/cursor behavior; keep SQL row guards and original API contracts.	production-available
M6-17	policy simulator query. Deliverable: Evaluate supported policy against bounded historical OpenSearch session events.	unaffected	implementation_status_v1.5.md [M6-17]; implementation_production_availability_v1.5.tsv [M6-17]; owner=T06-runtime-data-plane; production evidence: signed bounded OpenSearch query verifies exact index mapping and marker, tenant scope, limit, and one matching historical action; installed-Chrome E2E	Original Verify: Result returns match/would-block counts and examples without full scan. Unchanged product contract; preserve existing implementation/evidence. No architecture-driven rewrite or availability promotion is required for this row.	production-available
M6-18	rollout state machine. Deliverable: Implement draft -> monitor -> enforce -> disabled transitions and scoped rollout.	P3,P4,P8	implementation_status_v1.5.md [M6-18]; implementation_production_availability_v1.5.tsv [M6-18]; owner=PROD-current-composition; audited shipped composition: rollout state machine	Original Verify: Invalid transition fails and all transitions audit. Retain signed policy deployment and verified re-test/cleanup semantics across Activities; OPA runtime enforcement and last-valid bundles remain independent.	production-available
M6-19	runtime HTTP proxy. Deliverable: Proxy one supported HTTP/tool action unchanged on Allow.	unaffected	implementation_status_v1.5.md [M6-19]; implementation_production_availability_v1.5.tsv [M6-19]; owner=T06-runtime-data-plane; production evidence: composed runtime gateway preserves allowlisted HTTP method, escaped path, query, body, and response through a pinned TLS upstream in the schema-v28 combined E2E	Original Verify: Golden request/response body and headers remain semantically equivalent. Unchanged product contract; preserve existing implementation/evidence. No architecture-driven rewrite or availability promotion is required for this row.	production-available
M6-20	runtime MCP parser. Deliverable: Parse supported MCP JSON-RPC tool call into canonical ActionContext.	unaffected	implementation_status_v1.5.md [M6-20]; implementation_production_availability_v1.5.tsv [M6-20]; owner=T06-runtime-data-plane; production evidence: shipped MCP route uses the strict bounded JSON-RPC parser and fixed POST-only upstream contract; focused race and release composition gates pass	Original Verify: Fixture preserves method/tool/resource metadata. Unchanged product contract; preserve existing implementation/evidence. No architecture-driven rewrite or availability promotion is required for this row.	production-available
M6-21	runtime action context. Deliverable: Normalize principal/agent/session/action/resource/environment for policy evaluation.	unaffected	implementation_status_v1.5.md [M6-21]; implementation_production_availability_v1.5.tsv [M6-21]; owner=T06-runtime-data-plane; production evidence: composed gateway binds principal, agent, session, environment, action, resource, route, and capability context before policy evaluation	Original Verify: Missing required scope yields safe error. Unchanged product contract; preserve existing implementation/evidence. No architecture-driven rewrite or availability promotion is required for this row.	production-available
M6-22	runtime Block response. Deliverable: Return stable product block error and correlation ID.	unaffected	implementation_status_v1.5.md [M6-22]; implementation_production_availability_v1.5.tsv [M6-22]; owner=T06-runtime-data-plane; production evidence: schema-v28 combined E2E proves a signed Block response with stable correlation and zero upstream calls	Original Verify: Blocked fixture never calls upstream. Unchanged product contract; preserve existing implementation/evidence. No architecture-driven rewrite or availability promotion is required for this row.	production-available
M6-23	runtime Monitor event. Deliverable: Allow upstream action and emit monitor decision event.	unaffected	implementation_status_v1.5.md [M6-23]; implementation_production_availability_v1.5.tsv [M6-23]; owner=T06-runtime-data-plane; production evidence: composed gateway permits non-blocking decisions only through durable metadata-only evidence and exact replay-floor advancement; disk-backed race gates pass	Original Verify: Event includes policy ID and result without sensitive payload. Unchanged product contract; preserve existing implementation/evidence. No architecture-driven rewrite or availability promotion is required for this row.	production-available
M6-24	runtime decision internal API. Deliverable: Implement `recordRuntimeDecision` internal operation.	P5,P7,P8	implementation_status_v1.5.md [M6-24]; implementation_production_availability_v1.5.tsv [M6-24]; owner=T06-runtime-data-plane; production evidence: runtime decision internal API; verified by Task 6 source/deploy review and focused race/release gates	Original Verify: Scoped idempotent event is accepted once. Enforce the operation through the production FGA checker with tenant-scoped query/count/cursor behavior; keep SQL row guards and original API contracts.	production-available
M6-25	policy bundle fallback. Deliverable: Simulate Neon/control-plane outage while runtime gateway uses last-valid bundle.	unaffected	implementation_status_v1.5.md [M6-25]; implementation_production_availability_v1.5.tsv [M6-25]; owner=T06-runtime-data-plane; production evidence: policy bundle fallback; verified by Task 6 source/deploy review and focused race/release gates	Original Verify: Known Block remains Block until bundle expires/explicit fail mode. Unchanged product contract; preserve existing implementation/evidence. No architecture-driven rewrite or availability promotion is required for this row.	production-available
M6-26	policy latency benchmark. Deliverable: Add focused benchmark for metadata-only decision path.	unaffected	implementation_status_v1.5.md [M6-26]; implementation_production_availability_v1.5.tsv [M6-26]; owner=T06-runtime-data-plane; production evidence: policy latency benchmark; verified by Task 6 source/deploy review and focused race/release gates	Original Verify: Reference p95 <=25 ms in local cluster run. Unchanged product contract; preserve existing implementation/evidence. No architecture-driven rewrite or availability promotion is required for this row.	production-available
M6-27	Policies list UI. Deliverable: Create policy list/status/coverage view.	P7,P8	implementation_status_v1.5.md [M6-27]; implementation_production_availability_v1.5.tsv [M6-27]; owner=PROD-current-composition; audited shipped composition: Policies list UI	Original Verify: E2E shows monitor/enforce/disabled and stale bundle state. Keep this screen on real API state and the active permission policy; preserve its original display, error and interaction requirements.	production-available
M6-28	Policy wizard UI. Deliverable: Create Scope -> Trigger -> Conditions -> Action -> Coverage -> Simulate -> Rollout wizard.	P7,P8	implementation_status_v1.5.md [M6-28]; implementation_production_availability_v1.5.tsv [M6-28]; owner=PROD-current-composition; audited shipped composition: Policy wizard UI	Original Verify: Unsupported control cannot be selected. Keep this screen on real API state and the active permission policy; preserve its original display, error and interaction requirements.	production-available
M6-29	Policy detail UI. Deliverable: Create simulation results, decisions, rollout and disable actions.	P7,P8	implementation_status_v1.5.md [M6-29]; implementation_production_availability_v1.5.tsv [M6-29]; owner=PROD-current-composition; audited shipped composition: Policy detail UI	Original Verify: E2E monitor then enforce flow passes. Keep this screen on real API state and the active permission policy; preserve its original display, error and interaction requirements.	production-available
M6-30	re-test state update. Deliverable: Apply policy decision evidence so a re-tested supported path/capability can show Blocked.	P3,P4,P8	implementation_status_v1.5.md [M6-30]; implementation_production_availability_v1.5.tsv [M6-30]; owner=T06-runtime-data-plane; production evidence: blocked runtime capability evidence survives browser reload while the authoritative reachability edge remains present in the schema-v28 combined E2E	Original Verify: Fixture does not mark Blocked without observed policy decision. Retain signed policy deployment and verified re-test/cleanup semantics across Activities; OPA runtime enforcement and last-valid bundles remain independent.	production-available
M6-31a	policy create simulate gate. Deliverable: Create one Monitor policy and simulate it against fixture sessions.	P3,P4,P8	implementation_status_v1.5.md [M6-31a]; implementation_production_availability_v1.5.tsv [M6-31a]; owner=T06-runtime-data-plane; production evidence: installed-Chrome policy create and bounded simulation complete through shipped APIs with durable lost-response recovery	Original Verify: Simulation returns expected match and would-block counts. Retain signed policy deployment and verified re-test/cleanup semantics across Activities; OPA runtime enforcement and last-valid bundles remain independent.	production-available
M6-31b	policy monitor gate. Deliverable: Roll the fixture policy to Monitor on a selected agent.	unaffected	implementation_status_v1.5.md [M6-31b]; implementation_production_availability_v1.5.tsv [M6-31b]; owner=T06-runtime-data-plane; production evidence: installed-Chrome monitor rollout and central signed deployment complete through production authorities	Original Verify: Runtime decision is recorded without blocking the action. Unchanged product contract; preserve existing implementation/evidence. No architecture-driven rewrite or availability promotion is required for this row.	production-available
M6-31c	policy enforce gate. Deliverable: Roll the same fixture policy to Block.	unaffected	implementation_status_v1.5.md [M6-31c]; implementation_production_availability_v1.5.tsv [M6-31c]; owner=T06-runtime-data-plane; production evidence: installed-Chrome enforcement drives a signed temporary Block through the composed gateway with zero upstream side effect	Original Verify: Matching runtime action is blocked with product reason and correlation ID. Unchanged product contract; preserve existing implementation/evidence. No architecture-driven rewrite or availability promotion is required for this row.	production-available
M6-31d	policy retest gate. Deliverable: Re-run the previously Verified test after enforcement.	P3,P4,P8	implementation_status_v1.5.md [M6-31d]; implementation_production_availability_v1.5.tsv [M6-31d]; owner=T06-runtime-data-plane; production evidence: re-test records the exact blocked capability event, retains reachability, and survives reload	Original Verify: Relevant attack path/capability becomes Blocked while reachability evidence remains. Retain signed policy deployment and verified re-test/cleanup semantics across Activities; OPA runtime enforcement and last-valid bundles remain independent.	production-available
M6-31e	policy outage gate. Deliverable: Interrupt control-plane access after a signed policy bundle is cached.	unaffected	implementation_status_v1.5.md [M6-31e]; implementation_production_availability_v1.5.tsv [M6-31e]; owner=T06-runtime-data-plane; production cached-outage gate: signed Block decision survives offline restart, persists exact decision evidence and bounded lost-response replay, rejects wall-clock rollback, drains under monotonic authority, and quarantines out-of-window evidence without falsifying timestamps	Original Verify: Runtime gateway continues enforcing the last valid policy bundle. Unchanged product contract; preserve existing implementation/evidence. No architecture-driven rewrite or availability promotion is required for this row.	production-available
M6-31	M6 gate. Deliverable: Write the M6 gate result from create/simulate/monitor/enforce/retest/outage checks.	P3,P4,P8	implementation_status_v1.5.md [M6-31]; implementation_production_availability_v1.5.tsv [M6-31]; owner=T06-runtime-data-plane; production evidence: full create, simulate, monitor, enforce, retest, cleanup, cached-outage, restart, and browser reload gate passes against disposable schema-v28 PostgreSQL	Original Verify: Gate record is PASS only when all stages passed. Retain signed policy deployment and verified re-test/cleanup semantics across Activities; OPA runtime enforcement and last-valid bundles remain independent.	production-available
M7-01	session projection. Deliverable: Create Session summary/projector from correlated semantic/runtime events.	P7,P8	implementation_status_v1.5.md [M7-01]; implementation_production_availability_v1.5.tsv [M7-01]; owner=T14-data-workflows; 2026-09-09 original-task Superpowers acceptance: durable summary/projector and exact replay; PR24 main 4bf800f4 CI 34392565900 passed; evidence docs/internal/2026-09-09-m7-runtime-session-production-closure.md	Original Verify: Replay is idempotent and keeps confidence per event. Scope aggregations, search, evidence and counts before pagination through current authority; preserve product projections.	production-available
M7-02	API listSessions. Deliverable: Implement OpenAPI operation `listSessions` for `GET /api/v1/sessions` using the existing service/store contract.	P5,P7,P8	implementation_status_v1.5.md [M7-02]; implementation_production_availability_v1.5.tsv [M7-02]; owner=T14-data-workflows; 2026-09-09 original-task Superpowers acceptance: scoped listSessions success and stable errors; PR24 main 4bf800f4 CI 34392565900 passed; evidence docs/internal/2026-09-09-m7-runtime-session-production-closure.md	Original Verify: Handler test covers authorized success plus one stable product error. Enforce the operation through the production FGA checker with tenant-scoped query/count/cursor behavior; keep SQL row guards and original API contracts.	production-available
M7-03	API getSession. Deliverable: Implement OpenAPI operation `getSession` for `GET /api/v1/sessions/{id}` using the existing service/store contract.	P5,P7,P8	implementation_status_v1.5.md [M7-03]; implementation_production_availability_v1.5.tsv [M7-03]; owner=T14-data-workflows; 2026-09-09 original-task Superpowers acceptance: scoped getSession success and stable errors; PR24 main 4bf800f4 CI 34392565900 passed; evidence docs/internal/2026-09-09-m7-runtime-session-production-closure.md	Original Verify: Handler test covers authorized success plus one stable product error. Enforce the operation through the production FGA checker with tenant-scoped query/count/cursor behavior; keep SQL row guards and original API contracts.	production-available
M7-04	API listSessionEvents. Deliverable: Implement OpenAPI operation `listSessionEvents` for `GET /api/v1/sessions/{id}/events` using the existing service/store contract.	P5,P7,P8	implementation_status_v1.5.md [M7-04]; implementation_production_availability_v1.5.tsv [M7-04]; owner=T14-data-workflows; 2026-09-09 original-task Superpowers acceptance: scoped listSessionEvents and bound keyset pagination; PR24 main 4bf800f4 CI 34392565900 passed; evidence docs/internal/2026-09-09-m7-runtime-session-production-closure.md	Original Verify: Handler test covers authorized success plus one stable product error. Enforce the operation through the production FGA checker with tenant-scoped query/count/cursor behavior; keep SQL row guards and original API contracts.	production-available
M7-05	session search filters. Deliverable: Implement structured OpenSearch filters for agent/principal/tool/process/file/domain/credential/resource/decision/time.	P7,P8	implementation_status_v1.5.md [M7-05]; implementation_production_availability_v1.5.tsv [M7-05]; owner=T14-data-workflows; 2026-09-09 original-task Superpowers acceptance: all ten closed OpenSearch selectors, DSL rejection, scoped production API and canonical hydration; PR28 main d46085cf CI 34419096909 passed; evidence docs/internal/2026-09-09-m7-runtime-session-production-closure.md	Original Verify: Query builder rejects arbitrary query string/DSL. Scope aggregations, search, evidence and counts before pagination through current authority; preserve product projections.	production-available
M7-06	Sessions list UI. Deliverable: Create Sessions list with structured filters and confidence/freshness.	P7,P8	implementation_status_v1.5.md [M7-06]; implementation_production_availability_v1.5.tsv [M7-06]; owner=T14-data-workflows; 2026-09-09 original-task Superpowers acceptance: real generated-client runtime list with structured filters and confidence/freshness, worker-written process match and scope reset E2E; PR29 main 71920e15 CI 34421351398 passed; evidence docs/internal/2026-09-09-m7-runtime-session-production-closure.md	Original Verify: E2E filter returns expected fixture session. Keep this screen on real API state and the active permission policy; preserve its original display, error and interaction requirements.	production-available
M7-07a	Session timeline shell. Deliverable: Build paginated session timeline container and time ordering.	P7,P8	implementation_status_v1.5.md [M7-07a]; implementation_production_availability_v1.5.tsv [M7-07a]; owner=T14-data-workflows; 2026-09-09 original-task Superpowers acceptance: production timeline API and canonical reverse-ingress 25-plus-1 worker/browser proof, scope cancellation and independent review; PR30 main a10aaa87 CI 34423113495 passed; evidence docs/internal/2026-09-09-m7-runtime-session-production-closure.md	Original Verify: Out-of-order fixture renders by canonical event time. Keep scoped UI data/actions and original evidence semantics under the active FGA policy; pending or unavailable stays explicit.	production-available
M7-07b	Session event row. Deliverable: Build event row for tool/runtime/network/file/credential/policy classes.	P7,P8	implementation_status_v1.5.md [M7-07b]; implementation_production_availability_v1.5.tsv [M7-07b]; owner=T14-data-workflows; 2026-09-09 original-task Superpowers acceptance: six-class worker-written rows and generated-client canonical evidence links passed full Chrome, API races, local verification and independent review; PR31 main492cf473 CI34426326091 passed; evidence docs/internal/2026-09-09-m7-event-evidence-production-closure.md	Original Verify: Each supported class renders deterministic label and evidence link. Keep scoped UI data/actions and original evidence semantics under the active FGA policy; pending or unavailable stays explicit.	production-available
M7-07c	Session confidence/source. Deliverable: Add source and Exact/Strong/Probable/Unattributed display.	P7,P8	implementation_status_v1.5.md [M7-07c]; implementation_production_availability_v1.5.tsv [M7-07c]; owner=T14-data-workflows; 2026-09-09 original display criterion accepted: four confidence labels/source and distinct computed Probable/Exact colors passed real-API Chrome with explicitly synthetic production-row fixtures and exact cleanup; independent review and M7-07b dependency passed; PR32 main 214a757d CI34427605339 passed; production correlation NOT RUN; evidence docs/internal/2026-09-09-runtime-confidence-display.md	Original Verify: Probable fixture is visibly differentiated from Exact. Keep scoped UI data/actions and original evidence semantics under the active FGA policy; pending or unavailable stays explicit.	production-available
M7-07	Session detail UI. Deliverable: Compose session timeline rows with confidence/source and pagination.	P7,P8	implementation_status_v1.5.md [M7-07]; implementation_production_availability_v1.5.tsv [M7-07]; owner=T14-data-workflows; 2026-09-11 original-criterion acceptance: actual scoped ingestion/archive/index/correlation/projection/search workers and Chrome prove mixed Exact/Strong 25-plus-2 pagination, ordering/source, unassigned Probable, tenant denial and API revocation; independent Superpowers upstream fallback review and full local verification passed; PR47 main c6aec68d CI34634275277 passed; live identity/provider/deployment gates remain separate; evidence docs/internal/2026-09-11-worker-mixed-evidence.md	Original Verify: E2E renders mixed-evidence session without false Exact attribution. Keep this screen on real API state and the active permission policy; preserve its original display, error and interaction requirements.	production-available
M7-08	compliance control model. Deliverable: Define MVP SOC 2 Security/HIPAA safeguard mapping objects and evidence freshness.	unaffected	implementation_status_v1.5.md [M7-08]; implementation_production_availability_v1.5.tsv [M7-08]; owner=T14-data-workflows; Registered release56 SOC 2 Security and HIPAA control mappings locally implemented/reviewed; configured current-source composition tested. See compliance-source-task1-20260918 and compliance-legacy-compatibility-20260918/independent-review.md. Connected local review accepted; deployment locally accepted in compliance-deployment-20260918/fix-1/independent-review.md; publication/live gates remain open.	Original Verify: Mapping references product evidence IDs, not screenshots. Unchanged product contract; preserve existing implementation/evidence. No architecture-driven rewrite or availability promotion is required for this row.	component-only
M7-09	compliance evidence assembler. Deliverable: Assemble current audit/finding/policy/test/config evidence for one control.	P7,P8	implementation_status_v1.5.md [M7-09]; implementation_production_availability_v1.5.tsv [M7-09]; owner=T14-data-workflows; Five-family scoped source authority and frozen snapshot assembly locally implemented/reviewed, including both test families and historical versions. See compliance-source-task1-20260918 and compliance-jobs-task2-20260918. No deployment/live-source promotion.	Original Verify: Stale evidence is explicitly marked. Scope aggregations, search, evidence and counts before pagination through current authority; preserve product projections.	component-only
M7-10	API listComplianceControls. Deliverable: Implement OpenAPI operation `listComplianceControls` for `GET /api/v1/compliance/controls` using the existing service/store contract.	P5,P7,P8	implementation_status_v1.5.md [M7-10]; implementation_production_availability_v1.5.tsv [M7-10]; owner=T14-data-workflows; Configured release56 controls route uses current scoped SQL authority and aggregate freshness; selected tests and actual composed browser pass locally. See compliance-api-task4-20260918 and compliance-legacy-compatibility-20260918/independent-review.md. Connected local review accepted; publication and live gates open.	Original Verify: Handler test covers authorized success plus one stable product error. Enforce the operation through the production FGA checker with tenant-scoped query/count/cursor behavior; keep SQL row guards and original API contracts.	component-only
M7-11	API listComplianceEvidence. Deliverable: Implement OpenAPI operation `listComplianceEvidence` for `GET /api/v1/compliance/evidence` using the existing service/store contract.	P5,P7,P8	implementation_status_v1.5.md [M7-11]; implementation_production_availability_v1.5.tsv [M7-11]; owner=T14-data-workflows; Configured release56 evidence route and typed exact-version detail locally tested/reviewed, including paging, source changes, current auth and sibling-scope denial. See compliance-api-task4-20260918 and compliance-ci-20260918. Not deployed/live proof.	Original Verify: Handler test covers authorized success plus one stable product error. Enforce the operation through the production FGA checker with tenant-scoped query/count/cursor behavior; keep SQL row guards and original API contracts.	component-only
M7-12	API createComplianceExport. Deliverable: Implement OpenAPI operation `createComplianceExport` for `POST /api/v1/compliance/exports` using the existing service/store contract.	P4,P5,P7,P8	implementation_status_v1.5.md [M7-12]; implementation_production_availability_v1.5.tsv [M7-12]; owner=T14-data-workflows; Durable SQL export creation, idempotency, quotas, frozen bytes and worker interruption/retry locally tested/reviewed; mounted UI creation exercised in fresh browser. See compliance-jobs-task2-20260918, compliance-runtime-task3-20260918 and compliance-legacy-compatibility-20260918. Explicit worker registration now independently accepted with actual non-superuser CLI proof in compliance-registration-20260918; storage declarations and connected chart/runtime locally accepted in compliance-storage-20260918 and compliance-deployment-20260918/fix-1/independent-review.md; provider evaluation, hosted/live deployment and publication remain open.	Original Verify: Handler test covers authorized success plus one stable product error. Enforce the operation through the production FGA checker with tenant-scoped query/count/cursor behavior; keep SQL row guards and original API contracts. Inventory export/retention jobs and durable artifact finalization/cleanup; preserve scoped authorization, expiry, audit and truthful pending/error states. Installation does not prove export completion.	component-only
M7-13	API getComplianceExport. Deliverable: Implement OpenAPI operation `getComplianceExport` for `GET /api/v1/compliance/exports/{id}` using the existing service/store contract.	P4,P5,P7,P8	implementation_status_v1.5.md [M7-13]; implementation_production_availability_v1.5.tsv [M7-13]; owner=T14-data-workflows; Mounted scoped export status and durable grant retrieval locally tested/reviewed through API restart, expiry, authorization and replay denial. See compliance-api-task4-20260918 and compliance-ci-20260918. No production publication/live proof.	Original Verify: Handler test covers authorized success plus one stable product error. Enforce the operation through the production FGA checker with tenant-scoped query/count/cursor behavior; keep SQL row guards and original API contracts. Inventory export/retention jobs and durable artifact finalization/cleanup; preserve scoped authorization, expiry, audit and truthful pending/error states. Installation does not prove export completion.	component-only
M7-14	compliance export artifact. Deliverable: Create JSON/CSV plus human-readable evidence package in S3.	P4,P7,P8	implementation_status_v1.5.md [M7-14]; implementation_production_availability_v1.5.tsv [M7-14]; owner=T14-data-workflows; Exact frozen JSON/CSV/readable package, pinned immutable provider receipt, integrity audit and native byte-equal downloads locally tested/reviewed. Real SDK controlled transport covered; not live S3. See compliance-runtime-task3-20260918, compliance-api-task4-20260918 and compliance-legacy-compatibility-20260918. Registration bridge accepted in compliance-registration-20260918; dedicated storage/chart/runtime now locally accepted in compliance-deployment-20260918/fix-1/independent-review.md (storage source-only, provider mocks unexecuted). Operator/live-storage/deployment gates open.	Original Verify: Package links evidence IDs/timestamps and avoids certification language. Inventory export/retention jobs and durable artifact finalization/cleanup; preserve scoped authorization, expiry, audit and truthful pending/error states. Installation does not prove export completion.	component-only
M7-15a	Compliance framework/control list. Deliverable: Build SOC 2 Security and HIPAA safeguard control list.	P7,P8	implementation_status_v1.5.md [M7-15a]; implementation_production_availability_v1.5.tsv [M7-15a]; owner=T14-data-workflows; Current API-backed framework/control filtering locally implemented/reviewed with both-framework source authority; fresh composed browser covers SOC2 filter. See compliance-ui-task5-20260918 and compliance-ci-20260918. Publication and deployed acceptance remain open.	Original Verify: Fixture renders mapped controls without certification language. Keep scoped UI data/actions and original evidence semantics under the active FGA policy; pending or unavailable stays explicit.	component-only
M7-15b	Compliance evidence table. Deliverable: Build evidence rows with asset/source/timestamp links.	P7,P8	implementation_status_v1.5.md [M7-15b]; implementation_production_availability_v1.5.tsv [M7-15b]; owner=T14-data-workflows; Typed source/version target, timestamps and safe detail navigation locally implemented/reviewed; fresh composed browser covers changed-source conflict. See compliance-ui-task5-20260918 and compliance-ci-20260918. Supersedes prior missing-link source audit only locally; no production promotion.	Original Verify: Click opens product evidence target. Keep scoped UI data/actions and original evidence semantics under the active FGA policy; pending or unavailable stays explicit.	component-only
M7-15c	Compliance freshness/gaps. Deliverable: Add freshness and missing-evidence states.	P7,P8	implementation_status_v1.5.md [M7-15c]; implementation_production_availability_v1.5.tsv [M7-15c]; owner=PROD-current-composition; Historical shipped composition credit retained for freshness/gaps. New aggregate-current-source freshness and missing/stale UI locally tested/reviewed; see compliance-api-task4-20260918 and compliance-ui-task5-20260918. This does not refresh historical live evidence or prove deployment of this revision.	Original Verify: Stale fixture is labeled stale, not passing. Keep scoped UI data/actions and original evidence semantics under the active FGA policy; pending or unavailable stays explicit.	production-available
M7-15d	Compliance export action. Deliverable: Add evidence export trigger and job-status UI.	P7,P8	implementation_status_v1.5.md [M7-15d]; implementation_production_availability_v1.5.tsv [M7-15d]; owner=T14-data-workflows; Real API export creation, status/reload and transient single-use grant download UI locally implemented/reviewed; fresh browser verifies exact native bytes and restarts. See compliance-ui-task5-20260918 and compliance-ci-20260918. Not published/live acceptance.	Original Verify: Queued/completed/error states render. Keep scoped UI data/actions and original evidence semantics under the active FGA policy; pending or unavailable stays explicit.	component-only
M7-15	Compliance Evidence UI. Deliverable: Compose Compliance Evidence list, freshness and export interaction.	P7,P8	implementation_status_v1.5.md [M7-15]; implementation_production_availability_v1.5.tsv [M7-15]; owner=T14-data-workflows; Connected current-source API/worker/UI browser flow passes locally with filter/export, exact native bytes, restarts, scope/grant denials and final signed-in continuity; CI wiring reviewed. Final connected corrections and legacy compatibility locally accepted in compliance-legacy-compatibility-20260918/independent-review.md. Deployment integration locally accepted in compliance-deployment-20260918/fix-1/independent-review.md; hosted Linux, advisory/publication and live gates remain open.	Original Verify: E2E filter/export flow passes. Keep this screen on real API state and the active permission policy; preserve its original display, error and interaction requirements.	component-only
M7-16	data control store. Deliverable: Create Environment collection mode/retention/deletion settings and validation.	unaffected	implementation_status_v1.5.md [M7-16]; implementation_production_availability_v1.5.tsv [M7-16]; owner=PROD-current-composition; audited shipped composition: data control store	Original Verify: Production default is metadata-only. Unchanged product contract; preserve existing implementation/evidence. No architecture-driven rewrite or availability promotion is required for this row.	production-available
M7-17	API getDataControls. Deliverable: Implement OpenAPI operation `getDataControls` for `GET /api/v1/settings/data-controls` using the existing service/store contract.	P5,P7,P8	implementation_status_v1.5.md [M7-17]; implementation_production_availability_v1.5.tsv [M7-17]; owner=PROD-current-composition; audited shipped composition: API getDataControls	Original Verify: Handler test covers authorized success plus one stable product error. Enforce the operation through the production FGA checker with tenant-scoped query/count/cursor behavior; keep SQL row guards and original API contracts.	production-available
M7-18	API updateDataControls. Deliverable: Implement OpenAPI operation `updateDataControls` for `PATCH /api/v1/settings/data-controls` using the existing service/store contract.	P5,P7,P8	implementation_status_v1.5.md [M7-18]; implementation_production_availability_v1.5.tsv [M7-18]; owner=PROD-current-composition; audited shipped composition: API updateDataControls	Original Verify: Handler test covers authorized success plus one stable product error. Enforce the operation through the production FGA checker with tenant-scoped query/count/cursor behavior; keep SQL row guards and original API contracts.	production-available
M7-19	retention worker. Deliverable: Delete/expire product-controlled event/evidence references according to data class policy.	P4,P7,P8	implementation_status_v1.5.md [M7-19]; implementation_production_availability_v1.5.tsv [M7-19]; owner=T14-data-workflows; audited component-only proof: retention worker	Original Verify: Fixture deletes expired test data and audits admin policy change. Inventory export/retention jobs and durable artifact finalization/cleanup; preserve scoped authorization, expiry, audit and truthful pending/error states. Installation does not prove export completion.	component-only
M7-20	external flow model. Deliverable: Define required/optional external destination, allowed data categories, enabled state and health.	unaffected	implementation_status_v1.5.md [M7-20]; implementation_production_availability_v1.5.tsv [M7-20]; owner=PROD-current-composition; audited shipped composition: external flow model	Original Verify: Raw security evidence category cannot be enabled for PostHog. Unchanged product contract; preserve existing implementation/evidence. No architecture-driven rewrite or availability promotion is required for this row.	production-available
M7-21	API getExternalDataFlows. Deliverable: Implement OpenAPI operation `getExternalDataFlows` for `GET /api/v1/settings/external-data-flows` using the existing service/store contract.	P5,P7,P8	implementation_status_v1.5.md [M7-21]; implementation_production_availability_v1.5.tsv [M7-21]; owner=PROD-current-composition; audited shipped composition: API getExternalDataFlows	Original Verify: Handler test covers authorized success plus one stable product error. Enforce the operation through the production FGA checker with tenant-scoped query/count/cursor behavior; keep SQL row guards and original API contracts.	production-available
M7-22	API updateExternalDataFlows. Deliverable: Implement OpenAPI operation `updateExternalDataFlows` for `PATCH /api/v1/settings/external-data-flows` using the existing service/store contract.	P5,P7,P8	implementation_status_v1.5.md [M7-22]; implementation_production_availability_v1.5.tsv [M7-22]; owner=T14-data-workflows; audited component-only proof: API updateExternalDataFlows	Original Verify: Handler test covers authorized success plus one stable product error. Enforce the operation through the production FGA checker with tenant-scoped query/count/cursor behavior; keep SQL row guards and original API contracts.	component-only
M7-22a	required external-flow guard. Deliverable: Prevent the External Data Flows API from disabling required Stytch or Neon dependencies while allowing optional PostHog, OpenRouter and remote OTLP changes.	unaffected	implementation_status_v1.5.md [M7-22a]; implementation_production_availability_v1.5.tsv [M7-22a]; owner=T14-data-workflows; audited component-only proof: required external-flow guard	Original Verify: Required-service disable fixture is rejected; optional-service disable fixture succeeds and is audited. Unchanged product contract; preserve existing implementation/evidence. No architecture-driven rewrite or availability promotion is required for this row.	component-only
M7-23	PostHog serializer. Deliverable: Create allowlist-only product event serializer.	unaffected	implementation_status_v1.5.md [M7-23]; implementation_production_availability_v1.5.tsv [M7-23]; owner=T14-data-workflows; audited component-only proof: PostHog serializer	Original Verify: Prompt/tool args/secrets/IP/raw evidence fixtures fail serialization. Unchanged product contract; preserve existing implementation/evidence. No architecture-driven rewrite or availability promotion is required for this row.	component-only
M7-24	PostHog flag cache. Deliverable: Implement server-side flag cache with explicit code defaults/max age.	unaffected	implementation_status_v1.5.md [M7-24]; implementation_production_availability_v1.5.tsv [M7-24]; owner=T14-data-workflows; audited component-only proof: PostHog flag cache	Original Verify: PostHog outage returns deterministic defaults. Unchanged product contract; preserve existing implementation/evidence. No architecture-driven rewrite or availability promotion is required for this row.	component-only
M7-25	OpenRouter redaction. Deliverable: Redact prohibited fields for approved AI explanation purposes.	unaffected	implementation_status_v1.5.md [M7-25]; implementation_production_availability_v1.5.tsv [M7-25]; owner=T14-data-workflows; audited component-only proof: OpenRouter redaction	Original Verify: Seeded secret/PII/PHI fixture is absent at fake endpoint. Unchanged product contract; preserve existing implementation/evidence. No architecture-driven rewrite or availability promotion is required for this row.	component-only
M7-26a	OpenRouter purpose and model policy. Deliverable: Reject AI requests whose purpose, model or provider is not allowlisted.	unaffected	implementation_status_v1.5.md [M7-26a]; implementation_production_availability_v1.5.tsv [M7-26a]; owner=T14-data-workflows; audited component-only proof: OpenRouter purpose and model policy	Original Verify: Unapproved purpose/model/provider fails before egress. Unchanged product contract; preserve existing implementation/evidence. No architecture-driven rewrite or availability promotion is required for this row.	component-only
M7-26b	OpenRouter request limits. Deliverable: Enforce per-request token, cost, deadline and concurrency limits.	unaffected	implementation_status_v1.5.md [M7-26b]; implementation_production_availability_v1.5.tsv [M7-26b]; owner=T14-data-workflows; audited component-only proof: OpenRouter request limits	Original Verify: Over-limit fixture is rejected before provider request. Unchanged product contract; preserve existing implementation/evidence. No architecture-driven rewrite or availability promotion is required for this row.	component-only
M7-26c	OpenRouter data policy metadata. Deliverable: Attach configured data-policy/ZDR requirement metadata to provider selection.	unaffected	implementation_status_v1.5.md [M7-26c]; implementation_production_availability_v1.5.tsv [M7-26c]; owner=T14-data-workflows; audited component-only proof: OpenRouter data policy metadata	Original Verify: Provider selection excludes a fixture that violates the required data policy. Unchanged product contract; preserve existing implementation/evidence. No architecture-driven rewrite or availability promotion is required for this row.	component-only
M7-26	OpenRouter governance. Deliverable: Wire AI governance checks into the AIGateway request path.	unaffected	implementation_status_v1.5.md [M7-26]; implementation_production_availability_v1.5.tsv [M7-26]; owner=T14-data-workflows; audited component-only proof: OpenRouter governance	Original Verify: Approved request passes all guards and records governed request metadata. Unchanged product contract; preserve existing implementation/evidence. No architecture-driven rewrite or availability promotion is required for this row.	component-only
M7-27	API createAIExplanation. Deliverable: Implement OpenAPI operation `createAIExplanation` for `POST /api/v1/ai/explanations` using the existing service/store contract.	P5,P7,P8	implementation_status_v1.5.md [M7-27]; implementation_production_availability_v1.5.tsv [M7-27]; owner=T14-data-workflows; audited component-only proof: API createAIExplanation	Original Verify: Handler test covers authorized success plus one stable product error. Enforce the operation through the production FGA checker with tenant-scoped query/count/cursor behavior; keep SQL row guards and original API contracts.	component-only
M7-28	AI explanation UI. Deliverable: Create evidence-aware Explain with AI panel and unavailable state.	P7,P8	implementation_status_v1.5.md [M7-28]; implementation_production_availability_v1.5.tsv [M7-28]; owner=T14-data-workflows; audited component-only proof: AI explanation UI	Original Verify: E2E displays sent-field notice and deterministic content stays usable on failure. Keep this screen on real API state and the active permission policy; preserve its original display, error and interaction requirements.	component-only
M7-29	system component probes. Deliverable: Add product probes for required/optional dependencies and internal components.	P1,P8,P10	implementation_status_v1.5.md [M7-29]; implementation_production_availability_v1.5.tsv [M7-29]; owner=PROD-current-composition; audited shipped composition: system component probes	Original Verify: Required vs optional state aggregates correctly. Include dependency readiness/degradation and the replacement production composition in the existing UI/API acceptance.	production-available
M7-30	API getSystemStatus. Deliverable: Implement OpenAPI operation `getSystemStatus` for `GET /api/v1/system/status` using the existing service/store contract.	P5,P7,P8	implementation_status_v1.5.md [M7-30]; implementation_production_availability_v1.5.tsv [M7-30]; owner=PROD-current-composition; audited shipped composition: API getSystemStatus	Original Verify: Handler test covers authorized success plus one stable product error. Enforce the operation through the production FGA checker with tenant-scoped query/count/cursor behavior; keep SQL row guards and original API contracts.	production-available
M7-31	API listSystemComponents. Deliverable: Implement OpenAPI operation `listSystemComponents` for `GET /api/v1/system/components` using the existing service/store contract.	P5,P7,P8	implementation_status_v1.5.md [M7-31]; implementation_production_availability_v1.5.tsv [M7-31]; owner=PROD-current-composition; audited shipped composition: API listSystemComponents	Original Verify: Handler test covers authorized success plus one stable product error. Enforce the operation through the production FGA checker with tenant-scoped query/count/cursor behavior; keep SQL row guards and original API contracts.	production-available
M7-32	API getSystemVersion. Deliverable: Implement OpenAPI operation `getSystemVersion` for `GET /api/v1/system/version` using the existing service/store contract.	P5,P7,P8	implementation_status_v1.5.md [M7-32]; implementation_production_availability_v1.5.tsv [M7-32]; owner=PROD-current-composition; audited shipped composition: API getSystemVersion	Original Verify: Handler test covers authorized success plus one stable product error. Enforce the operation through the production FGA checker with tenant-scoped query/count/cursor behavior; keep SQL row guards and original API contracts.	production-available
M7-33	System Health UI. Deliverable: Create component status, version, freshness and action guidance page.	P7,P8	implementation_status_v1.5.md [M7-33]; implementation_production_availability_v1.5.tsv [M7-33]; owner=PROD-current-composition; audited shipped composition: System Health UI	Original Verify: E2E vendor failure is shown in product language. Keep this screen on real API state and the active permission policy; preserve its original display, error and interaction requirements.	production-available
M7-34	Data & Retention UI. Deliverable: Create collection/retention settings and regulated-profile warning.	P7,P8	implementation_status_v1.5.md [M7-34]; implementation_production_availability_v1.5.tsv [M7-34]; owner=PROD-current-composition; audited shipped composition: Data & Retention UI	Original Verify: E2E changes policy and records audit. Keep this screen on real API state and the active permission policy; preserve its original display, error and interaction requirements.	production-available
M7-35	External Data Flows UI. Deliverable: Create destination/data-category/enablement/health page.	P7,P8	implementation_status_v1.5.md [M7-35]; implementation_production_availability_v1.5.tsv [M7-35]; owner=PROD-current-composition; audited shipped composition: External Data Flows UI	Original Verify: E2E cannot enable prohibited PostHog category. Keep this screen on real API state and the active permission policy; preserve its original display, error and interaction requirements.	production-available
M7-36	Audit Log UI. Deliverable: Create filterable audit page and export action.	P7,P8	implementation_status_v1.5.md [M7-36]; implementation_production_availability_v1.5.tsv [M7-36]; owner=T11-identity-admin; Local AuditPanel/export browser run81115 covers mutation/replay/traversal100008events, not native saved bytes; 2026-09-18-audit-native-control-probe.md restores owned browser-tab control but native Save controls remain inconsistent, no save accepted or large fixture retried; saved-byte/SQL, memory/fault acceptance and publication remain open; see2026-09-15-audit-export-ui-evidence.md; historical Complete retained	Original Verify: E2E shows SSO/config/policy/test mutations. Keep this screen on real API state and the active permission policy; preserve its original display, error and interaction requirements.	component-only
M7-37	Home/search UI binding. Deliverable: Bind Home and Global Search to final APIs.	P7,P8	implementation_status_v1.5.md [M7-37]; implementation_production_availability_v1.5.tsv [M7-37]; owner=PROD-current-composition; audited shipped composition: Home/search UI binding	Original Verify: E2E first-value navigation reaches Agent/Finding/Path without raw graph UI. Keep this screen on real API state and the active permission policy; preserve its original display, error and interaction requirements.	production-available
M7-38	full UI API map. Deliverable: Expand `ui-api-map.yaml` to every MVP screen/action listed in Section 9.	P1,P7,P8,P10	implementation_status_v1.5.md [M7-38]; implementation_production_availability_v1.5.tsv [M7-38]; owner=PROD-current-composition; audited shipped composition: full UI API map	Original Verify: Coverage CI reports 100 percent mapped operations. Keep this screen on real API state and the active permission policy; preserve its original display, error and interaction requirements. Include dependency readiness/degradation and the replacement production composition in the existing UI/API acceptance.	production-available
M7-39a	stale connector UX. Deliverable: Add E2E fixture for stale connector data on Inventory and Findings.	P4,P8	implementation_status_v1.5.md [M7-39a]; implementation_production_availability_v1.5.tsv [M7-39a]; owner=T14-data-workflows; audited component-only proof: stale connector UX	Original Verify: UI shows stale state and never renders a false zero-risk result. Retain connector freshness and degraded UX on the replacement workflow path; planner or connector failure must not invent success.	component-only
M7-39b	graph outage UX. Deliverable: Add E2E fixture for Neo4j unavailable on capability and attack-path screens.	unaffected	implementation_status_v1.5.md [M7-39b]; implementation_production_availability_v1.5.tsv [M7-39b]; owner=T14-data-workflows; audited component-only proof: graph outage UX	Original Verify: Affected screens show Degraded instead of empty/safe. Unchanged product contract; preserve existing implementation/evidence. No architecture-driven rewrite or availability promotion is required for this row.	component-only
M7-39c	event index outage UX. Deliverable: Add E2E fixture for OpenSearch unavailable on session activity.	unaffected	implementation_status_v1.5.md [M7-39c]; implementation_production_availability_v1.5.tsv [M7-39c]; owner=T14-data-workflows; audited component-only proof: event index outage UX	Original Verify: Session activity shows Degraded and preserves known metadata. Unchanged product contract; preserve existing implementation/evidence. No architecture-driven rewrite or availability promotion is required for this row.	component-only
M7-39d	AI outage UX. Deliverable: Add E2E fixture for OpenRouter unavailable on Explain with AI.	unaffected	implementation_status_v1.5.md [M7-39d]; implementation_production_availability_v1.5.tsv [M7-39d]; owner=T14-data-workflows; audited component-only proof: AI outage UX	Original Verify: AI action reports unavailable while deterministic evidence remains usable. Unchanged product contract; preserve existing implementation/evidence. No architecture-driven rewrite or availability promotion is required for this row.	component-only
M7-39e	OTLP outage UX. Deliverable: Add E2E fixture for optional remote OTLP unavailable.	unaffected	implementation_status_v1.5.md [M7-39e]; implementation_production_availability_v1.5.tsv [M7-39e]; owner=T14-data-workflows; audited component-only proof: OTLP outage UX	Original Verify: System Health reports exporter degradation without marking the security plane unhealthy. Unchanged product contract; preserve existing implementation/evidence. No architecture-driven rewrite or availability promotion is required for this row.	component-only
M7-39	degraded-state E2E. Deliverable: Register the five degraded-state fixtures in the milestone E2E suite.	P4,P8	implementation_status_v1.5.md [M7-39]; implementation_production_availability_v1.5.tsv [M7-39]; owner=T14-data-workflows; audited component-only proof: degraded-state E2E	Original Verify: Suite reports each degradation independently with product-owned errors. Retain connector freshness and degraded UX on the replacement workflow path; planner or connector failure must not invent success.	component-only
M7-40a	M7 session E2E. Deliverable: Run one correlated session detail flow.	P7,P8	implementation_status_v1.5.md [M7-40a]; implementation_production_availability_v1.5.tsv [M7-40a]; owner=PROD-current-composition; audited shipped composition: M7 session E2E	Original Verify: Semantic and runtime events render in stable order with confidence. Keep scoped UI data/actions and original evidence semantics under the active FGA policy; pending or unavailable stays explicit.	production-available
M7-40b	M7 compliance E2E. Deliverable: Run compliance evidence filter and export flow.	P4,P7,P8	implementation_status_v1.5.md [M7-40b]; implementation_production_availability_v1.5.tsv [M7-40b]; owner=PROD-current-composition; Historical audited shipped-composition credit retained for M7 compliance E2E. Current revision has local filter/export, exact-byte/restart/denial evidence and independent acceptance in compliance-legacy-compatibility-20260918. That fixture evidence does not refresh historical live proof or establish production deployment of release56; see 2026-09-18-compliance-deployment-plan.md for remaining rollout gates.	Original Verify: Export references live evidence and freshness metadata. Inventory export/retention jobs and durable artifact finalization/cleanup; preserve scoped authorization, expiry, audit and truthful pending/error states. Installation does not prove export completion.	production-available
M7-40c	M7 data-control E2E. Deliverable: Change metadata/content retention setting in a fixture environment.	P4,P7,P8	implementation_status_v1.5.md [M7-40c]; implementation_production_availability_v1.5.tsv [M7-40c]; owner=PROD-current-composition; audited shipped composition: M7 data-control E2E	Original Verify: Setting is audited and ingest behavior follows the new policy. Inventory export/retention jobs and durable artifact finalization/cleanup; preserve scoped authorization, expiry, audit and truthful pending/error states. Installation does not prove export completion.	production-available
M7-40d	M7 system-health E2E. Deliverable: Run required/optional dependency health fixture.	P1,P8,P10	implementation_status_v1.5.md [M7-40d]; implementation_production_availability_v1.5.tsv [M7-40d]; owner=PROD-current-composition; audited shipped composition: M7 system-health E2E	Original Verify: System Health distinguishes required degradation from optional degradation. Include dependency readiness/degradation and the replacement production composition in the existing UI/API acceptance.	production-available
M7-40e	M7 AI degrade E2E. Deliverable: Run finding explanation with OpenRouter unavailable.	P4,P8	implementation_status_v1.5.md [M7-40e]; implementation_production_availability_v1.5.tsv [M7-40e]; owner=T14-data-workflows; audited component-only proof: M7 AI degrade E2E	Original Verify: Deterministic finding actions remain enabled. Retain connector freshness and degraded UX on the replacement workflow path; planner or connector failure must not invent success.	component-only
M7-40f	M7 UI API coverage E2E. Deliverable: Run generated-client and ui-api-map coverage check.	P1,P7,P8,P10	implementation_status_v1.5.md [M7-40f]; implementation_production_availability_v1.5.tsv [M7-40f]; owner=PROD-current-composition; audited shipped composition: M7 UI API coverage E2E	Original Verify: Every interactive MVP operation maps to a screen/action and handler task. Keep this screen on real API state and the active permission policy; preserve its original display, error and interaction requirements. Include dependency readiness/degradation and the replacement production composition in the existing UI/API acceptance.	production-available
M7-40	M7 gate. Deliverable: Write the M7 gate result from the six independent E2E checks.	P1,P8,P10	implementation_status_v1.5.md [M7-40]; implementation_production_availability_v1.5.tsv [M7-40]; owner=T14-data-workflows; audited component-only proof: M7 gate	Original Verify: Gate record is PASS only when all checks passed. Include dependency readiness/degradation and the replacement production composition in the existing UI/API acceptance.	component-only
M7A-01	Security Agent domain types. Deliverable: Add `SecurityAgent`, trigger, scope, autonomy, limit and verification domain types.	P3,P8	implementation_status_v1.5.md [M7A-01]; implementation_production_availability_v1.5.tsv [M7A-01]; owner=PROD-current-composition; audited shipped composition: Security Agent domain types	Original Verify: Domain validation rejects empty scope, empty allowed-action set and non-positive run limits. Preserve the exact typed-action, plan, approval, budget, receipt and safety requirement through Security Agent Activities and product projections.	production-available
M7A-02	Security Agent run domain types. Deliverable: Add `SecurityAgentRun` states `queued,planning,waiting_approval,running,verifying,contained,remediated,needs_human,failed,inconclusive,cancelled`.	P3,P8	implementation_status_v1.5.md [M7A-02]; implementation_production_availability_v1.5.tsv [M7A-02]; owner=T07-security-agent-authority; production-composed v27 Security Agent authority: bounded run states and terminal transition fencing	Original Verify: Invalid terminal-to-running transition fails. Preserve the exact typed-action, plan, approval, budget, receipt and safety requirement through Security Agent Activities and product projections.	production-available
M7A-03	Security Agent plan schema. Deliverable: Add versioned structured plan with ordered typed action steps and bounded rationale summary.	P3,P8	implementation_status_v1.5.md [M7A-03]; implementation_production_availability_v1.5.tsv [M7A-03]; owner=T07-security-agent-authority; production-composed v27 Security Agent authority: versioned typed plans with bounded summaries	Original Verify: Unknown plan version/action shape fails schema validation. Preserve the exact typed-action, plan, approval, budget, receipt and safety requirement through Security Agent Activities and product projections.	production-available
M7A-04	Security action metadata type. Deliverable: Add action metadata fields for input schema, risk class, target types, approval floor, reversibility, idempotency and verification kind.	P3,P8	implementation_status_v1.5.md [M7A-04]; implementation_production_availability_v1.5.tsv [M7A-04]; owner=T07-security-agent-authority; production-composed v27 Security Agent authority: exact action metadata and registry filtering	Original Verify: Registry metadata fixture validates all required fields. Preserve the exact typed-action, plan, approval, budget, receipt and safety requirement through Security Agent Activities and product projections.	production-available
M7A-05	Security Agent Neon migration. Deliverable: Add Organization-scoped `security_agents` table and indexes.	P3,P8	implementation_status_v1.5.md [M7A-05]; implementation_production_availability_v1.5.tsv [M7A-05]; owner=T07-security-agent-authority; production-composed v27 Security Agent authority: tenant-scoped definition tables, indexes, ACLs, and readiness	Original Verify: Migration applies twice safely and RLS/tenant predicate test passes. Preserve the exact typed-action, plan, approval, budget, receipt and safety requirement through Security Agent Activities and product projections.	production-available
M7A-06	Security Agent run Neon migration. Deliverable: Add Organization-scoped run table with immutable trigger/evidence snapshot references and definition version.	P3,P8	implementation_status_v1.5.md [M7A-06]; implementation_production_availability_v1.5.tsv [M7A-06]; owner=T07-security-agent-authority; production-composed v27 Security Agent authority: tenant-scoped immutable-trigger run storage	Original Verify: Cross-Organization read is denied by repository/RLS fixture. Preserve the exact typed-action, plan, approval, budget, receipt and safety requirement through Security Agent Activities and product projections.	production-available
M7A-07	Security Agent step Neon migration. Deliverable: Add run-step table with action, authorization, approval, execution and verification state.	P3,P8	implementation_status_v1.5.md [M7A-07]; implementation_production_availability_v1.5.tsv [M7A-07]; owner=T07-security-agent-authority; production-composed v27 Security Agent authority: ordered unique run-step storage	Original Verify: `(run_id, step_index)` uniqueness prevents duplicate step creation. Preserve the exact typed-action, plan, approval, budget, receipt and safety requirement through Security Agent Activities and product projections.	production-available
M7A-08	Security Agent approval Neon migration. Deliverable: Add approval table with expiry, approver, fresh-auth timestamp and decision.	P3,P8	implementation_status_v1.5.md [M7A-08]; implementation_production_availability_v1.5.tsv [M7A-08]; owner=T07-security-agent-authority; production-composed v27 Security Agent authority: expiring single-decision approval storage	Original Verify: Pending approval cannot be reused after terminal decision. Preserve the exact typed-action, plan, approval, budget, receipt and safety requirement through Security Agent Activities and product projections.	production-available
M7A-09	Security action idempotency table. Deliverable: Add `(organization_id, run_id, step_id, action_key)` idempotency/outcome record.	P3,P8	implementation_status_v1.5.md [M7A-09]; implementation_production_availability_v1.5.tsv [M7A-09]; owner=T07-security-agent-authority; production-composed v27 Security Agent authority: scoped replay receipts and exact prior outcomes	Original Verify: Duplicate execution claim returns prior state instead of executing again. Preserve the exact typed-action, plan, approval, budget, receipt and safety requirement through Security Agent Activities and product projections.	production-available
M7A-10	Security Agent repository create/get. Deliverable: Implement scoped create/get repository methods.	P3,P5,P6,P7,P8	implementation_status_v1.5.md [M7A-10]; implementation_production_availability_v1.5.tsv [M7A-10]; owner=T07-security-agent-authority; production-composed v27 Security Agent API: scoped definition create and detail	Original Verify: Repository test cannot retrieve another Organization's definition. Preserve the exact typed-action, plan, approval, budget, receipt and safety requirement through Security Agent Activities and product projections. Check current scoped creator/approver/delegated-agent authority; retain deterministic product approval floors, fresh auth and transactional revocation fences.	production-available
M7A-11	Security Agent repository list/update/delete. Deliverable: Implement cursor list plus update/soft-delete methods.	P3,P5,P6,P7,P8	implementation_status_v1.5.md [M7A-11]; implementation_production_availability_v1.5.tsv [M7A-11]; owner=T07-security-agent-authority; production-composed v27 Security Agent API: cursor list, update, and soft delete	Original Verify: Disabled/deleted definitions no longer match trigger queries. Preserve the exact typed-action, plan, approval, budget, receipt and safety requirement through Security Agent Activities and product projections. Check current scoped creator/approver/delegated-agent authority; retain deterministic product approval floors, fresh auth and transactional revocation fences.	production-available
M7A-12	Security Agent run repository. Deliverable: Implement create/get/list and compare-and-set state transitions.	P3,P8	implementation_status_v1.5.md [M7A-12]; implementation_production_availability_v1.5.tsv [M7A-12]; owner=T07-security-agent-authority; production-composed v27 Security Agent API and worker: scoped run create, page, detail, and fenced state changes	Original Verify: Concurrent state transition fixture allows one winner. Preserve the exact typed-action, plan, approval, budget, receipt and safety requirement through Security Agent Activities and product projections.	production-available
M7A-13	Security Agent step repository. Deliverable: Implement append/read/update step state methods.	P3,P8	implementation_status_v1.5.md [M7A-13]; implementation_production_availability_v1.5.tsv [M7A-13]; owner=T07-security-agent-authority; production-composed v27 Security Agent worker: stable scoped step append, read, and update	Original Verify: Step ordering is stable and scoped. Preserve the exact typed-action, plan, approval, budget, receipt and safety requirement through Security Agent Activities and product projections.	production-available
M7A-14	Security Agent approval repository. Deliverable: Implement create/list/get/decide approval methods.	P3,P5,P6,P7,P8	implementation_status_v1.5.md [M7A-14]; implementation_production_availability_v1.5.tsv [M7A-14]; owner=T07-security-agent-authority; production-composed v27 Security Agent API: scoped approval page, detail, and fresh-auth decision	Original Verify: Expired or already-decided approval rejects a second decision. Preserve the exact typed-action, plan, approval, budget, receipt and safety requirement through Security Agent Activities and product projections. Check current scoped creator/approver/delegated-agent authority; retain deterministic product approval floors, fresh auth and transactional revocation fences.	production-available
M7A-15	Action registry interface. Deliverable: Add `SecurityAction` registry interface with metadata, validate, execute and verify contracts.	P3,P8	implementation_status_v1.5.md [M7A-15]; implementation_production_availability_v1.5.tsv [M7A-15]; owner=T08-supervised-agent; production-composed action registry exposes only readiness-proven provider actions and autonomy ceilings	Original Verify: Duplicate action key registration fails startup test. Preserve the exact typed-action, plan, approval, budget, receipt and safety requirement through Security Agent Activities and product projections.	production-available
M7A-16	Action: temporary runtime policy metadata. Deliverable: Register `create_temporary_policy` with Monitor/Block-only typed parameters and TTL.	P3,P8	implementation_status_v1.5.md [M7A-16]; implementation_production_availability_v1.5.tsv [M7A-16]; owner=T08-supervised-agent; historical v22 Block-only evidence retained; current OpenAPI/action-details decoder/executor lack full typed Monitor path; policy-family migration must preserve both original modes and prove deployed full contract	Original Verify: Permanent/no-TTL autonomous request fails validation. Preserve the exact typed-action, plan, approval, budget, receipt and safety requirement through Security Agent Activities and product projections.	component-only
M7A-17	Action: temporary runtime policy execute. Deliverable: Execute temporary policy through existing policy service using run/step idempotency key.	P3,P8	implementation_status_v1.5.md [M7A-17]; implementation_production_availability_v1.5.tsv [M7A-17]; owner=T08-supervised-agent; production-composed v22 action worker signs and stores exact tenant-bound temporary runtime policy envelopes	Original Verify: Duplicate call returns same policy ID. Preserve the exact typed-action, plan, approval, budget, receipt and safety requirement through Security Agent Activities and product projections.	production-available
M7A-18	Action: temporary runtime policy verify. Deliverable: Verify signed bundle publication and expected scoped policy state.	P3,P8	implementation_status_v1.5.md [M7A-18]; implementation_production_availability_v1.5.tsv [M7A-18]; owner=T08-supervised-agent; production-composed v22 action worker verifies durable gateway readback before success	Original Verify: Missing/stale bundle yields Inconclusive, not success. Preserve the exact typed-action, plan, approval, budget, receipt and safety requirement through Security Agent Activities and product projections.	production-available
M7A-18a	temporary-control expiry claim. Deliverable: Add scoped repository query/compare-and-set claim for temporary Security Agent controls whose TTL has expired.	P3,P8	implementation_status_v1.5.md [M7A-18a]; implementation_production_availability_v1.5.tsv [M7A-18a]; owner=T08-supervised-agent; production-composed v22 action authority claims expired temporary controls with lease fencing	Original Verify: Two worker fixtures cannot claim the same expired control simultaneously. Preserve the exact typed-action, plan, approval, budget, receipt and safety requirement through Security Agent Activities and product projections.	production-available
M7A-18b	temporary-control cleanup executor. Deliverable: Disable the expired product-native temporary policy/session isolation idempotently through the existing policy service.	P3,P8	implementation_status_v1.5.md [M7A-18b]; implementation_production_availability_v1.5.tsv [M7A-18b]; owner=T08-supervised-agent; production-composed v22 action worker publishes signed empty-policy cleanup envelopes	Original Verify: Repeated cleanup returns the same terminal disabled state without widening scope. Preserve the exact typed-action, plan, approval, budget, receipt and safety requirement through Security Agent Activities and product projections.	production-available
M7A-18c	temporary-control cleanup verifier. Deliverable: Verify the next signed bundle/effective gateway state no longer contains the expired control and record cleanup audit evidence.	P3,P8	implementation_status_v1.5.md [M7A-18c]; implementation_production_availability_v1.5.tsv [M7A-18c]; owner=T08-supervised-agent; production-composed v22 action worker verifies cleanup readback before terminal completion	Original Verify: Missing verification becomes cleanup_failed/Needs human, never silently cleaned. Preserve the exact typed-action, plan, approval, budget, receipt and safety requirement through Security Agent Activities and product projections.	production-available
M7A-18d	temporary-control expiry worker loop. Deliverable: Add bounded periodic expiry scan to `agentsec-worker` using the claim/cleanup/verify path, without a new scheduler service.	P3,P8	implementation_status_v1.5.md [M7A-18d]; implementation_production_availability_v1.5.tsv [M7A-18d]; owner=T08-supervised-agent; production-composed readiness-gated action loop reconciles apply and TTL cleanup across replicas	Original Verify: Expired fixture is cleaned once and future-TTL fixture is untouched. Preserve the exact typed-action, plan, approval, budget, receipt and safety requirement through Security Agent Activities and product projections.	production-available
M7A-19	Action: isolate supported session metadata. Deliverable: Register `isolate_session` as a temporary deny policy for supported gateway sessions.	P3,P8	implementation_status_v1.5.md [M7A-19]; implementation_production_availability_v1.5.tsv [M7A-19]; owner=T08-supervised-agent; production-composed v24 isolate-session metadata is supervised, reversible, and exact-session bound	Original Verify: Target must be one current Organization-scoped session with supported enforcement coverage. Preserve the exact typed-action, plan, approval, budget, receipt and safety requirement through Security Agent Activities and product projections.	production-available
M7A-20	Action: isolate supported session execute/verify. Deliverable: Create scoped session deny and verify gateway decision evidence.	P3,P8	implementation_status_v1.5.md [M7A-20]; implementation_production_availability_v1.5.tsv [M7A-20]; owner=T08-supervised-agent; production-composed v24 action worker applies, verifies, and cleans exact-session isolation while preserving unrelated sessions	Original Verify: Fixture session becomes blocked while unrelated session remains allowed. Preserve the exact typed-action, plan, approval, budget, receipt and safety requirement through Security Agent Activities and product projections.	production-available
M7A-21	Action: run existing test. Deliverable: Register `run_test`/`rerun_test` against an existing TestDefinition.	P3,P4,P7,P8,P10	implementation_status_v1.5.md [M7A-21]; implementation_production_availability_v1.5.tsv [M7A-21]; owner=T08-supervised-agent; Registered controlled-artifact remediation: docs/internal/2026-09-17-existing-test-settlement-checkpoint.md; owned530a5c/052846 and worker race4b6ada pass, verified effect/single audit; runtime/lifecycle/SQL/live gates open. Registered settlement client: docs/internal/2026-09-17-existing-test-settlement-checkpoint.md; worker race7bb3a9 and owned four-mode completed/pending97f197/c021d9 pass, fail-closed evidence only, full composition/live gates open. Settlement candidate docs/internal/2026-09-17-existing-test-settlement-checkpoint.md: grouped owned SQL acceptance and late callback outcome retention; version exhaustion, queued cancellation, client composition and live gates open. Settlement in progress docs/internal/2026-09-17-existing-test-settlement-plan.md: owned actual Node RED58abb9 proves missing guarded settlement42883; design/test reviewed for uncertain crash recovery, replay and independent step/parent states. SQL settlement and passing acceptance absent; component-only/disabled. Client checkpoint docs/internal/2026-09-17-existing-test-client-checkpoint.md: guarded four-operation client with compiled pins, local tokens, scope/receipt/deadline validation; owned actual Node completion and pending registered-client groups plus race/review pass. Settlement/worker-loop/composed artifact/live gates remain open; component-only/disabled. Decoder checkpoint docs/internal/2026-09-17-existing-test-snapshot-decoder-checkpoint.md: guarded snapshot claim identity/expiry, strict decoding, complete-attempt artifact mapping and durable unknown retention; worker/Node race and review pass. DB client/composition/settlement/live gates open, component-only/disabled. Lease checkpoint docs/internal/2026-09-17-existing-test-reconcile-lease-checkpoint.md: bounded scoped registered claim/read/heartbeat/release and post-wait authority/expiry checks; grouped owned DB/actual Node and race acceptance pass, independent review clear. Go wiring/settlement/reconciler/live acceptance open; component-only/disabled. 2026-09-17-existing-test-database-evidence-checkpoint.md: private exact attempt/journal loader and immutable categories; REDd4a90d/a8b004, grouped DB b3ff7c/f52ce6/6f8e15/740098, independent review; component-only, claim/lease wiring and settlement/live gates open; 2026-09-17-existing-test-evidence-checkpoint.md: version-pinned artifact retrieval and strict fail-to-pass comparison; REDb4d510/bf0229/8a5902, grouped race35197f, independent review; component-only, DB attempt binding and settlement/live gates open; 2026-09-17-existing-test-baseline-checkpoint.md: enqueue baseline receipts; RED36e10c/5d41ef, grouped DB cb37ee/e14b6e/ec93e1, final baseline41727f, independent cutoff fix reviewed; component-only, settlement and live gates open; Target-comparison carriage checkpoint (2026-09-17): linked invocation now validates the stored comparison before target I/O, attaches its typed redacted tuple to fresh and replayed HTTP observations, checks replay equality and deep-copies category slices. Raw observation JSON excludes internal provenance. Node and Go artifact validators require exact comparison fields, matching tenant/test/version/target/ordered categories, valid binding identity/digests and consistent tuples across category records. SQL completion matches each artifact tuple to its own durable journal, refusing rehashed endpoint/configuration/safety/credential-binding digest substitutions. RED766f40 (HTTP),3a88fa (Node),ca5f4d (Go) and ownedNodeSQLd95206 preceded implementation. Owned calibration4ec93a pins55 ata9168c37253da88ef7a7299d52048b5459cdc0ce37fd037bf099e84570784142. Final grouped fdaed2/a0f13a/5245bf/ce4916/7d99d3/9039a7 passes actualNodeSQL completion37.67s, registered knownHTTPS17.02s, unknownHTTPS13.72s, journal client20.90s, fingerprint3.30s and release8.43s. HTTP comparison is asserted equal to stored DBJSONB on fresh/replay, with no resend. Actual pinned Promptfoo361bc6 passes v1/v2 pass/fail/engine_error/cancellation36.99s. Initial engine1df2e3 false-positive leak failure came from a repeated test digest matching the test lease; test-only digests now hash descriptive fixture strings, with leak assertions unchanged. Final Node2250bc passes16 tests including per-field duplicate/null/missing/alias cases; worker/actualNode race995de2 passes5.855s; adapter/migrationscf752b pass2.203s/4.898s; repository2a3c63 passes5.449s. Independent review found no Critical/Important findings. These are controlled engine/provider/database proofs, not live provider/S3/IAM/KMS acceptance. Full settlement-time input/output retrieval and native/evaluation identity verification, comparable baseline selection, settlement/reconciler and composed A-D/live gates remain open. M7A-21 stays component-only/disabled. No UI/full release gate, commit or push. Stored target-comparison receipt checkpoint (2026-09-17): started and completed registered journal receipts now return the immutable target_resolution.comparison tuple; the client requires exact15-field comparison shape, scoped tenant/target/kind, valid test/credential IDs and versions, ordered valid unique categories, nonzero digests and endpoint SHA256 matching the actual binding. Canonical JSON is retained on InvocationReceipt. Missing/null/changed/aliased/duplicate fields are refused. RED550997 and owned DB REDdba595 preceded SQL carriage. Review found an invalid assumption equating credential_binding_digest with SHA256(reference); registration0026 defines it as opaque. Distinct registered-style digest REDf53879 reproduced the rejection; the decoder now preserves that digest without inventing its derivation. Reviewer confirmed the Important issue resolved with no new findings. Owned calibration42b83d pins55 atda9775176ea58f8af3ddfef6ee719bb5c2963a62b9ef469e6ef43acb35c8e95a. Grouped646f7f/baf315/2bbfa0/23d2ca passes completion36.78s, real registered journal client20.59s, fingerprint3.22s and release8.24s. SQLJSONB equality asserts returned tuple equals the stored row; replay preserves canonical identity. Adapter race181326 passes2.030s; migrations0dc1c3 passes4.690s; worker/Node528b12 passes5.685s. This is the source-receipt part of the active comparison batch: HTTP observation, Node/native artifact carriage, DB completion comparison binding, baseline/settlement/reconciler and A-D/live gates remain unfinished. No activation, production promotion, UI/full release gate, commit or push; M7A-21 stays component-only/disabled. Concrete artifact readback checkpoint (2026-09-17): inspection confirmed production s3driver.Put already reads back the exact returned object version via HEAD/GET and validates scoped metadata, owner, KMS, content length and checksum; no redundant network read was added. Runner receipt validation now also requires application/json and exact returned body bytes for input and output. RED7c9651 reproduced acceptance of missing/changed body or wrong media type. The actual Node runner contract now uses the real artifactstore and S3 driver with controlled provider responses, requires both scoped/version/owner-pinned GETs and compares returned completion bytes with uploaded output. Worker/actual Node race2c4b37 passes5.542s; artifactstore and s3driver race3d8507 pass1.518s/1.423s. Independent review found no Critical/Important issues. These are controlled-provider retrieval proofs, not live S3/IAM/KMS acceptance or later settlement-time retrieval. Full target-comparison artifact identity, comparable baseline selection, settlement/reconciler and composed A-D/live acceptance remain open. SQL55 unchanged; M7A-21 remains component-only/disabled. No UI/full release gate, commit or push. Actual producer/SQL contract checkpoint (2026-09-17): the owned completion fixture can invoke Node via ZASP_LINKED_FINISH_NODE and ZASP_LINKED_FINISH_RUNNER, using database-read scoped run/definition/target identities. Actual product configuration, summary and native-artifact producers now feed full bundle bytes unchanged into registered SQL completion for pass, fail and adapter503/engine_error. Owned run06aa1b/27260c passes all four action/autonomy cases37.21s; repository race0f524f passes5.024s. A response-digest tampering test now targets the response_digest key exactly; its prior broad replacement modified the input-artifact checksum, so prior evidence did not independently prove that negative case. New run proves the corrected rejection. Initial attempt22b402 failed before Node execution because the PostgreSQL image lacked the pinned runtime's musl loader; file/ldd identified dependencies, then three libraries copied from the pinned Promptfoo image were mounted read-only. All task-created extraction containers were removed. Production source and SQL55 pin are unchanged. This closes actual Node-produced shape acceptance by SQL, not real engine execution, live storage receipt/retrieval, full native/target identity validation or baseline/settlement/reconciliation. M7A-21 remains component-only/disabled. No full release/UI gate, commit or push. Exact-artifact completion checkpoint (2026-09-17): runner and linked runtime now carry the exact uploaded evidence bytes into the registered 21-argument completion call. Go rejects absent, oversized, malformed or checksum/size-mismatched bytes before database access. SQL independently checks byte length/SHA256, rejects duplicate JSON keys/depth overflow, binds bundle summary/input/run to completion, and matches ordered category observations, credential-version and response digests, HTTP status and protected flags to its durable journal. Engine errors remain inconclusive. RED d454a8 and owned DB RED800545 preceded implementation. Owned calibration11f16a pins55 at56f48f130e76b6725b6ded05527b84f3ebfcb7b49f98e186f54e712516691157. Final grouped owned dd1e15/a8f42b/e50c71/9e4f3d passes cancellation27.75s, completion36.92s across four action/autonomy modes, fingerprint3.27s and release8.37s. Rehashed credential/response/category/protected substitutions, wrong byte size and duplicate keys are refused without persisted mutation. Repository raceec51ed passes4.854s; actual Node/worker race556833 passes5.543s and asserts returned bytes equal the upload body; migrations44c24c passes4.791s. Independent review reconfirmed zero Critical/Important findings. The DB fixture uses a controlled minimal native document: actual Node-produced bundle acceptance by SQL, full native/target-comparison identity, immutable storage retrieval, baseline/settlement/reconciler and A-D/live acceptance remain open. M7A-21 remains component-only/disabled; no fresh UI build/full release gate, commit or push. Credential artifact-carriage checkpoint (2026-09-17): authenticated linked adapter responses now include an explicit credential_version_digest from the completed journal observation; missing/nonzero-format failures are refused. Raw observation JSON still excludes internal provenance, target requests do not receive version identity, and no credential reference/secret bytes are exposed. Node's exact-key linked parser and Go native-artifact verifier require the digest and retain it with each category in v2 evidence; missing/null/zero/aliased/duplicate values are refused, legacy v1 is unchanged. Node REDecbcfb and GoRED0a47b2 preceded implementation. Nodee33063 passes14 tests; final worker race0c0f03 passes5.836s with actual Node producer/Go consumer across configured categories; adapter race8d1d82 passes1.883s. Actual pinned Promptfoo334bbb passes v1/v2 pass/fail/engine_error and cancellation38.39s against controlled TLS. Owned registered DB/HTTPS508a3c passes known17.80s and unknown14.15s with exact digest retained on durable replay and no resend. Independent review found no Critical/Important issues. This is evidence carriage, not proof that an arbitrary artifact's digest matches the database: completion/settlement cross-checks, full target-comparison tuple in artifacts, baseline selection, reconciler and A-D/live acceptance remain open. SQL55 pin7b26bd267f843e701cbcb6cfcdfceb5bbcaa387c84ab05077578f074aa4a7679 unchanged; previous DB release group remains separate evidence. M7A-21 stays component-only/disabled. No fresh UI build/full release gate, commit or push. Durable credential-journal checkpoint (2026-09-17): completed invocation rows now require a non-null32-byte nonzero credential-version digest; started/unknown rows requireNULL and never invent provenance. The unpublished55 guarded completion entrypoint accepts the digest, stores it atomically with the response and refuses a changed digest on replay. Completed receipts return it; Go validates exact13-field terminal shape, digest format and submitted/acknowledged identity, and sends14 completion arguments. Missing/null/zero/duplicate/aliased/substituted receipts fail closed; old unversioned terminal receipts cannot become comparable evidence. Invalid-client REDecd0cf and owned DBRED8c5281 preceded implementation. Controlled source signing digest now reaches real registered database completion/replay; direct persisted-value assertions and conflicting-version refusals pass. Owned calibration4fdda4 pins55 at7b26bd267f843e701cbcb6cfcdfceb5bbcaa387c84ab05077578f074aa4a7679. Grouped owned7659f8/db7ae9/eb5335/4722a4 passes claim47.83s, HTTP5.20s, known HTTPS17.12s, unknown HTTPS14.44s, legacy8.50s, terminal8.58s, journal client20.59s, fingerprint3.25s and release8.12s; affected cancellation7c5f9e28.93s and finish083e2636.85s pass. Adapter racea0613b passes2.007s, repository3a22b4 passes5.059s, migrationsb4720c passes4.651s. Independent review found no Critical/Important issues. Registered-role ACL/private-core restrictions, scoped lease/request/category association and late-known completion remain intact. These are controlled component/HTTPS/DB proofs, not deployed-provider proof. Artifact association, full comparable baseline/settlement, reconciliation and A-D/live acceptance remain open. Update55 and coordinated clients before rollout; M7A-21 stays component-only/disabled. No fresh UI build/full release gate, commit or push. Credential-source checkpoint (2026-09-17): Secrets Manager resolver now requires bounded printable32..64 returned VersionId and derives a domain-separated SHA256 over credential reference plus that exact version from the same response as signing bytes. Missing/malformed version metadata fails closed and clears provider bytes. Credential material copies signing bytes and version digest under the destruction lock; Destroy removes both. Authorization and successful HTTPS observation retain the digest internally with json exclusion; no target header or public response field exposes version identity. API RED54c036/7756bf preceded implementation. Controlled rotation fixtures assert independent digest literals and exact HMACs; local TLS verifies actual invocation attribution, header non-disclosure, JSON exclusion and post-destruction refusal. Full redteamadapter race68ceb6 passes1.927s. Independent review found no Critical/Important issues; its JSON/destruction Minor coverage was added. This is in-memory provenance only: the journal/artifact formats do not yet retain this digest, old replay is unversioned, and no baseline/remediation proof is claimed. Durable credential association, full comparison tuple, reconciliation and A-D/live acceptance remain open. SQL55 pin424eec2de02e3a0506f3b505663d623d38641511c07daa66bee997767d010810 unchanged; no database or UI release rerun claimed. M7A-21 stays component-only/disabled; no full release gate, commit or push. Adapter composition checkpoint (2026-09-17): production adapter now composes exact legacy /v1/evaluate and linked /v1/linked/evaluate paths. Linked resolution and invocation use the same pinned Postgres journal; no fallback or redirect on failure. Startup and recurring probes require legacy readiness plus exact55 readiness and registered adapter principal. Journal Ready API RED89091b and composition API REDd60cea preceded implementation; registered DB readiness REDd4c7a2 drove only a read-only client_ready grant to zasp_red_team_adapter, with grant-revocation drift coverage and no private-core grants. Owned calibration70fbc7 yields compiled55 pin424eec2de02e3a0506f3b505663d623d38641511c07daa66bee997767d010810. Grouped owned233eae/b2af64/43e792/626505/bf2e13 passes HTTP4.80s, known HTTPS16.21s, unknown HTTPS13.63s, legacy8.07s, journal client20.60s, fingerprint3.36s and release/rollback8.60s. Actual adapter composition child passes all four registered-login cases8428ec22.19s; strengthened owner-denial connection/context control8bd42b passes8.58s. Component racee45dd9 passes adapter1.774s/journal1.743s; final adapter race3d5b8d passes1.945s; migrations7693c6 passes4.476s. Loopback TLS sandbox refusalb4e51e was retried with scoped permission, not treated as a test pass. Independent review found no Critical/Important issues; invalid-path no-redirect/no-DB and owner-control Minor feedback was addressed. Release55 must precede the worker/adapter rollout with coordinated rollback. This proves controlled protocol composition and database/HTTPS boundaries, not deployed-cloud or complete end-to-end execution. Reconciliation, full artifact/actual secret-version association and A-D/live acceptance remain open. M7A-21 stays component-only/disabled. No fresh UI build/full release gate, commit or push. Worker routing checkpoint (2026-09-17): production execution composition now selects a dual-protocol repository using persisted scoped database classification for each operation; outbox composition is unchanged. Unknown protocol/query errors never fall back. Linked retry/legacy cancellation are refused; distinct linked cancellation remains explicit. Controlled constructor/RunOnce terminal-delivery and mutation-routing tests cover both protocols and commit-ack failures. Registered PostgreSQL child initially failed (526c4b); diagnostics a154e3 showed recovery readiness true, then identity assertion78ce3a proved the child connected as owner zasp_e2e because pgx ConnString retained the original DSN after ConnConfig.User changed. The fixture now connects directly as existing_test_red_worker and asserts session_user; no production readiness checks or grants were weakened. Final owned registered-worker group b4a2c0 passes all four supervised/autonomous run/rerun cases in10.91s, including real router construction, artifact readiness and linked/legacy reads. Worker race7c68d6 passes5.738s with Node enabled. Independent follow-up review found no Critical/Important findings. Release55 pin8f0fd342aa1ea24c593fbf070ddb84887957ef92b91c9fd1adcb8a6a7d704e00 is unchanged; migrate before worker rollout and coordinate rollback. This is component evidence, not full production execution: adapter production composition, reconciliation, full artifact/actual secret-version association and A-D/live acceptance remain open. M7A-21 remains component-only/disabled. No fresh UI build/full release gate, commit or push. Worker protocol-selection checkpoint (2026-09-17): SQL RED7a3800 and Go API RED112a15 drove a read-only scoped worker_protocol function and strict RunProtocol client. Classification uses the persisted scoped run/link, not queue input; only registered Red Team workers with exact55 pins can read linked/legacy. Unknown/foreign runs, null/malformed inputs, stale pins and unregistered roles fail; client duplicate/alias/null/extra/trailing/oversize values never select legacy. Classification grants no lease; actual legacy/linked mutation fences remain mandatory against races. Real Go-client fixtures prove both protocols and unchanged run state. Initial grouped7569a3/2ce519 failed because a fixture-only dispatch grant was still present; the test now asserts55000 for that drift and revokes it before client construction. No production permission was widened. Final owned grouped03e2b6/f8fc30/5f1ee3/1ca498/5a50fb/073028 passed cancellation28.20s, finish35.56s, claim/heartbeat47.03s, HTTP4.78s, known HTTPS16.02s, unknown HTTPS13.51s, legacy8.02s, journal client20.11s, fingerprint3.24s and release8.20s. Repository race14a48e passed4.937s; migration race327dff passed4.940s; worker race4a244b passed4.606s with Node enabled. Independent source and fixture-correction reviews found no Critical/Important issues. Owned calibration848cc0 pins55 at8f0fd342aa1ea24c593fbf070ddb84887957ef92b91c9fd1adcb8a6a7d704e00. Production still composes the legacy repository: dual-protocol routing/composition, reconciliation, full artifact/secret-version association and A-D/live acceptance remain open. These are controlled component fixtures, not production execution proof. M7A-21 stays component-only/disabled; unchanged UI inputs were not rebuilt this batch, and no full release gate, commit or push occurred. Linked worker cancellation checkpoint (2026-09-17): missing-client RED04de4e and processor RED7783d7 drove CancelLinkedRedTeamRun plus explicit cancellation finalization. The client validates exact bounded outer/nested JSON, run/outcome consistency, positive attempt and cancellation flag, exact scope/input/raw lease and release55 pins; malformed responses cannot convert uncertainty to confirmed cancellation. A distinct optional worker method prevents legacy fallback. Only a valid nonrenewed cancellation heartbeat under the last confirmed live lease stops execution and enables finalization after joined heartbeat work. Finalization retains root shutdown and min(last lease,5s); lease loss, generic failure, contradictory heartbeat, missing capability and failed acknowledgement stay unacknowledged. Matching durable cancelled or failed/outcome_unknown permits queue acknowledgement without claiming external rollback. Unit clientc935a6 passed2.683s; actual Go client/registered DB cancellationb8e92c passed25.30s. Final grouped repository raceafda41 passed4.631s and worker race526098 passed4.595s with Node enabled, including renewal-before-cancellation and no-legacy-capability coverage. Independent client/lifecycle/final-delta reviews found no Critical/Important findings. Linkerfc6601 hit disk exhaustion; only the owned generated Go cache was cleared, recovering about35GB, then tests rebuilt successfully. SQL55 pin94433fa087b9a7a23bc11a796aeadc18ac86282508b637a41b4088ab3c064a0c and UI inputs are unchanged; previous database release group and UI build remain separately recorded, not rerun claims. These are controlled boundaries/DB fixtures, not a composed production worker or live-provider proof. Production selection, linked retry/reconciliation, full artifact/secret-version association and A-D/live gates remain open. M7A-21 stays component-only/disabled; no full release gate, commit or push. Linked cancellation checkpoint (2026-09-17): shared private SQL cancellation preserves journal history and records before-execution, partial-execution or outcome_unknown classification. Human HTTP cancellation retains version/idempotency/audit semantics and works after parent lease expiry; exact-lease worker cancellation requires a requested cancellation. Unknown execution stays failed/outcome_unknown, never confirmed cancelled. Go/web validators now consume that bounded shape; consumer RED8dceac/35542e and DB RED084bf3/8ecd7b exposed rejection, nullable receipt and post-write expiry defects. Explicit outcome/time pairing and original-lease post-check now enforce rollback. Owned grouped20082b through ae81f9 passed cancellation26.45s, finish35.02s, claim/heartbeat45.02s, HTTP5.20s, known HTTPS13.60s, unknown HTTPS11.07s, legacy5.25s, journal client17.65s, fingerprint3.45s and release8.36s. Real HTTP->repository->registered DB, persisted reads, replay/no duplicate audit, late completion without erased uncertainty, private grants and rollback identity are covered. Repository race69767a passed3.974s; migrations967bc0 passed5.410s; web719a4a passed52 tests. UI builda8aca4 and compiled import985629 passed. Independent consumer and SQL reviews found no Critical/Important issues; explicit unlinked human cancellation positives remain a Minor coverage opportunity. Controlled calibration482670 pins55 at94433fa087b9a7a23bc11a796aeadc18ac86282508b637a41b4088ab3c064a0c. These are component fixtures, not live execution. Worker cancellation client/processor integration, reconciliation, immutable artifact/actual secret-version association, production composition and A-D/live acceptance remain open. M7A-21 stays component-only/disabled. Full release/advisory authorization remains open; no commit or push. Linked completion checkpoint (2026-09-17): SQL RED55edf2 and Go API RED1ce68f drove a pinned registered-worker finish wrapper and strict Go client. Completion holds parent-before-child/current lease and pinned target authority; every journal row must match attempt/input/lease/target/category. Pass/fail requires all configured categories completed with HTTP200 and exact ordered evidence, aggregate verdict and objective/behavior. Engine error remains inconclusive and preserves unresolved starts. Private predecessor persistence retains immutable input/output artifact receipts; post-write readiness plus original lease and parent deadline checks roll back expired writes. The Go client sends raw lease bytes/exact release pins, requires input receipt, and rejects duplicate/aliased/null/extra/mismatched response fields. Real Go-to-SQL completion tests cover pass, mixed three-category fail, engine-error uncertainty and observed INSERT waits crossing lease/budget with unchanged run/attempt/journal; snapshots are ordered. Final owned group53742f/1dc03b/ddc014 passes finish33.53s, claim/heartbeat45.08s, HTTP5.07s, known HTTPS13.26s, unknown HTTPS10.83s, legacy5.06s, journal client17.32s, fingerprint3.41s and release7.88s. Exact repository race092d0e passes4.440s, full migration race4.425s, worker racee65e93 passes3.362s with Node enabled. Independent review has no Critical/Important findings. Calibrationb1004b pins55 at98c44a65fe04073bda1e26c243128555ad0be7cb5e04c8d61e0ccf0c00959470. Initial SQL CASE parse failure4d21a2 was fixed; an over-broad local selector652165 attempted host initdb and failed shared-memory setup, which is not verification evidence and caused no host-service/shared-memory cleanup. Final database evidence comes from the owned offline container. Artifact references here are controlled receipts, not live uploads/content retrieval. Full artifact comparison/secret-version association, linked cancellation/reconciliation, production composition and A-D/live acceptance remain open. M7A-21 stays component-only/disabled; no UI release gate, commit or push. Linked processor checkpoint (2026-09-17): behavioral REDd9ac63 exposed dropped claim version and legacy retry handling. The processor now routes exact red-team-v2 claims to a separate linked lifecycle, propagates evidence version to Run, rejects unknown versions/expired leases, and leaves reconcile_required unacknowledged. A deadline monitor stays active during serialized heartbeat I/O; only valid live renewal plus queue visibility success replaces the prior local deadline. Visibility uses whole seconds rounded down to the DB expiry. Run errors, cancellation, missing input evidence and lease loss never call legacy retry/cancel or acknowledge; completion uses the live cancellation context and only acknowledged durable completion permits queue acknowledgement. Initial focused racef7d6c5 passes2.964s; final grouped worker race82e154 passes3.500s with explicit Node contract enabled. Seventeen controlled-boundary cases include renewal past initial expiry, deadline before first heartbeat, blocked heartbeat, malformed/contradictory expiry, visibility failure, missing input artifact, failed completion acknowledgement and deadline-blocked finish. Independent re-review has no Critical/Important findings. Authority/queue/runner lifecycle boundaries are controlled here, not actual database finish, external cancellation or live execution. Production still composes the legacy repository; linked database completion/cancellation/reconciliation, full artifact comparison and exact secret-version association, A-D acceptance and live gates remain open. M7A-21 stays component-only/disabled; no UI release gate, commit or push. Linked runner-input checkpoint (2026-09-17): API REDb1ddd2 and behavioral REDab81ae exposed missing version selection. Explicit red-team-v2 execution requests now persist v2 input with the configured immutable runner-image digest and invoke the same fixed adapter host at /v1/linked/evaluate. Empty version preserves v1; unsupported values fail before artifact persistence/execution. Actual Run feeds actual Node configuration/summary/native producers and the Go bundle verifier across six mixed-verdict categories, preserving the image and excluding authority secrets. Controlled command/storage and native responses are not live engine, provider, upload or image-attestation proof. Initial grouped882583 caught fixture output permissions; the fixture now uses the real producer's exclusive0600 files. Final grouped worker racec19c71 passes2.430s with ZASP_TEST_NODE explicitly enabled. Independent review has no Critical/Important findings. Production processor still does not propagate/select linked claims: deadline-aware execution, finish/cancel/reconciliation, exact secret version, comparison settlement and A-D/live gates remain open. M7A-21 stays component-only/disabled. No fresh UI release gate, commit or push. Linked heartbeat 2026-09-17: SQLRED3fa587; actual Go renewal/cancellation-report/expiry-race/journal-drift tests PASS DB83a127/7e76dd; repository racedf1ede, worker8dcd4c, migrationcdd3a5 PASS; independent review clean; pin2ca53c90989ce66033d5cbf0b701b3fb925187fa2d5ed1d0a5f10f674d64309d. Production selection/deadlines, completion/cancellation/settlement/live gates open; disabled/unshipped. Go linked claim client 2026-09-17: strict v2/pinned decoder; real registered Go->SQL claims/reclaims/reconcile/ack PASS DBbb28d7/94436d; REDac90b7 readiness/retry fixes; repository racebd4cf7, worker race087bc7, migration race79b389 PASS; independent review clean; pinf78810f52a3383e678dde93bfda17c99509a8aabb8adb5be337b7d2c158e78d0. Production selection/lifecycle/settlement/live gates open; disabled/unshipped. Linked claim 2026-09-17: REDc78ae5/f1cefd; registered worker lease+budget+reclaim/reconcile/terminal ack component verified in grouped offline DB047884/5930b8/cd03dc; migration racece24bb PASS; review issue fixed/re-review clean; pin0bc4e09fbec8b4b99b78b2074dddddd69105cc3feebd8ae1d47ec522ad63fd02. Go selection/lifecycle/settlement/live gates open; disabled/unshipped. Completion fence 2026-09-17: RED1d8512; valid linked receipts refused with run/attempt unchanged, unlinked completion/input retention PASS; grouped owned DBa83e5d/9055bc and migration raceb40f9a PASS; independent review clean; pin af585ed5f4d96c5ada4b853916429c1919e6a9f952a94c30ac7a20e01b6248fd. Linked execution/settlement/live gates open; unshipped. Lifecycle fence 2026-09-17: RED8ea3ff; heartbeat/cancel linked refusal plus unlinked positives; grouped owned PostgreSQL7e143e/fedc60/5b5b58/56ad42/b467c1 PASS incl rollback/drift; migrations race9ee60c PASS; independent review clean; pin9faacbb4fbdb27ebaa6be1f0efec3db753a6350f0d351e9262188a56dbe0b4a9. Finish fence and linked protocol/settlement/live gates still open; unshipped. 2026-09-17 image declaration: same-image Helm env+required immutable runtime config, v2 input/identity digest validation, REDb90d84/8b8472/5fd17b/27dd39; Node16/render65090f, Go race2e88a6, controlled enginece48c5 and full release-render89db18(45) pass; review no Critical/Important. Non-Helm must supply ZASP_RED_TEAM_RUNNER_IMAGE. Config-to-v2-input, deployed-image attestation, secret-version and DB/artifact association remain open; linked disabled/component-only. 2026-09-17 linked evaluation identity: RED814134/162b96; Node16-test30e63d, actual pinned engine2fd89939.08s and Go race9342e42.464s pass, including explicit all6-category actual Node-to-Go producer/consumer contract and reordered identity refusal. Exact engine/pack/check/prompt/assertion identities retained/verified; independent review no Critical/Important. Built image, actual secret version and DB/artifact association still open; linked component-only disabled. 2026-09-17 scoped test/safety snapshot: RED ce8da6 fixed; exact scope/test/version/target, ordered categories and safety hash join prior comparison fields; direct stored identity and immutable drift refusal checks pass. Grouped DB/TLS/release e46f4b and migration race db1756 pass; independent review no Critical/Important. Compiled55 pin844aa23ab89501c6c5da3864be6c6368d0c58c66f3104029a6c39aae861e2261. Engine/image/check/secret/artifact association and linked integration gates remain; component-only disabled. 2026-09-17 target/credential comparison pin: RED fac0d2 rotation reuse fixed; durable endpoint/config hashes and credential ID/version/digest reject drift; final four-mode TLS a0f670 passes13.08s, grouped DB compatibility/fingerprint/rollback6ffd6d passes and migration race f540f0 passes. Independent review no Critical/Important, immutable-row assertions added. Compiled55 pin371e8aa7e93e59c44105ee0a1230c488feb8dedd423b0a5cf1c4b9b87fb3f259. Actual secret-version coupling and remaining full tuple/integration gates open, linked disabled. 2026-09-17 handler/DB/TLS component integration b420fb/afab09 passes known11.03s/unknown10.37s: exact scoped/auth/lease refusals, safe redacted HTTP envelope, committed-start and lost-ack replay; malformed response remains started and never resends across fresh handler/DB connection. Independent review no Critical/Important; exact-field Minor addressed. Controlled fixture, not production/live proof; component-only disabled. 2026-09-17 DB-to-HTTPS component proof afd8fb: four real registered journal/TLS cases, committed start before target response, lost-completion-ack and fresh DB connection replay exactly one request; adapter race fd59bd passes; independent review no Critical/Important. Seeded discovery/lease and controlled transport/credentials, not full process restart or worker-handler/live proof. 2026-09-17 linked Node-v2/Go artifact component checkpoint: Node 15-test d28f1e and Go race 937470 pass; duplicate/case-alias regression RED ca83b6 fixed; pinned controlled engine proof 9e31df verifies v1/v2 outcomes, v2 cancellation and serialized exact calls. Summary duplicate regression RED eba987 fixed with shared v2 decoder; positive pass/adapter503/absent-native cases pass; independent re-review has no Critical/Important component findings. Launcher still v1; linked disabled; no DB-to-HTTPS/live proof or production promotion. 2026-09-16-security-agent-existing-test-authority.md; linked handler RED4ef5d2 repaired. Separate /v1/linked/evaluate requires exact authenticated/scoped request and journaled invocation, returns versioned redacted observation only. Controlled journal+owned TLS verifies fresh/replay one request, lost ack, unknown no resend and malformed/auth refusal. Adapter race9d331b1.999s; owned runtime0dd5ec/93efb7 config/concurrency0.49s/commit0.41s/shutdown0.44s pass. Independent review no blockers. Production still uses legacy handler: linked route NOT enabled. SQL pin remains3ef421c5120ccc443d06411894152a564b646cd562157addcef536d4f724bebf. Worker response compatibility, live composition, real DB-to-HTTPS counting, full comparison, claim/retry/cancellation/settlement and A-D acceptance open. No UI gate, push or promotion.; Stopped queued cancellation: docs/internal/2026-09-17-existing-test-stopped-cancellation-plan.md; owned75577 normal+stopped four modes each PASS bb9020; leased/direct-cancel/expiry/runtime/live gates OPEN; component-only disabled unshipped; Stopped leased cancellation: docs/internal/2026-09-17-existing-test-stopped-cancellation-plan.md; owned22034 direct+stopped four modes each PASS 10cfaa/10e97b; blocked-write expiry rollback and late unknown preservation; retryable/drift/leased-composition/exhaustion/runtime/live OPEN; Cancellation retry/drift: docs/internal/2026-09-17-existing-test-stopped-cancellation-plan.md; owned20833 direct+stopped leased/retryable all4each PASS c47ebd/fd3d63; worker race5a370d PASS; leased-composition/exhaustion/runtime/live OPEN; Generation fencing: docs/internal/2026-09-17-existing-test-generation-plan.md; owned48778 rollover and50482 max settlement/expired replay PASS; worker644861 migration654885 race PASS; UI build88795a PASS only; runtime/restart/live OPEN; component-only disabled unshipped; composed-stop checkpoint 2026-09-17-existing-test-composed-stop-checkpoint.md: owned80184 all12 mode cases PASS, runtime/restart/live gates open	Original Verify: Action cannot create arbitrary new target/prompt content. Preserve the exact typed-action, plan, approval, budget, receipt and safety requirement through Security Agent Activities and product projections. Keep the specialized existing-test, Attack Lab, export or signed-handoff lifecycle and external evidence; do not widen single-step adapters without equivalent safety and settlement proof.	component-only
M7A-22	Action: start Attack Lab verification. Deliverable: Register `start_attack_lab` only for a preflight-approved non-production/test target.	P3,P4,P7,P8,P10	implementation_status_v1.5.md [M7A-22]; implementation_production_availability_v1.5.tsv [M7A-22]; owner=T08-supervised-agent; security-agent-attack-lab-20260918/task-3/report.md: connected exact-test57 workflow, both distinct operator floors, bounded runtime readiness, controlled mounted API/database/worker/reconciler browser12, restart/lost-reply recovery, public stop/cleanup, unavailable source and zero-effect negatives pass; independent affected review passes; live provider scope/canary, hosted CI/advisory and production acceptance remain open	Original Verify: Production-write target fails before job enqueue. Preserve the exact typed-action, plan, approval, budget, receipt and safety requirement through Security Agent Activities and product projections. Keep the specialized existing-test, Attack Lab, export or signed-handoff lifecycle and external evidence; do not widen single-step adapters without equivalent safety and settlement proof.	component-only
M7A-23	Action: evidence export. Deliverable: Register `create_evidence_export` using existing export service.	P3,P4,P7,P8,P10	implementation_status_v1.5.md [M7A-23]; implementation_production_availability_v1.5.tsv [M7A-23]; owner=T08-supervised-agent; security-agent-export-20260919/restart/final-report.md, storage-matrix/README.md and cleanup-process/final-report.md: release58 controlled public setup through native downloads, A-H process-loss recovery, registered grant/revocation/concurrency, corruption, exact-version deletion, cleanup-worker loss/retry/accounting and true second-Organization stored-artifact isolation pass independent review; multi-step, live-provider/deployment and prerequisite SHIP gates remain	Original Verify: Export references only run-scoped evidence IDs. Preserve the exact typed-action, plan, approval, budget, receipt and safety requirement through Security Agent Activities and product projections. Keep the specialized existing-test, Attack Lab, export or signed-handoff lifecycle and external evidence; do not widen single-step adapters without equivalent safety and settlement proof.	component-only
M7A-24	Action: signed webhook handoff. Deliverable: Register `send_response_webhook` using configured allowlisted webhook destination.	P3,P4,P7,P8,P10	implementation_status_v1.5.md [M7A-24]; implementation_production_availability_v1.5.tsv [M7A-24]; owner=T08-supervised-agent; 2026-09-18-security-agent-action-runtime-gap.md: dependent action disabled; configured-destination authority and durable signed acknowledgement/restart acceptance remain	Original Verify: Arbitrary URL argument is rejected; payload is redacted and signed. Preserve the exact typed-action, plan, approval, budget, receipt and safety requirement through Security Agent Activities and product projections. Keep the specialized existing-test, Attack Lab, export or signed-handoff lifecycle and external evidence; do not widen single-step adapters without equivalent safety and settlement proof.	component-only
M7A-25	Action: finding response metadata. Deliverable: Register safe finding assignment/status-note action without closing/marking safe.	P3,P7,P8,P10	implementation_status_v1.5.md [M7A-25]; implementation_production_availability_v1.5.tsv [M7A-25]; owner=T08-supervised-agent; historical21 status-only proof retained; 2026-09-24-temporal-finding-response-report.md has local78 full-contract evidence; 2026-09-24-temporal-finding-response-fix1-review.md accepts scoped corrections; 2026-09-24-temporal-finding-human-native-review.md accepts local supervised human-native execution; current worker authority/deployed verification still open	Original Verify: Planner cannot set finding to Resolved/Safe. Preserve the exact typed-action, plan, approval, budget, receipt and safety requirement through Security Agent Activities and product projections.	component-only
M7A-26	Action: supported connection revoke metadata. Deliverable: Register `revoke_integration_connection` only when connector capability declares support; mark mandatory approval.	P3,P8	implementation_status_v1.5.md [M7A-26]; implementation_production_availability_v1.5.tsv [M7A-26]; owner=T08-supervised-agent; production-composed v23 connector-revoke metadata is admin-approved, irreversible, and provider-capability filtered	Original Verify: Unsupported integration does not expose action. Preserve the exact typed-action, plan, approval, budget, receipt and safety requirement through Security Agent Activities and product projections.	production-available
M7A-27	Action: supported connection revoke execute. Deliverable: Execute through IntegrationCredentialBroker after approved step.	P3,P8	implementation_status_v1.5.md [M7A-27]; implementation_production_availability_v1.5.tsv [M7A-27]; owner=T08-supervised-agent; production-composed v23 worker dispatches exact supported GitHub and Okta connection revocation through the durable reconciler	Original Verify: No approval token means no broker revoke call. Preserve the exact typed-action, plan, approval, budget, receipt and safety requirement through Security Agent Activities and product projections.	production-available
M7A-28	Action: supported connection revoke verify. Deliverable: Re-read connection state and classify revoked/unknown.	P3,P8	implementation_status_v1.5.md [M7A-28]; implementation_production_availability_v1.5.tsv [M7A-28]; owner=T08-supervised-agent; production-composed v23 authority verifies terminal connector state before remediating the run	Original Verify: Provider timeout yields Inconclusive. Preserve the exact typed-action, plan, approval, budget, receipt and safety requirement through Security Agent Activities and product projections.	production-available
M7A-29	Built-in template registry. Deliverable: Add versioned template registry abstraction.	P3,P8	implementation_status_v1.5.md [M7A-29]; implementation_production_availability_v1.5.tsv [M7A-29]; owner=PROD-current-composition; audited shipped composition: Built-in template registry	Original Verify: Template IDs and default action sets are stable in golden test. Preserve the exact typed-action, plan, approval, budget, receipt and safety requirement through Security Agent Activities and product projections.	production-available
M7A-30	Suspicious Egress template. Deliverable: Add trigger/scope/action defaults for suspicious egress response.	P3,P8	implementation_status_v1.5.md [M7A-30]; implementation_production_availability_v1.5.tsv [M7A-30]; owner=PROD-current-composition; audited shipped composition: Suspicious Egress template	Original Verify: Default has temporary block, evidence handoff and verification, no destructive provider action. Preserve the exact typed-action, plan, approval, budget, receipt and safety requirement through Security Agent Activities and product projections.	production-available
M7A-31	Credential Exposure template. Deliverable: Add credential exposure responder defaults.	P3,P8	implementation_status_v1.5.md [M7A-31]; implementation_production_availability_v1.5.tsv [M7A-31]; owner=PROD-current-composition; audited shipped composition: Credential Exposure template	Original Verify: Connection revoke, if available, is approval-required. Preserve the exact typed-action, plan, approval, budget, receipt and safety requirement through Security Agent Activities and product projections.	production-available
M7A-32	Prompt/Tool Injection template. Deliverable: Add Verified-test/path responder defaults with temporary Block plus re-test.	P3,P8	implementation_status_v1.5.md [M7A-32]; implementation_production_availability_v1.5.tsv [M7A-32]; owner=PROD-current-composition; audited shipped composition: Prompt/Tool Injection template	Original Verify: Template verification condition requires the linked risk to become Blocked/Not Reproduced for expected reason. Preserve the exact typed-action, plan, approval, budget, receipt and safety requirement through Security Agent Activities and product projections.	production-available
M7A-33	Repeated Policy Violation template. Deliverable: Add repeated high-risk runtime decision responder defaults.	P3,P8	implementation_status_v1.5.md [M7A-33]; implementation_production_availability_v1.5.tsv [M7A-33]; owner=PROD-current-composition; audited shipped composition: Repeated Policy Violation template	Original Verify: Trigger is bounded by agent/session/time window. Preserve the exact typed-action, plan, approval, budget, receipt and safety requirement through Security Agent Activities and product projections.	production-available
M7A-34	Shadow Agent Triage template. Deliverable: Add non-destructive triage responder defaults.	P3,P8	implementation_status_v1.5.md [M7A-34]; implementation_production_availability_v1.5.tsv [M7A-34]; owner=PROD-current-composition; audited shipped composition: Shadow Agent Triage template	Original Verify: Allowed actions contain no Block/revoke by default. Preserve the exact typed-action, plan, approval, budget, receipt and safety requirement through Security Agent Activities and product projections.	production-available
M7A-35	Trigger matcher: finding. Deliverable: Match enabled definition to finding family/severity/environment.	P2,P3,P4,P8	implementation_status_v1.5.md [M7A-35]; implementation_production_availability_v1.5.tsv [M7A-35]; owner=T07-security-agent-authority; production-composed v27 Security Agent worker: tenant-scoped finding trigger matcher	Original Verify: Cross-Environment and disabled definitions do not match. Preserve the exact typed-action, plan, approval, budget, receipt and safety requirement through Security Agent Activities and product projections. Use committed scoped admission/decision IDs and duplicate-safe start/notification delivery for manual, event, schedule, webhook and approval/cancel triggers.	production-available
M7A-36	Trigger matcher: attack path. Deliverable: Match configured path evidence state including Verified.	P2,P3,P4,P8	implementation_status_v1.5.md [M7A-36]; implementation_production_availability_v1.5.tsv [M7A-36]; owner=T07-security-agent-authority; production-composed v33 tenant-scoped matcher requires exact observed or verified canonical attack-path state	Original Verify: Potential path does not match Verified-only trigger. Preserve the exact typed-action, plan, approval, budget, receipt and safety requirement through Security Agent Activities and product projections. Use committed scoped admission/decision IDs and duplicate-safe start/notification delivery for manual, event, schedule, webhook and approval/cancel triggers.	production-available
M7A-37	Trigger matcher: runtime decision. Deliverable: Match policy decision/action/risk pattern with bounded count/window.	P2,P3,P4,P8	implementation_status_v1.5.md [M7A-37]; implementation_production_availability_v1.5.tsv [M7A-37]; owner=T07-security-agent-authority; production-composed v27 Security Agent worker: bounded runtime-decision session matcher	Original Verify: Event outside window does not trigger. Preserve the exact typed-action, plan, approval, budget, receipt and safety requirement through Security Agent Activities and product projections. Use committed scoped admission/decision IDs and duplicate-safe start/notification delivery for manual, event, schedule, webhook and approval/cancel triggers.	production-available
M7A-38	Trigger deduplication. Deliverable: Derive trigger fingerprint and suppress duplicate run creation for configured cooldown.	P2,P3,P4,P8	implementation_status_v1.5.md [M7A-38]; implementation_production_availability_v1.5.tsv [M7A-38]; owner=T07-security-agent-authority; production-composed v27 Security Agent worker: tenant-scoped trigger fingerprint replay suppression	Original Verify: Replayed source event creates one run. Preserve the exact typed-action, plan, approval, budget, receipt and safety requirement through Security Agent Activities and product projections. Use committed scoped admission/decision IDs and duplicate-safe start/notification delivery for manual, event, schedule, webhook and approval/cancel triggers.	production-available
M7A-38a	Security trigger event contract. Deliverable: Define Organization-scoped internal trigger event for finding create/update, attack-path state change and runtime policy-decision pattern inputs.	P2,P3,P4,P8	implementation_status_v1.5.md [M7A-38a]; implementation_production_availability_v1.5.tsv [M7A-38a]; owner=T07-security-agent-authority; production-composed v33 scoped attack-path receipt binds exact ID version digest and one durable run	Original Verify: Event schema rejects missing source ID, Environment or Organization scope. Preserve the exact typed-action, plan, approval, budget, receipt and safety requirement through Security Agent Activities and product projections. Use committed scoped admission/decision IDs and duplicate-safe start/notification delivery for manual, event, schedule, webhook and approval/cancel triggers.	production-available
M7A-38b	automatic Security Agent trigger dispatcher. Deliverable: Consume one trigger event, run the matching definition type, apply cooldown deduplication, create the immutable SecurityAgentRun and enqueue `security_agent.run`.	P2,P3,P4,P8	implementation_status_v1.5.md [M7A-38b]; implementation_production_availability_v1.5.tsv [M7A-38b]; owner=T07-security-agent-authority; production-composed v33 tenant-scoped definition-fair scheduler creates at most one eligible path run per definition under kill-switch and concurrency fences	Original Verify: Matching fixture creates exactly one queued run; no match creates none. Preserve the exact typed-action, plan, approval, budget, receipt and safety requirement through Security Agent Activities and product projections. Use committed scoped admission/decision IDs and duplicate-safe start/notification delivery for manual, event, schedule, webhook and approval/cancel triggers.	production-available
M7A-38c	trigger source wiring. Deliverable: Emit the internal trigger event from finding state changes, attack-path evidence-state changes and runtime decision aggregation after their own durable state update.	P2,P3,P4,P8	implementation_status_v1.5.md [M7A-38c]; implementation_production_availability_v1.5.tsv [M7A-38c]; owner=T07-security-agent-authority; production-composed v33 scheduler reads canonical path authority and planner revalidates exact path version and state before approval	Original Verify: One fixture of each source type reaches dispatcher with canonical source reference. Preserve the exact typed-action, plan, approval, budget, receipt and safety requirement through Security Agent Activities and product projections. Use committed scoped admission/decision IDs and duplicate-safe start/notification delivery for manual, event, schedule, webhook and approval/cancel triggers.	production-available
M7A-38d	automatic trigger E2E. Deliverable: Replay duplicate finding/path/runtime trigger fixtures against enabled responders.	P2,P3,P4,P8	implementation_status_v1.5.md [M7A-38d]; implementation_production_availability_v1.5.tsv [M7A-38d]; owner=T07-security-agent-authority; production combined E2E migrates v33 and proves one verified path creates one exact version-bound supervised plan with replay suppression	Original Verify: Expected responders create one run each and replayed events do not create duplicate runs. Preserve the exact typed-action, plan, approval, budget, receipt and safety requirement through Security Agent Activities and product projections. Use committed scoped admission/decision IDs and duplicate-safe start/notification delivery for manual, event, schedule, webhook and approval/cancel triggers.	production-available
M7A-39	Evidence snapshot builder. Deliverable: Build bounded canonical finding/path/agent/session/policy summary and evidence IDs for planner.	P3,P8	implementation_status_v1.5.md [M7A-39]; implementation_production_availability_v1.5.tsv [M7A-39]; owner=T07-security-agent-authority; production-composed v27 Security Agent worker: canonical scoped evidence snapshot and digest	Original Verify: Snapshot excludes raw secret fields and another Organization's evidence. Preserve the exact typed-action, plan, approval, budget, receipt and safety requirement through Security Agent Activities and product projections.	production-available
M7A-40	Planner input separation. Deliverable: Separate product system policy, operator goal and untrusted evidence fields in planner request.	P3,P8	implementation_status_v1.5.md [M7A-40]; implementation_production_availability_v1.5.tsv [M7A-40]; owner=T07-security-agent-authority; production-composed v32 planner keeps the fixed system authority separate from one bounded tenant-context user message and labels evidence untrusted	Original Verify: Fixture injection text remains inside untrusted evidence field. Preserve the exact typed-action, plan, approval, budget, receipt and safety requirement through Security Agent Activities and product projections.	production-available
M7A-41	Security Agent planner purpose. Deliverable: Add `security_response_plan` purpose to AIGateway policy with structured schema only.	P3,P8	implementation_status_v1.5.md [M7A-41]; implementation_production_availability_v1.5.tsv [M7A-41]; owner=T07-security-agent-authority; production-composed one-call OpenRouter planner pins the security-response purpose, model, schema, token budget, timeout, and no-retry transport	Original Verify: Free-form completion path is rejected for this purpose. Preserve the exact typed-action, plan, approval, budget, receipt and safety requirement through Security Agent Activities and product projections.	production-available
M7A-42	Planner step/action limit. Deliverable: Enforce definition/product max action count before plan acceptance.	P3,P8	implementation_status_v1.5.md [M7A-42]; implementation_production_availability_v1.5.tsv [M7A-42]; owner=T07-security-agent-authority; production-composed v27 Security Agent authority: definition and product action-count limits	Original Verify: Six-step plan is rejected when max is five. Preserve the exact typed-action, plan, approval, budget, receipt and safety requirement through Security Agent Activities and product projections.	production-available
M7A-43	Planner scope/reference validator. Deliverable: Reject action targets/evidence IDs outside run Organization/Workspace/Environment scope.	P3,P8	implementation_status_v1.5.md [M7A-43]; implementation_production_availability_v1.5.tsv [M7A-43]; owner=T07-security-agent-authority; production-composed v27 Security Agent authority: tenant and run reference validation	Original Verify: Cross-tenant injected UUID is rejected. Preserve the exact typed-action, plan, approval, budget, receipt and safety requirement through Security Agent Activities and product projections.	production-available
M7A-44	Planner action schema validator. Deliverable: Validate every planned action against registry schema and definition allowed-action set.	P3,P8	implementation_status_v1.5.md [M7A-44]; implementation_production_availability_v1.5.tsv [M7A-44]; owner=T07-security-agent-authority; production-composed v27 Security Agent authority: exact allowed-action schema validation	Original Verify: Invented action and extra argument both fail. Preserve the exact typed-action, plan, approval, budget, receipt and safety requirement through Security Agent Activities and product projections.	production-available
M7A-45	Planner prompt-injection security test. Deliverable: Seed evidence with instructions to revoke unrelated connection and call arbitrary URL.	P3,P8	implementation_status_v1.5.md [M7A-45]; implementation_production_availability_v1.5.tsv [M7A-45]; owner=T07-security-agent-authority; production-composed v27 Security Agent authority: untrusted evidence cannot introduce action, target, URL, or argument drift	Original Verify: Accepted plan cannot contain either prohibited action/target. Preserve the exact typed-action, plan, approval, budget, receipt and safety requirement through Security Agent Activities and product projections.	production-available
M7A-46	ActionAuthorizer base. Deliverable: Implement deterministic definition/action/scope authorization result `allow,approval_required,deny`.	P3,P5,P6,P7,P8	implementation_status_v1.5.md [M7A-46]; implementation_production_availability_v1.5.tsv [M7A-46]; owner=T07-security-agent-authority; production-composed v27 Security Agent authority: deterministic allow, approval-required, and deny decisions	Original Verify: Planner rationale cannot affect result. Preserve the exact typed-action, plan, approval, budget, receipt and safety requirement through Security Agent Activities and product projections. Check current scoped creator/approver/delegated-agent authority; retain deterministic product approval floors, fresh auth and transactional revocation fences.	production-available
M7A-47	Product approval floor rules. Deliverable: Require approval for connector revoke and any action metadata marked mandatory approval.	P3,P5,P6,P7,P8	implementation_status_v1.5.md [M7A-47]; implementation_production_availability_v1.5.tsv [M7A-47]; owner=T07-security-agent-authority; production-composed v27 Security Agent authority: mandatory approval floors for irreversible and containment actions	Original Verify: Definition cannot lower mandatory approval to auto. Preserve the exact typed-action, plan, approval, budget, receipt and safety requirement through Security Agent Activities and product projections. Check current scoped creator/approver/delegated-agent authority; retain deterministic product approval floors, fresh auth and transactional revocation fences.	production-available
M7A-48	Creator permission validation. Deliverable: On enable, require creator/current editor permission for every action class and target scope.	P3,P5,P6,P7,P8	implementation_status_v1.5.md [M7A-48]; implementation_production_availability_v1.5.tsv [M7A-48]; owner=T07-security-agent-authority; production-composed v27 Security Agent API: fresh-auth activation and capability-gated action enablement Historical availability is not current Temporal/OpenFGA production proof. Local finding worker group PASS141.054s covers real grantor/service Checks, grantor withdrawal and reconciliation repair, native revocation fence, effect, captured cleanup and exact receipt replay without duplication. This is finite local evidence, not full worker acceptance. Concurrent task revocation, proof-key/purpose boundaries, planning and production wiring remain open; enable-time authority and full P7/P8/deployed acceptance remain required. See implementation_status_v1.5.md latest worker checkpoint.	Original Verify: User lacking integration-revoke permission cannot enable that action. Preserve the exact typed-action, plan, approval, budget, receipt and safety requirement through Security Agent Activities and product projections. Check current scoped creator/approver/delegated-agent authority; retain deterministic product approval floors, fresh auth and transactional revocation fences.	production-available
M7A-49	Security Agent run budget. Deliverable: Enforce max steps, wall-clock deadline, AI cost/token cap and Organization concurrency limit.	P2,P3,P7,P8,P9,P10	implementation_status_v1.5.md [M7A-49]; implementation_production_availability_v1.5.tsv [M7A-49]; owner=T07-security-agent-authority; 2026-09-15-security-agent-budget-gap.md: staged admission/step reservations and composed worker stops reviewed; pending/expired reclaim cleanup pass eb0fce, partial-source cleanup pass592a63; legacy bundle wait RED87653a repaired with transactional rollback and persisted stop, four-case pass90c09c; remaining action/accounting matrix, credential lifecycle, v53 rollout and live proof incomplete; unpublished; 2026-09-17-planner-request-binding-checkpoint.md: reviewed immutable prepare/reserve/dispatch prerequisite, 11 owned DB/crash cases78638 and full local current55 run9898 passed; release61 Task11P commits 7ee20bc/701c39e add independently reviewed dormant tenant-scoped immutable pricing/account ceiling authority with exact request and credential revision binding, RLS/ACL/readiness/rollback/replay/revision-ceiling proof; release61 Task11A commits bcb39d1/828150b/cc06540/994263f add independently reviewed dormant private planning claim, committed send intent, stable immutable artifacts, provider-reported usage settlement, earliest lease/budget/pricing deadline enforcement, no-resend recovery and reviewed admission handoff; release61 Task11 commits e4c59006/98c61e95/75957f63 add independently reviewed dormant private bounded worker orchestration across planning, admission, application/deployment, approval pause, existing-test settlement, uncertainty, stop, cleanup and restart with exact clean-tree build and fail-before-I/O preflight; controlled local component only; production catalog/credential configuration, public/default worker/API/CLI/UI activation, live provider/cloud storage/physical gateway, deployment canaries and release gates remain open; no availability promotion	Original Verify: Budget breach moves run to Needs human/Failed without new action. Preserve the exact typed-action, plan, approval, budget, receipt and safety requirement through Security Agent Activities and product projections. Retain max steps/time/tokens/cost, tenant concurrency, immutable provider usage and idempotent reservations. Ordered policy-then-test must honor every bound, receipt dependency and cleanup obligation; platform installation is not acceptance.	component-only
M7A-50	Run queue job. Deliverable: Add Organization-scoped `security_agent.run` background job and idempotent dequeue handler.	P2,P3,P4,P8,P9	implementation_status_v1.5.md [M7A-50]; implementation_production_availability_v1.5.tsv [M7A-50]; owner=T09-agent-actions; production-composed tenant-scoped database queue with lease fencing and replay-safe run identity	Original Verify: Replayed SQS delivery does not create second run. Explicit queue requirement retained: runtime-event SQS/DLQ, scoped envelopes, bounded buffering/backpressure and needed provider/job delivery do not disappear with Temporal. Account for every consumer before retiring a job selector. Preserve the exact typed-action, plan, approval, budget, receipt and safety requirement through Security Agent Activities and product projections. Use committed scoped admission/decision IDs and duplicate-safe start/notification delivery for manual, event, schedule, webhook and approval/cancel triggers.	production-available
M7A-51	Run planner state. Deliverable: Transition queued -> planning -> persist validated plan.	P3,P7,P8	implementation_status_v1.5.md [M7A-51]; implementation_production_availability_v1.5.tsv [M7A-51]; owner=T09-agent-actions; production-composed v32 worker loads and accepts one lease-fenced tenant plan, persists its digests and receipt, then advances the exact run under durable replay authority Historical availability is not current Temporal/OpenFGA production proof. Local finding worker group PASS141.054s covers real grantor/service Checks, grantor withdrawal and reconciliation repair, native revocation fence, effect, captured cleanup and exact receipt replay without duplication. This is finite local evidence, not full worker acceptance. Subsequent local groups prove concurrent committed-revocation refusal, native proof/key boundaries and native78 complete planning admission/accounting (165.758s); these are not shared-planner/provider integration or full worker acceptance. Prepared/queued cleanup passes119.38s in the covering370.718s group after the timestamp-context repair; exact retries and capture/ACL negatives remain enforced. Actual product Plan/shared planner now passes123.103s with owned HTTPS/file artifacts: one request, two artifacts, exact settled reservation, admitted plan and unchanged retry cardinality. Shared-planner recovery passes320.158s: prepared revocation releases unsent debt with zero requests; post-start revoke/official Check-transport outage account for one response without another send, plan or output artifact. Late+normal covering group passes236.956s, including two late-response recovery repeats with unchanged original terminal audit, one late ledger/charge/send and no plan. Planner-specific proof checks pass155.119s. Single-test74 native planning passes112.173s; definition binding and credential/inventory invalidation plus captured recovery pass422.889s, including real expiry within live-proof lifetime and normal Pending-to-Reconcile tuple removal. Actual single-test shared Plan passes116.172s with owned HTTPS/file artifacts, one send/two artifacts, one plan/step and exact30tokens/30000nanocredits accounting with unchanged retry. Single-test shared recovery/outage/late-response passes in the757.622s covering group with retained78 normal/late checks: unsent release or one-response settlement without a new plan, and exact late-audit/cardinality preservation on two repeats. Adapter execution, cross-session receipt portability, other worker families, independent review and full P7/P8/deployed acceptance remain required; this is controlled-provider local proof. Earlier planning RED71.52s used rolled-back transactions; no committed unauthorized effect is claimed. See implementation_status_v1.5.md latest worker checkpoint.	Original Verify: Planner failure records bounded product error and no actions execute. Preserve the exact typed-action, plan, approval, budget, receipt and safety requirement through Security Agent Activities and product projections.	production-available
M7A-52	Auto-action executor. Deliverable: Execute one authorized auto step via registry with idempotency record.	P3,P7,P8	implementation_status_v1.5.md [M7A-52]; implementation_production_availability_v1.5.tsv [M7A-52]; owner=T09-agent-actions; production-composed idempotent autonomous finding-response executor with exact prior-outcome replay Historical availability is not current Temporal/OpenFGA production proof. Local finding worker group PASS141.054s covers real grantor/service Checks, grantor withdrawal and reconciliation repair, native revocation fence, effect, captured cleanup and exact receipt replay without duplication. This is finite local evidence, not full worker acceptance. Subsequent native groups prove task-specific/concurrent revocation and proof/key boundaries; actual finding Activity apply/replay remains covered in current-machine183.72s within the370.718s group. Single-test74 signed effect/input/dispatch/retry passes173.679s, with proof/revocation covering group181.020s; unchanged manual-envelope controls are confirmed in the214.688s adapter RED. Dedicated signed adapter resolve/start passes220.060s with one native invocation and unsigned refusal. These are local controlled native tests, not provider execution or full workflow proof. Captured Complete RED211.113s identified the missing typed operation; native GREEN305.851s now proves held-result completion after revoke, exact16-field receipt and retry, altered-result refusal and one-row cardinality. Journal-digest tamper coverage passes in the326.62s captured-completion subcase. Actual handler/native journal passes242.586s after adapter revision batching: one committed-start controlled TLS send, one credential read, mid-Check1/8 revocation refusal, revoke-before-response and two held retries without extra IO, under unchanged10s call limits. Source manifests match and independent bounded consumer/bracket reviews pass. These are local controlled-provider results, not live provider proof; fresh-handler recovery, runner and full runtime remain open. Full workflow delivery, captured completion/recovery, other worker families, independent review and deployed acceptance remain required. See implementation_status_v1.5.md latest worker checkpoint.	Original Verify: Duplicate worker delivery calls underlying action once. Preserve the exact typed-action, plan, approval, budget, receipt and safety requirement through Security Agent Activities and product projections.	production-available
M7A-53	Waiting approval state. Deliverable: Create approval for `approval_required` step and stop run progression.	P2,P3,P4,P8	implementation_status_v1.5.md [M7A-53]; implementation_production_availability_v1.5.tsv [M7A-53]; owner=T09-agent-actions; production-composed plan authority persists approval-required steps and stops progression in waiting_approval	Original Verify: Later steps are not executed while approval is pending. Preserve the exact typed-action, plan, approval, budget, receipt and safety requirement through Security Agent Activities and product projections. Use committed scoped admission/decision IDs and duplicate-safe start/notification delivery for manual, event, schedule, webhook and approval/cancel triggers.	production-available
M7A-54	Approval fresh-auth guard. Deliverable: Apply `RequireFreshAuth` to sensitive approval decision operation.	P3,P5,P6,P7,P8	implementation_status_v1.5.md [M7A-54]; implementation_production_availability_v1.5.tsv [M7A-54]; owner=T09-agent-actions; production-composed approval decision requires bounded fresh browser authentication	Original Verify: Stale/unverifiable session cannot approve mandatory-approval action. Preserve the exact typed-action, plan, approval, budget, receipt and safety requirement through Security Agent Activities and product projections. Check current scoped creator/approver/delegated-agent authority; retain deterministic product approval floors, fresh auth and transactional revocation fences.	production-available
M7A-55	Approval decision resume job. Deliverable: Approved decision enqueues idempotent run resume; denial marks run Needs human/Cancelled according to definition.	P2,P3,P4,P8	implementation_status_v1.5.md [M7A-55]; implementation_production_availability_v1.5.tsv [M7A-55]; owner=T09-agent-actions; production-composed approval decision resumes the exact run once or terminates it on reject and cancel	Original Verify: Replayed approval webhook/request resumes once. Preserve the exact typed-action, plan, approval, budget, receipt and safety requirement through Security Agent Activities and product projections. Use committed scoped admission/decision IDs and duplicate-safe start/notification delivery for manual, event, schedule, webhook and approval/cancel triggers.	production-available
M7A-56	Action execution result classifier. Deliverable: Classify action result success, known failure or unknown outcome.	P3,P8	implementation_status_v1.5.md [M7A-56]; implementation_production_availability_v1.5.tsv [M7A-56]; owner=T09-agent-actions; production-composed action authorities classify verified, known-failure, and unknown provider outcomes without blind replay	Original Verify: Unknown external outcome never auto-retries side effect. Preserve the exact typed-action, plan, approval, budget, receipt and safety requirement through Security Agent Activities and product projections.	production-available
M7A-57	Step verifier dispatcher. Deliverable: Dispatch expected verification kind from action metadata.	P3,P8	implementation_status_v1.5.md [M7A-57]; implementation_production_availability_v1.5.tsv [M7A-57]; owner=T09-agent-actions; production-composed action-specific finding, policy, session, and connector verification dispatch	Original Verify: Missing verifier yields Inconclusive. Preserve the exact typed-action, plan, approval, budget, receipt and safety requirement through Security Agent Activities and product projections.	production-available
M7A-58	Run final outcome evaluator. Deliverable: Compute Contained/Remediated only from configured passed verification conditions.	P3,P8	implementation_status_v1.5.md [M7A-58]; implementation_production_availability_v1.5.tsv [M7A-58]; owner=T09-agent-actions; production-composed run evaluator reaches contained or remediated only after durable verification	Original Verify: HTTP/API execution success without verification cannot produce Remediated. Preserve the exact typed-action, plan, approval, budget, receipt and safety requirement through Security Agent Activities and product projections.	production-available
M7A-59	Run cancellation. Deliverable: Cancel future steps while preserving already-completed actions and TTL cleanup.	P2,P3,P4,P8	implementation_status_v1.5.md [M7A-59]; implementation_production_availability_v1.5.tsv [M7A-59]; owner=T09-agent-actions; production-composed cancellation stops future progression while retaining cleanup authority	Original Verify: Cancel during pending approval prevents resume. Preserve the exact typed-action, plan, approval, budget, receipt and safety requirement through Security Agent Activities and product projections. Use committed scoped admission/decision IDs and duplicate-safe start/notification delivery for manual, event, schedule, webhook and approval/cancel triggers.	production-available
M7A-60	Security Agent audit event helper. Deliverable: Emit audit events for trigger, plan hash, authorization, approval, execute, verify and terminal outcome.	P3,P8	implementation_status_v1.5.md [M7A-60]; implementation_production_availability_v1.5.tsv [M7A-60]; owner=T09-agent-actions; production-composed redacted audit authority records trigger, plan, authorization, approval, execution, verification, and outcome	Original Verify: Seeded secrets/action raw credentials are absent from audit metadata. Preserve the exact typed-action, plan, approval, budget, receipt and safety requirement through Security Agent Activities and product projections.	production-available
M7A-61	API listSecurityAgentTemplates. Deliverable: Implement `GET /api/v1/security-agent-templates`.	P3,P5,P7,P8	implementation_status_v1.5.md [M7A-61]; implementation_production_availability_v1.5.tsv [M7A-61]; owner=PROD-current-composition; audited shipped composition: API listSecurityAgentTemplates	Original Verify: Response contains product templates only, no prompt/vendor internals. Enforce the operation through the production FGA checker with tenant-scoped query/count/cursor behavior; keep SQL row guards and original API contracts. Preserve the exact typed-action, plan, approval, budget, receipt and safety requirement through Security Agent Activities and product projections.	production-available
M7A-62	API listSecurityActions. Deliverable: Implement `GET /api/v1/security-actions` filtered by target/scope support.	P3,P5,P7,P8	implementation_status_v1.5.md [M7A-62]; implementation_production_availability_v1.5.tsv [M7A-62]; owner=T07-security-agent-authority; production-composed public API: capability-filtered listSecurityActions	Original Verify: Unsupported integration revoke is absent. Enforce the operation through the production FGA checker with tenant-scoped query/count/cursor behavior; keep SQL row guards and original API contracts. Preserve the exact typed-action, plan, approval, budget, receipt and safety requirement through Security Agent Activities and product projections.	production-available
M7A-63	API listSecurityAgents. Deliverable: Implement `GET /api/v1/security-agents`.	P3,P5,P7,P8	implementation_status_v1.5.md [M7A-63]; implementation_production_availability_v1.5.tsv [M7A-63]; owner=PROD-current-composition; audited shipped composition: API listSecurityAgents	Original Verify: Cursor/filter and Organization scope test pass. Enforce the operation through the production FGA checker with tenant-scoped query/count/cursor behavior; keep SQL row guards and original API contracts. Preserve the exact typed-action, plan, approval, budget, receipt and safety requirement through Security Agent Activities and product projections.	production-available
M7A-64	API createSecurityAgent. Deliverable: Implement `POST /api/v1/security-agents`.	P3,P5,P7,P8	implementation_status_v1.5.md [M7A-64]; implementation_production_availability_v1.5.tsv [M7A-64]; owner=PROD-current-composition; audited shipped composition: API createSecurityAgent	Original Verify: Invalid action/approval/limit definition returns stable product error. Enforce the operation through the production FGA checker with tenant-scoped query/count/cursor behavior; keep SQL row guards and original API contracts. Preserve the exact typed-action, plan, approval, budget, receipt and safety requirement through Security Agent Activities and product projections.	production-available
M7A-65	API getSecurityAgent. Deliverable: Implement `GET /api/v1/security-agents/{id}`.	P3,P5,P7,P8	implementation_status_v1.5.md [M7A-65]; implementation_production_availability_v1.5.tsv [M7A-65]; owner=PROD-current-composition; audited shipped composition: API getSecurityAgent	Original Verify: Cross-Organization ID returns not-found/forbidden per API convention. Enforce the operation through the production FGA checker with tenant-scoped query/count/cursor behavior; keep SQL row guards and original API contracts. Preserve the exact typed-action, plan, approval, budget, receipt and safety requirement through Security Agent Activities and product projections.	production-available
M7A-66	API updateSecurityAgent. Deliverable: Implement `PATCH /api/v1/security-agents/{id}` including enable/disable.	P3,P5,P7,P8	implementation_status_v1.5.md [M7A-66]; implementation_production_availability_v1.5.tsv [M7A-66]; owner=PROD-current-composition; audited shipped composition: API updateSecurityAgent	Original Verify: Enabling runs creator-permission/action-floor validation. Enforce the operation through the production FGA checker with tenant-scoped query/count/cursor behavior; keep SQL row guards and original API contracts. Preserve the exact typed-action, plan, approval, budget, receipt and safety requirement through Security Agent Activities and product projections.	production-available
M7A-67	API deleteSecurityAgent. Deliverable: Implement `DELETE /api/v1/security-agents/{id}` as safe soft-delete/disable.	P3,P5,P7,P8	implementation_status_v1.5.md [M7A-67]; implementation_production_availability_v1.5.tsv [M7A-67]; owner=PROD-current-composition; audited shipped composition: API deleteSecurityAgent	Original Verify: Historical runs remain queryable. Enforce the operation through the production FGA checker with tenant-scoped query/count/cursor behavior; keep SQL row guards and original API contracts. Preserve the exact typed-action, plan, approval, budget, receipt and safety requirement through Security Agent Activities and product projections.	production-available
M7A-68	Security Agent dry-run simulator. Deliverable: Simulate trigger/evidence/planner/authorization without executing action adapters.	P3,P8	implementation_status_v1.5.md [M7A-68]; implementation_production_availability_v1.5.tsv [M7A-68]; owner=T07-security-agent-authority; production-composed v27 dry-run authority: scoped plan and approval simulation with zero effects	Original Verify: Response lists proposed steps and approval points, with zero side effects. Preserve the exact typed-action, plan, approval, budget, receipt and safety requirement through Security Agent Activities and product projections.	production-available
M7A-69	API simulateSecurityAgent. Deliverable: Implement `POST /api/v1/security-agents/{id}/simulate`.	P3,P5,P7,P8	implementation_status_v1.5.md [M7A-69]; implementation_production_availability_v1.5.tsv [M7A-69]; owner=T07-security-agent-authority; production-composed public API: replay-safe simulateSecurityAgent with zero side effects	Original Verify: E2E fake action registry records zero execution calls. Enforce the operation through the production FGA checker with tenant-scoped query/count/cursor behavior; keep SQL row guards and original API contracts. Preserve the exact typed-action, plan, approval, budget, receipt and safety requirement through Security Agent Activities and product projections.	production-available
M7A-70	API runSecurityAgent. Deliverable: Implement manual `POST /api/v1/security-agents/{id}/runs` with optional finding/path/session trigger ref.	P2,P3,P4,P5,P7,P8	implementation_status_v1.5.md [M7A-70]; implementation_production_availability_v1.5.tsv [M7A-70]; owner=T07-security-agent-authority; production-composed public API: scoped replay-safe manual runSecurityAgent	Original Verify: Invalid cross-scope trigger ref is rejected. Enforce the operation through the production FGA checker with tenant-scoped query/count/cursor behavior; keep SQL row guards and original API contracts. Preserve the exact typed-action, plan, approval, budget, receipt and safety requirement through Security Agent Activities and product projections. Use committed scoped admission/decision IDs and duplicate-safe start/notification delivery for manual, event, schedule, webhook and approval/cancel triggers.	production-available
M7A-71	API listSecurityAgentRuns. Deliverable: Implement `GET /api/v1/security-agent-runs`.	P3,P5,P7,P8	implementation_status_v1.5.md [M7A-71]; implementation_production_availability_v1.5.tsv [M7A-71]; owner=T07-security-agent-authority; production-composed public API: tenant-bound filtered cursor listSecurityAgentRuns	Original Verify: Filter by agent/status/environment and cursor pagination. Enforce the operation through the production FGA checker with tenant-scoped query/count/cursor behavior; keep SQL row guards and original API contracts. Preserve the exact typed-action, plan, approval, budget, receipt and safety requirement through Security Agent Activities and product projections.	production-available
M7A-72	API getSecurityAgentRun. Deliverable: Implement run detail including evidence refs, plan, authorization, approvals, execution and verification.	P3,P5,P7,P8	implementation_status_v1.5.md [M7A-72]; implementation_production_availability_v1.5.tsv [M7A-72]; owner=T07-security-agent-authority; production-composed public API: redacted plan, approval, execution, and verification run detail	Original Verify: Response redacts protected action arguments. Enforce the operation through the production FGA checker with tenant-scoped query/count/cursor behavior; keep SQL row guards and original API contracts. Preserve the exact typed-action, plan, approval, budget, receipt and safety requirement through Security Agent Activities and product projections.	production-available
M7A-73	API cancelSecurityAgentRun. Deliverable: Implement `POST /api/v1/security-agent-runs/{id}/cancel`.	P2,P3,P4,P5,P7,P8	implementation_status_v1.5.md [M7A-73]; implementation_production_availability_v1.5.tsv [M7A-73]; owner=T07-security-agent-authority; production-composed public API: version-fenced replay-safe cancelSecurityAgentRun	Original Verify: Terminal run rejects cancel idempotently. Enforce the operation through the production FGA checker with tenant-scoped query/count/cursor behavior; keep SQL row guards and original API contracts. Preserve the exact typed-action, plan, approval, budget, receipt and safety requirement through Security Agent Activities and product projections. Use committed scoped admission/decision IDs and duplicate-safe start/notification delivery for manual, event, schedule, webhook and approval/cancel triggers.	production-available
M7A-74	API listSecurityAgentApprovals. Deliverable: Implement `GET /api/v1/security-agent-approvals`.	P3,P5,P7,P8	implementation_status_v1.5.md [M7A-74]; implementation_production_availability_v1.5.tsv [M7A-74]; owner=T07-security-agent-authority; production-composed public API: tenant-bound filtered cursor listSecurityAgentApprovals	Original Verify: Only approvals authorized for caller Workspace/Environment are returned. Enforce the operation through the production FGA checker with tenant-scoped query/count/cursor behavior; keep SQL row guards and original API contracts. Preserve the exact typed-action, plan, approval, budget, receipt and safety requirement through Security Agent Activities and product projections.	production-available
M7A-75	API getSecurityAgentApproval. Deliverable: Implement `GET /api/v1/security-agent-approvals/{id}`.	P3,P5,P7,P8	implementation_status_v1.5.md [M7A-75]; implementation_production_availability_v1.5.tsv [M7A-75]; owner=T07-security-agent-authority; production-composed public API: scoped approval detail with effect, reversibility, TTL, and evidence	Original Verify: Includes expected side effect, reversibility/TTL and evidence summary. Enforce the operation through the production FGA checker with tenant-scoped query/count/cursor behavior; keep SQL row guards and original API contracts. Preserve the exact typed-action, plan, approval, budget, receipt and safety requirement through Security Agent Activities and product projections.	production-available
M7A-76	API decideSecurityAgentApproval. Deliverable: Implement approve/deny/cancel decision endpoint with fresh-auth guard.	P2,P3,P4,P5,P7,P8	implementation_status_v1.5.md [M7A-76]; implementation_production_availability_v1.5.tsv [M7A-76]; owner=T07-security-agent-authority; production-composed public API: fresh-auth approve, reject, and cancel with self-approval denial	Original Verify: Planner/run identity cannot self-approve. Enforce the operation through the production FGA checker with tenant-scoped query/count/cursor behavior; keep SQL row guards and original API contracts. Preserve the exact typed-action, plan, approval, budget, receipt and safety requirement through Security Agent Activities and product projections. Use committed scoped admission/decision IDs and duplicate-safe start/notification delivery for manual, event, schedule, webhook and approval/cancel triggers.	production-available
M7A-77	Security Agents nav/list UI. Deliverable: Add Protect -> Security Agents and list columns for status, trigger, scope, autonomy, last outcome, pending approvals and owner.	P3,P7,P8	implementation_status_v1.5.md [M7A-77]; implementation_production_availability_v1.5.tsv [M7A-77]; owner=PROD-current-composition; audited shipped composition: Security Agents nav/list UI	Original Verify: E2E list uses generated client only. Keep this screen on real API state and the active permission policy; preserve its original display, error and interaction requirements. Preserve the exact typed-action, plan, approval, budget, receipt and safety requirement through Security Agent Activities and product projections.	production-available
M7A-78	Security Agent builder Start/Trigger UI. Deliverable: Add template/blank choice and bounded trigger step.	P3,P7,P8	implementation_status_v1.5.md [M7A-78]; implementation_production_availability_v1.5.tsv [M7A-78]; owner=PROD-current-composition; audited shipped composition: Security Agent builder Start/Trigger UI	Original Verify: UI cannot enter arbitrary trigger code/query. Keep this screen on real API state and the active permission policy; preserve its original display, error and interaction requirements. Preserve the exact typed-action, plan, approval, budget, receipt and safety requirement through Security Agent Activities and product projections.	production-available
M7A-79	Security Agent builder Goal/Scope UI. Deliverable: Add short goal text plus Workspace/Environment/agent/tag selectors.	P3,P7,P8	implementation_status_v1.5.md [M7A-79]; implementation_production_availability_v1.5.tsv [M7A-79]; owner=PROD-current-composition; audited shipped composition: Security Agent builder Goal/Scope UI	Original Verify: Goal field does not alter allowed-action list without explicit user action. Keep this screen on real API state and the active permission policy; preserve its original display, error and interaction requirements. Preserve the exact typed-action, plan, approval, budget, receipt and safety requirement through Security Agent Activities and product projections.	production-available
M7A-80	Security Agent builder Actions UI. Deliverable: Add action catalog selector showing risk, support and reversibility.	P3,P7,P8	implementation_status_v1.5.md [M7A-80]; implementation_production_availability_v1.5.tsv [M7A-80]; owner=PROD-current-composition; audited shipped composition: Security Agent builder Actions UI	Original Verify: No arbitrary tool URL/code/shell controls exist. Keep this screen on real API state and the active permission policy; preserve its original display, error and interaction requirements. Preserve the exact typed-action, plan, approval, budget, receipt and safety requirement through Security Agent Activities and product projections.	production-available
M7A-81	Security Agent builder Autonomy UI. Deliverable: Configure auto vs approval-required actions while displaying immutable product floors.	P3,P7,P8	implementation_status_v1.5.md [M7A-81]; implementation_production_availability_v1.5.tsv [M7A-81]; owner=PROD-current-composition; audited shipped composition: Security Agent builder Autonomy UI	Original Verify: Mandatory approval control cannot be toggled off. Keep this screen on real API state and the active permission policy; preserve its original display, error and interaction requirements. Preserve the exact typed-action, plan, approval, budget, receipt and safety requirement through Security Agent Activities and product projections.	production-available
M7A-82	Security Agent builder Limits UI. Deliverable: Add step/runtime/temporary-policy/AI-budget/concurrency limits.	P3,P7,P8	implementation_status_v1.5.md [M7A-82]; implementation_production_availability_v1.5.tsv [M7A-82]; owner=PROD-current-composition; audited shipped composition: Security Agent builder Limits UI	Original Verify: Server and client reject values above product maxima. Keep this screen on real API state and the active permission policy; preserve its original display, error and interaction requirements. Preserve the exact typed-action, plan, approval, budget, receipt and safety requirement through Security Agent Activities and product projections.	production-available
M7A-83	Security Agent builder Verification UI. Deliverable: Add success-condition choices compatible with selected actions.	P3,P7,P8	implementation_status_v1.5.md [M7A-83]; implementation_production_availability_v1.5.tsv [M7A-83]; owner=PROD-current-composition; audited shipped composition: Security Agent builder Verification UI	Original Verify: Cannot enable definition with no terminal verification criterion. Keep this screen on real API state and the active permission policy; preserve its original display, error and interaction requirements. Preserve the exact typed-action, plan, approval, budget, receipt and safety requirement through Security Agent Activities and product projections.	production-available
M7A-84	Security Agent builder Simulate UI. Deliverable: Show matched evidence, proposed plan and approval points without side effects.	P3,P7,P8	implementation_status_v1.5.md [M7A-84]; implementation_production_availability_v1.5.tsv [M7A-84]; owner=T10-product-ui; 2026-09-15-security-agent-simulation-evidence.md: local browser/API, 69 affected tests, 17 protocol tests and build passed; independent review approved; unpublished, no live-provider proof	Original Verify: E2E simulator shows authorization result per proposed step. Keep this screen on real API state and the active permission policy; preserve its original display, error and interaction requirements. Preserve the exact typed-action, plan, approval, budget, receipt and safety requirement through Security Agent Activities and product projections.	component-only
M7A-85	Security Agent detail UI. Deliverable: Show definition, allowed actions, limits, verification and recent runs.	P3,P7,P8	implementation_status_v1.5.md [M7A-85]; implementation_production_availability_v1.5.tsv [M7A-85]; owner=PROD-current-composition; audited shipped composition: Security Agent detail UI	Original Verify: Model/provider internals are hidden outside audit metadata. Keep this screen on real API state and the active permission policy; preserve its original display, error and interaction requirements. Preserve the exact typed-action, plan, approval, budget, receipt and safety requirement through Security Agent Activities and product projections.	production-available
M7A-86	Security Agent run plan UI. Deliverable: Show trigger/evidence, AI rationale summary and ordered plan with deterministic authorization labels.	P3,P7,P8	implementation_status_v1.5.md [M7A-86]; implementation_production_availability_v1.5.tsv [M7A-86]; owner=T10-product-ui; audited component-only proof: Security Agent run plan UI	Original Verify: Rationale is visually distinct from authorization/evidence. Keep this screen on real API state and the active permission policy; preserve its original display, error and interaction requirements. Preserve the exact typed-action, plan, approval, budget, receipt and safety requirement through Security Agent Activities and product projections.	component-only
M7A-87	Security Agent run action UI. Deliverable: Show each step state, redacted arguments, result, TTL/rollback and verification.	P3,P7,P8	implementation_status_v1.5.md [M7A-87]; implementation_production_availability_v1.5.tsv [M7A-87]; owner=T10-product-ui; unpublished54 persisted action API/UI; grouped SQL/Go/client/UI and bounded owned browser evidence in 2026-09-16-release-verification-checkpoint.md; remaining acceptance and release gates open	Original Verify: Protected arguments never render. Keep this screen on real API state and the active permission policy; preserve its original display, error and interaction requirements. Preserve the exact typed-action, plan, approval, budget, receipt and safety requirement through Security Agent Activities and product projections.	component-only
M7A-88	Security Agent Approvals list UI. Deliverable: Add Protect -> Approvals list with action, agent, target, expiry and requester/run context.	P3,P7,P8	implementation_status_v1.5.md [M7A-88]; implementation_production_availability_v1.5.tsv [M7A-88]; owner=T10-product-ui; registered54 scoped SQL/repository and opted-in client; browser context, inactive-member/signed-out refusal, stale-scope and independently authenticated foreign-tenant list/detail isolation verified with seeded identities; shared-run reuse/mixed-run parity pass; reference-load performance, live identity/deployment and publication remain open; see 2026-09-16-release-verification-checkpoint.md	Original Verify: Unauthorized approvals are absent. Keep this screen on real API state and the active permission policy; preserve its original display, error and interaction requirements. Preserve the exact typed-action, plan, approval, budget, receipt and safety requirement through Security Agent Activities and product projections.	component-only
M7A-89	Security Agent Approval detail UI. Deliverable: Show reason, evidence, expected side effect, risk, reversibility/TTL and Approve/Deny/Cancel.	P3,P7,P8	implementation_status_v1.5.md [M7A-89]; implementation_production_availability_v1.5.tsv [M7A-89]; owner=T10-product-ui; registered54 four-action decision/replay matrix; browser temporary-policy approve/reject/cancel, read-only context refresh, stale-auth403 and controlled-IdP reauthentication verified; four-action browser coverage, full lifecycle, live identity/provider execution and publication remain open; see 2026-09-16-release-verification-checkpoint.md	Original Verify: Sensitive approval invokes fresh-auth flow before decision. Keep this screen on real API state and the active permission policy; preserve its original display, error and interaction requirements. Preserve the exact typed-action, plan, approval, budget, receipt and safety requirement through Security Agent Activities and product projections.	component-only
M7A-90	Security Agent activity links. Deliverable: Link finding/path/session/audit records to Security Agent run and back.	P3,P8	implementation_status_v1.5.md [M7A-90]; implementation_production_availability_v1.5.tsv [M7A-90]; owner=T10-product-ui; exact scoped finding/path/session/run/audit UI and bidirectional relation APIs locally implemented; dispatcher omission repaired after mounted404 regression, real surface HTTP tests pass f07376/d13ba4; UI/client166 tests f0a786, lint/typecheck63d52e and standalone build7eb0f6 pass; historical batch41d642 compiled54 pin 0a88dadd8dde5c25adb0f48d6b36eff9cd58394cb3f4a773f890914078b2a73f; current private-test-binding pin3e4569f4bc5aec90dfa17fe6c4124e45a0c2b281b475369695c7c2ada773dffb verified c229f6 and release409c15; registered SQL/API/pin/drift/rollback and custom+generic audit/trigger/action plans batch41d642 pass; reverse trigger index reduces receipt searches100 to1 across100 definitions in owned fixture, review found no blocker; owned real-browser/API/DB all4 roundtrips9cd49b and strengthened reverse20+1 paging/scope/refreshed-revocation70ae3f pass; audit reload has completed-response and scoped-history assertions; local fixtures/owned identity are not deployment or live provider proof; forward20+1 paging/nine-read scope+inactive-membership batch e5c5af passes; independent owned foreign-session relation/audit matrix d28a3a passes without primary data disclosure; GIN action index and split kind branches eliminate4950 filtered rows in candidate fixtures, review found no blocker; registered repository nested fullpath30d4ae passes with10000 stoppedruns2scopes/exact20+20+10pages/foreign-gap isolation/local-gap partialcoverage; local serial no-plan fixture is not productionload; action-plan/concurrent/live-load proof, tenant-bitmap/shared-target/high-fan-out/non-audit coverage scaling, fresh release gate and publication unfinished	Original Verify: E2E navigation preserves scoped entity IDs. Preserve the exact typed-action, plan, approval, budget, receipt and safety requirement through Security Agent Activities and product projections.	component-only
M7A-90a	Home Security Agent attention summary. Deliverable: Extend `getHomeSummary` with pending approval count/oldest age, Needs-human/Failed/Inconclusive run counts and recent Contained/Remediated outcomes.	P3,P8	implementation_status_v1.5.md [M7A-90a]; implementation_production_availability_v1.5.tsv [M7A-90a]; owner=T10-product-ui; production-composed v29 tenant-scoped Home summary counts pending approvals, oldest age, Needs-human/Failed/Inconclusive runs and recent Contained/Remediated outcomes	Original Verify: Summary is Organization-scoped and stale/degraded source state is preserved. Preserve the exact typed-action, plan, approval, budget, receipt and safety requirement through Security Agent Activities and product projections.	production-available
M7A-90b	Home Needs-attention UI. Deliverable: Add ordered Home cards for critical exposures, pending approvals, responder runs needing human attention, stale launch integrations/sensors and recent containment.	P3,P7,P8	implementation_status_v1.5.md [M7A-90b]; implementation_production_availability_v1.5.tsv [M7A-90b]; owner=T10-product-ui; production Home renders ordered navigable attention cards from strict scoped summary authority and preserves degraded coverage state	Original Verify: Each card links to canonical list/detail route and empty never overrides degraded. Keep this screen on real API state and the active permission policy; preserve its original display, error and interaction requirements. Preserve the exact typed-action, plan, approval, budget, receipt and safety requirement through Security Agent Activities and product projections.	production-available
M7A-90c	approval-required webhook notification. Deliverable: When configured, send one signed `security_agent.approval_required` event through the built-in Generic Webhook integration using approval ID/run context only.	P2,P3,P4,P8	implementation_status_v1.5.md [M7A-90c]; implementation_production_availability_v1.5.tsv [M7A-90c]; owner=T10-product-ui; production-composed v30 approval trigger deduplicates tenant-scoped notifications and the API lifecycle delivers one HMAC-signed minimal Generic Webhook event through pinned egress without evidence or secret material	Original Verify: Duplicate approval creation produces one notification and no raw evidence/secret is included. Preserve the exact typed-action, plan, approval, budget, receipt and safety requirement through Security Agent Activities and product projections. Use committed scoped admission/decision IDs and duplicate-safe start/notification delivery for manual, event, schedule, webhook and approval/cancel triggers.	production-available
M7A-90d	Home daily-ops E2E. Deliverable: Load one critical path, one pending approval, one Needs-human run and one stale sensor, then clear/route each through product actions.	P3,P8	implementation_status_v1.5.md [M7A-90d]; implementation_production_availability_v1.5.tsv [M7A-90d]; owner=T10-product-ui; production combined E2E proves exact tenant-scoped Home critical-exposure, pending-approval, Needs-human, and degraded-sensor routes through shipped browser/API authority with foreign resources absent and the sensor action persisted as deleted	Original Verify: Home exposes every item and no critical item disappears without explicit terminal/assigned/degraded state. Preserve the exact typed-action, plan, approval, budget, receipt and safety requirement through Security Agent Activities and product projections.	production-available
M7A-91	Planner unavailable degraded test. Deliverable: Fail OpenRouter during new Security Agent run.	P3,P8	implementation_status_v1.5.md [M7A-91]; implementation_production_availability_v1.5.tsv [M7A-91]; owner=T09-agent-actions; combined disposable-PostgreSQL E2E invokes the shipped worker composition through a local TLS OpenRouter-compatible 503 endpoint and proves durable planner_unavailable, zero plan/step/approval/effect rows, and unchanged enforced policy	Original Verify: Run records Planner unavailable and no action executes; existing runtime policy still enforces. Preserve the exact typed-action, plan, approval, budget, receipt and safety requirement through Security Agent Activities and product projections.	production-available
M7A-92	Approval expiry degraded test. Deliverable: Expire a mandatory approval while run waits.	P3,P8	implementation_status_v1.5.md [M7A-92]; implementation_production_availability_v1.5.tsv [M7A-92]; owner=T09-agent-actions; v28 worker-only reconciler atomically expires tenant-scoped approvals, cancels the step, moves the run to needs_human, emits one redacted audit event, and never reclaims the run	Original Verify: Run becomes Needs human/Expired and never resumes automatically. Preserve the exact typed-action, plan, approval, budget, receipt and safety requirement through Security Agent Activities and product projections.	production-available
M7A-93	Unknown external outcome test. Deliverable: Simulate timeout after side-effect request where outcome cannot be verified.	P3,P8	implementation_status_v1.5.md [M7A-93]; implementation_production_availability_v1.5.tsv [M7A-93]; owner=T09-agent-actions; production-composed connector timeout and ambiguous-provider outcome remains needs_human without side-effect replay	Original Verify: Step becomes Inconclusive and is not blindly retried. Preserve the exact typed-action, plan, approval, budget, receipt and safety requirement through Security Agent Activities and product projections.	production-available
M7A-94	Cross-tenant planner reference test. Deliverable: Seed planner output with another Organization's valid-looking asset UUID.	P3,P5,P6,P7,P8	implementation_status_v1.5.md [M7A-94]; implementation_production_availability_v1.5.tsv [M7A-94]; owner=T09-agent-actions; 2026-09-15-planner-tenant-boundary-evidence.md: actual planner/processor/registered PostgreSQL rejects seeded foreign asset and environment before preparation; explicit target authority fixed; local controlled-provider acceptance, unpublished	Original Verify: Plan is rejected before authorization/execution. Preserve the exact typed-action, plan, approval, budget, receipt and safety requirement through Security Agent Activities and product projections. Check current scoped creator/approver/delegated-agent authority; retain deterministic product approval floors, fresh auth and transactional revocation fences.	component-only
M7A-95	Security Agent action budget test. Deliverable: Exceed action/time/cost budget in fixture.	P2,P3,P7,P8,P9,P10	implementation_status_v1.5.md [M7A-95]; implementation_production_availability_v1.5.tsv [M7A-95]; owner=T09-agent-actions; 2026-09-15-security-agent-budget-gap.md: composed action stop and heartbeat d263ab; pending/repeated cleanup eb0fce and two-device partial-source cleanup592a63; legacy current-clock and post-insert rollback checks after RED87653a pass90c09c, independently reviewed; distinct-step contention, isolation/revocation matrices, credential lifecycle, token/cost accounting, deployment and release verification incomplete; 2026-09-17-planner-request-binding-checkpoint.md: reviewed immutable prepare/reserve/dispatch prerequisite, 11 owned DB/crash cases78638 and full local current55 run9898 passed; release61 Task11P commits 7ee20bc/701c39e provide reviewed tenant-scoped pricing/account ceilings; Task11A commits bcb39d1/828150b/cc06540/994263f provide reviewed controlled provider usage/cost settlement and admission handoff with earliest authority deadlines and no-resend recovery; Task11 commits e4c59006/98c61e95/75957f63 provide reviewed dormant one-transition worker orchestration, authoritative rereads, application/test/cleanup recovery and zero-I/O configuration rejection; production configuration, public/default activation, live provider/cloud/gateway deployment and release verification remain open; no availability promotion	Original Verify: No step starts after budget stop. Preserve the exact typed-action, plan, approval, budget, receipt and safety requirement through Security Agent Activities and product projections. Retain max steps/time/tokens/cost, tenant concurrency, immutable provider usage and idempotent reservations. Ordered policy-then-test must honor every bound, receipt dependency and cleanup obligation; platform installation is not acceptance.	component-only
M7A-96	Security Agent auto-response E2E. Deliverable: Trigger injection responder, auto-create temporary Block and re-test.	P3,P7,P8,P10	implementation_status_v1.5.md [M7A-96]; implementation_production_availability_v1.5.tsv [M7A-96]; owner=T09-agent-actions; audited component-only proof: Security Agent auto-response E2E; 2026-09-17-planner-request-binding-checkpoint.md: reviewed immutable prepare/reserve/dispatch prerequisite, 11 owned DB/crash cases78638 and full local current55 run9898 passed; release61 Task11P and Task11A commits through 994263f provide reviewed dormant pricing/planning/provider-result authority with controlled actual usage settlement; Task11 commits e4c59006/98c61e95/75957f63 provide independently reviewed dormant worker orchestration through application, existing-test settlement, recovery, stop and cleanup with clean-tree proof; production configuration, public/default API/CLI/UI activation, live provider/cloud storage/physical gateway, deployed canary and release gates remain open; no availability promotion	Original Verify: Run ends Contained/Remediated only after policy evidence plus re-test verification. Preserve the exact typed-action, plan, approval, budget, receipt and safety requirement through Security Agent Activities and product projections. Repeat original deployed product flows with real Stytch/providers in both supported profiles; preserve component-only and external gates until evidence exists.	component-only
M7A-97	Security Agent approval E2E. Deliverable: Trigger credential responder with supported connection revoke requiring approval.	P3,P7,P8,P10	implementation_status_v1.5.md [M7A-97]; implementation_production_availability_v1.5.tsv [M7A-97]; owner=T09-agent-actions; combined browser and real-worker E2E proves no connector revoke before fresh-auth admin approval and exactly one verified execution	Original Verify: No revoke before approval; approved run executes once and verifies connection state. Preserve the exact typed-action, plan, approval, budget, receipt and safety requirement through Security Agent Activities and product projections. Repeat original deployed product flows with real Stytch/providers in both supported profiles; preserve component-only and external gates until evidence exists.	production-available
M7A-98	Security Agent audit completeness E2E. Deliverable: Inspect one completed auto run and one approved run.	P3,P7,P8,P10	implementation_status_v1.5.md [M7A-98]; implementation_production_availability_v1.5.tsv [M7A-98]; owner=T09-agent-actions; combined PostgreSQL and browser E2E proves complete redacted supervised and autonomous audit chains	Original Verify: Trigger, plan hash, evidence IDs, auth result, approval, execution, verification and terminal outcome are all auditable. Preserve the exact typed-action, plan, approval, budget, receipt and safety requirement through Security Agent Activities and product projections. Repeat original deployed product flows with real Stytch/providers in both supported profiles; preserve component-only and external gates until evidence exists.	production-available
M7A-99	Security Agent SaaS isolation E2E. Deliverable: Run two Organizations concurrently with same-looking agent/action names.	P3,P5,P6,P7,P8	implementation_status_v1.5.md [M7A-99]; implementation_production_availability_v1.5.tsv [M7A-99]; owner=T09-agent-actions; combined multi-tenant E2E proves same-looking triggers, approvals, actions, and outcomes remain tenant isolated	Original Verify: Trigger, planner context, approvals, actions and results remain Organization-isolated. Preserve the exact typed-action, plan, approval, budget, receipt and safety requirement through Security Agent Activities and product projections. Check current scoped creator/approver/delegated-agent authority; retain deterministic product approval floors, fresh auth and transactional revocation fences.	production-available
M7A-100	Security Agent single-tenant profile E2E. Deliverable: Execute the same responder flow in dedicated single-tenant profile.	P3,P7,P8,P10	implementation_status_v1.5.md [M7A-100]; implementation_production_availability_v1.5.tsv [M7A-100]; owner=T09-agent-actions; audited component-only proof: Security Agent single-tenant profile E2E	Original Verify: Same API/UI/action contracts pass without topology-specific product behavior. Preserve the exact typed-action, plan, approval, budget, receipt and safety requirement through Security Agent Activities and product projections. Repeat original deployed product flows with real Stytch/providers in both supported profiles; preserve component-only and external gates until evidence exists.	component-only
M7A-101	M7A gate. Deliverable: Write Security Agent MVP gate result covering automatic trigger, simulate, plan, authorize, auto-act, approval, execute, temporary-control expiry cleanup, verify, Home attention UX, audit, outage and tenant isolation.	P3,P7,P8,P10	implementation_status_v1.5.md [M7A-101]; implementation_production_availability_v1.5.tsv [M7A-101]; owner=T09-agent-actions; audited component-only proof: M7A gate	Original Verify: PASS only when all preceding Security Agent E2E/security/degraded checks pass. Preserve the exact typed-action, plan, approval, budget, receipt and safety requirement through Security Agent Activities and product projections. Repeat original deployed product flows with real Stytch/providers in both supported profiles; preserve component-only and external gates until evidence exists.	component-only
M8-01a	production overlay VPC review. Deliverable: Add release overlay settings to the existing M1A VPC module for production CIDRs, endpoints and availability-zone topology without creating a second module.	P1,P9,P10	implementation_status_v1.5.md [M8-01a]; implementation_production_availability_v1.5.tsv [M8-01a]; owner=T15-deployment; audited component-only proof: production overlay VPC review	Original Verify: Terraform plan remains private and reuses the M1A module. Extend deployment/recovery/security release contracts to private Temporal/FGA storage, model/config versions, least privilege, backups and additive upgrade; keep original real-environment gates.	component-only
M8-01b	production overlay EKS review. Deliverable: Add production replica, node-pool and private-endpoint settings to the existing M1A EKS module.	P1,P9,P10	implementation_status_v1.5.md [M8-01b]; implementation_production_availability_v1.5.tsv [M8-01b]; owner=T15-deployment; audited component-only proof: production overlay EKS review	Original Verify: Terraform plan reuses the same module and contains no public Kubernetes API exposure beyond approved configuration. Extend deployment/recovery/security release contracts to private Temporal/FGA storage, model/config versions, least privilege, backups and additive upgrade; keep original real-environment gates.	component-only
M8-01c	release Terraform root. Deliverable: Add the production/SaaS release values to the same Terraform root used by staging.	P1,P9,P10	implementation_status_v1.5.md [M8-01c]; implementation_production_availability_v1.5.tsv [M8-01c]; owner=T15-deployment; audited component-only proof: release Terraform root	Original Verify: `terraform validate` passes with staging and release tfvars and module addresses remain stable. Include service credentials, private storage and least privilege for Temporal/FGA in the original infrastructure/upgrade contracts; preserve additive migration and rollback evidence.	component-only
M8-01	AWS production overlay gate. Deliverable: Run the release Terraform plan against the reusable M1A modules and record drift.	P1,P9,P10	implementation_status_v1.5.md [M8-01]; implementation_production_availability_v1.5.tsv [M8-01]; owner=T15-deployment; audited component-only proof: AWS production overlay gate	Original Verify: No duplicate AWS foundation module or destructive unexpected replacement appears. Extend deployment/recovery/security release contracts to private Temporal/FGA storage, model/config versions, least privilege, backups and additive upgrade; keep original real-environment gates.	component-only
M8-02	AWS S3/KMS/Secrets hardening. Deliverable: Apply versioning, retention/lifecycle, encryption and least-privilege production settings to the existing M1A S3/KMS/Secrets resources.	P1,P9,P10	implementation_status_v1.5.md [M8-02]; implementation_production_availability_v1.5.tsv [M8-02]; owner=T15-deployment; audited component-only proof: AWS S3/KMS/Secrets hardening	Original Verify: Terraform plan shows no public access and event archive/evidence prefixes use the intended KMS key. Include service credentials, private storage and least privilege for Temporal/FGA in the original infrastructure/upgrade contracts; preserve additive migration and rollback evidence.	component-only
M8-03	AWS SQS/DLQ hardening. Deliverable: Apply production visibility timeout, retention, DLQ and encryption settings to the existing M1A queues.	P4,P9	implementation_status_v1.5.md [M8-03]; implementation_production_availability_v1.5.tsv [M8-03]; owner=T15-deployment; audited component-only proof: AWS SQS/DLQ hardening	Original Verify: Terraform plan preserves queue identities and has bounded redrive settings. Explicit queue requirement retained: runtime-event SQS/DLQ, scoped envelopes, bounded buffering/backpressure and needed provider/job delivery do not disappear with Temporal. Account for every consumer before retiring a job selector.	component-only
M8-04	AWS OpenSearch hardening. Deliverable: Apply production capacity, encryption, VPC-only access and snapshot/retention settings to the existing M1A OpenSearch module.	unaffected	implementation_status_v1.5.md [M8-04]; implementation_production_availability_v1.5.tsv [M8-04]; owner=T15-deployment; audited component-only proof: AWS OpenSearch hardening	Original Verify: Terraform plan has no public endpoint and uses the same EventStore endpoint contract. Unchanged product contract; preserve existing implementation/evidence. No architecture-driven rewrite or availability promotion is required for this row.	component-only
M8-05	AWS IRSA least-privilege hardening. Deliverable: Tighten M1A service/connector IAM policies to production resource ARNs and document approved cross-account connector actions.	P1,P9,P10	implementation_status_v1.5.md [M8-05]; implementation_production_availability_v1.5.tsv [M8-05]; owner=T15-deployment; audited component-only proof: AWS IRSA least-privilege hardening	Original Verify: Policy tests allow required calls and deny unrelated write actions. Include service credentials, private storage and least privilege for Temporal/FGA in the original infrastructure/upgrade contracts; preserve additive migration and rollback evidence.	component-only
M8-06	Fargate profile. Deliverable: Add dedicated Attack Lab Fargate profile, namespace selector and Pod execution role.	unaffected	implementation_status_v1.5.md [M8-06]; implementation_production_availability_v1.5.tsv [M8-06]; owner=T15-deployment; audited component-only proof: Fargate profile	Original Verify: Terraform/EKS plan selects only Attack Lab namespace/labels. Unchanged product contract; preserve existing implementation/evidence. No architecture-driven rewrite or availability promotion is required for this row.	component-only
M8-07	Attack Lab security group. Deliverable: Add security group and SecurityGroupPolicy prerequisites for Fargate runs.	unaffected	implementation_status_v1.5.md [M8-07]; implementation_production_availability_v1.5.tsv [M8-07]; owner=T15-deployment; audited component-only proof: Attack Lab security group	Original Verify: Default run path reaches required cluster/proxy endpoints only. Unchanged product contract; preserve existing implementation/evidence. No architecture-driven rewrite or availability promotion is required for this row.	component-only
M8-08a	Helm web deployment. Deliverable: Add web Deployment and resource settings.	P1,P9,P10	implementation_status_v1.5.md [M8-08a]; implementation_production_availability_v1.5.tsv [M8-08a]; owner=PROD-current-composition; audited shipped composition: Helm web deployment	Original Verify: Helm unit/render test sees production replicas and probes. Extend deployment/recovery/security release contracts to private Temporal/FGA storage, model/config versions, least privilege, backups and additive upgrade; keep original real-environment gates.	production-available
M8-08b	Helm API deployment. Deliverable: Add agentsec-api Deployment and resource settings.	P1,P9,P10	implementation_status_v1.5.md [M8-08b]; implementation_production_availability_v1.5.tsv [M8-08b]; owner=PROD-current-composition; audited shipped composition: Helm API deployment	Original Verify: Helm unit/render test sees production replicas and probes. Extend deployment/recovery/security release contracts to private Temporal/FGA storage, model/config versions, least privilege, backups and additive upgrade; keep original real-environment gates.	production-available
M8-08c	Helm web/API services. Deliverable: Add product Services/ingress references and readiness wiring.	P1,P9,P10	implementation_status_v1.5.md [M8-08c]; implementation_production_availability_v1.5.tsv [M8-08c]; owner=PROD-current-composition; audited shipped composition: Helm web/API services	Original Verify: Render exposes only product endpoints, no vendor UI. Extend deployment/recovery/security release contracts to private Temporal/FGA storage, model/config versions, least privilege, backups and additive upgrade; keep original real-environment gates.	production-available
M8-08	Helm web/api. Deliverable: Run final Helm render for web/API manifests.	P1,P9,P10	implementation_status_v1.5.md [M8-08]; implementation_production_availability_v1.5.tsv [M8-08]; owner=PROD-current-composition; audited shipped composition: Helm web/api	Original Verify: Render exposes product endpoints and required probes only. Extend deployment/recovery/security release contracts to private Temporal/FGA storage, model/config versions, least privilege, backups and additive upgrade; keep original real-environment gates.	production-available
M8-09a	Helm worker deployment. Deliverable: Add agentsec-worker Deployment with queue config.	P1,P9,P10	implementation_status_v1.5.md [M8-09a]; implementation_production_availability_v1.5.tsv [M8-09a]; owner=T15-deployment; shipped private agentsec worker Deployments use immutable images, probes, and bounded resources; release render gate 20/20 at b0caf99	Original Verify: Render has resource requests/limits and no public Service. Extend deployment/recovery/security release contracts to private Temporal/FGA storage, model/config versions, least privilege, backups and additive upgrade; keep original real-environment gates.	production-available
M8-09b	Helm event-ingest deployment. Deliverable: Add event-ingest Deployment/Service with internal auth config.	unaffected	implementation_status_v1.5.md [M8-09b]; implementation_production_availability_v1.5.tsv [M8-09b]; owner=T15-deployment; shipped replicated event-ingest Deployment and internal Service bind probes, internal auth, and isolated runtime identity; release render gate 20/20 at b0caf99	Original Verify: Render has internal Service and probes. Unchanged product contract; preserve existing implementation/evidence. No architecture-driven rewrite or availability promotion is required for this row.	production-available
M8-09c	Worker/ingest shutdown settings. Deliverable: Add termination grace and pre-stop/drain configuration.	P1,P9,P10	implementation_status_v1.5.md [M8-09c]; implementation_production_availability_v1.5.tsv [M8-09c]; owner=T15-deployment; shipped worker and ingest pods bind nonzero termination grace, preStop drain, and bounded shutdown; release render gate 20/20 at b0caf99	Original Verify: Manifest test sees nonzero grace and drain setting. Extend deployment/recovery/security release contracts to private Temporal/FGA storage, model/config versions, least privilege, backups and additive upgrade; keep original real-environment gates.	production-available
M8-09	Helm worker/ingest. Deliverable: Run final Helm render for worker/event-ingest manifests.	P1,P9,P10	implementation_status_v1.5.md [M8-09]; implementation_production_availability_v1.5.tsv [M8-09]; owner=T15-deployment; shipped release composes private worker and event-ingest connectivity with exact shutdown authority; release render gate 20/20 at b0caf99	Original Verify: Render shows correct internal connectivity and shutdown settings. Extend deployment/recovery/security release contracts to private Temporal/FGA storage, model/config versions, least privilege, backups and additive upgrade; keep original real-environment gates.	production-available
M8-10	Helm runtime gateway. Deliverable: Add runtime-gateway Deployment/Service and local policy volume/cache.	unaffected	implementation_status_v1.5.md [M8-10]; implementation_production_availability_v1.5.tsv [M8-10]; owner=T15-deployment; customer-edge release ships a private runtime-gateway Deployment and Service with durable bounded policy cache and no database dependency; release render gate 20/20 at b0caf99	Original Verify: Optional dependency loss does not change readiness template. Unchanged product contract; preserve existing implementation/evidence. No architecture-driven rewrite or availability promotion is required for this row.	production-available
M8-11	Helm Neo4j. Deliverable: Add supported Neo4j reference values/persistence or external endpoint switch.	unaffected	implementation_status_v1.5.md [M8-11]; implementation_production_availability_v1.5.tsv [M8-11]; owner=T15-deployment; hosted release selects one verified neo4j+s external endpoint with exact CIDR and secret refs, separate schema init, and no Neo4j ingress; release render gate 20/20 at b0caf99	Original Verify: Render chooses exactly one mode and product does not expose Neo4j ingress. Unchanged product contract; preserve existing implementation/evidence. No architecture-driven rewrite or availability promotion is required for this row.	production-available
M8-12	Helm Nango free. Deliverable: Add Nango free self-hosted internal deployment with direct DB/encryption secret, Auth+Proxy only.	unaffected	implementation_status_v1.5.md [M8-12]; implementation_production_availability_v1.5.tsv [M8-12]; owner=T15-deployment; audited shipped composition: exact-pinned private Nango with serialized migration, verified database TLS, bounded egress, pinned-image proof, and zero-finding release review	Original Verify: No public ingress or Enterprise-only services appear in render. Unchanged product contract; preserve existing implementation/evidence. No architecture-driven rewrite or availability promotion is required for this row.	production-available
M8-13	Helm OTel Collector. Deliverable: Add Collector memory limiter, batching, redaction and optional Grafana/New Relic OTLP overlays.	unaffected	implementation_status_v1.5.md [M8-13]; implementation_production_availability_v1.5.tsv [M8-13]; owner=T15-deployment; audited shipped composition: exact-pinned private OTel Collector with fail-closed bounded redaction and release proof	Original Verify: `none` backend works and remote failure uses bounded sending queue. Unchanged product contract; preserve existing implementation/evidence. No architecture-driven rewrite or availability promotion is required for this row.	production-available
M8-14	Helm Tetragon. Deliverable: Add Tetragon deployment/permissions and exact privilege documentation.	unaffected	implementation_status_v1.5.md [M8-14]; implementation_production_availability_v1.5.tsv [M8-14]; owner=T15-deployment; customer-edge release renders the exact-digest Tetragon 1.7 wrapper, documented privilege boundary, two tracing policies, and disable-safe sensor profile; release render gate 20/20 at b0caf99	Original Verify: Render permissions match documented requirement and sensor can be disabled for unsupported nodes. Unchanged product contract; preserve existing implementation/evidence. No architecture-driven rewrite or availability promotion is required for this row.	production-available
M8-15	Pod disruption/topology. Deliverable: Add PDB/topology-spread/graceful termination for critical stateless services.	P1,P9,P10	implementation_status_v1.5.md [M8-15]; implementation_production_availability_v1.5.tsv [M8-15]; owner=PROD-current-composition; audited shipped composition: Pod disruption/topology	Original Verify: Render test sees expected policies without impossible one-replica PDB. Extend deployment/recovery/security release contracts to private Temporal/FGA storage, model/config versions, least privilege, backups and additive upgrade; keep original real-environment gates.	production-available
M8-16	preflight base. Deliverable: Create `agentsecctl preflight` command and result model.	P1,P9,P10	implementation_status_v1.5.md [M8-16]; implementation_production_availability_v1.5.tsv [M8-16]; owner=T16-recovery-ops; audited component-only proof: preflight base	Original Verify: Command returns product pass/warn/fail sections and nonzero on blockers. Extend deployment/recovery/security release contracts to private Temporal/FGA storage, model/config versions, least privilege, backups and additive upgrade; keep original real-environment gates.	component-only
M8-17a	preflight IAM IRSA. Deliverable: Check required IAM roles, trust and IRSA bindings.	P1,P9,P10	implementation_status_v1.5.md [M8-17a]; implementation_production_availability_v1.5.tsv [M8-17a]; owner=T16-recovery-ops; audited component-only proof: preflight IAM IRSA	Original Verify: Missing trust permission returns the exact product remediation hint. Include service credentials, private storage and least privilege for Temporal/FGA in the original infrastructure/upgrade contracts; preserve additive migration and rollback evidence.	component-only
M8-17b	preflight S3 KMS Secrets. Deliverable: Check S3 evidence bucket, KMS key and Secrets Manager access.	P1,P9,P10	implementation_status_v1.5.md [M8-17b]; implementation_production_availability_v1.5.tsv [M8-17b]; owner=T16-recovery-ops; audited component-only proof: preflight S3 KMS Secrets	Original Verify: Denied fixture identifies the failing AWS permission. Include service credentials, private storage and least privilege for Temporal/FGA in the original infrastructure/upgrade contracts; preserve additive migration and rollback evidence.	component-only
M8-17c	preflight SQS. Deliverable: Check required SQS queues/DLQs and producer/consumer permissions.	P4,P9	implementation_status_v1.5.md [M8-17c]; implementation_production_availability_v1.5.tsv [M8-17c]; owner=T16-recovery-ops; audited component-only proof: preflight SQS	Original Verify: Missing queue or permission is reported before install. Explicit queue requirement retained: runtime-event SQS/DLQ, scoped envelopes, bounded buffering/backpressure and needed provider/job delivery do not disappear with Temporal. Account for every consumer before retiring a job selector.	component-only
M8-17d	preflight OpenSearch. Deliverable: Check OpenSearch endpoint reachability and required index permissions.	unaffected	implementation_status_v1.5.md [M8-17d]; implementation_production_availability_v1.5.tsv [M8-17d]; owner=T16-recovery-ops; audited component-only proof: preflight OpenSearch	Original Verify: Denied fixture reports an actionable product error. Unchanged product contract; preserve existing implementation/evidence. No architecture-driven rewrite or availability promotion is required for this row.	component-only
M8-17e	preflight EKS Fargate. Deliverable: Check EKS version, Attack Lab Fargate profile/namespace and required networking prerequisites.	unaffected	implementation_status_v1.5.md [M8-17e]; implementation_production_availability_v1.5.tsv [M8-17e]; owner=T16-recovery-ops; audited component-only proof: preflight EKS Fargate	Original Verify: Missing Fargate prerequisite blocks Attack Lab readiness only. Unchanged product contract; preserve existing implementation/evidence. No architecture-driven rewrite or availability promotion is required for this row.	component-only
M8-17	preflight AWS. Deliverable: Assemble AWS preflight results into one product readiness report.	P1,P9,P10	implementation_status_v1.5.md [M8-17]; implementation_production_availability_v1.5.tsv [M8-17]; owner=T16-recovery-ops; audited component-only proof: preflight AWS	Original Verify: Report separates blocking core prerequisites from optional/feature-specific prerequisites. Include service credentials, private storage and least privilege for Temporal/FGA in the original infrastructure/upgrade contracts; preserve additive migration and rollback evidence.	component-only
M8-18	preflight Neon/Stytch. Deliverable: Check Neon migration/pool connectivity and Stytch project/session reachability.	P1,P9,P10	implementation_status_v1.5.md [M8-18]; implementation_production_availability_v1.5.tsv [M8-18]; owner=T16-recovery-ops; audited component-only proof: preflight Neon/Stytch	Original Verify: Dependency failure is clearly labeled required. Extend deployment/recovery/security release contracts to private Temporal/FGA storage, model/config versions, least privilege, backups and additive upgrade; keep original real-environment gates.	component-only
M8-19	preflight sensor. Deliverable: Check kernel/BTF/Tetragon prerequisites on selected EC2 node pool.	unaffected	implementation_status_v1.5.md [M8-19]; implementation_production_availability_v1.5.tsv [M8-19]; owner=T16-recovery-ops; audited component-only proof: preflight sensor	Original Verify: Unsupported kernel returns warning/block based on selected sensor mode. Unchanged product contract; preserve existing implementation/evidence. No architecture-driven rewrite or availability promotion is required for this row.	component-only
M8-20a	backup manifest schema. Deliverable: Define versioned recovery manifest fields for Neon recovery point, S3 evidence/event-archive references and graph rebuild/export reference for SaaS or single-tenant rehearsal.	P1,P9,P10	implementation_status_v1.5.md [M8-20a]; implementation_production_availability_v1.5.tsv [M8-20a]; owner=T16-recovery-ops; v27 signed manifest schema is production-composed; combined E2E verifies scoped version-pinned artifacts and manifest-last publication	Original Verify: Schema rejects raw credential fields. Extend deployment/recovery/security release contracts to private Temporal/FGA storage, model/config versions, least privilege, backups and additive upgrade; keep original real-environment gates.	production-available
M8-20b	backup metadata collection. Deliverable: Collect Neon recovery metadata, deployment mode and product configuration references into the manifest.	P1,P9,P10	implementation_status_v1.5.md [M8-20b]; implementation_production_availability_v1.5.tsv [M8-20b]; owner=T16-recovery-ops; recovery backup worker captures tenant configuration and exact PostgreSQL LSN under a fenced hold in combined E2E	Original Verify: Fixture manifest is scoped to its authenticated/deployment Organization. Extend deployment/recovery/security release contracts to private Temporal/FGA storage, model/config versions, least privilege, backups and additive upgrade; keep original real-environment gates.	production-available
M8-20c	backup graph and evidence refs. Deliverable: Add graph export reference and S3 evidence location references to the manifest.	P1,P9,P10	implementation_status_v1.5.md [M8-20c]; implementation_production_availability_v1.5.tsv [M8-20c]; owner=T16-recovery-ops; recovery backup worker captures version-pinned projection and evidence references with canonical UTC samples in combined E2E	Original Verify: Manifest contains references only, not copied secret-bearing payloads. Extend deployment/recovery/security release contracts to private Temporal/FGA storage, model/config versions, least privilege, backups and additive upgrade; keep original real-environment gates.	production-available
M8-20	backup plan. Deliverable: Expose `agentsecctl backup` to write the completed manifest.	P1,P9,P10	implementation_status_v1.5.md [M8-20]; implementation_production_availability_v1.5.tsv [M8-20]; owner=T16-recovery-ops; public recovery API, agentsecctl, outbox, queue, backup worker, signed artifacts, and browser recovery are production-composed and pass combined E2E	Original Verify: Command writes a scoped, versioned manifest and exits nonzero on missing required reference. Extend deployment/recovery/security release contracts to private Temporal/FGA storage, model/config versions, least privilege, backups and additive upgrade; keep original real-environment gates.	production-available
M8-21a	Restore manifest reader. Deliverable: Implement restore-manifest validation and target-environment safety check.	P1,P9,P10	implementation_status_v1.5.md [M8-21a]; implementation_production_availability_v1.5.tsv [M8-21a]; owner=T16-recovery-ops; restore worker verifies the exact signed manifest and every pinned child artifact before use in combined E2E	Original Verify: Restore refuses production/source target and malformed manifest. Extend deployment/recovery/security release contracts to private Temporal/FGA storage, model/config versions, least privilege, backups and additive upgrade; keep original real-environment gates.	production-available
M8-21b	Start restore rehearsal. Deliverable: Start restore into disposable target using the current supported recovery mechanisms.	P1,P9,P10	implementation_status_v1.5.md [M8-21b]; implementation_production_availability_v1.5.tsv [M8-21b]; owner=T16-recovery-ops; restore worker starts only an isolated non-source Neon branch and namespace through bounded injected production drivers in combined E2E	Original Verify: Command/job returns a tracked rehearsal ID before 15-minute timebox. Extend deployment/recovery/security release contracts to private Temporal/FGA storage, model/config versions, least privilege, backups and additive upgrade; keep original real-environment gates.	production-available
M8-21c	Inspect restore completion. Deliverable: Poll the tracked rehearsal and record terminal state.	P1,P9,P10	implementation_status_v1.5.md [M8-21c]; implementation_production_availability_v1.5.tsv [M8-21c]; owner=T16-recovery-ops; public API, agentsecctl, and browser poll one durable restore through terminal state and reload in combined E2E	Original Verify: Terminal state and dependency errors are captured without restarting restore. Extend deployment/recovery/security release contracts to private Temporal/FGA storage, model/config versions, least privilege, backups and additive upgrade; keep original real-environment gates.	production-available
M8-21d	Validate restored state. Deliverable: Compare scoped asset/finding/policy counts and sample evidence references.	P1,P9,P10	implementation_status_v1.5.md [M8-21d]; implementation_production_availability_v1.5.tsv [M8-21d]; owner=T16-recovery-ops; restore validation proves exact asset, finding, policy, and projection rebuild digests in combined E2E	Original Verify: Validator reports exact mismatches. Extend deployment/recovery/security release contracts to private Temporal/FGA storage, model/config versions, least privilege, backups and additive upgrade; keep original real-environment gates.	production-available
M8-21e	Clean restore target. Deliverable: Delete disposable restore target/resources after validation.	P1,P9,P10	implementation_status_v1.5.md [M8-21e]; implementation_production_availability_v1.5.tsv [M8-21e]; owner=T16-recovery-ops; restore cleanup runs under independent authority and retains deleted cleanup evidence in combined E2E	Original Verify: Cleanup leaves no test customer data/resources. Extend deployment/recovery/security release contracts to private Temporal/FGA storage, model/config versions, least privilege, backups and additive upgrade; keep original real-environment gates.	production-available
M8-21	restore rehearsal. Deliverable: Record restore rehearsal result and any exact recovery gap.	P1,P9,P10	implementation_status_v1.5.md [M8-21]; implementation_production_availability_v1.5.tsv [M8-21]; owner=T16-recovery-ops; full tenant-scoped backup and restore rehearsal passes API, CLI, outbox, queue, workers, artifacts, browser reload, cross-tenant denial, and cleanup E2E	Original Verify: Release evidence links start/completion/validation/cleanup artifacts. Extend deployment/recovery/security release contracts to private Temporal/FGA storage, model/config versions, least privilege, backups and additive upgrade; keep original real-environment gates.	production-available
M8-22a	upgrade version check. Deliverable: Check current and target product version compatibility before upgrade.	P1,P9,P10	implementation_status_v1.5.md [M8-22a]; implementation_production_availability_v1.5.tsv [M8-22a]; owner=T16-recovery-ops; audited component-only proof: upgrade version check	Original Verify: Unsupported version jump is rejected before mutation. Extend deployment/recovery/security release contracts to private Temporal/FGA storage, model/config versions, least privilege, backups and additive upgrade; keep original real-environment gates.	component-only
M8-22b	upgrade migration check. Deliverable: Check Neon schema migration compatibility before upgrade.	P1,P9,P10	implementation_status_v1.5.md [M8-22b]; implementation_production_availability_v1.5.tsv [M8-22b]; owner=T16-recovery-ops; audited component-only proof: upgrade migration check	Original Verify: Incompatible migration fixture blocks upgrade. Extend deployment/recovery/security release contracts to private Temporal/FGA storage, model/config versions, least privilege, backups and additive upgrade; keep original real-environment gates.	component-only
M8-22c	upgrade bundle check. Deliverable: Check policy/content bundle format compatibility before upgrade.	P1,P9,P10	implementation_status_v1.5.md [M8-22c]; implementation_production_availability_v1.5.tsv [M8-22c]; owner=T16-recovery-ops; audited component-only proof: upgrade bundle check	Original Verify: Unsupported bundle format blocks upgrade. Extend deployment/recovery/security release contracts to private Temporal/FGA storage, model/config versions, least privilege, backups and additive upgrade; keep original real-environment gates.	component-only
M8-22d	upgrade rollback check. Deliverable: Check that required rollback artifact and backup/recovery reference exist.	P1,P9,P10	implementation_status_v1.5.md [M8-22d]; implementation_production_availability_v1.5.tsv [M8-22d]; owner=T16-recovery-ops; audited component-only proof: upgrade rollback check	Original Verify: Missing rollback prerequisite blocks upgrade. Extend deployment/recovery/security release contracts to private Temporal/FGA storage, model/config versions, least privilege, backups and additive upgrade; keep original real-environment gates.	component-only
M8-22	upgrade preflight. Deliverable: Assemble upgrade checks into one read-only preflight command.	P1,P9,P10	implementation_status_v1.5.md [M8-22]; implementation_production_availability_v1.5.tsv [M8-22]; owner=T16-recovery-ops; audited component-only proof: upgrade preflight	Original Verify: Incompatible fixture blocks upgrade before any mutation. Extend deployment/recovery/security release contracts to private Temporal/FGA storage, model/config versions, least privilege, backups and additive upgrade; keep original real-environment gates.	component-only
M8-23a	Start upgrade fixture. Deliverable: Deploy previous-supported-version fixture into disposable environment.	P1,P9,P10	implementation_status_v1.5.md [M8-23a]; implementation_production_availability_v1.5.tsv [M8-23a]; owner=T16-recovery-ops; audited component-only proof: Start upgrade fixture	Original Verify: Fixture reports ready version before timebox ends. Extend deployment/recovery/security release contracts to private Temporal/FGA storage, model/config versions, least privilege, backups and additive upgrade; keep original real-environment gates.	component-only
M8-23b	Run upgrade. Deliverable: Start current-version upgrade and record migration/release IDs.	P1,P9,P10	implementation_status_v1.5.md [M8-23b]; implementation_production_availability_v1.5.tsv [M8-23b]; owner=T16-recovery-ops; audited component-only proof: Run upgrade	Original Verify: Upgrade reaches success or tracked failure state. Extend deployment/recovery/security release contracts to private Temporal/FGA storage, model/config versions, least privilege, backups and additive upgrade; keep original real-environment gates.	component-only
M8-23c	Inject rollback condition. Deliverable: Trigger the documented rollback path in disposable fixture.	P1,P9,P10	implementation_status_v1.5.md [M8-23c]; implementation_production_availability_v1.5.tsv [M8-23c]; owner=T16-recovery-ops; audited component-only proof: Inject rollback condition	Original Verify: Rollback command targets the recorded release/version only. Include service credentials, private storage and least privilege for Temporal/FGA in the original infrastructure/upgrade contracts; preserve additive migration and rollback evidence.	component-only
M8-23d	Validate rollback state. Deliverable: Compare product version, schema compatibility and sampled policy/evidence state.	P1,P9,P10	implementation_status_v1.5.md [M8-23d]; implementation_production_availability_v1.5.tsv [M8-23d]; owner=T16-recovery-ops; audited component-only proof: Validate rollback state	Original Verify: Validator reports no silent data loss. Include service credentials, private storage and least privilege for Temporal/FGA in the original infrastructure/upgrade contracts; preserve additive migration and rollback evidence.	component-only
M8-23	upgrade rollback test. Deliverable: Record upgrade/rollback rehearsal result.	P1,P9,P10	implementation_status_v1.5.md [M8-23]; implementation_production_availability_v1.5.tsv [M8-23]; owner=T16-recovery-ops; audited component-only proof: upgrade rollback test	Original Verify: Release evidence links upgrade, rollback and state-validation artifacts. Extend deployment/recovery/security release contracts to private Temporal/FGA storage, model/config versions, least privilege, backups and additive upgrade; keep original real-environment gates.	component-only
M8-24	diagnostics bundle. Deliverable: Create redacted `agentsecctl diagnostics` bundle with health/config versions and bounded logs.	P1,P9,P10	implementation_status_v1.5.md [M8-24]; implementation_production_availability_v1.5.tsv [M8-24]; owner=T16-recovery-ops; audited component-only proof: diagnostics bundle	Original Verify: Seeded secrets/vendor tokens are absent. Extend deployment/recovery/security release contracts to private Temporal/FGA storage, model/config versions, least privilege, backups and additive upgrade; keep original real-environment gates.	component-only
M8-25	real AWS parity IAM. Deliverable: Run bounded IAM/STS/IRSA parity tests in isolated AWS account.	unaffected	implementation_status_v1.5.md [M8-25]; implementation_production_availability_v1.5.tsv [M8-25]; owner=EXT-cloud-deploy; audited external evidence gate: real AWS parity IAM	Original Verify: Results match intended deny/allow semantics, independent of LocalStack. Unchanged product contract; preserve existing implementation/evidence. No architecture-driven rewrite or availability promotion is required for this row.	blocked/external
M8-26	real AWS parity storage. Deliverable: Run S3/KMS/Secrets/SQS/OpenSearch parity smoke in isolated AWS account.	unaffected	implementation_status_v1.5.md [M8-26]; implementation_production_availability_v1.5.tsv [M8-26]; owner=EXT-cloud-deploy; audited external evidence gate: real AWS parity storage	Original Verify: Critical operations match LocalStack-backed expectations. Unchanged product contract; preserve existing implementation/evidence. No architecture-driven rewrite or availability promotion is required for this row.	blocked/external
M8-27	real AWS Fargate parity. Deliverable: Run Attack Lab Fargate/SG/proxy canary in isolated AWS account.	unaffected	implementation_status_v1.5.md [M8-27]; implementation_production_availability_v1.5.tsv [M8-27]; owner=EXT-cloud-deploy; audited external evidence gate: real AWS Fargate parity	Original Verify: Direct egress denied, proxy-allowed destination succeeds, run cleans up. Unchanged product contract; preserve existing implementation/evidence. No architecture-driven rewrite or availability promotion is required for this row.	blocked/external
M8-28	Stytch outage test. Deliverable: Inject Stytch API failure after valid session/policy deployment.	P1,P3,P7,P8,P10	implementation_status_v1.5.md [M8-28]; implementation_production_availability_v1.5.tsv [M8-28]; owner=EXT-cloud-deploy; audited external evidence gate: Stytch outage test	Original Verify: New login degrades; runtime enforcement remains active; JWT is not extended beyond normal validity. Preserve the original outage/privacy boundary with fail-closed FGA and bounded workflow/adaptor behavior; credentials and resource bodies stay out of Temporal history/logs.	blocked/external
M8-29	Neon outage test. Deliverable: Inject Neon failure during control-plane mutation and runtime traffic.	P1,P3,P7,P8,P10	implementation_status_v1.5.md [M8-29]; implementation_production_availability_v1.5.tsv [M8-29]; owner=EXT-cloud-deploy; audited external evidence gate: Neon outage test	Original Verify: Mutation fails fast; runtime gateway continues from cached bundle. Preserve the original outage/privacy boundary with fail-closed FGA and bounded workflow/adaptor behavior; credentials and resource bodies stay out of Temporal history/logs.	blocked/external
M8-30	Nango outage test. Deliverable: Stop Nango during long-tail connection usage.	P1,P3,P7,P8,P10	implementation_status_v1.5.md [M8-30]; implementation_production_availability_v1.5.tsv [M8-30]; owner=EXT-cloud-deploy; audited external evidence gate: Nango outage test	Original Verify: Core launch connectors, inventory, paths and runtime policy continue. Preserve the original outage/privacy boundary with fail-closed FGA and bounded workflow/adaptor behavior; credentials and resource bodies stay out of Temporal history/logs.	blocked/external
M8-31	optional vendor outage test. Deliverable: Fail PostHog, OpenRouter and remote OTLP concurrently.	P1,P3,P7,P8,P10	implementation_status_v1.5.md [M8-31]; implementation_production_availability_v1.5.tsv [M8-31]; owner=EXT-cloud-deploy; audited external evidence gate: optional vendor outage test	Original Verify: Golden deterministic security flow still passes except optional UX. Preserve the original outage/privacy boundary with fail-closed FGA and bounded workflow/adaptor behavior; credentials and resource bodies stay out of Temporal history/logs.	blocked/external
M8-32	OpenSearch outage test. Deliverable: Fail OpenSearch while event batches arrive.	unaffected	implementation_status_v1.5.md [M8-32]; implementation_production_availability_v1.5.tsv [M8-32]; owner=EXT-cloud-deploy; audited external evidence gate: OpenSearch outage test	Original Verify: Search degrades, SQS backlog is visible and runtime policy continues. Unchanged product contract; preserve existing implementation/evidence. No architecture-driven rewrite or availability promotion is required for this row.	blocked/external
M8-33	Neo4j outage test. Deliverable: Fail graph backend during inventory reads.	unaffected	implementation_status_v1.5.md [M8-33]; implementation_production_availability_v1.5.tsv [M8-33]; owner=EXT-cloud-deploy; audited external evidence gate: Neo4j outage test	Original Verify: Path/capability shows Degraded and basic inventory remains. Unchanged product contract; preserve existing implementation/evidence. No architecture-driven rewrite or availability promotion is required for this row.	blocked/external
M8-34	SQS saturation test. Deliverable: Throttle SQS/event worker and observe backlog/drop behavior.	P4,P9,P10	implementation_status_v1.5.md [M8-34]; implementation_production_availability_v1.5.tsv [M8-34]; owner=EXT-cloud-deploy; audited external evidence gate: SQS saturation test	Original Verify: No unbounded process memory growth and queue age is visible. Explicit queue requirement retained: runtime-event SQS/DLQ, scoped envelopes, bounded buffering/backpressure and needed provider/job delivery do not disappear with Temporal. Account for every consumer before retiring a job selector.	blocked/external
M8-35	runtime latency test. Deliverable: Run metadata policy benchmark at reference concurrency.	unaffected	implementation_status_v1.5.md [M8-35]; implementation_production_availability_v1.5.tsv [M8-35]; owner=EXT-cloud-deploy; audited external evidence gate: runtime latency test	Original Verify: p95 <=25 ms or release gate fails with measured exception. Unchanged product contract; preserve existing implementation/evidence. No architecture-driven rewrite or availability promotion is required for this row.	blocked/external
M8-36a	API load scenario. Deliverable: Define bounded representative API workload and success thresholds.	P5,P7,P8,P10	implementation_status_v1.5.md [M8-36a]; implementation_production_availability_v1.5.tsv [M8-36a]; owner=T16-recovery-ops; audited component-only proof: API load scenario	Original Verify: Scenario lints and contains no unbounded endpoint/query. Enforce the operation through the production FGA checker with tenant-scoped query/count/cursor behavior; keep SQL row guards and original API contracts. Run this original release acceptance against the replacement API/worker/UI composition; retain external observations and actual deployment prerequisites.	component-only
M8-36b	Run API load. Deliverable: Run the bounded workload for <=5 minutes on reference deployment.	P7,P8,P10	implementation_status_v1.5.md [M8-36b]; implementation_production_availability_v1.5.tsv [M8-36b]; owner=EXT-cloud-deploy; audited external evidence gate: Run API load	Original Verify: Run produces latency/error artifact. Run this original release acceptance against the replacement API/worker/UI composition; retain external observations and actual deployment prerequisites.	blocked/external
M8-36c	Evaluate API load. Deliverable: Calculate p50/p95/p99/error rate from artifact.	P7,P8,P10	implementation_status_v1.5.md [M8-36c]; implementation_production_availability_v1.5.tsv [M8-36c]; owner=T16-recovery-ops; audited component-only proof: Evaluate API load	Original Verify: Gate result is deterministic and linked to reference profile. Run this original release acceptance against the replacement API/worker/UI composition; retain external observations and actual deployment prerequisites.	component-only
M8-36	API reference load. Deliverable: Record API reference-load gate result.	P5,P7,P8,P10	implementation_status_v1.5.md [M8-36]; implementation_production_availability_v1.5.tsv [M8-36]; owner=EXT-cloud-deploy; audited external evidence gate: API reference load	Original Verify: Measured p95 comparison is stored in release evidence. Enforce the operation through the production FGA checker with tenant-scoped query/count/cursor behavior; keep SQL row guards and original API contracts. Run this original release acceptance against the replacement API/worker/UI composition; retain external observations and actual deployment prerequisites.	blocked/external
M8-37	graph bounded load. Deliverable: Run bounded path/neighborhood fixtures at reference graph size.	unaffected	implementation_status_v1.5.md [M8-37]; implementation_production_availability_v1.5.tsv [M8-37]; owner=EXT-cloud-deploy; audited external evidence gate: graph bounded load	Original Verify: Supported query returns <=3 s and depth/result limits hold. Unchanged product contract; preserve existing implementation/evidence. No architecture-driven rewrite or availability promotion is required for this row.	blocked/external
M8-38a	Event load generator. Deliverable: Create relevant normalized-event batch generator and bounded run config.	unaffected	implementation_status_v1.5.md [M8-38a]; implementation_production_availability_v1.5.tsv [M8-38a]; owner=T16-recovery-ops; audited component-only proof: Event load generator	Original Verify: Generator produces scoped batches at requested rate. Unchanged product contract; preserve existing implementation/evidence. No architecture-driven rewrite or availability promotion is required for this row.	component-only
M8-38b	Run event floor load. Deliverable: Run 5k relevant events/sec for <=5 minutes.	unaffected	implementation_status_v1.5.md [M8-38b]; implementation_production_availability_v1.5.tsv [M8-38b]; owner=EXT-cloud-deploy; audited external evidence gate: Run event floor load	Original Verify: Run produces queue/index/drop metrics artifact. Unchanged product contract; preserve existing implementation/evidence. No architecture-driven rewrite or availability promotion is required for this row.	blocked/external
M8-38c	Evaluate event floor load. Deliverable: Check backlog recovery, indexing and observed drops/retries.	unaffected	implementation_status_v1.5.md [M8-38c]; implementation_production_availability_v1.5.tsv [M8-38c]; owner=T16-recovery-ops; audited component-only proof: Evaluate event floor load	Original Verify: Gate reports pass/fail with exact measured values. Unchanged product contract; preserve existing implementation/evidence. No architecture-driven rewrite or availability promotion is required for this row.	component-only
M8-38	event floor load. Deliverable: Record event-floor gate result.	unaffected	implementation_status_v1.5.md [M8-38]; implementation_production_availability_v1.5.tsv [M8-38]; owner=EXT-cloud-deploy; audited external evidence gate: event floor load	Original Verify: Measured rate/backlog/drop result is stored in release evidence. Unchanged product contract; preserve existing implementation/evidence. No architecture-driven rewrite or availability promotion is required for this row.	blocked/external
M8-39	sensor overhead measurement. Deliverable: Measure Tetragon/product adapter CPU/memory on representative workload.	unaffected	implementation_status_v1.5.md [M8-39]; implementation_production_availability_v1.5.tsv [M8-39]; owner=EXT-cloud-deploy; audited external evidence gate: sensor overhead measurement	Original Verify: Result is documented without universal unsupported percentage claim. Unchanged product contract; preserve existing implementation/evidence. No architecture-driven rewrite or availability promotion is required for this row.	blocked/external
M8-40a	API tenant isolation security test. Deliverable: Attempt cross-Organization and cross-Workspace REST API reads and mutations.	P5,P7,P8,P10	implementation_status_v1.5.md [M8-40a]; implementation_production_availability_v1.5.tsv [M8-40a]; owner=T16-recovery-ops; audited component-only proof: API tenant isolation security test	Original Verify: Every request fails server-side with the stable tenant-boundary error and no foreign data. Enforce the operation through the production FGA checker with tenant-scoped query/count/cursor behavior; keep SQL row guards and original API contracts. Run this original release acceptance against the replacement API/worker/UI composition; retain external observations and actual deployment prerequisites.	component-only
M8-40b	graph tenant isolation security test. Deliverable: Attempt a bounded graph read/path query from Organization A against Organization B fixture nodes.	P7,P8,P10	implementation_status_v1.5.md [M8-40b]; implementation_production_availability_v1.5.tsv [M8-40b]; owner=T16-recovery-ops; audited component-only proof: graph tenant isolation security test	Original Verify: Query returns no cross-Organization node or edge and records the denial/guard result. Run this original release acceptance against the replacement API/worker/UI composition; retain external observations and actual deployment prerequisites.	component-only
M8-40c	OpenSearch tenant isolation security test. Deliverable: Attempt Organization A session/activity searches against Organization B indexed fixtures.	P7,P8,P10	implementation_status_v1.5.md [M8-40c]; implementation_production_availability_v1.5.tsv [M8-40c]; owner=T16-recovery-ops; audited component-only proof: OpenSearch tenant isolation security test	Original Verify: Search returns no foreign hit and the test records the scoped filter used. Run this original release acceptance against the replacement API/worker/UI composition; retain external observations and actual deployment prerequisites.	component-only
M8-40d	S3 tenant isolation security test. Deliverable: Attempt Organization A evidence/export access against Organization B object keys through product APIs.	P7,P8,P10	implementation_status_v1.5.md [M8-40d]; implementation_production_availability_v1.5.tsv [M8-40d]; owner=T16-recovery-ops; audited component-only proof: S3 tenant isolation security test	Original Verify: Access is denied and no presigned URL/object body for Organization B is returned. Run this original release acceptance against the replacement API/worker/UI composition; retain external observations and actual deployment prerequisites.	component-only
M8-40	Organization/Workspace isolation security result. Deliverable: Record the API, graph, OpenSearch and S3 tenant-isolation results in one release-evidence record.	P7,P8,P10	implementation_status_v1.5.md [M8-40]; implementation_production_availability_v1.5.tsv [M8-40]; owner=T16-recovery-ops; audited component-only proof: Organization/Workspace isolation security result	Original Verify: Release evidence names every tested boundary and all four results are passing. Run this original release acceptance against the replacement API/worker/UI composition; retain external observations and actual deployment prerequisites.	component-only
M8-41	connector SSRF security test. Deliverable: Attempt Nango/proxy/provider URL override to arbitrary destination.	unaffected	implementation_status_v1.5.md [M8-41]; implementation_production_availability_v1.5.tsv [M8-41]; owner=T03-launch-connectors; connector-rejection-green-20260918/task-1-report.md and independent-review.md: mounted registered-role audit, real pgxpool/traced runtime, authority races and rollback cases pass; 48 affected Go race tests and pinned Node22 UI2136/types/lint/build pass; scoped independent spec/quality review approved; no migration/privilege change; local dispatch observations are not live egress proof and external publication gates remain open	Original Verify: Request is blocked and audited. Unchanged product contract; preserve existing implementation/evidence. No architecture-driven rewrite or availability promotion is required for this row.	component-only
M8-42a	log secret leakage test. Deliverable: Seed a known secret through representative request/error paths and inspect structured logs.	P1,P3,P7,P8,P10	implementation_status_v1.5.md [M8-42a]; implementation_production_availability_v1.5.tsv [M8-42a]; owner=T14-data-workflows; audited component-only proof: log secret leakage test	Original Verify: Seeded value never appears in logs. Preserve the original outage/privacy boundary with fail-closed FGA and bounded workflow/adaptor behavior; credentials and resource bodies stay out of Temporal history/logs.	component-only
M8-42b	PostHog secret leakage test. Deliverable: Attempt to serialize seeded secret and sensitive security fields to PostHog.	unaffected	implementation_status_v1.5.md [M8-42b]; implementation_production_availability_v1.5.tsv [M8-42b]; owner=T14-data-workflows; audited component-only proof: PostHog secret leakage test	Original Verify: Serializer rejects the event before egress. Unchanged product contract; preserve existing implementation/evidence. No architecture-driven rewrite or availability promotion is required for this row.	component-only
M8-42c	AI secret leakage test. Deliverable: Send seeded secret/PII/PHI fixture through AI redaction pipeline to fake provider.	unaffected	implementation_status_v1.5.md [M8-42c]; implementation_production_availability_v1.5.tsv [M8-42c]; owner=T14-data-workflows; audited component-only proof: AI secret leakage test	Original Verify: Prohibited fixture values are absent at the provider endpoint. Unchanged product contract; preserve existing implementation/evidence. No architecture-driven rewrite or availability promotion is required for this row.	component-only
M8-42d	OTLP secret leakage test. Deliverable: Emit seeded sensitive attributes through application telemetry to local Collector.	unaffected	implementation_status_v1.5.md [M8-42d]; implementation_production_availability_v1.5.tsv [M8-42d]; owner=T14-data-workflows; audited component-only proof: OTLP secret leakage test	Original Verify: Redaction/filter pipeline removes prohibited values before exporter. Unchanged product contract; preserve existing implementation/evidence. No architecture-driven rewrite or availability promotion is required for this row.	component-only
M8-42e	support bundle leakage test. Deliverable: Generate support bundle from fixture cluster containing seeded secret.	P1,P3,P7,P8,P10	implementation_status_v1.5.md [M8-42e]; implementation_production_availability_v1.5.tsv [M8-42e]; owner=T14-data-workflows; audited component-only proof: support bundle leakage test	Original Verify: Bundle contains no seeded value. Preserve the original outage/privacy boundary with fail-closed FGA and bounded workflow/adaptor behavior; credentials and resource bodies stay out of Temporal history/logs.	component-only
M8-42f	evidence leakage policy test. Deliverable: Store fixture evidence under metadata-only collection mode.	P1,P3,P7,P8,P10	implementation_status_v1.5.md [M8-42f]; implementation_production_availability_v1.5.tsv [M8-42f]; owner=T14-data-workflows; audited component-only proof: evidence leakage policy test	Original Verify: Raw seeded content is not durably stored. Preserve the original outage/privacy boundary with fail-closed FGA and bounded workflow/adaptor behavior; credentials and resource bodies stay out of Temporal history/logs.	component-only
M8-42	secret leakage security test. Deliverable: Write the secret-leakage gate result from all egress/storage checks.	P1,P3,P7,P8,P10	implementation_status_v1.5.md [M8-42]; implementation_production_availability_v1.5.tsv [M8-42]; owner=T14-data-workflows; audited component-only proof: secret leakage security test	Original Verify: Gate record is PASS only when every sink is clean. Preserve the original outage/privacy boundary with fail-closed FGA and bounded workflow/adaptor behavior; credentials and resource bodies stay out of Temporal history/logs.	component-only
M8-43	runtime policy bypass test. Deliverable: Fuzz malformed HTTP/MCP action context and replay signed decision inputs.	unaffected	implementation_status_v1.5.md [M8-43]; implementation_production_availability_v1.5.tsv [M8-43]; owner=T06-runtime-data-plane; production evidence: composed gateway blocks before transport, rejects traversal and unsafe methods, and forwards only the fixed TLS authority after signed cleanup; focused race and combined E2E pass	Original Verify: Gateway fails safely and cannot bypass Block policy. Unchanged product contract; preserve existing implementation/evidence. No architecture-driven rewrite or availability promotion is required for this row.	production-available
M8-44	Attack Lab safety test. Deliverable: Attempt production-write credential, host mount and undeclared egress.	unaffected	implementation_status_v1.5.md [M8-44]; implementation_production_availability_v1.5.tsv [M8-44]; owner=T13-attack-lab; production evidence: fail-closed non-production sandbox, exact egress, bounded resources, no-sandbox cancellation and mandatory cleanup gates	Original Verify: All are rejected before or during run and verdict never becomes Verified. Unchanged product contract; preserve existing implementation/evidence. No architecture-driven rewrite or availability promotion is required for this row.	production-available
M8-45	SBOM generation. Deliverable: Generate SPDX/CycloneDX SBOM for every shipped image.	P1,P9,P10	implementation_status_v1.5.md [M8-45]; implementation_production_availability_v1.5.tsv [M8-45]; owner=EXT-image-attestation; audited external evidence gate: SBOM generation	Original Verify: Release artifacts contain SBOM with pinned OSS versions. Extend deployment/recovery/security release contracts to private Temporal/FGA storage, model/config versions, least privilege, backups and additive upgrade; keep original real-environment gates.	blocked/external
M8-46	image signing. Deliverable: Sign release images and verify signatures in install path/policy.	P1,P9,P10	implementation_status_v1.5.md [M8-46]; implementation_production_availability_v1.5.tsv [M8-46]; owner=EXT-image-attestation; audited external evidence gate: image signing	Original Verify: Tampered/unsigned fixture fails verification where enforced. Extend deployment/recovery/security release contracts to private Temporal/FGA storage, model/config versions, least privilege, backups and additive upgrade; keep original real-environment gates.	blocked/external
M8-47	dependency vulnerability gate. Deliverable: Run dependency/image scanner and define severity/exception policy.	P1,P9,P10	implementation_status_v1.5.md [M8-47]; implementation_production_availability_v1.5.tsv [M8-47]; owner=T15-deployment; Local release containment blocks unavailable scanner evidence; vulnerability-exception-20260918/report.md and independent-review.md approve strict UTC expiry correction with behavioralRED, fivefocusedGREEN and elevenaffectedracePASS; evaluator still has only testcallers, no approved scanner/reportacceptance wiring; exact-input dependency and built-image scan evidence and publication remain open; see2026-09-15-offline-audit-gate-gap.md	Original Verify: Unaccepted critical vulnerability blocks release. Extend deployment/recovery/security release contracts to private Temporal/FGA storage, model/config versions, least privilege, backups and additive upgrade; keep original real-environment gates.	component-only
M8-48	license/subprocessor inventory. Deliverable: Generate reviewed OSS license and managed-subprocessor inventory.	P1,P9,P10	implementation_status_v1.5.md [M8-48]; implementation_production_availability_v1.5.tsv [M8-48]; owner=PROD-current-composition; audited shipped composition: license/subprocessor inventory	Original Verify: Nango/Neo4j/Stytch/Neon/PostHog/OpenRouter/OTLP entries have owner/status. Extend deployment/recovery/security release contracts to private Temporal/FGA storage, model/config versions, least privilege, backups and additive upgrade; keep original real-environment gates.	production-available
M8-49	HIPAA profile test. Deliverable: Apply regulated defaults and run data-egress assertions.	P1,P9,P10	implementation_status_v1.5.md [M8-49]; implementation_production_availability_v1.5.tsv [M8-49]; owner=PROD-current-composition; audited shipped composition: HIPAA profile test	Original Verify: PostHog/OpenRouter/remote OTLP/raw content remain off until explicit approved config. Extend deployment/recovery/security release contracts to private Temporal/FGA storage, model/config versions, least privilege, backups and additive upgrade; keep original real-environment gates.	production-available
M8-50	SOC2 evidence checklist. Deliverable: Map release/access/change/backup/incident/vendor evidence owners for company control program.	P1,P9,P10	implementation_status_v1.5.md [M8-50]; implementation_production_availability_v1.5.tsv [M8-50]; owner=PROD-current-composition; audited shipped composition: SOC2 evidence checklist	Original Verify: Checklist has owner, evidence location and cadence, no Type II completion claim. Extend deployment/recovery/security release contracts to private Temporal/FGA storage, model/config versions, least privilege, backups and additive upgrade; keep original real-environment gates.	production-available
M8-51a	Golden stage deploy/discover. Deliverable: Execute install/preflight/connect/sensor/discover stage on release candidate.	P7,P8,P10	implementation_status_v1.5.md [M8-51a]; implementation_production_availability_v1.5.tsv [M8-51a]; owner=EXT-cloud-deploy; audited external evidence gate: Golden stage deploy/discover	Original Verify: Stage artifact records successful Agent inventory and source freshness. Run this original release acceptance against the replacement API/worker/UI composition; retain external observations and actual deployment prerequisites.	blocked/external
M8-51b	Golden stage exposure/test. Deliverable: Open credible path and run curated staging Red Team case.	P7,P8,P10	implementation_status_v1.5.md [M8-51b]; implementation_production_availability_v1.5.tsv [M8-51b]; owner=EXT-cloud-deploy; audited external evidence gate: Golden stage exposure/test	Original Verify: Stage artifact records successful high-impact attempt/evidence. Run this original release acceptance against the replacement API/worker/UI composition; retain external observations and actual deployment prerequisites.	blocked/external
M8-51c	Golden stage Attack Lab. Deliverable: Run Fargate verification with canary/test resources.	P7,P8,P10	implementation_status_v1.5.md [M8-51c]; implementation_production_availability_v1.5.tsv [M8-51c]; owner=EXT-cloud-deploy; audited external evidence gate: Golden stage Attack Lab	Original Verify: Stage artifact records Verified or a release-blocking failure. Run this original release acceptance against the replacement API/worker/UI composition; retain external observations and actual deployment prerequisites.	blocked/external
M8-51d	Golden stage policy/retest. Deliverable: Create, simulate, enforce Block and re-run the supported test.	P7,P8,P10	implementation_status_v1.5.md [M8-51d]; implementation_production_availability_v1.5.tsv [M8-51d]; owner=EXT-cloud-deploy; audited external evidence gate: Golden stage policy/retest	Original Verify: Stage artifact records observed Blocked decision. Run this original release acceptance against the replacement API/worker/UI composition; retain external observations and actual deployment prerequisites.	blocked/external
M8-51e	Golden stage investigate/audit. Deliverable: Open resulting Session and Audit/Compliance evidence.	P7,P8,P10	implementation_status_v1.5.md [M8-51e]; implementation_production_availability_v1.5.tsv [M8-51e]; owner=EXT-cloud-deploy; audited external evidence gate: Golden stage investigate/audit	Original Verify: Stage artifact links session timeline and audit records. Run this original release acceptance against the replacement API/worker/UI composition; retain external observations and actual deployment prerequisites.	blocked/external
M8-51	golden E2E. Deliverable: Assemble golden-flow stage artifacts into one release gate record.	P7,P8,P10	implementation_status_v1.5.md [M8-51]; implementation_production_availability_v1.5.tsv [M8-51]; owner=EXT-cloud-deploy; audited external evidence gate: golden E2E	Original Verify: Every golden stage is linked; no stage is rerun inside this task. Run this original release acceptance against the replacement API/worker/UI composition; retain external observations and actual deployment prerequisites.	blocked/external
M8-52a	Usability fresh-install setup. Deliverable: Prepare a clean documented reference install target and observer checklist.	P7,P8,P10	implementation_status_v1.5.md [M8-52a]; implementation_production_availability_v1.5.tsv [M8-52a]; owner=EXT-human-observation; audited external evidence gate: Usability fresh-install setup	Original Verify: Target is ready without undocumented bootstrap step. Run this original release acceptance against the replacement API/worker/UI composition; retain external observations and actual deployment prerequisites.	blocked/external
M8-52b	Usability install observation. Deliverable: Have a platform engineer run only documented install/preflight steps for <=15 minutes.	P7,P8,P10	implementation_status_v1.5.md [M8-52b]; implementation_production_availability_v1.5.tsv [M8-52b]; owner=EXT-human-observation; audited external evidence gate: Usability install observation	Original Verify: Observer records blockers and exact product messages. Run this original release acceptance against the replacement API/worker/UI composition; retain external observations and actual deployment prerequisites.	blocked/external
M8-52c	Usability failure diagnosis. Deliverable: Inject one documented dependency/config failure and have engineer use System Health/preflight.	P7,P8,P10	implementation_status_v1.5.md [M8-52c]; implementation_production_availability_v1.5.tsv [M8-52c]; owner=EXT-human-observation; audited external evidence gate: Usability failure diagnosis	Original Verify: Engineer identifies product action without vendor dashboard. Run this original release acceptance against the replacement API/worker/UI composition; retain external observations and actual deployment prerequisites.	blocked/external
M8-52d	Usability diagnostics observation. Deliverable: Have engineer generate diagnostics bundle and follow remediation guidance.	P1,P7,P8,P9,P10	implementation_status_v1.5.md [M8-52d]; implementation_production_availability_v1.5.tsv [M8-52d]; owner=EXT-human-observation; audited external evidence gate: Usability diagnostics observation	Original Verify: Bundle is produced/redacted and next action is understandable. Extend deployment/recovery/security release contracts to private Temporal/FGA storage, model/config versions, least privilege, backups and additive upgrade; keep original real-environment gates. Run this original release acceptance against the replacement API/worker/UI composition; retain external observations and actual deployment prerequisites.	blocked/external
M8-52	single-tenant install usability test. Deliverable: Record single-tenant install-usability findings and classify release blockers.	P7,P8,P10	implementation_status_v1.5.md [M8-52]; implementation_production_availability_v1.5.tsv [M8-52]; owner=EXT-human-observation; audited external evidence gate: single-tenant install usability test	Original Verify: Every blocker has product-owned remediation or is explicitly release-blocking. Run this original release acceptance against the replacement API/worker/UI composition; retain external observations and actual deployment prerequisites.	blocked/external
M8-53	design-partner value gate. Deliverable: Record whether at least two design partners changed prioritization/remediation because of verified path/runtime evidence.	P7,P8,P10	implementation_status_v1.5.md [M8-53]; implementation_production_availability_v1.5.tsv [M8-53]; owner=EXT-human-observation; audited external evidence gate: design-partner value gate	Original Verify: Gate is explicitly pass/fail and blocks scope expansion if value is unproven. Run this original release acceptance against the replacement API/worker/UI composition; retain external observations and actual deployment prerequisites.	blocked/external
M8-55	SaaS values profile. Deliverable: Add a SaaS deployment values profile that enables multi-tenant mode and excludes customer-only recovery assumptions.	P1,P9,P10	implementation_status_v1.5.md [M8-55]; implementation_production_availability_v1.5.tsv [M8-55]; owner=PROD-current-composition; audited shipped composition: SaaS values profile	Original Verify: Helm render sets deployment mode `saas` and contains no pinned customer Organization. Extend deployment/recovery/security release contracts to private Temporal/FGA storage, model/config versions, least privilege, backups and additive upgrade; keep original real-environment gates.	production-available
M8-56	single-tenant values profile. Deliverable: Add a single-tenant deployment values profile using the same images with a pinned Organization configuration.	P1,P9,P10	implementation_status_v1.5.md [M8-56]; implementation_production_availability_v1.5.tsv [M8-56]; owner=T15-deployment; audited component-only proof: single-tenant values profile	Original Verify: Helm render differs only in topology/configuration values, not application image or API surface. Extend deployment/recovery/security release contracts to private Temporal/FGA storage, model/config versions, least privilege, backups and additive upgrade; keep original real-environment gates.	component-only
M8-57a	customer edge sensor values. Deliverable: Add the edge-profile Tetragon sensor values and product event-ingest destination settings.	unaffected	implementation_status_v1.5.md [M8-57a]; implementation_production_availability_v1.5.tsv [M8-57a]; owner=T15-deployment; customer-edge values render exact-pinned Tetragon plus the sensor adapter and no hosted control-plane workload; release render gate 20/20 at b0caf99	Original Verify: Helm render contains the sensor/adapter resources and no SaaS control-plane workloads. Unchanged product contract; preserve existing implementation/evidence. No architecture-driven rewrite or availability promotion is required for this row.	production-available
M8-57b	customer edge runtime gateway values. Deliverable: Add the edge-profile runtime gateway, local policy cache and SaaS API destination settings.	unaffected	implementation_status_v1.5.md [M8-57b]; implementation_production_availability_v1.5.tsv [M8-57b]; owner=T15-deployment; customer-edge values render runtime gateway, durable local policy cache, and bounded SaaS destination with no Neon or graph dependency; release render gate 20/20 at b0caf99	Original Verify: Helm render contains runtime gateway/policy-cache resources with no Neon or graph dependency. Unchanged product contract; preserve existing implementation/evidence. No architecture-driven rewrite or availability promotion is required for this row.	production-available
M8-57c	customer edge enrollment values. Deliverable: Add scoped enrollment-token secret references and Organization/Workspace/Environment configuration to the edge profile.	unaffected	implementation_status_v1.5.md [M8-57c]; implementation_production_availability_v1.5.tsv [M8-57c]; owner=T15-deployment; customer-edge render requires scoped Organization, Workspace, Environment, device, and secret references without plaintext credentials; release render gate 20/20 at b0caf99	Original Verify: Render requires scoped enrollment configuration and does not embed a plaintext token. Unchanged product contract; preserve existing implementation/evidence. No architecture-driven rewrite or availability promotion is required for this row.	production-available
M8-57	customer edge Helm profile. Deliverable: Compose the sensor, runtime-gateway and enrollment values into the supported lightweight edge profile.	unaffected	implementation_status_v1.5.md [M8-57]; implementation_production_availability_v1.5.tsv [M8-57]; owner=T15-deployment; supported customer-edge profile composes only runtime gateway, sensor adapter, and Tetragon with no hosted web, API, database, graph, or Nango dependency; release render gate 20/20 at b0caf99	Original Verify: Render contains no Neon, Stytch, Nango, graph or web/API control-plane dependency. Unchanged product contract; preserve existing implementation/evidence. No architecture-driven rewrite or availability promotion is required for this row.	production-available
M8-58a	SaaS quota load fixture. Deliverable: Create a two-Organization bounded load fixture with one Organization intentionally over quota.	P2,P3,P4,P8	implementation_status_v1.5.md [M8-58a]; implementation_production_availability_v1.5.tsv [M8-58a]; owner=T16-recovery-ops; audited component-only proof: SaaS quota load fixture	Original Verify: Fixture configuration validates and contains no customer secrets. Keep tenant quotas, admission concurrency and bounded workloads; worker/task-queue settings alone do not prove per-tenant fairness or isolation.	component-only
M8-58b	SaaS quota load trigger. Deliverable: Start the bounded quota load job in CI/reference SaaS environment and record the run ID.	P2,P3,P4,P8,P10	implementation_status_v1.5.md [M8-58b]; implementation_production_availability_v1.5.tsv [M8-58b]; owner=EXT-cloud-deploy; audited external evidence gate: SaaS quota load trigger	Original Verify: Job starts successfully; this task does not wait for completion. Keep tenant quotas, admission concurrency and bounded workloads; worker/task-queue settings alone do not prove per-tenant fairness or isolation.	blocked/external
M8-58	SaaS Organization quota result. Deliverable: Inspect the completed quota-load result for the recorded run.	P2,P3,P4,P8,P10	implementation_status_v1.5.md [M8-58]; implementation_production_availability_v1.5.tsv [M8-58]; owner=EXT-cloud-deploy; audited external evidence gate: SaaS Organization quota result	Original Verify: Noisy Organization is bounded while the second Organization remains within the stated reference latency target. Keep tenant quotas, admission concurrency and bounded workloads; worker/task-queue settings alone do not prove per-tenant fairness or isolation.	blocked/external
M8-59a1	SaaS isolation API/Neon fixture references. Deliverable: Add the existing API and direct-Neon cross-Organization checks to the release isolation suite manifest.	P7,P8,P10	implementation_status_v1.5.md [M8-59a1]; implementation_production_availability_v1.5.tsv [M8-59a1]; owner=T16-recovery-ops; audited component-only proof: SaaS isolation API/Neon fixture references	Original Verify: Manifest resolves both checks for two isolated Organization fixtures. Run this original release acceptance against the replacement API/worker/UI composition; retain external observations and actual deployment prerequisites.	component-only
M8-59a2	SaaS isolation graph/search fixture references. Deliverable: Add the existing graph and OpenSearch cross-Organization checks to the release isolation suite manifest.	P7,P8,P10	implementation_status_v1.5.md [M8-59a2]; implementation_production_availability_v1.5.tsv [M8-59a2]; owner=T16-recovery-ops; audited component-only proof: SaaS isolation graph/search fixture references	Original Verify: Manifest resolves both checks and their expected denial/no-hit outcomes. Run this original release acceptance against the replacement API/worker/UI composition; retain external observations and actual deployment prerequisites.	component-only
M8-59a3	SaaS isolation S3/queue fixture references. Deliverable: Add S3 evidence/export and scoped SQS job-envelope cross-Organization checks to the release isolation suite manifest.	P4,P7,P8,P9,P10	implementation_status_v1.5.md [M8-59a3]; implementation_production_availability_v1.5.tsv [M8-59a3]; owner=T16-recovery-ops; audited component-only proof: SaaS isolation S3/queue fixture references	Original Verify: Manifest resolves both checks and expected denial/rejection outcomes. Explicit queue requirement retained: runtime-event SQS/DLQ, scoped envelopes, bounded buffering/backpressure and needed provider/job delivery do not disappear with Temporal. Account for every consumer before retiring a job selector. Run this original release acceptance against the replacement API/worker/UI composition; retain external observations and actual deployment prerequisites.	component-only
M8-59a	SaaS tenant isolation release fixture. Deliverable: Validate the complete bounded SaaS tenant-isolation release-suite manifest.	P7,P8,P10	implementation_status_v1.5.md [M8-59a]; implementation_production_availability_v1.5.tsv [M8-59a]; owner=T16-recovery-ops; audited component-only proof: SaaS tenant isolation release fixture	Original Verify: Manifest contains API, Neon, graph, OpenSearch, S3 and queue boundaries for two Organizations with no missing expected outcome. Run this original release acceptance against the replacement API/worker/UI composition; retain external observations and actual deployment prerequisites.	component-only
M8-59b	SaaS tenant isolation trigger. Deliverable: Start the release isolation suite and record the run ID.	P7,P8,P10	implementation_status_v1.5.md [M8-59b]; implementation_production_availability_v1.5.tsv [M8-59b]; owner=EXT-cloud-deploy; audited external evidence gate: SaaS tenant isolation trigger	Original Verify: Suite starts in the intended SaaS test environment; this task does not wait for completion. Run this original release acceptance against the replacement API/worker/UI composition; retain external observations and actual deployment prerequisites.	blocked/external
M8-59	SaaS tenant isolation result. Deliverable: Inspect the completed isolation-suite result.	P7,P8,P10	implementation_status_v1.5.md [M8-59]; implementation_production_availability_v1.5.tsv [M8-59]; owner=EXT-cloud-deploy; audited external evidence gate: SaaS tenant isolation result	Original Verify: All cross-Organization reads/writes fail and no fixture evidence leaks into responses or exports. Run this original release acceptance against the replacement API/worker/UI composition; retain external observations and actual deployment prerequisites.	blocked/external
M8-60a	SaaS golden fixture. Deliverable: Prepare the Organization-scoped SaaS golden-flow fixture and test identities/resources.	P7,P8,P10	implementation_status_v1.5.md [M8-60a]; implementation_production_availability_v1.5.tsv [M8-60a]; owner=T16-recovery-ops; audited component-only proof: SaaS golden fixture	Original Verify: Fixture contains no production write credential and all expected resources have cleanup ownership. Run this original release acceptance against the replacement API/worker/UI composition; retain external observations and actual deployment prerequisites.	component-only
M8-60b	SaaS golden trigger. Deliverable: Start the SaaS golden E2E run and record the run ID.	P7,P8,P10	implementation_status_v1.5.md [M8-60b]; implementation_production_availability_v1.5.tsv [M8-60b]; owner=EXT-cloud-deploy; audited external evidence gate: SaaS golden trigger	Original Verify: The run reaches the first connection stage; this task does not wait for completion. Run this original release acceptance against the replacement API/worker/UI composition; retain external observations and actual deployment prerequisites.	blocked/external
M8-60	SaaS golden result. Deliverable: Inspect the completed SaaS golden E2E result.	P7,P8,P10	implementation_status_v1.5.md [M8-60]; implementation_production_availability_v1.5.tsv [M8-60]; owner=EXT-cloud-deploy; audited external evidence gate: SaaS golden result	Original Verify: First-Admin bootstrap -> corporate SSO -> launch connectors -> optional edge sensor -> discover -> path -> test -> verify -> Security Agent plan -> deterministic authorization -> auto-action or approval -> verified containment -> TTL cleanup when applicable -> re-test -> session/audit completes using only product UI/API. Run this original release acceptance against the replacement API/worker/UI composition; retain external observations and actual deployment prerequisites.	blocked/external
M8-61a	single-tenant golden trigger. Deliverable: Start the same golden customer workflow against the single-tenant profile and record the run ID.	P7,P8,P10	implementation_status_v1.5.md [M8-61a]; implementation_production_availability_v1.5.tsv [M8-61a]; owner=EXT-cloud-deploy; audited external evidence gate: single-tenant golden trigger	Original Verify: Run starts with the same client/API contract and a pinned Organization. Run this original release acceptance against the replacement API/worker/UI composition; retain external observations and actual deployment prerequisites.	blocked/external
M8-61	single-tenant golden result. Deliverable: Inspect the completed single-tenant golden result.	P7,P8,P10	implementation_status_v1.5.md [M8-61]; implementation_production_availability_v1.5.tsv [M8-61]; owner=EXT-cloud-deploy; audited external evidence gate: single-tenant golden result	Original Verify: Workflow behavior and API shapes match SaaS except deployment/system-health metadata. Run this original release acceptance against the replacement API/worker/UI composition; retain external observations and actual deployment prerequisites.	blocked/external
M8-62a	SaaS first-Admin bootstrap usability. Deliverable: Observe a fresh designated first Admin complete invite sign-in, default scope bootstrap and reach Identity & Access using only product instructions for <=15 minutes.	P7,P8,P10	implementation_status_v1.5.md [M8-62a]; implementation_production_availability_v1.5.tsv [M8-62a]; owner=EXT-human-observation; audited external evidence gate: SaaS first-Admin bootstrap usability	Original Verify: No local-password/bypass login or AgentSec manual database edit is required. Run this original release acceptance against the replacement API/worker/UI composition; retain external observations and actual deployment prerequisites.	blocked/external
M8-62b	SaaS AWS setup usability. Deliverable: Observe the Admin complete AWS Review access -> Configure -> Test connection using product guidance.	P7,P8,P10	implementation_status_v1.5.md [M8-62b]; implementation_production_availability_v1.5.tsv [M8-62b]; owner=EXT-human-observation; audited external evidence gate: SaaS AWS setup usability	Original Verify: Missing-permission fixture yields an actionable product remediation. Run this original release acceptance against the replacement API/worker/UI composition; retain external observations and actual deployment prerequisites.	blocked/external
M8-62c	SaaS Kubernetes setup usability. Deliverable: Observe sensor enrollment/Helm setup through first healthy heartbeat.	P7,P8,P10	implementation_status_v1.5.md [M8-62c]; implementation_production_availability_v1.5.tsv [M8-62c]; owner=EXT-human-observation; audited external evidence gate: SaaS Kubernetes setup usability	Original Verify: User can distinguish inventory, sensor and gateway coverage without OSS console access. Run this original release acceptance against the replacement API/worker/UI composition; retain external observations and actual deployment prerequisites.	blocked/external
M8-62d	SaaS GitHub setup usability. Deliverable: Observe GitHub authorization/install and initial scope validation.	P7,P8,P10	implementation_status_v1.5.md [M8-62d]; implementation_production_availability_v1.5.tsv [M8-62d]; owner=EXT-human-observation; audited external evidence gate: SaaS GitHub setup usability	Original Verify: User can identify selected Organization/repository scope and any missing permission. Run this original release acceptance against the replacement API/worker/UI composition; retain external observations and actual deployment prerequisites.	blocked/external
M8-62e	SaaS launch-IdP setup usability. Deliverable: Observe launch-IdP directory security integration setup, separate from AgentSec SSO configuration.	P7,P8,P10	implementation_status_v1.5.md [M8-62e]; implementation_production_availability_v1.5.tsv [M8-62e]; owner=EXT-human-observation; audited external evidence gate: SaaS launch-IdP setup usability	Original Verify: User understands the distinction and reaches initial sync without vendor dashboard knowledge. Run this original release acceptance against the replacement API/worker/UI composition; retain external observations and actual deployment prerequisites.	blocked/external
M8-62	SaaS onboarding usability result. Deliverable: Record bootstrap and four launch-connector usability blockers.	P7,P8,P10	implementation_status_v1.5.md [M8-62]; implementation_production_availability_v1.5.tsv [M8-62]; owner=EXT-human-observation; audited external evidence gate: SaaS onboarding usability result	Original Verify: Every blocker has product-owned remediation or is explicitly release-blocking. Run this original release acceptance against the replacement API/worker/UI composition; retain external observations and actual deployment prerequisites.	blocked/external
M8-63a	SaaS DR recovery fixture. Deliverable: Prepare an isolated SaaS recovery fixture with known Neon state, retained S3 evidence/event archives and derived OpenSearch/graph state.	P1,P9,P10	implementation_status_v1.5.md [M8-63a]; implementation_production_availability_v1.5.tsv [M8-63a]; owner=EXT-cloud-deploy; audited external evidence gate: SaaS DR recovery fixture	Original Verify: Fixture records source timestamps and contains at least two Organization scopes without production credentials. Extend deployment/recovery/security release contracts to private Temporal/FGA storage, model/config versions, least privilege, backups and additive upgrade; keep original real-environment gates.	blocked/external
M8-63b	SaaS DR start recovery. Deliverable: Start recovery into disposable infrastructure from the selected Neon recovery point plus versioned Terraform/Helm release.	P1,P9,P10	implementation_status_v1.5.md [M8-63b]; implementation_production_availability_v1.5.tsv [M8-63b]; owner=EXT-cloud-deploy; audited external evidence gate: SaaS DR start recovery	Original Verify: Recovery run ID and source recovery timestamp are recorded without waiting for completion. Extend deployment/recovery/security release contracts to private Temporal/FGA storage, model/config versions, least privilege, backups and additive upgrade; keep original real-environment gates.	blocked/external
M8-63c	SaaS DR inspect core recovery. Deliverable: Inspect recovered Organization/Workspace/policy/finding state and S3 evidence/event archives.	P1,P9,P10	implementation_status_v1.5.md [M8-63c]; implementation_production_availability_v1.5.tsv [M8-63c]; owner=EXT-cloud-deploy; audited external evidence gate: SaaS DR inspect core recovery	Original Verify: Expected scoped records are present and no cross-Organization data mix occurs. Extend deployment/recovery/security release contracts to private Temporal/FGA storage, model/config versions, least privilege, backups and additive upgrade; keep original real-environment gates.	blocked/external
M8-63d	SaaS DR rebuild derived stores. Deliverable: Start bounded OpenSearch replay from retained S3 normalized event archives and graph rebuild from canonical inventory/evidence.	P1,P9,P10	implementation_status_v1.5.md [M8-63d]; implementation_production_availability_v1.5.tsv [M8-63d]; owner=EXT-cloud-deploy; audited external evidence gate: SaaS DR rebuild derived stores	Original Verify: Rebuild jobs are tracked and do not require raw vendor dashboards. Extend deployment/recovery/security release contracts to private Temporal/FGA storage, model/config versions, least privilege, backups and additive upgrade; keep original real-environment gates.	blocked/external
M8-63e	SaaS DR measure objectives. Deliverable: Record measured data recovery point and time until core product plus representative session/path queries are usable.	P1,P9,P10	implementation_status_v1.5.md [M8-63e]; implementation_production_availability_v1.5.tsv [M8-63e]; owner=EXT-cloud-deploy; audited external evidence gate: SaaS DR measure objectives	Original Verify: Result explicitly compares measured RPO/RTO to <=1 hour / <=4 hour MVP objectives. Extend deployment/recovery/security release contracts to private Temporal/FGA storage, model/config versions, least privilege, backups and additive upgrade; keep original real-environment gates.	blocked/external
M8-63	SaaS DR gate. Deliverable: Record SaaS disaster-recovery PASS/FAIL and exact gaps; clean disposable recovery resources after evidence capture.	P1,P9,P10	implementation_status_v1.5.md [M8-63]; implementation_production_availability_v1.5.tsv [M8-63]; owner=EXT-cloud-deploy; audited external evidence gate: SaaS DR gate	Original Verify: PASS requires measured objectives, tenant isolation and usable product UI/API without hidden vendor-console recovery steps. Extend deployment/recovery/security release contracts to private Temporal/FGA storage, model/config versions, least privilege, backups and additive upgrade; keep original real-environment gates.	blocked/external
M8-54	M8 release gate. Deliverable: Create release-readiness record containing results/exceptions from all M8 gates.	P7,P8,P10	implementation_status_v1.5.md [M8-54]; implementation_production_availability_v1.5.tsv [M8-54]; owner=EXT-cloud-deploy; audited external evidence gate: M8 release gate	Original Verify: No unresolved blocker is hidden as a documentation note. Run this original release acceptance against the replacement API/worker/UI composition; retain external observations and actual deployment prerequisites.	blocked/external
