milestone	id	ledger_status	production_class	owning_production_task	current_evidence
M0	M0-01	Complete	production-available	T02-discovery-authority	v10 production discovery/runtime risk boundary; full race, real PostgreSQL, release gates, and independent 0/0/0 review at 48d9768
M0	M0-02	Complete	component-only	T11-identity-admin	audited component-only proof: Stytch test config
M0	M0-03	Complete	component-only	T11-identity-admin	audited component-only proof: Stytch JWT proof
M0	M0-04	Complete	production-available	T02-discovery-authority	actual registered API PostgreSQL session exercises legacy and v10 reads while direct v10 table and worker authority remain denied at 48d9768
M0	M0-05	Complete	production-available	T02-discovery-authority	immutable v10 fresh/v9 upgrade, restart, fingerprint drift, guarded down, and shipped migrator lifecycle at 48d9768
M0	M0-06	Complete	component-only	T04-discovery-worker	audited component-only proof: LocalStack SQS proof
M0	M0-07	Complete	component-only	T04-discovery-worker	audited component-only proof: LocalStack storage proof
M0	M0-08	Complete	component-only	T04-discovery-worker	audited component-only proof: OpenSearch proof
M0	M0-09	Blocked	blocked/external	EXT-live-aws	audited external evidence gate: real AWS IAM proof
M0	M0-10	Complete	component-only	T04-discovery-worker	audited component-only proof: Cartography proof
M0	M0-11	Complete	component-only	T03-launch-connectors	audited component-only proof: Prowler proof
M0	M0-12	Complete	production-available	T06-runtime-data-plane	production evidence: Tetragon proof; verified by Task 6 source/deploy review and focused race/release gates
M0	M0-13	Complete	production-available	T06-runtime-data-plane	production evidence: OTLP proof; verified by Task 6 source/deploy review and focused race/release gates
M0	M0-14a	Complete	component-only	T03-launch-connectors	audited component-only proof: Nango free boot proof
M0	M0-14b	Complete	component-only	T03-launch-connectors	audited component-only proof: Nango OAuth proof
M0	M0-14c	Complete	component-only	T03-launch-connectors	audited component-only proof: Nango API key proof
M0	M0-14	Complete	component-only	T03-launch-connectors	audited component-only proof: Nango free auth proof
M0	M0-15	Complete	component-only	T03-launch-connectors	audited component-only proof: Nango proxy proof
M0	M0-16	Complete	component-only	T12-red-team	audited component-only proof: Promptfoo proof
M0	M0-17	Complete	production-available	T06-runtime-data-plane	production evidence: OPA SDK proof; verified by Task 6 source/deploy review and focused race/release gates
M0	M0-18	Blocked	blocked/external	EXT-live-fargate	audited external evidence gate: Fargate verification proof
M0	M0-19	Blocked	blocked/external	EXT-live-fargate	audited external evidence gate: Fargate egress proof
M0	M0-20	Complete	component-only	T14-data-workflows	audited component-only proof: PostHog privacy proof
M0	M0-21	Complete	component-only	T14-data-workflows	audited component-only proof: OpenRouter privacy proof
M0	M0-21a	Complete	component-only	T07-security-agent-authority	audited component-only proof: Security Agent planner boundary proof
M0	M0-22	Complete	component-only	T14-data-workflows	audited component-only proof: OTLP export proof
M0	M0-23	Complete	production-available	T02-discovery-authority	Task 2 production gate: 44-package race, hostile PostgreSQL, migration/deploy contracts, clean patch, and independent 0/0/0 review at 48d9768
M1	M1-01d	Complete	production-available	PROD-current-composition	audited shipped composition: platform API command
M1	M1-01e	Complete	production-available	T04-discovery-worker	production evidence: platform worker command; verified by Task 4 source/deploy review and focused race/release gates
M1	M1-01f	Complete	production-available	T06-runtime-data-plane	production event-ingest command: private authenticated listener, exact PostgreSQL/S3/KMS/IRSA readiness, reconciliation, bounded drain, rendered isolated workload, and real-PostgreSQL HTTP acceptance/replay proof
M1	M1-01a	Complete	production-available	T06-runtime-data-plane	production runtime gateway command with signed disk cache, crash-durable bounded evidence queue, durable clock floor and evaluation replay receipts, exact authority replay, expired-event quarantine, customer-edge PVC, race/release gates
M1	M1-01b	Complete	component-only	T04-discovery-worker	audited component-only proof: worker directories
M1	M1-01c	Complete	component-only	T10-product-ui	audited component-only proof: web and CLI directories
M1	M1-01	Complete	production-available	T02-discovery-authority	shipped platform v10 discovery/runtime authority, strict repositories, exact principal composition, and recovery state machines at 48d9768
M1	M1-02	Complete	production-available	PROD-current-composition	audited shipped composition: dependency lock
M1	M1-03	Complete	production-available	PROD-current-composition	audited shipped composition: canonical IDs
M1	M1-04	Complete	production-available	PROD-current-composition	audited shipped composition: scope model
M1	M1-05	Complete	production-available	PROD-current-composition	audited shipped composition: evidence model
M1	M1-06	Complete	production-available	PROD-current-composition	audited shipped composition: product error envelope
M1	M1-07	Complete	production-available	PROD-current-composition	audited shipped composition: config loader
M1	M1-08	Complete	production-available	PROD-current-composition	audited shipped composition: external client policy
M1	M1-09	Complete	production-available	PROD-current-composition	audited shipped composition: idempotency helper
M1	M1-10	Complete	production-available	PROD-current-composition	audited shipped composition: Neon schema baseline
M1	M1-11	Complete	production-available	T02-discovery-authority	production PostgreSQL session-user authority, bounded claims/leases, UTC outputs, and actual-login compatibility proof at 48d9768
M1	M1-12	Complete	production-available	T04-discovery-worker	production evidence: S3 artifact interface; verified by Task 4 source/deploy review and focused race/release gates
M1	M1-13	Complete	production-available	T04-discovery-worker	production evidence: SQS queue interface; verified by Task 4 source/deploy review and focused race/release gates
M1	M1-14	Complete	production-available	T04-discovery-worker	production evidence: OpenSearch EventStore; verified by Task 4 source/deploy review and focused race/release gates
M1	M1-15	Complete	production-available	T04-discovery-worker	production evidence: GraphStore interface; verified by Task 4 source/deploy review and focused race/release gates
M1	M1-16	Complete	production-available	T04-discovery-worker	production evidence: Neo4j GraphStore; verified by Task 4 source/deploy review and focused race/release gates
M1	M1-17	Complete	production-available	PROD-current-composition	audited shipped composition: audit emitter contract
M1	M1-18	Complete	production-available	PROD-current-composition	audited shipped composition: feature flag contract
M1	M1-19	Complete	production-available	PROD-current-composition	audited shipped composition: analytics contract
M1	M1-20	Complete	production-available	PROD-current-composition	audited shipped composition: AI gateway contract
M1	M1-21	Complete	production-available	PROD-current-composition	audited shipped composition: observability contract
M1	M1-22	Complete	production-available	T04-discovery-worker	production evidence: event envelope; verified by Task 4 source/deploy review and focused race/release gates
M1	M1-23	Complete	production-available	PROD-current-composition	audited shipped composition: OpenAPI root
M1	M1-24	Complete	production-available	PROD-current-composition	audited shipped composition: generated TS client
M1	M1-25	Complete	production-available	PROD-current-composition	audited shipped composition: UI API map seed
M1	M1-26	Complete	production-available	PROD-current-composition	audited shipped composition: UI API coverage CI
M1	M1-27	Complete	production-available	PROD-current-composition	audited shipped composition: raw fetch lint
M1	M1-28a	Complete	production-available	PROD-current-composition	audited shipped composition: shared health handler
M1	M1-28b	Complete	production-available	PROD-current-composition	audited shipped composition: platform health wiring
M1	M1-28c	Complete	production-available	T06-runtime-data-plane	production evidence: ingest health wiring; verified by Task 6 source/deploy review and focused race/release gates
M1	M1-28d	Complete	production-available	T06-runtime-data-plane	production evidence: gateway health wiring; verified by Task 6 source/deploy review and focused race/release gates
M1	M1-28	Complete	production-available	PROD-current-composition	audited shipped composition: service health endpoints
M1	M1-29	Complete	production-available	PROD-current-composition	audited shipped composition: system health aggregator model
M1	M1-30a	Complete	component-only	T04-discovery-worker	audited component-only proof: local product manifests
M1	M1-30b	Complete	component-only	T04-discovery-worker	audited component-only proof: local graph manifest
M1	M1-30c	Complete	component-only	T04-discovery-worker	audited component-only proof: local observability manifest
M1	M1-30d	Complete	component-only	T04-discovery-worker	audited component-only proof: local AWS emulator manifest
M1	M1-30	Complete	component-only	T04-discovery-worker	audited component-only proof: local dev manifests
M1	M1-31	Complete	component-only	T04-discovery-worker	audited component-only proof: LocalStack client factory
M1	M1-32	Complete	production-available	T04-discovery-worker	production evidence: OpenSearch index template; verified by Task 4 source/deploy review and focused race/release gates
M1	M1-33	Complete	component-only	T04-discovery-worker	2026-09-15-original-queue-repair-evidence.md: original queue/schema and actual bounded SQS receive-count repair independently approved; focused RED/GREEN, affected races, definition/Red Team checks, protocol7/7 and status31/31 passed; exact pinned disposable LocalStack session72976 exit0 proved queues3 DLQs3 schemas3 settings/redrive cleanup/audit; whole-release gates and verified publication pending, no live production claim
M1	M1-34	Complete	component-only	T04-discovery-worker	audited component-only proof: S3 bucket layout
M1	M1-35	Complete	production-available	PROD-current-composition	audited shipped composition: base web shell
M1	M1-36a	Complete	production-available	PROD-current-composition	audited shipped composition: M1 build check
M1	M1-36b	Complete	production-available	PROD-current-composition	audited shipped composition: M1 schema check
M1	M1-36c	Complete	production-available	PROD-current-composition	audited shipped composition: M1 OpenAPI check
M1	M1-36d	Complete	production-available	PROD-current-composition	audited shipped composition: M1 UI API coverage check
M1	M1-36e	Complete	component-only	T04-discovery-worker	audited component-only proof: M1 local infrastructure smoke
M1	M1-37	Complete	production-available	PROD-current-composition	audited shipped composition: deployment mode config
M1	M1-38	Complete	production-available	PROD-current-composition	audited shipped composition: Neon Organization scope guard
M1	M1-39	Complete	production-available	PROD-current-composition	audited shipped composition: OpenSearch Organization scope guard
M1	M1-40	Complete	production-available	PROD-current-composition	audited shipped composition: S3 Organization artifact prefix
M1	M1-41	Complete	production-available	PROD-current-composition	audited shipped composition: SQS Organization envelope guard
M1	M1-42	Complete	production-available	PROD-current-composition	audited shipped composition: graph Organization scope guard
M1	M1-43	Complete	production-available	PROD-current-composition	audited shipped composition: tenant quota primitive
M1	M1-44	Complete	production-available	PROD-current-composition	audited shipped composition: SaaS tenancy foundation check
M1	M1-45a	Complete	production-available	PROD-current-composition	audited shipped composition: Neon tenant context helper
M1	M1-45b	Complete	production-available	PROD-current-composition	audited shipped composition: Neon RLS core identity/policy tables
M1	M1-45c	Complete	production-available	PROD-current-composition	audited shipped composition: Neon RLS security workflow tables
M1	M1-45d	Complete	production-available	PROD-current-composition	audited shipped composition: Neon RLS migration rollback
M1	M1-45	Complete	production-available	PROD-current-composition	audited shipped composition: Neon tenant isolation gate
M1	M1-36	Complete	production-available	PROD-current-composition	audited shipped composition: M1 gate
M1A	M1A-01	Complete	component-only	T15-deployment	2026-09-15-staging-batch-audit.md: current Terraform validation/subnet outputs unverified; source audit only, no cloud/test run
M1A	M1A-02	Complete	component-only	T15-deployment	2026-09-15-staging-batch-audit.md: current validation/cluster outputs and private-only staging gate unverified; source audit only, no cloud/test run
M1A	M1A-03	Complete	component-only	T15-deployment	2026-09-15-staging-batch-audit.md: current selected-account encryption/public-access plan unverified; source audit only, no cloud/test run
M1A	M1A-04	Complete	component-only	T15-deployment	staging-original-queue-20260918/fix-1-report.md and fix-1-review.md: original tests queue restored and canonical original-pair settings pinned; 13 focused source-contract tests pass; independent spec/quality accepted; no provider/account Terraform plan; connected suite retains separate56 rollout failure
M1A	M1A-05	Complete	component-only	T15-deployment	2026-09-15-staging-batch-audit.md: current selected-account private encrypted domain plan unverified; source audit only, no cloud/test run
M1A	M1A-06	Complete	component-only	T15-deployment	2026-09-15-staging-batch-audit.md: closed effective per-role unrelated-write denial matrix missing; source audit only, no cloud/test run
M1A	M1A-07	Blocked	blocked/external	EXT-cloud-deploy	2026-09-15-staging-batch-audit.md: actual approved private staging deployment/Ready evidence pending; source audit only, no cloud/test run
M1A	M1A-08	Blocked	blocked/external	EXT-cloud-deploy	2026-09-15-staging-batch-audit.md: integrated product-pod S3/SQS/OpenSearch plus OTLP smoke collector missing; source audit only, no cloud/test run
M1A	M1A-09	Blocked	blocked/external	EXT-cloud-deploy	2026-09-15-staging-batch-audit.md: same-run deployment/smoke/image provenance receipts missing; source audit only, no cloud/test run
M1A	M1A-10	Blocked	blocked/external	EXT-cloud-deploy	2026-09-15-staging-batch-audit.md: current caller-boolean gate lacks original dependency/OTLP receipt binding; source audit only, no cloud/test run
M2	M2-01	Complete	production-available	PROD-current-composition	audited shipped composition: Stytch adapter
M2	M2-02	Complete	production-available	PROD-current-composition	audited shipped composition: session middleware
M2	M2-02a	Complete	production-available	PROD-current-composition	audited shipped composition: fresh-auth guard
M2	M2-03	Complete	production-available	PROD-current-composition	audited shipped composition: principal reconciliation
M2	M2-04	Complete	production-available	PROD-current-composition	audited shipped composition: built-in roles
M2	M2-05a	Complete	production-available	PROD-current-composition	audited shipped composition: workspace grant store
M2	M2-05b	Complete	production-available	PROD-current-composition	audited shipped composition: workspace grant resolver; Historical classification, not current-profile deployed proof. Post-login fix1 mounted native/FGA group passes61.506s; retained unchanged identity/base-composed installation passes80.285s; affected UI110/110, typecheck and build pass. Finite component accepted after SPEC PASS/QUALITY APPROVED, both findings closed; see 2026-09-25-post-login-boundary-fix1-review.md and implementation_status_v1.5.md. Full first-admin/live Stytch/deployment and remaining P7/P8 gates stay open.
M2	M2-05	Complete	production-available	PROD-current-composition	audited shipped composition: workspace grant store; Historical classification, not current-profile deployed proof. Post-login fix1 mounted native/FGA group passes61.506s; retained unchanged identity/base-composed installation passes80.285s; affected UI110/110, typecheck and build pass. Finite component accepted after SPEC PASS/QUALITY APPROVED, both findings closed; see 2026-09-25-post-login-boundary-fix1-review.md and implementation_status_v1.5.md. Full first-admin/live Stytch/deployment and remaining P7/P8 gates stay open.
M2	M2-06	Complete	production-available	PROD-current-composition	audited shipped composition: authorization middleware; Historical classification, not current-profile deployed proof. Post-login fix1 mounted native/FGA group passes61.506s; retained unchanged identity/base-composed installation passes80.285s; affected UI110/110, typecheck and build pass. Finite component accepted after SPEC PASS/QUALITY APPROVED, both findings closed; see 2026-09-25-post-login-boundary-fix1-review.md and implementation_status_v1.5.md. Full first-admin/live Stytch/deployment and remaining P7/P8 gates stay open.
M2	M2-07	Complete	production-available	PROD-current-composition	audited shipped composition: organization reconciliation
M2	M2-07a	Complete	production-available	PROD-current-composition	audited shipped composition: first-Organization bootstrap command
M2	M2-07b	Complete	production-available	PROD-current-composition	audited shipped composition: first-Admin Stytch invitation
M2	M2-07c	Complete	production-available	PROD-current-composition	audited shipped composition: first-Admin default scope bootstrap
M2	M2-07d	Complete	production-available	PROD-current-composition	audited shipped composition: first-Admin bootstrap E2E; Historical classification, not current-profile deployed proof. Post-login fix1 mounted native/FGA group passes61.506s; retained unchanged identity/base-composed installation passes80.285s; affected UI110/110, typecheck and build pass. Finite component accepted after SPEC PASS/QUALITY APPROVED, both findings closed; see 2026-09-25-post-login-boundary-fix1-review.md and implementation_status_v1.5.md. Full first-admin/live Stytch/deployment and remaining P7/P8 gates stay open.
M2	M2-08	Complete	production-available	PROD-current-composition	audited shipped composition: API getOrganization
M2	M2-09	Complete	production-available	PROD-current-composition	audited shipped composition: API listWorkspaces
M2	M2-10	Complete	production-available	PROD-current-composition	audited shipped composition: API createWorkspace
M2	M2-11	Complete	production-available	PROD-current-composition	audited shipped composition: API getWorkspace
M2	M2-12	Complete	production-available	PROD-current-composition	audited shipped composition: API updateWorkspace
M2	M2-13	Complete	production-available	PROD-current-composition	audited shipped composition: API listEnvironments
M2	M2-14	Complete	production-available	PROD-current-composition	audited shipped composition: API createEnvironment
M2	M2-15	Complete	production-available	PROD-current-composition	audited shipped composition: API getEnvironment
M2	M2-16	Complete	production-available	PROD-current-composition	audited shipped composition: API updateEnvironment
M2	M2-17	Complete	production-available	PROD-current-composition	audited shipped composition: API getCurrentPrincipal
M2	M2-18	Complete	production-available	PROD-current-composition	audited shipped composition: API listMembers
M2	M2-19	Complete	production-available	PROD-current-composition	audited shipped composition: API listBuiltInRoles
M2	M2-20	Complete	production-available	T11-identity-admin	production Stytch SSO service is mounted through the identity coordinator with exact provider authority, durable replay, and bounded redacted failures
M2	M2-21	Complete	production-available	T11-identity-admin	production listSSOConnections is mounted and exercised through the generated-client browser journey against the provider-faithful Stytch boundary
M2	M2-22	Complete	production-available	T11-identity-admin	production createSSOConnection is fresh-auth guarded, replay safe, durably audited, and exercised through the installed-browser journey
M2	M2-23	Complete	production-available	T11-identity-admin	production deleteSSOConnection is mounted with exact tenant/provider binding and durable replay semantics
M2	M2-24	Complete	production-available	T11-identity-admin	production testSSOConnection is mounted and exercised through the installed-browser Stytch workflow
M2	M2-25	Complete	production-available	T11-identity-admin	production SCIM service is mounted through the identity coordinator with one-time encrypted credential reveal authority
M2	M2-26	Complete	production-available	T11-identity-admin	production listSCIMConnections is mounted and exercised through the generated-client browser journey without returning bearer credentials
M2	M2-27	Complete	production-available	T11-identity-admin	production createSCIMConnection is fresh-auth guarded, replay safe, durably audited, and exposes its bearer token only through an acknowledged one-time grant
M2	M2-28	Complete	production-available	T11-identity-admin	production deleteSCIMConnection is mounted with exact tenant/provider binding and durable replay semantics
M2	M2-29	Complete	production-available	T11-identity-admin	exact /api/v1/webhooks/stytch production routing verifies the signed bounded payload before durable reconciliation
M2	M2-30	Complete	production-available	T11-identity-admin	production Stytch deprovision reconciliation is tenant bound, replay safe, atomically revokes access, and is exercised by the combined PostgreSQL journey
M2	M2-31	Complete	production-available	T11-identity-admin	production group-mapping authority persists exact tenant scope and atomically revokes affected sessions and tokens
M2	M2-32	Complete	production-available	T11-identity-admin	production listGroupMappings is mounted behind browser-session tenant authorization and the generated client
M2	M2-33	Complete	component-only	T11-identity-admin	group-mapping-update-20260918/green/report.md and independent-review.md: real versioned update and observed40P01 fix pass connected registered-role tests, permission changes, session/PAT revocation and rollback; 50Go race plus pinnedNode22UI2136/types/lint/build pass; final four-file patch independently approved locally; no production acceptance or publication
M2	M2-34	Complete	production-available	PROD-current-composition	audited shipped composition: API token model
M2	M2-35	Complete	production-available	PROD-current-composition	audited shipped composition: API listAPITokens
M2	M2-36	Complete	production-available	PROD-current-composition	audited shipped composition: API createAPIToken
M2	M2-37	Complete	production-available	PROD-current-composition	audited shipped composition: API revokeAPIToken
M2	M2-38	Complete	production-available	PROD-current-composition	audited shipped composition: API token auth
M2	M2-39a	Complete	production-available	PROD-current-composition	audited shipped composition: audit event store
M2	M2-39b	Complete	production-available	PROD-current-composition	audited shipped composition: audit metadata redaction
M2	M2-39	Complete	production-available	PROD-current-composition	audited shipped composition: audit store
M2	M2-40	Complete	production-available	PROD-current-composition	audited shipped composition: API listAuditEvents
M2	M2-41	Complete	component-only	T11-identity-admin	audited component-only proof: API createAuditExport
M2	M2-42	Complete	component-only	T11-identity-admin	audited component-only proof: API getAuditExport
M2	M2-43a	Complete	production-available	PROD-current-composition	audited shipped composition: Identity route shell
M2	M2-43b	Complete	production-available	PROD-current-composition	audited shipped composition: Members and roles panel
M2	M2-43c	Complete	production-available	T11-identity-admin	production Identity & Access route mounts the generated-client SSO panel and the installed-browser journey exercises list, create, and test
M2	M2-43d	Complete	production-available	T11-identity-admin	production Identity & Access route mounts the generated-client SCIM panel and proves one-time credential display with no durable raw-token retention
M2	M2-43e	Complete	production-available	T11-identity-admin	production Identity & Access route mounts the generated-client group-mapping panel and exercises exact scoped mutation and session reconciliation
M2	M2-43	Complete	production-available	PROD-current-composition	audited shipped composition: identity admin UI shell
M2	M2-44	Complete	production-available	PROD-current-composition	audited shipped composition: identity admin actions
M2	M2-45	Complete	production-available	PROD-current-composition	audited shipped composition: API access UI
M2	M2-46a	Complete	production-available	PROD-current-composition	audited shipped composition: Workspace onboarding form
M2	M2-46b	Complete	component-only	T11-identity-admin	2026-09-24 audit: original Verify sets production/staging/development and saves; ScopeOnboardingView and its test only create/update names, OpenAPI and production.go accept no class, postgresCreateEnvironmentSQL fixes development and update changes only name. Historical name-form component evidence retained; actual class selection/persistence acceptance remains open. Evidence: .superpowers/sdd/2026-09-22-temporal-openfga-execution-plan/p7-environment-class-ledger/report.md
M2	M2-46c	Complete	production-available	PROD-current-composition	audited shipped composition: Scope selector
M2	M2-46	Complete	production-available	PROD-current-composition	audited shipped composition: workspace/env onboarding UI
M2	M2-47a	Complete	production-available	T11-identity-admin	combined disposable-PostgreSQL and installed-Chrome E2E proves provider-faithful SSO creation, testing, fresh reauthentication, and scoped session authority
M2	M2-47b	Complete	production-available	T11-identity-admin	combined disposable-PostgreSQL and installed-Chrome E2E proves SCIM creation, one-time secret handling, group mapping, signed deprovision, replay, and access revocation
M2	M2-47c	Complete	production-available	PROD-current-composition	audited shipped composition: M2 workspace authorization E2E
M2	M2-47d	Complete	production-available	PROD-current-composition	audited shipped composition: M2 API token E2E
M2	M2-47e	Complete	production-available	PROD-current-composition	audited shipped composition: M2 audit E2E
M2	M2-48	Complete	production-available	PROD-current-composition	audited shipped composition: cross-Organization API authorization
M2	M2-49	Complete	production-available	PROD-current-composition	audited shipped composition: single-tenant Organization pin guard
M2	M2-50	Complete	production-available	PROD-current-composition	audited shipped composition: SaaS Organization isolation E2E
M2	M2-47	Complete	component-only	T11-identity-admin	audited component-only proof: M2 gate
M3	M3-01	Complete	production-available	PROD-current-composition	audited shipped composition: connector manifest
M3	M3-02	Complete	production-available	PROD-current-composition	audited shipped composition: connector catalog store
M3	M3-02a	Complete	production-available	PROD-current-composition	audited shipped composition: Generic Webhook catalog entry
M3	M3-03	Complete	production-available	PROD-current-composition	audited shipped composition: API listIntegrationCatalog
M3	M3-04	Complete	production-available	PROD-current-composition	audited shipped composition: API listIntegrations
M3	M3-05	Complete	production-available	PROD-current-composition	audited shipped composition: API createIntegration
M3	M3-06	Complete	production-available	PROD-current-composition	audited shipped composition: API getIntegration
M3	M3-07	Complete	production-available	PROD-current-composition	audited shipped composition: API updateIntegration
M3	M3-08	Complete	production-available	PROD-current-composition	audited shipped composition: API deleteIntegration
M3	M3-09	Complete	production-available	T03-launch-connectors	production evidence: retained scope-bound authorizeIntegration request and HTTPS provider handoff proven in the installed-browser multi-tenant gate
M3	M3-10	Complete	production-available	T04-discovery-worker	production evidence: API syncIntegration; verified by Task 4 source/deploy review and focused race/release gates
M3	M3-11	Complete	production-available	T04-discovery-worker	production evidence: API listIntegrationSyncs; verified by Task 4 source/deploy review and focused race/release gates
M3	M3-12	Complete	production-available	T04-discovery-worker	production evidence: API getIntegrationSync; verified by Task 4 source/deploy review and focused race/release gates
M3	M3-13	Complete	production-available	T04-discovery-worker	production evidence: integration job payload; verified by Task 4 source/deploy review and focused race/release gates
M3	M3-14	Blocked	blocked/external	EXT-live-aws	audited external evidence gate: AWS credential adapter
M3	M3-15	Complete	production-available	T04-discovery-worker	production evidence: credential-free Cartography process authority and identical AWS ARNs remain isolated across Organizations in the combined discovery worker gate at 1f2031f
M3	M3-16	Complete	production-available	T04-discovery-worker	production evidence: bounded Prowler process output persists canonical finding and version-pinned artifact evidence without credential echo in the combined discovery gate at 1f2031f
M3	M3-17	Complete	production-available	T04-discovery-worker	production evidence: multi-region AWS inventory and security sources normalize stable account, role, policy, resource, and evidence relationships under exact tenant scope at 1f2031f
M3	M3-18	Complete	production-available	T04-discovery-worker	production evidence: all Kubernetes launch phases normalize cluster, namespace, service-account, RBAC, workload, and posture relationships with exact cursor lineage at 1f2031f
M3	M3-19	Complete	production-available	T04-discovery-worker	production evidence: GitHub installation, repository, workflow, environment, permission, and identity relationships pass exact subject-bound pagination and resume gates at 1f2031f
M3	M3-20	Complete	production-available	T04-discovery-worker	production evidence: Okta users, groups, applications, assignments, roles, and service principals normalize with exact issuer/subject scope and cursor lineage at 1f2031f
M3	M3-21	Complete	production-available	T04-discovery-worker	production evidence: integration freshness; verified by Task 4 source/deploy review and focused race/release gates
M3	M3-22a	Complete	production-available	T03-launch-connectors	production Nango runs as an exact-pinned private two-replica service with no ingress and product-only admission
M3	M3-22b	Complete	production-available	T03-launch-connectors	shipped product composes only managed Auth lifecycle and the bounded Proxy wrapper; Functions, Webhooks, MCP, RBAC, and Enterprise workers remain outside product authority
M3	M3-22c	Complete	production-available	T03-launch-connectors	rendered Nango and API workloads consume only exact Kubernetes references for database URL, encryption key, and the single production service key
M3	M3-22	Complete	production-available	T03-launch-connectors	product capability readiness probes the private server plus the exact authenticated prod Slack integration behind a success-only 30-second cache and keeps Nango off public ingress
M3	M3-23	Complete	production-available	T03-launch-connectors	production API composes tenant-derived Nango connection creation, recovery, and revocation while PostgreSQL persists only the opaque scoped connection reference
M3	M3-24	Complete	production-available	T03-launch-connectors	production OAuth start and callback bind tenant, integration, attempt, state, stored verifier, authority provider, callback URL, and lost-response recovery before activation
M3	M3-25	Complete	production-available	T03-launch-connectors	production OAuth activation invokes the composed Nango proxy wrapper for one exact GET /api/team.info rule and persists only the verified workspace ID plus opaque connection reference
M3	M3-26	Complete	production-available	T06-runtime-data-plane	production evidence: sensor enrollment model; verified by Task 6 source/deploy review and focused race/release gates
M3	M3-27	Complete	production-available	T06-runtime-data-plane	production evidence: API listSensors; verified by Task 6 source/deploy review and focused race/release gates
M3	M3-28	Complete	production-available	T06-runtime-data-plane	production evidence: API createSensorEnrollment; verified by Task 6 source/deploy review and focused race/release gates
M3	M3-29	Complete	production-available	T06-runtime-data-plane	production evidence: API getSensor; verified by Task 6 source/deploy review and focused race/release gates
M3	M3-30	Complete	production-available	T06-runtime-data-plane	production evidence: API updateSensor; verified by Task 6 source/deploy review and focused race/release gates
M3	M3-31	Complete	production-available	T06-runtime-data-plane	production evidence: API deleteSensor; verified by Task 6 source/deploy review and focused race/release gates
M3	M3-32	Complete	production-available	T06-runtime-data-plane	production evidence: API rotateSensorToken; verified by Task 6 source/deploy review and focused race/release gates
M3	M3-33	Complete	production-available	T06-runtime-data-plane	production evidence: API getSensorCoverage; verified by Task 6 source/deploy review and focused race/release gates
M3	M3-34	Complete	production-available	T06-runtime-data-plane	production evidence: sensor heartbeat internal API; verified by Task 6 source/deploy review and focused race/release gates
M3	M3-35	Complete	production-available	T06-runtime-data-plane	production evidence: Tetragon packaging; verified by Task 6 source/deploy review and focused race/release gates
M3	M3-36	Complete	production-available	T06-runtime-data-plane	production evidence: Tetragon adapter; verified by Task 6 source/deploy review and focused race/release gates
M3	M3-37	Complete	production-available	T06-runtime-data-plane	production evidence: Tetragon sensor health; verified by Task 6 source/deploy review and focused race/release gates
M3	M3-38	Complete	production-available	T06-runtime-data-plane	production evidence: OTLP semantic adapter; verified by Task 6 source/deploy review and focused race/release gates
M3	M3-39	Complete	production-available	T06-runtime-data-plane	production evidence: event ingest auth; verified by Task 6 source/deploy review and focused race/release gates
M3	M3-40	Complete	production-available	T06-runtime-data-plane	production evidence: event ingest filter; canonical metadata-only bytes bind reservation, digest, artifact, and downstream decode
M3	M3-41	Complete	production-available	T06-runtime-data-plane	production evidence: event batcher; verified by Task 6 source/deploy review and focused race/release gates
M3	M3-42	Complete	production-available	T06-runtime-data-plane	production private ingest API: token-derived scope and canonical versioned artifact precede one transactional runtime outbox; real-PostgreSQL HTTP replay proves ACK-last durable acceptance
M3	M3-43a	Complete	production-available	T06-runtime-data-plane	production evidence: runtime batch consume; verified by Task 6 source/deploy review and focused race/release gates
M3	M3-43b	Complete	production-available	T06-runtime-data-plane	production evidence: runtime event S3 archive; verified by Task 6 source/deploy review and focused race/release gates
M3	M3-43c	Complete	production-available	T06-runtime-data-plane	production evidence: runtime event indexing; verified by Task 6 source/deploy review and focused race/release gates
M3	M3-43d	Complete	production-available	T06-runtime-data-plane	production correlation graph: exact scope/batch/generation snapshot is durable before receipt; S3-loss replay mutates Neo4j once at 3497c084
M3	M3-43	Complete	production-available	T06-runtime-data-plane	production runtime worker: archive and index precede durable correlation graph; stage receipt and queue acknowledgement remain ACK-last at 3497c084
M3	M3-44	Complete	production-available	T06-runtime-data-plane	production evidence: OpenSearch event indexer; verified by Task 6 source/deploy review and focused race/release gates
M3	M3-45	Complete	production-available	T04-discovery-worker	production evidence: correlation exact path; verified by Task 4 source/deploy review and focused race/release gates
M3	M3-46	Complete	production-available	T04-discovery-worker	2026-09-12 original-criterion reconciliation supersedes 2026-09-09 reachability refusal: controlled fresh registered51 provider/browser proof2555 (prior78940) scores semantic-ID-absent kernel input Strong, not Exact, with source-qualified sandbox/container and exact process identity; separate installed file-event source/archive proof preserves uint64 cgroup membership and precise matching rejects conflicting cgroups; independent scope review accepted these distinct controls; PR49 main fda8ae99921be468b3d95f2369f54112a725e046 verified by CI34687750130 SUCCESS40m6s; docs/internal/2026-09-11-precision-provider-evidence.md and docs/internal/2026-09-11-file-cgroup-lineage.md; controlled fixture acceptance, not live deployment or source attestation
M3	M3-47	Complete	production-available	T04-discovery-worker	2026-09-12 original-criterion reconciliation supersedes 2026-09-09 reachability refusal: controlled proveRuntimeCandidateRecovery admits competing semantic candidates through authenticated ingestion and registered workers, persists unassigned Probable after fresh runtime ingestion and preserves frozen Strong replay; precise complete-binding tests retain competing sandbox/enrollment/unknown candidates as Probable/Unattributed, never Exact; independent scope review accepted actual ambiguity coverage, not absent-candidate-only evidence; PR49 main fda8ae99921be468b3d95f2369f54112a725e046 verified by CI34687750130 SUCCESS40m6s; docs/internal/2026-09-11-precision-provider-evidence.md and services/platform/runtimecorrelation/precise_correlator_test.go; controlled fixture acceptance, not live deployment or source attestation
M3	M3-48a	Complete	production-available	PROD-current-composition	audited shipped composition: Connection catalog route
M3	M3-48b	Complete	production-available	PROD-current-composition	audited shipped composition: Connection list route
M3	M3-48c1	Complete	production-available	PROD-current-composition	audited shipped composition: Connection detail summary
M3	M3-48c2	Complete	production-available	T10-product-ui	shipped detail uses scoped product APIs for collected-data capabilities, freshness, bounded sync history, and exact sync detail
M3	M3-48c3	Complete	production-available	T10-product-ui	shipped capability-gated authorize, manual sync, schedule, delete, and retained-receipt actions pass installed-browser E2E
M3	M3-48d	Complete	production-available	T10-product-ui	shipped AWS setup uses the live catalog, role and opaque external-ID configuration, connection test, initial sync, coverage, and stable permission remediation
M3	M3-48e	Complete	production-available	T10-product-ui	shipped Kubernetes setup uses the live tenant-scoped v34 setup-status API, enrollment and Helm guidance, environment runtime sensor coverage, and installed-browser proof
M3	M3-48f	Complete	production-available	T10-product-ui	shipped GitHub setup uses the live tenant-scoped v34 setup-status API for organization, repository selection, and exact read permissions with installed-browser proof
M3	M3-48g	Complete	production-available	T10-product-ui	shipped Okta setup uses the live tenant-scoped v34 setup-status API for tenant and exact discovery scopes, remains separate from Zasp sign-in, and passes installed-browser proof
M3	M3-48h	Complete	production-available	T10-product-ui	production evidence: schema v35 tenant-scoped signed webhook configure/test/status, fixed destination and payload, durable exact replay, pinned HTTPS, independent review, race/release gates and full Chrome lost-response/reload proof; docs/internal/2026-09-08-m3-48h-production-webhook.md
M3	M3-48	Complete	production-available	PROD-current-composition	audited shipped composition: Connections UI shell
M3	M3-49	Complete	production-available	T10-product-ui	production evidence: capability-gated authorize, sync, delete, receipt recovery, history, and freshness actions proven through shipped product APIs in the installed-browser gate
M3	M3-50	Complete	production-available	T10-product-ui	shipped sensor list, detail, enrollment, and heartbeat coverage use strict generated-client product APIs
M3	M3-51	Complete	production-available	T10-product-ui	shipped idempotent enroll, version-fenced update/rotate/delete, one-time credential, and fresh-auth controls pass lifecycle UI tests
M3	M3-52a	Complete	production-available	T04-discovery-worker	production evidence: combined AWS, Kubernetes, GitHub, and Okta fixtures traverse production provider clients, canonical collection, manifest-last artifacts, and worker decoding under race at 1f2031f
M3	M3-52b	Complete	production-available	T06-runtime-data-plane	installed-browser E2E proves scoped enrollment, authenticated heartbeat, healthy kernel/capability coverage, version-pinned rotation, reload, deletion, and no persisted token
M3	M3-52c	Complete	production-available	T06-runtime-data-plane	production evidence: production-composed sensor enrollment and runtime ingest boundaries, authenticated heartbeat, durable replay, and installed-Chrome lifecycle pass the schema-v28 combined E2E
M3	M3-52d	Complete	production-available	T04-discovery-worker	v36 production ingest/outbox/coordinator/stages through actual local SQS/S3/OpenSearch; exact archive/index references, fenced physical replay, terminal ingest replay, six provider acknowledgements and empty DLQ; migration race, independent review and full Chrome proof in docs/internal/2026-09-08-m3-52d-runtime-queue-index.md; Neo4j/cloud IAM not claimed
M3	M3-52e	Complete	production-available	T04-discovery-worker	production evidence: M3 freshness degrade E2E; verified by Task 4 source/deploy review and focused race/release gates
M3	M3-52	Blocked	blocked/external	EXT-human-observation	audited external evidence gate: M3 gate
M4	M4-01a	Complete	production-available	T05-inventory-cutover	v14 complete-snapshot E2E proves canonical AWS asset identity through public API and typed database authority
M4	M4-01b	Complete	production-available	T05-inventory-cutover	v14 complete-snapshot E2E proves Kubernetes Agent reconciliation through public API and installed browser
M4	M4-01c	Complete	production-available	T05-inventory-cutover	v14 complete-snapshot E2E proves GitHub Tool reconciliation through public API and installed browser
M4	M4-01d	Complete	production-available	T05-inventory-cutover	v14 complete-snapshot E2E proves Okta Identity reconciliation through public API and installed browser
M4	M4-01e	Complete	production-available	T05-inventory-cutover	v14 complete-snapshot E2E proves Kubernetes Runtime reconciliation through public API and installed browser
M4	M4-01f	Complete	production-available	T05-inventory-cutover	v14 complete-snapshot E2E proves canonical relationship projection with exact source and evidence bindings
M4	M4-01	Complete	production-available	T05-inventory-cutover	v14 cutover gate proves public typed inventory is derived only from authoritative complete snapshots
M4	M4-02	Complete	production-available	T05-inventory-cutover	audited shipped composition: tenant-scoped Agent ownership, team, and canonical tags
M4	M4-03	Complete	production-available	PROD-current-composition	audited shipped composition: API listAgents
M4	M4-04	Complete	production-available	PROD-current-composition	audited shipped composition: API getAgent
M4	M4-05	Complete	production-available	T05-inventory-cutover	audited shipped composition: API updateAgent
M4	M4-06	Complete	production-available	PROD-current-composition	audited shipped composition: API getAgentCapabilities
M4	M4-07	Complete	production-available	PROD-current-composition	audited shipped composition: API getAgentRelationships
M4	M4-08	Complete	production-available	PROD-current-composition	audited shipped composition: API listAgentSessions
M4	M4-09	Complete	production-available	PROD-current-composition	audited shipped composition: API listTools
M4	M4-10	Complete	production-available	PROD-current-composition	audited shipped composition: API getTool
M4	M4-11	Complete	production-available	PROD-current-composition	audited shipped composition: API listIdentities
M4	M4-12	Complete	production-available	PROD-current-composition	audited shipped composition: API getIdentity
M4	M4-13	Complete	production-available	PROD-current-composition	audited shipped composition: API listRuntimes
M4	M4-14	Complete	production-available	PROD-current-composition	audited shipped composition: API getRuntime
M4	M4-15	Complete	production-available	PROD-current-composition	audited shipped composition: API getAsset
M4	M4-16	Complete	production-available	T05-inventory-cutover	production evidence: six-category Kubernetes RBAC rules derive from canonical tenant-scoped inventory and fail closed on malformed provider authority
M4	M4-17	Complete	production-available	T05-inventory-cutover	production evidence: API-role keyset graph query traverses Agent identity, binding, and role authority with foreign-tenant denial
M4	M4-18	Complete	production-available	T05-inventory-cutover	production evidence: canonical provider observations upgrade reachable capabilities to observed while retaining sorted evidence authority
M4	M4-19	Complete	production-available	T05-inventory-cutover	production evidence: tenant-scoped PostgreSQL capability authority upgrades observed reachability to verified and blocked while retaining underlying reachability and exact evidence at e8a046b
M4	M4-20	Complete	production-available	T05-inventory-cutover	production evidence: source-owned ownerless-agent posture refresh persists exact tenant evidence, risk factor, resolution, and foreign-tenant isolation at 2b768d6
M4	M4-21	Complete	production-available	T05-inventory-cutover	production evidence: source-owned human-credential posture refresh persists and resolves exact evidence-backed findings at 2b768d6
M4	M4-22	Complete	production-available	T05-inventory-cutover	production evidence: shared credential fingerprint across active agents produces exact evidence-backed finding authority and clears on false posture at 2b768d6
M4	M4-23	Complete	production-available	T05-inventory-cutover	production evidence: untrusted input plus production write produces an exact evidence-backed tenant finding and deterministic risk factor at 2b768d6
M4	M4-24	Complete	production-available	T05-inventory-cutover	production evidence: shell execution plus production credential produces an exact evidence-backed tenant finding and deterministic risk factor at 2b768d6
M4	M4-25	Complete	production-available	T05-inventory-cutover	production evidence: unrestricted egress plus sensitive-data reach produces an exact evidence-backed tenant finding and deterministic risk factor at 2b768d6
M4	M4-26	Complete	production-available	T05-inventory-cutover	production evidence: unapproved remote tool reach produces an exact evidence-backed tenant finding and deterministic risk factor at 2b768d6
M4	M4-27	Complete	production-available	T05-inventory-cutover	production evidence: destructive tool reach without runtime control produces an exact evidence-backed tenant finding and deterministic risk factor at 2b768d6
M4	M4-28	Complete	production-available	T05-inventory-cutover	production evidence: production agent without supported runtime policy produces exact evidence and clears after supported coverage appears at 2b768d6
M4	M4-29	Complete	production-available	T05-inventory-cutover	production evidence: host filesystem or privileged runtime posture produces exact isolation evidence and deterministic risk factor at 2b768d6
M4	M4-30	Complete	production-available	T05-inventory-cutover	production evidence: CI/CD write plus production-secret reach produces exact evidence and deterministic risk factor at 2b768d6
M4	M4-31	Complete	production-available	T05-inventory-cutover	production evidence: inactive agent with active credential produces exact source evidence and resolves after credential deactivation at 2b768d6
M4	M4-32	Complete	production-available	T05-inventory-cutover	production evidence: only Prowler records bound to exact inventory entity and version-pinned artifact evidence enter the default tenant finding set at 18d4e9d
M4	M4-33	Complete	production-available	T05-inventory-cutover	production evidence: PostgreSQL finding detail returns exact explainable factor name and evidence ID for every persisted posture finding at 2b768d6
M4	M4-34	Complete	production-available	PROD-current-composition	audited shipped composition: API listFindings
M4	M4-35	Complete	production-available	PROD-current-composition	audited shipped composition: API getFinding
M4	M4-36	Complete	production-available	PROD-current-composition	audited shipped composition: API updateFinding
M4	M4-37	Complete	production-available	PROD-current-composition	audited shipped composition: API acceptFindingRisk
M4	M4-38	Complete	production-available	T14-data-workflows	production evidence: mounted tenant-scoped BrowserSession/PAT createFindingTicket API enforces If-Match, idempotency, CSRF, exact replay, and a strict generated contract
M4	M4-39	Complete	production-available	T14-data-workflows	production evidence: exact-one scoped generic webhook uses an opaque Secrets Manager reference, pinned DNS/CIDR TLS egress, HMAC redacted payloads, fenced leases, and replay without duplicate delivery
M4	M4-40	Complete	production-available	T05-inventory-cutover	production evidence: discovery reconciliation derives deterministic bounded finding-to-role attack paths from exact entry, sink, node, and evidence sets at 18d4e9d
M4	M4-41	Complete	production-available	T05-inventory-cutover	production evidence: tenant PostgreSQL path reads preserve observed and blocked state, exact node order, evidence, replay, complete-empty cleanup, and foreign-tenant isolation at 18d4e9d
M4	M4-42	Complete	production-available	T05-inventory-cutover	production evidence: derived paths persist deterministic ranked remove-node and enforce-policy options bound to the exact path evidence at 18d4e9d
M4	M4-43	Complete	production-available	PROD-current-composition	audited shipped composition: API listAttackPaths
M4	M4-44	Complete	production-available	PROD-current-composition	audited shipped composition: API getAttackPath
M4	M4-45	Complete	production-available	PROD-current-composition	audited shipped composition: API getAttackPathBreakOptions
M4	M4-46	Complete	production-available	PROD-current-composition	audited shipped composition: home summary service
M4	M4-47	Complete	production-available	PROD-current-composition	audited shipped composition: API getHomeSummary
M4	M4-48	Complete	production-available	T14-data-workflows	production evidence: exact tenant-scoped indexed PostgreSQL name/type/ID search rejects raw graph syntax and direct API table reads at f61fee2
M4	M4-49	Complete	production-available	T14-data-workflows	production evidence: mounted BrowserSession/PAT globalSearch API, strict OpenAPI/generated decoder, and production UI search at f61fee2
M4	M4-50a	Complete	production-available	PROD-current-composition	audited shipped composition: Agents table
M4	M4-50b1	Complete	production-available	PROD-current-composition	audited shipped composition: Agents ownership filters
M4	M4-50b2	Complete	production-available	PROD-current-composition	audited shipped composition: Agents capability filters
M4	M4-50b3	Complete	production-available	PROD-current-composition	audited shipped composition: Agents coverage filters
M4	M4-50c	Complete	production-available	PROD-current-composition	audited shipped composition: Agents coverage indicators
M4	M4-50	Complete	production-available	PROD-current-composition	audited shipped composition: Agents list UI
M4	M4-51a	Complete	production-available	PROD-current-composition	audited shipped composition: Agent detail header
M4	M4-51b1	Complete	production-available	PROD-current-composition	audited shipped composition: Agent identity section
M4	M4-51b2	Complete	production-available	PROD-current-composition	audited shipped composition: Agent tools section
M4	M4-51b3	Complete	production-available	PROD-current-composition	audited shipped composition: Agent runtime section
M4	M4-51c	Complete	production-available	PROD-current-composition	audited shipped composition: Agent capability section
M4	M4-51d	Complete	production-available	PROD-current-composition	audited shipped composition: Agent exposure section
M4	M4-51e	Complete	production-available	PROD-current-composition	audited shipped composition: Agent sessions/policies section
M4	M4-51	Complete	production-available	PROD-current-composition	audited shipped composition: Agent detail UI
M4	M4-52	Complete	production-available	PROD-current-composition	audited shipped composition: Tools UI
M4	M4-53	Complete	production-available	PROD-current-composition	audited shipped composition: Identities UI
M4	M4-54	Complete	production-available	PROD-current-composition	audited shipped composition: Runtimes UI
M4	M4-55	Complete	production-available	PROD-current-composition	audited shipped composition: Findings list UI
M4	M4-56	Complete	production-available	PROD-current-composition	audited shipped composition: Finding detail UI
M4	M4-57	Complete	production-available	PROD-current-composition	audited shipped composition: Attack Paths UI
M4	M4-58	Complete	production-available	PROD-current-composition	audited shipped composition: Home UI
M4	M4-59a	Complete	production-available	T05-inventory-cutover	installed-Chrome v14 golden journey proves typed lists, detail, deep-link reload, multi-source retention, partial/failed retention, and complete-empty removal
M4	M4-59b	Complete	production-available	T05-inventory-cutover	production evidence: canonical Kubernetes agent fixture derives observed, verified, and blocked effective capabilities with sorted evidence in PostgreSQL at e8a046b
M4	M4-59c	Complete	production-available	T05-inventory-cutover	production evidence: canonical agent fixture raises all applicable posture findings with exact evidence and risk factors, then resolves them without cross-tenant mutation at 2b768d6
M4	M4-59d	Complete	production-available	T05-inventory-cutover	production evidence: canonical Prowler finding derives a bounded evidence-state attack path and ranked break options in production PostgreSQL at 18d4e9d
M4	M4-59e	Complete	production-available	T05-inventory-cutover	production evidence: mounted ProductionRiskView renders Why, Evidence, Path, Fix, and Verify from authorized product APIs with path navigation at 2b768d6
M4	M4-59	Complete	production-available	T05-inventory-cutover	installed-Chrome v16 M4 gate proves tenant-scoped inventory, findings, paths, response-loss ticket retry, same-tab reload persistence, zero duplicate webhook delivery, and clean browser state
M5	M5-01	Complete	production-available	T12-red-team	production TestDefinition/TestRun/TestAttempt and published OpenAPI distinguish engine_error from pass/fail; individual acceptance review and main CI 34300722566 pass; evidence 2026-09-08-m5-red-team-production-closure.md
M5	M5-02	Complete	production-available	T12-red-team	PR16 schema39 pinned engine normalizes objective, immutable input receipt, behavior, verdict and evidence; durable PostgreSQL/S3 and reloaded browser proof; independent acceptance; main CI34306928829 passed; docs/internal/2026-09-08-m5-red-team-production-closure.md
M5	M5-03	Complete	production-available	T12-red-team	mounted create wizard derives explained recommendations from fresh exact-target product APIs and rejects expired evidence; selector/API/UI/Chrome proof plus individual review and main CI 34300722566 pass
M5	M5-04	Complete	production-available	T12-red-team	schema37 authoritative environment and registered credential admission rejects unsafe creation/queue/claim; actual PostgreSQL denial tests and mounted expected-side-effects UI; individual review and main CI 34300722566 pass
M5	M5-05	Complete	production-available	T12-red-team	audited production listTests: browser/PAT success and stable error matrix; PR 15 main CI 34303890095; docs/internal/2026-09-08-m5-red-team-production-closure.md
M5	M5-06	Complete	production-available	T12-red-team	audited production createTest: browser/PAT success, receipt/audit and stable error matrix; PR 15 main CI 34303890095; docs/internal/2026-09-08-m5-red-team-production-closure.md
M5	M5-07	Complete	production-available	T12-red-team	audited production getTest: browser/PAT success and stable error matrix; PR 15 main CI 34303890095; docs/internal/2026-09-08-m5-red-team-production-closure.md
M5	M5-08	Complete	production-available	T12-red-team	audited production updateTest: browser/PAT success, ETag/receipt/audit and stable error matrix; PR 15 main CI 34303890095; docs/internal/2026-09-08-m5-red-team-production-closure.md
M5	M5-09	Complete	production-available	T12-red-team	audited production runTest: browser/PAT success and stable error matrix, committed-response recovery, exact queue authority; PR 15 main CI 34303890095; docs/internal/2026-09-08-m5-red-team-production-closure.md
M5	M5-10	Complete	production-available	T12-red-team	audited production listTestRuns: browser/PAT success and stable error matrix; PR 15 main CI 34303890095; docs/internal/2026-09-08-m5-red-team-production-closure.md
M5	M5-11	Complete	production-available	T12-red-team	audited production getTestRun: browser/PAT success and stable error matrix plus browser result reload; PR 15 main CI 34303890095; docs/internal/2026-09-08-m5-red-team-production-closure.md
M5	M5-12	Complete	production-available	T12-red-team	audited production cancelTestRun: browser/PAT success, receipt/audit and stable error matrix, lease invalidation; PR 15 main CI 34303890095; docs/internal/2026-09-08-m5-red-team-production-closure.md
M5	M5-13	Complete	production-available	T12-red-team	audited composed PostgreSQL/outbox/SQS/pinned-engine/lease-adapter worker: physical duplicate delivery, one attempt/invocation, empty queue/DLQ and normalized evidence; PR 15 main CI 34303890095; docs/internal/2026-09-08-m5-red-team-production-closure.md
M5	M5-14	Complete	production-available	T12-red-team	PR16 exact S3 input/native artifact bundle with policy-redacted secret fixture and normalized PostgreSQL attempt; version/SHA/size/KMS plus byte-identical reconstruction; independent acceptance; main CI34306928829 passed; docs/internal/2026-09-08-m5-red-team-production-closure.md
M5	M5-15	Complete	production-available	T12-red-team	audited browser product API list/new-test flow with evidence-derived recommendations, selection, safety and queueing; PR 15 main CI 34303890095; docs/internal/2026-09-08-m5-red-team-production-closure.md
M5	M5-16	Complete	production-available	T12-red-team	PR17 production outcome groups and completed-failure evidence eligibility; actual Chrome exact-source fresh safety decision with unchecked approval, disabled Run and zero new execution authority; independent acceptance and main CI34308044218 passed; docs/internal/2026-09-08-m5-red-team-production-closure.md
M5	M5-17	Complete	production-available	T12-red-team	PR18 production Create/Run/Cancel/Destroy/Capabilities and isolation contract; checkpoint-before-cancel, exact UID foreground cleanup plus dependent-pod absence, uncertain cleanup restart without finish/ACK; hostile API/controller fixtures, independent acceptance and main CI34309274962 passed; docs/internal/2026-09-08-m5-red-team-production-closure.md
M5	M5-18	Complete	production-available	T12-red-team	Shipped production Kubernetes provider fixture proves exact run-scoped Job, Fargate profile labels and UID-fenced cleanup ownership; worker race suite and independent task acceptance passed; main CI34306928829 passed; live Fargate scheduling not claimed; docs/internal/2026-09-08-m5-red-team-production-closure.md
M5	M5-19	Complete	production-available	T12-red-team	PR19 absolute durable-attempt timeout without resumed budget reset; exact Job deadline and local-budget evidence distinct from caller/transport timeout; bounded retained reason before UID cleanup and restart without rerun; resource-limit fixtures, independent acceptance and main CI34310435523 passed; docs/internal/2026-09-08-m5-red-team-production-closure.md
M5	M5-20	Complete	production-available	T12-red-team	PR20 dedicated exact service-account test IAM role with deny-all boundary; actual Pod identity and ambient-credential rejection; corrected deployment preflight; independent review and main CI34377164185 passed; docs/internal/2026-09-08-m5-red-team-production-closure.md
M5	M5-21	Complete	production-available	T12-red-team	PR21 exact sandbox SG and isolated subnet/image-layer endpoint routing; shared-contract Linux packet denial with independent controls and kernel counters; owned interrupted cleanup; confined ConfigMap CA; independent acceptance and main CI34380166718 passed; docs/internal/2026-09-08-m5-red-team-production-closure.md
M5	M5-22	Complete	production-available	T12-red-team	PR 22 main 55e819eb and main CI 34383062122 passed; real worker-issued signed token, tenant/run PostgreSQL authority, TLS canary, undeclared-host/expired-token denial, bounded proxy concurrency/shutdown
M5	M5-23a	Complete	production-available	T13-attack-lab	production evidence: exact active tenant target preflight; composed API/worker/browser E2E
M5	M5-23b	Complete	production-available	T13-attack-lab	production evidence: versioned read-only credential binding; composed API/worker/browser E2E
M5	M5-23c	Complete	production-available	T13-attack-lab	production evidence: exact destination and single-host egress authority; composed API/worker/browser E2E
M5	M5-23d	Complete	production-available	T13-attack-lab	production evidence: source-run criterion and bounded side effects; composed API/worker/browser E2E
M5	M5-23	Complete	production-available	T13-attack-lab	production evidence: tenant-scoped fail-closed preflight API and explicit approval; installed-Chrome E2E
M5	M5-24	Complete	production-available	T13-attack-lab	production evidence: bounded non-production canary contract and isolated provider seam; composed worker E2E
M5	M5-25	Complete	production-available	T13-attack-lab	production evidence: manifest-last versioned evidence artifact and redacted five-line result; composed worker E2E
M5	M5-26	Complete	production-available	T13-attack-lab	production evidence: strict verified/not-reproduced/inconclusive verdict authority; composed worker E2E
M5	M5-27	Complete	production-available	T13-attack-lab	production evidence: tenant-scoped cursor-bounded listAttackLabRuns; public API/browser E2E
M5	M5-28	Complete	production-available	T13-attack-lab	production evidence: idempotent approved createAttackLabRun with durable outbox; public API/browser E2E
M5	M5-29	Complete	production-available	T13-attack-lab	production evidence: strict tenant-scoped getAttackLabRun with attempt evidence; public API/browser E2E
M5	M5-30	Complete	production-available	T13-attack-lab	production evidence: version-fenced cancel with terminal no-sandbox delivery; composed worker/browser E2E
M5	M5-31	Complete	production-available	T13-attack-lab	production evidence: version-fenced safe rerun with refreshed authority; public API/browser E2E
M5	M5-32	Complete	production-available	T13-attack-lab	production evidence: composed outbox/controller, leases, ACK-last, evidence and mandatory cleanup; real composition E2E
M5	M5-33a	Complete	production-available	T13-attack-lab	production evidence: exact target and criterion review in production Attack Lab route; installed-Chrome E2E
M5	M5-33b	Complete	production-available	T13-attack-lab	production evidence: exact allowed destination review without credential disclosure; installed-Chrome E2E
M5	M5-33c	Complete	production-available	T13-attack-lab	production evidence: CPU/memory/storage/time limits shown before approval; installed-Chrome E2E
M5	M5-33	Complete	production-available	T13-attack-lab	production evidence: explicit safety-decision checkbox gates run creation; installed-Chrome E2E
M5	M5-34	Complete	production-available	T13-attack-lab	production evidence: verdict/evidence/cleanup/rerun/cancel/reload UI; installed-Chrome E2E
M5	M5-35	Complete	production-available	T13-attack-lab	production evidence: schema v26, public API, composed workers, browser, tenant denial and secret-forensics gates
M6	M6-01	Complete	production-available	PROD-current-composition	audited shipped composition: policy domain
M6	M6-02	Complete	production-available	PROD-current-composition	audited shipped composition: policy validator
M6	M6-03	Complete	production-available	T06-runtime-data-plane	production evidence: OPA compiler; verified by Task 6 source/deploy review and focused race/release gates
M6	M6-04	Complete	production-available	T06-runtime-data-plane	production evidence: embedded evaluator; verified by Task 6 source/deploy review and focused race/release gates
M6	M6-05	Complete	production-available	T06-runtime-data-plane	production evidence: policy bundle signer; verified by Task 6 source/deploy review and focused race/release gates
M6	M6-06	Complete	production-available	T06-runtime-data-plane	production evidence: runtime bundle cache; verified by Task 6 source/deploy review and focused race/release gates
M6	M6-07	Complete	production-available	T06-runtime-data-plane	production evidence: internal policy bundle API; verified by Task 6 source/deploy review and focused race/release gates
M6	M6-08	Complete	production-available	PROD-current-composition	audited shipped composition: API listPolicies
M6	M6-09	Complete	production-available	PROD-current-composition	audited shipped composition: API createPolicy
M6	M6-10	Complete	production-available	PROD-current-composition	audited shipped composition: API getPolicy
M6	M6-11	Complete	production-available	PROD-current-composition	audited shipped composition: API updatePolicy
M6	M6-12	Complete	production-available	PROD-current-composition	audited shipped composition: API deletePolicy
M6	M6-13	Complete	production-available	T06-runtime-data-plane	production evidence: tenant-scoped simulatePolicy uses exact read-only OpenSearch history authority and returns bounded results; installed-Chrome schema-v27 E2E
M6	M6-14	Complete	production-available	PROD-current-composition	audited shipped composition: API rolloutPolicy
M6	M6-15	Complete	production-available	PROD-current-composition	audited shipped composition: API disablePolicy
M6	M6-16	Complete	production-available	T06-runtime-data-plane	production evidence: tenant-scoped listPolicyDecisions persists and returns exact policy IDs with stable paging; installed-Chrome schema-v27 E2E
M6	M6-17	Complete	production-available	T06-runtime-data-plane	production evidence: signed bounded OpenSearch query verifies exact index mapping and marker, tenant scope, limit, and one matching historical action; installed-Chrome E2E
M6	M6-18	Complete	production-available	PROD-current-composition	audited shipped composition: rollout state machine
M6	M6-19	Complete	production-available	T06-runtime-data-plane	production evidence: composed runtime gateway preserves allowlisted HTTP method, escaped path, query, body, and response through a pinned TLS upstream in the schema-v28 combined E2E
M6	M6-20	Complete	production-available	T06-runtime-data-plane	production evidence: shipped MCP route uses the strict bounded JSON-RPC parser and fixed POST-only upstream contract; focused race and release composition gates pass
M6	M6-21	Complete	production-available	T06-runtime-data-plane	production evidence: composed gateway binds principal, agent, session, environment, action, resource, route, and capability context before policy evaluation
M6	M6-22	Complete	production-available	T06-runtime-data-plane	production evidence: schema-v28 combined E2E proves a signed Block response with stable correlation and zero upstream calls
M6	M6-23	Complete	production-available	T06-runtime-data-plane	production evidence: composed gateway permits non-blocking decisions only through durable metadata-only evidence and exact replay-floor advancement; disk-backed race gates pass
M6	M6-24	Complete	production-available	T06-runtime-data-plane	production evidence: runtime decision internal API; verified by Task 6 source/deploy review and focused race/release gates
M6	M6-25	Complete	production-available	T06-runtime-data-plane	production evidence: policy bundle fallback; verified by Task 6 source/deploy review and focused race/release gates
M6	M6-26	Complete	production-available	T06-runtime-data-plane	production evidence: policy latency benchmark; verified by Task 6 source/deploy review and focused race/release gates
M6	M6-27	Complete	production-available	PROD-current-composition	audited shipped composition: Policies list UI
M6	M6-28	Complete	production-available	PROD-current-composition	audited shipped composition: Policy wizard UI
M6	M6-29	Complete	production-available	PROD-current-composition	audited shipped composition: Policy detail UI
M6	M6-30	Complete	production-available	T06-runtime-data-plane	production evidence: blocked runtime capability evidence survives browser reload while the authoritative reachability edge remains present in the schema-v28 combined E2E
M6	M6-31a	Complete	production-available	T06-runtime-data-plane	production evidence: installed-Chrome policy create and bounded simulation complete through shipped APIs with durable lost-response recovery
M6	M6-31b	Complete	production-available	T06-runtime-data-plane	production evidence: installed-Chrome monitor rollout and central signed deployment complete through production authorities
M6	M6-31c	Complete	production-available	T06-runtime-data-plane	production evidence: installed-Chrome enforcement drives a signed temporary Block through the composed gateway with zero upstream side effect
M6	M6-31d	Complete	production-available	T06-runtime-data-plane	production evidence: re-test records the exact blocked capability event, retains reachability, and survives reload
M6	M6-31e	Complete	production-available	T06-runtime-data-plane	production cached-outage gate: signed Block decision survives offline restart, persists exact decision evidence and bounded lost-response replay, rejects wall-clock rollback, drains under monotonic authority, and quarantines out-of-window evidence without falsifying timestamps
M6	M6-31	Complete	production-available	T06-runtime-data-plane	production evidence: full create, simulate, monitor, enforce, retest, cleanup, cached-outage, restart, and browser reload gate passes against disposable schema-v28 PostgreSQL
M7	M7-01	Complete	production-available	T14-data-workflows	2026-09-09 original-task Superpowers acceptance: durable summary/projector and exact replay; PR24 main 4bf800f4 CI 34392565900 passed; evidence docs/internal/2026-09-09-m7-runtime-session-production-closure.md
M7	M7-02	Complete	production-available	T14-data-workflows	2026-09-09 original-task Superpowers acceptance: scoped listSessions success and stable errors; PR24 main 4bf800f4 CI 34392565900 passed; evidence docs/internal/2026-09-09-m7-runtime-session-production-closure.md
M7	M7-03	Complete	production-available	T14-data-workflows	2026-09-09 original-task Superpowers acceptance: scoped getSession success and stable errors; PR24 main 4bf800f4 CI 34392565900 passed; evidence docs/internal/2026-09-09-m7-runtime-session-production-closure.md
M7	M7-04	Complete	production-available	T14-data-workflows	2026-09-09 original-task Superpowers acceptance: scoped listSessionEvents and bound keyset pagination; PR24 main 4bf800f4 CI 34392565900 passed; evidence docs/internal/2026-09-09-m7-runtime-session-production-closure.md
M7	M7-05	Complete	production-available	T14-data-workflows	2026-09-09 original-task Superpowers acceptance: all ten closed OpenSearch selectors, DSL rejection, scoped production API and canonical hydration; PR28 main d46085cf CI 34419096909 passed; evidence docs/internal/2026-09-09-m7-runtime-session-production-closure.md
M7	M7-06	Complete	production-available	T14-data-workflows	2026-09-09 original-task Superpowers acceptance: real generated-client runtime list with structured filters and confidence/freshness, worker-written process match and scope reset E2E; PR29 main 71920e15 CI 34421351398 passed; evidence docs/internal/2026-09-09-m7-runtime-session-production-closure.md
M7	M7-07a	Complete	production-available	T14-data-workflows	2026-09-09 original-task Superpowers acceptance: production timeline API and canonical reverse-ingress 25-plus-1 worker/browser proof, scope cancellation and independent review; PR30 main a10aaa87 CI 34423113495 passed; evidence docs/internal/2026-09-09-m7-runtime-session-production-closure.md
M7	M7-07b	Complete	production-available	T14-data-workflows	2026-09-09 original-task Superpowers acceptance: six-class worker-written rows and generated-client canonical evidence links passed full Chrome, API races, local verification and independent review; PR31 main492cf473 CI34426326091 passed; evidence docs/internal/2026-09-09-m7-event-evidence-production-closure.md
M7	M7-07c	Complete	production-available	T14-data-workflows	2026-09-09 original display criterion accepted: four confidence labels/source and distinct computed Probable/Exact colors passed real-API Chrome with explicitly synthetic production-row fixtures and exact cleanup; independent review and M7-07b dependency passed; PR32 main 214a757d CI34427605339 passed; production correlation NOT RUN; evidence docs/internal/2026-09-09-runtime-confidence-display.md
M7	M7-07	Complete	production-available	T14-data-workflows	2026-09-11 original-criterion acceptance: actual scoped ingestion/archive/index/correlation/projection/search workers and Chrome prove mixed Exact/Strong 25-plus-2 pagination, ordering/source, unassigned Probable, tenant denial and API revocation; independent Superpowers upstream fallback review and full local verification passed; PR47 main c6aec68d CI34634275277 passed; live identity/provider/deployment gates remain separate; evidence docs/internal/2026-09-11-worker-mixed-evidence.md
M7	M7-08	Complete	component-only	T14-data-workflows	Registered release56 SOC 2 Security and HIPAA control mappings locally implemented/reviewed; configured current-source composition tested. See compliance-source-task1-20260918 and compliance-legacy-compatibility-20260918/independent-review.md. Connected local review accepted; deployment locally accepted in compliance-deployment-20260918/fix-1/independent-review.md; publication/live gates remain open.
M7	M7-09	Complete	component-only	T14-data-workflows	Five-family scoped source authority and frozen snapshot assembly locally implemented/reviewed, including both test families and historical versions. See compliance-source-task1-20260918 and compliance-jobs-task2-20260918. No deployment/live-source promotion.
M7	M7-10	Complete	component-only	T14-data-workflows	Configured release56 controls route uses current scoped SQL authority and aggregate freshness; selected tests and actual composed browser pass locally. See compliance-api-task4-20260918 and compliance-legacy-compatibility-20260918/independent-review.md. Connected local review accepted; publication and live gates open.
M7	M7-11	Complete	component-only	T14-data-workflows	Configured release56 evidence route and typed exact-version detail locally tested/reviewed, including paging, source changes, current auth and sibling-scope denial. See compliance-api-task4-20260918 and compliance-ci-20260918. Not deployed/live proof.
M7	M7-12	Complete	component-only	T14-data-workflows	Durable SQL export creation, idempotency, quotas, frozen bytes and worker interruption/retry locally tested/reviewed; mounted UI creation exercised in fresh browser. See compliance-jobs-task2-20260918, compliance-runtime-task3-20260918 and compliance-legacy-compatibility-20260918. Explicit worker registration now independently accepted with actual non-superuser CLI proof in compliance-registration-20260918; storage declarations and connected chart/runtime locally accepted in compliance-storage-20260918 and compliance-deployment-20260918/fix-1/independent-review.md; provider evaluation, hosted/live deployment and publication remain open.
M7	M7-13	Complete	component-only	T14-data-workflows	Mounted scoped export status and durable grant retrieval locally tested/reviewed through API restart, expiry, authorization and replay denial. See compliance-api-task4-20260918 and compliance-ci-20260918. No production publication/live proof.
M7	M7-14	Complete	component-only	T14-data-workflows	Exact frozen JSON/CSV/readable package, pinned immutable provider receipt, integrity audit and native byte-equal downloads locally tested/reviewed. Real SDK controlled transport covered; not live S3. See compliance-runtime-task3-20260918, compliance-api-task4-20260918 and compliance-legacy-compatibility-20260918. Registration bridge accepted in compliance-registration-20260918; dedicated storage/chart/runtime now locally accepted in compliance-deployment-20260918/fix-1/independent-review.md (storage source-only, provider mocks unexecuted). Operator/live-storage/deployment gates open.
M7	M7-15a	Complete	component-only	T14-data-workflows	Current API-backed framework/control filtering locally implemented/reviewed with both-framework source authority; fresh composed browser covers SOC2 filter. See compliance-ui-task5-20260918 and compliance-ci-20260918. Publication and deployed acceptance remain open.
M7	M7-15b	Complete	component-only	T14-data-workflows	Typed source/version target, timestamps and safe detail navigation locally implemented/reviewed; fresh composed browser covers changed-source conflict. See compliance-ui-task5-20260918 and compliance-ci-20260918. Supersedes prior missing-link source audit only locally; no production promotion.
M7	M7-15c	Complete	production-available	PROD-current-composition	Historical shipped composition credit retained for freshness/gaps. New aggregate-current-source freshness and missing/stale UI locally tested/reviewed; see compliance-api-task4-20260918 and compliance-ui-task5-20260918. This does not refresh historical live evidence or prove deployment of this revision.
M7	M7-15d	Complete	component-only	T14-data-workflows	Real API export creation, status/reload and transient single-use grant download UI locally implemented/reviewed; fresh browser verifies exact native bytes and restarts. See compliance-ui-task5-20260918 and compliance-ci-20260918. Not published/live acceptance.
M7	M7-15	Complete	component-only	T14-data-workflows	Connected current-source API/worker/UI browser flow passes locally with filter/export, exact native bytes, restarts, scope/grant denials and final signed-in continuity; CI wiring reviewed. Final connected corrections and legacy compatibility locally accepted in compliance-legacy-compatibility-20260918/independent-review.md. Deployment integration locally accepted in compliance-deployment-20260918/fix-1/independent-review.md; hosted Linux, advisory/publication and live gates remain open.
M7	M7-16	Complete	production-available	PROD-current-composition	audited shipped composition: data control store
M7	M7-17	Complete	production-available	PROD-current-composition	audited shipped composition: API getDataControls
M7	M7-18	Complete	production-available	PROD-current-composition	audited shipped composition: API updateDataControls
M7	M7-19	Complete	component-only	T14-data-workflows	audited component-only proof: retention worker
M7	M7-20	Complete	production-available	PROD-current-composition	audited shipped composition: external flow model
M7	M7-21	Complete	production-available	PROD-current-composition	audited shipped composition: API getExternalDataFlows
M7	M7-22	Complete	component-only	T14-data-workflows	audited component-only proof: API updateExternalDataFlows
M7	M7-22a	Complete	component-only	T14-data-workflows	audited component-only proof: required external-flow guard
M7	M7-23	Complete	component-only	T14-data-workflows	audited component-only proof: PostHog serializer
M7	M7-24	Complete	component-only	T14-data-workflows	audited component-only proof: PostHog flag cache
M7	M7-25	Complete	component-only	T14-data-workflows	audited component-only proof: OpenRouter redaction
M7	M7-26a	Complete	component-only	T14-data-workflows	audited component-only proof: OpenRouter purpose and model policy
M7	M7-26b	Complete	component-only	T14-data-workflows	audited component-only proof: OpenRouter request limits
M7	M7-26c	Complete	component-only	T14-data-workflows	audited component-only proof: OpenRouter data policy metadata
M7	M7-26	Complete	component-only	T14-data-workflows	audited component-only proof: OpenRouter governance
M7	M7-27	Complete	component-only	T14-data-workflows	audited component-only proof: API createAIExplanation
M7	M7-28	Complete	component-only	T14-data-workflows	audited component-only proof: AI explanation UI
M7	M7-29	Complete	production-available	PROD-current-composition	audited shipped composition: system component probes
M7	M7-30	Complete	production-available	PROD-current-composition	audited shipped composition: API getSystemStatus
M7	M7-31	Complete	production-available	PROD-current-composition	audited shipped composition: API listSystemComponents
M7	M7-32	Complete	production-available	PROD-current-composition	audited shipped composition: API getSystemVersion
M7	M7-33	Complete	production-available	PROD-current-composition	audited shipped composition: System Health UI
M7	M7-34	Complete	production-available	PROD-current-composition	audited shipped composition: Data & Retention UI
M7	M7-35	Complete	production-available	PROD-current-composition	audited shipped composition: External Data Flows UI
M7	M7-36	Complete	component-only	T11-identity-admin	Local AuditPanel/export browser run81115 covers mutation/replay/traversal100008events, not native saved bytes; 2026-09-18-audit-native-control-probe.md restores owned browser-tab control but native Save controls remain inconsistent, no save accepted or large fixture retried; saved-byte/SQL, memory/fault acceptance and publication remain open; see2026-09-15-audit-export-ui-evidence.md; historical Complete retained
M7	M7-37	Complete	production-available	PROD-current-composition	audited shipped composition: Home/search UI binding
M7	M7-38	Complete	production-available	PROD-current-composition	audited shipped composition: full UI API map
M7	M7-39a	Complete	component-only	T14-data-workflows	audited component-only proof: stale connector UX
M7	M7-39b	Complete	component-only	T14-data-workflows	audited component-only proof: graph outage UX
M7	M7-39c	Complete	component-only	T14-data-workflows	audited component-only proof: event index outage UX
M7	M7-39d	Complete	component-only	T14-data-workflows	audited component-only proof: AI outage UX
M7	M7-39e	Complete	component-only	T14-data-workflows	audited component-only proof: OTLP outage UX
M7	M7-39	Complete	component-only	T14-data-workflows	audited component-only proof: degraded-state E2E
M7	M7-40a	Complete	production-available	PROD-current-composition	audited shipped composition: M7 session E2E
M7	M7-40b	Complete	production-available	PROD-current-composition	Historical audited shipped-composition credit retained for M7 compliance E2E. Current revision has local filter/export, exact-byte/restart/denial evidence and independent acceptance in compliance-legacy-compatibility-20260918. That fixture evidence does not refresh historical live proof or establish production deployment of release56; see 2026-09-18-compliance-deployment-plan.md for remaining rollout gates.
M7	M7-40c	Complete	production-available	PROD-current-composition	audited shipped composition: M7 data-control E2E
M7	M7-40d	Complete	production-available	PROD-current-composition	audited shipped composition: M7 system-health E2E
M7	M7-40e	Complete	component-only	T14-data-workflows	audited component-only proof: M7 AI degrade E2E
M7	M7-40f	Complete	production-available	PROD-current-composition	audited shipped composition: M7 UI API coverage E2E
M7	M7-40	Complete	component-only	T14-data-workflows	audited component-only proof: M7 gate
M7A	M7A-01	Complete	production-available	PROD-current-composition	audited shipped composition: Security Agent domain types
M7A	M7A-02	Complete	production-available	T07-security-agent-authority	production-composed v27 Security Agent authority: bounded run states and terminal transition fencing
M7A	M7A-03	Complete	production-available	T07-security-agent-authority	production-composed v27 Security Agent authority: versioned typed plans with bounded summaries
M7A	M7A-04	Complete	production-available	T07-security-agent-authority	production-composed v27 Security Agent authority: exact action metadata and registry filtering
M7A	M7A-05	Complete	production-available	T07-security-agent-authority	production-composed v27 Security Agent authority: tenant-scoped definition tables, indexes, ACLs, and readiness
M7A	M7A-06	Complete	production-available	T07-security-agent-authority	production-composed v27 Security Agent authority: tenant-scoped immutable-trigger run storage
M7A	M7A-07	Complete	production-available	T07-security-agent-authority	production-composed v27 Security Agent authority: ordered unique run-step storage
M7A	M7A-08	Complete	production-available	T07-security-agent-authority	production-composed v27 Security Agent authority: expiring single-decision approval storage
M7A	M7A-09	Complete	production-available	T07-security-agent-authority	production-composed v27 Security Agent authority: scoped replay receipts and exact prior outcomes
M7A	M7A-10	Complete	production-available	T07-security-agent-authority	production-composed v27 Security Agent API: scoped definition create and detail
M7A	M7A-11	Complete	production-available	T07-security-agent-authority	production-composed v27 Security Agent API: cursor list, update, and soft delete
M7A	M7A-12	Complete	production-available	T07-security-agent-authority	production-composed v27 Security Agent API and worker: scoped run create, page, detail, and fenced state changes
M7A	M7A-13	Complete	production-available	T07-security-agent-authority	production-composed v27 Security Agent worker: stable scoped step append, read, and update
M7A	M7A-14	Complete	production-available	T07-security-agent-authority	production-composed v27 Security Agent API: scoped approval page, detail, and fresh-auth decision
M7A	M7A-15	Complete	production-available	T08-supervised-agent	production-composed action registry exposes only readiness-proven provider actions and autonomy ceilings
M7A	M7A-16	Complete	component-only	T08-supervised-agent	Historical v22 Block policy metadata/approval/TTL evidence retained; original Monitor/Block requirement is incomplete: openapi/openapi.yaml SecurityAgentActionArguments permits only block, services/platform/apiserver/security_agent_action_details.go rejects other modes, and agentsec-worker/security_agent_action_runtime.go compiles Block only; typed Monitor persistence/planner/publication/verification and deployed full-contract proof remain open
M7A	M7A-17	Complete	production-available	T08-supervised-agent	production-composed v22 action worker signs and stores exact tenant-bound temporary runtime policy envelopes
M7A	M7A-18	Complete	production-available	T08-supervised-agent	production-composed v22 action worker verifies durable gateway readback before success
M7A	M7A-18a	Complete	production-available	T08-supervised-agent	production-composed v22 action authority claims expired temporary controls with lease fencing
M7A	M7A-18b	Complete	production-available	T08-supervised-agent	production-composed v22 action worker publishes signed empty-policy cleanup envelopes
M7A	M7A-18c	Complete	production-available	T08-supervised-agent	production-composed v22 action worker verifies cleanup readback before terminal completion
M7A	M7A-18d	Complete	production-available	T08-supervised-agent	production-composed readiness-gated action loop reconciles apply and TTL cleanup across replicas
M7A	M7A-19	Complete	production-available	T08-supervised-agent	production-composed v24 isolate-session metadata is supervised, reversible, and exact-session bound
M7A	M7A-20	Complete	production-available	T08-supervised-agent	production-composed v24 action worker applies, verifies, and cleans exact-session isolation while preserving unrelated sessions
M7A	M7A-21	Complete	component-only	T08-supervised-agent	Registered controlled-artifact remediation: docs/internal/2026-09-17-existing-test-settlement-checkpoint.md; owned530a5c/052846 and worker race4b6ada pass, verified effect/single audit; runtime/lifecycle/SQL/live gates open. Registered settlement client: docs/internal/2026-09-17-existing-test-settlement-checkpoint.md; worker race7bb3a9 and owned four-mode completed/pending97f197/c021d9 pass, fail-closed evidence only, full composition/live gates open. Settlement candidate docs/internal/2026-09-17-existing-test-settlement-checkpoint.md: grouped owned SQL acceptance and late callback outcome retention; version exhaustion, queued cancellation, client composition and live gates open. Settlement in progress docs/internal/2026-09-17-existing-test-settlement-plan.md: owned actual Node RED58abb9 proves missing guarded settlement42883; design/test reviewed for uncertain crash recovery, replay and independent step/parent states. SQL settlement and passing acceptance absent; component-only/disabled. Client checkpoint docs/internal/2026-09-17-existing-test-client-checkpoint.md: guarded four-operation client with compiled pins, local tokens, scope/receipt/deadline validation; owned actual Node completion and pending registered-client groups plus race/review pass. Settlement/worker-loop/composed artifact/live gates remain open; component-only/disabled. Decoder checkpoint docs/internal/2026-09-17-existing-test-snapshot-decoder-checkpoint.md: guarded snapshot claim identity/expiry, strict decoding, complete-attempt artifact mapping and durable unknown retention; worker/Node race and review pass. DB client/composition/settlement/live gates open, component-only/disabled. Lease checkpoint docs/internal/2026-09-17-existing-test-reconcile-lease-checkpoint.md: bounded scoped registered claim/read/heartbeat/release and post-wait authority/expiry checks; grouped owned DB/actual Node and race acceptance pass, independent review clear. Go wiring/settlement/reconciler/live acceptance open; component-only/disabled. 2026-09-17-existing-test-database-evidence-checkpoint.md: private exact attempt/journal loader and immutable categories; REDd4a90d/a8b004, grouped DB b3ff7c/f52ce6/6f8e15/740098, independent review; component-only, claim/lease wiring and settlement/live gates open; 2026-09-17-existing-test-evidence-checkpoint.md: version-pinned artifact retrieval and strict fail-to-pass comparison; REDb4d510/bf0229/8a5902, grouped race35197f, independent review; component-only, DB attempt binding and settlement/live gates open; 2026-09-17-existing-test-baseline-checkpoint.md: enqueue baseline receipts; RED36e10c/5d41ef, grouped DB cb37ee/e14b6e/ec93e1, final baseline41727f, independent cutoff fix reviewed; component-only, settlement and live gates open; Target-comparison carriage checkpoint (2026-09-17): linked invocation now validates the stored comparison before target I/O, attaches its typed redacted tuple to fresh and replayed HTTP observations, checks replay equality and deep-copies category slices. Raw observation JSON excludes internal provenance. Node and Go artifact validators require exact comparison fields, matching tenant/test/version/target/ordered categories, valid binding identity/digests and consistent tuples across category records. SQL completion matches each artifact tuple to its own durable journal, refusing rehashed endpoint/configuration/safety/credential-binding digest substitutions. RED766f40 (HTTP),3a88fa (Node),ca5f4d (Go) and ownedNodeSQLd95206 preceded implementation. Owned calibration4ec93a pins55 ata9168c37253da88ef7a7299d52048b5459cdc0ce37fd037bf099e84570784142. Final grouped fdaed2/a0f13a/5245bf/ce4916/7d99d3/9039a7 passes actualNodeSQL completion37.67s, registered knownHTTPS17.02s, unknownHTTPS13.72s, journal client20.90s, fingerprint3.30s and release8.43s. HTTP comparison is asserted equal to stored DBJSONB on fresh/replay, with no resend. Actual pinned Promptfoo361bc6 passes v1/v2 pass/fail/engine_error/cancellation36.99s. Initial engine1df2e3 false-positive leak failure came from a repeated test digest matching the test lease; test-only digests now hash descriptive fixture strings, with leak assertions unchanged. Final Node2250bc passes16 tests including per-field duplicate/null/missing/alias cases; worker/actualNode race995de2 passes5.855s; adapter/migrationscf752b pass2.203s/4.898s; repository2a3c63 passes5.449s. Independent review found no Critical/Important findings. These are controlled engine/provider/database proofs, not live provider/S3/IAM/KMS acceptance. Full settlement-time input/output retrieval and native/evaluation identity verification, comparable baseline selection, settlement/reconciler and composed A-D/live gates remain open. M7A-21 stays component-only/disabled. No UI/full release gate, commit or push. Stored target-comparison receipt checkpoint (2026-09-17): started and completed registered journal receipts now return the immutable target_resolution.comparison tuple; the client requires exact15-field comparison shape, scoped tenant/target/kind, valid test/credential IDs and versions, ordered valid unique categories, nonzero digests and endpoint SHA256 matching the actual binding. Canonical JSON is retained on InvocationReceipt. Missing/null/changed/aliased/duplicate fields are refused. RED550997 and owned DB REDdba595 preceded SQL carriage. Review found an invalid assumption equating credential_binding_digest with SHA256(reference); registration0026 defines it as opaque. Distinct registered-style digest REDf53879 reproduced the rejection; the decoder now preserves that digest without inventing its derivation. Reviewer confirmed the Important issue resolved with no new findings. Owned calibration42b83d pins55 atda9775176ea58f8af3ddfef6ee719bb5c2963a62b9ef469e6ef43acb35c8e95a. Grouped646f7f/baf315/2bbfa0/23d2ca passes completion36.78s, real registered journal client20.59s, fingerprint3.22s and release8.24s. SQLJSONB equality asserts returned tuple equals the stored row; replay preserves canonical identity. Adapter race181326 passes2.030s; migrations0dc1c3 passes4.690s; worker/Node528b12 passes5.685s. This is the source-receipt part of the active comparison batch: HTTP observation, Node/native artifact carriage, DB completion comparison binding, baseline/settlement/reconciler and A-D/live gates remain unfinished. No activation, production promotion, UI/full release gate, commit or push; M7A-21 stays component-only/disabled. Concrete artifact readback checkpoint (2026-09-17): inspection confirmed production s3driver.Put already reads back the exact returned object version via HEAD/GET and validates scoped metadata, owner, KMS, content length and checksum; no redundant network read was added. Runner receipt validation now also requires application/json and exact returned body bytes for input and output. RED7c9651 reproduced acceptance of missing/changed body or wrong media type. The actual Node runner contract now uses the real artifactstore and S3 driver with controlled provider responses, requires both scoped/version/owner-pinned GETs and compares returned completion bytes with uploaded output. Worker/actual Node race2c4b37 passes5.542s; artifactstore and s3driver race3d8507 pass1.518s/1.423s. Independent review found no Critical/Important issues. These are controlled-provider retrieval proofs, not live S3/IAM/KMS acceptance or later settlement-time retrieval. Full target-comparison artifact identity, comparable baseline selection, settlement/reconciler and composed A-D/live acceptance remain open. SQL55 unchanged; M7A-21 remains component-only/disabled. No UI/full release gate, commit or push. Actual producer/SQL contract checkpoint (2026-09-17): the owned completion fixture can invoke Node via ZASP_LINKED_FINISH_NODE and ZASP_LINKED_FINISH_RUNNER, using database-read scoped run/definition/target identities. Actual product configuration, summary and native-artifact producers now feed full bundle bytes unchanged into registered SQL completion for pass, fail and adapter503/engine_error. Owned run06aa1b/27260c passes all four action/autonomy cases37.21s; repository race0f524f passes5.024s. A response-digest tampering test now targets the response_digest key exactly; its prior broad replacement modified the input-artifact checksum, so prior evidence did not independently prove that negative case. New run proves the corrected rejection. Initial attempt22b402 failed before Node execution because the PostgreSQL image lacked the pinned runtime's musl loader; file/ldd identified dependencies, then three libraries copied from the pinned Promptfoo image were mounted read-only. All task-created extraction containers were removed. Production source and SQL55 pin are unchanged. This closes actual Node-produced shape acceptance by SQL, not real engine execution, live storage receipt/retrieval, full native/target identity validation or baseline/settlement/reconciliation. M7A-21 remains component-only/disabled. No full release/UI gate, commit or push. Exact-artifact completion checkpoint (2026-09-17): runner and linked runtime now carry the exact uploaded evidence bytes into the registered 21-argument completion call. Go rejects absent, oversized, malformed or checksum/size-mismatched bytes before database access. SQL independently checks byte length/SHA256, rejects duplicate JSON keys/depth overflow, binds bundle summary/input/run to completion, and matches ordered category observations, credential-version and response digests, HTTP status and protected flags to its durable journal. Engine errors remain inconclusive. RED d454a8 and owned DB RED800545 preceded implementation. Owned calibration11f16a pins55 at56f48f130e76b6725b6ded05527b84f3ebfcb7b49f98e186f54e712516691157. Final grouped owned dd1e15/a8f42b/e50c71/9e4f3d passes cancellation27.75s, completion36.92s across four action/autonomy modes, fingerprint3.27s and release8.37s. Rehashed credential/response/category/protected substitutions, wrong byte size and duplicate keys are refused without persisted mutation. Repository raceec51ed passes4.854s; actual Node/worker race556833 passes5.543s and asserts returned bytes equal the upload body; migrations44c24c passes4.791s. Independent review reconfirmed zero Critical/Important findings. The DB fixture uses a controlled minimal native document: actual Node-produced bundle acceptance by SQL, full native/target-comparison identity, immutable storage retrieval, baseline/settlement/reconciler and A-D/live acceptance remain open. M7A-21 remains component-only/disabled; no fresh UI build/full release gate, commit or push. Credential artifact-carriage checkpoint (2026-09-17): authenticated linked adapter responses now include an explicit credential_version_digest from the completed journal observation; missing/nonzero-format failures are refused. Raw observation JSON still excludes internal provenance, target requests do not receive version identity, and no credential reference/secret bytes are exposed. Node's exact-key linked parser and Go native-artifact verifier require the digest and retain it with each category in v2 evidence; missing/null/zero/aliased/duplicate values are refused, legacy v1 is unchanged. Node REDecbcfb and GoRED0a47b2 preceded implementation. Nodee33063 passes14 tests; final worker race0c0f03 passes5.836s with actual Node producer/Go consumer across configured categories; adapter race8d1d82 passes1.883s. Actual pinned Promptfoo334bbb passes v1/v2 pass/fail/engine_error and cancellation38.39s against controlled TLS. Owned registered DB/HTTPS508a3c passes known17.80s and unknown14.15s with exact digest retained on durable replay and no resend. Independent review found no Critical/Important issues. This is evidence carriage, not proof that an arbitrary artifact's digest matches the database: completion/settlement cross-checks, full target-comparison tuple in artifacts, baseline selection, reconciler and A-D/live acceptance remain open. SQL55 pin7b26bd267f843e701cbcb6cfcdfceb5bbcaa387c84ab05077578f074aa4a7679 unchanged; previous DB release group remains separate evidence. M7A-21 stays component-only/disabled. No fresh UI build/full release gate, commit or push. Durable credential-journal checkpoint (2026-09-17): completed invocation rows now require a non-null32-byte nonzero credential-version digest; started/unknown rows requireNULL and never invent provenance. The unpublished55 guarded completion entrypoint accepts the digest, stores it atomically with the response and refuses a changed digest on replay. Completed receipts return it; Go validates exact13-field terminal shape, digest format and submitted/acknowledged identity, and sends14 completion arguments. Missing/null/zero/duplicate/aliased/substituted receipts fail closed; old unversioned terminal receipts cannot become comparable evidence. Invalid-client REDecd0cf and owned DBRED8c5281 preceded implementation. Controlled source signing digest now reaches real registered database completion/replay; direct persisted-value assertions and conflicting-version refusals pass. Owned calibration4fdda4 pins55 at7b26bd267f843e701cbcb6cfcdfceb5bbcaa387c84ab05077578f074aa4a7679. Grouped owned7659f8/db7ae9/eb5335/4722a4 passes claim47.83s, HTTP5.20s, known HTTPS17.12s, unknown HTTPS14.44s, legacy8.50s, terminal8.58s, journal client20.59s, fingerprint3.25s and release8.12s; affected cancellation7c5f9e28.93s and finish083e2636.85s pass. Adapter racea0613b passes2.007s, repository3a22b4 passes5.059s, migrationsb4720c passes4.651s. Independent review found no Critical/Important issues. Registered-role ACL/private-core restrictions, scoped lease/request/category association and late-known completion remain intact. These are controlled component/HTTPS/DB proofs, not deployed-provider proof. Artifact association, full comparable baseline/settlement, reconciliation and A-D/live acceptance remain open. Update55 and coordinated clients before rollout; M7A-21 stays component-only/disabled. No fresh UI build/full release gate, commit or push. Credential-source checkpoint (2026-09-17): Secrets Manager resolver now requires bounded printable32..64 returned VersionId and derives a domain-separated SHA256 over credential reference plus that exact version from the same response as signing bytes. Missing/malformed version metadata fails closed and clears provider bytes. Credential material copies signing bytes and version digest under the destruction lock; Destroy removes both. Authorization and successful HTTPS observation retain the digest internally with json exclusion; no target header or public response field exposes version identity. API RED54c036/7756bf preceded implementation. Controlled rotation fixtures assert independent digest literals and exact HMACs; local TLS verifies actual invocation attribution, header non-disclosure, JSON exclusion and post-destruction refusal. Full redteamadapter race68ceb6 passes1.927s. Independent review found no Critical/Important issues; its JSON/destruction Minor coverage was added. This is in-memory provenance only: the journal/artifact formats do not yet retain this digest, old replay is unversioned, and no baseline/remediation proof is claimed. Durable credential association, full comparison tuple, reconciliation and A-D/live acceptance remain open. SQL55 pin424eec2de02e3a0506f3b505663d623d38641511c07daa66bee997767d010810 unchanged; no database or UI release rerun claimed. M7A-21 stays component-only/disabled; no full release gate, commit or push. Adapter composition checkpoint (2026-09-17): production adapter now composes exact legacy /v1/evaluate and linked /v1/linked/evaluate paths. Linked resolution and invocation use the same pinned Postgres journal; no fallback or redirect on failure. Startup and recurring probes require legacy readiness plus exact55 readiness and registered adapter principal. Journal Ready API RED89091b and composition API REDd60cea preceded implementation; registered DB readiness REDd4c7a2 drove only a read-only client_ready grant to zasp_red_team_adapter, with grant-revocation drift coverage and no private-core grants. Owned calibration70fbc7 yields compiled55 pin424eec2de02e3a0506f3b505663d623d38641511c07daa66bee997767d010810. Grouped owned233eae/b2af64/43e792/626505/bf2e13 passes HTTP4.80s, known HTTPS16.21s, unknown HTTPS13.63s, legacy8.07s, journal client20.60s, fingerprint3.36s and release/rollback8.60s. Actual adapter composition child passes all four registered-login cases8428ec22.19s; strengthened owner-denial connection/context control8bd42b passes8.58s. Component racee45dd9 passes adapter1.774s/journal1.743s; final adapter race3d5b8d passes1.945s; migrations7693c6 passes4.476s. Loopback TLS sandbox refusalb4e51e was retried with scoped permission, not treated as a test pass. Independent review found no Critical/Important issues; invalid-path no-redirect/no-DB and owner-control Minor feedback was addressed. Release55 must precede the worker/adapter rollout with coordinated rollback. This proves controlled protocol composition and database/HTTPS boundaries, not deployed-cloud or complete end-to-end execution. Reconciliation, full artifact/actual secret-version association and A-D/live acceptance remain open. M7A-21 stays component-only/disabled. No fresh UI build/full release gate, commit or push. Worker routing checkpoint (2026-09-17): production execution composition now selects a dual-protocol repository using persisted scoped database classification for each operation; outbox composition is unchanged. Unknown protocol/query errors never fall back. Linked retry/legacy cancellation are refused; distinct linked cancellation remains explicit. Controlled constructor/RunOnce terminal-delivery and mutation-routing tests cover both protocols and commit-ack failures. Registered PostgreSQL child initially failed (526c4b); diagnostics a154e3 showed recovery readiness true, then identity assertion78ce3a proved the child connected as owner zasp_e2e because pgx ConnString retained the original DSN after ConnConfig.User changed. The fixture now connects directly as existing_test_red_worker and asserts session_user; no production readiness checks or grants were weakened. Final owned registered-worker group b4a2c0 passes all four supervised/autonomous run/rerun cases in10.91s, including real router construction, artifact readiness and linked/legacy reads. Worker race7c68d6 passes5.738s with Node enabled. Independent follow-up review found no Critical/Important findings. Release55 pin8f0fd342aa1ea24c593fbf070ddb84887957ef92b91c9fd1adcb8a6a7d704e00 is unchanged; migrate before worker rollout and coordinate rollback. This is component evidence, not full production execution: adapter production composition, reconciliation, full artifact/actual secret-version association and A-D/live acceptance remain open. M7A-21 remains component-only/disabled. No fresh UI build/full release gate, commit or push. Worker protocol-selection checkpoint (2026-09-17): SQL RED7a3800 and Go API RED112a15 drove a read-only scoped worker_protocol function and strict RunProtocol client. Classification uses the persisted scoped run/link, not queue input; only registered Red Team workers with exact55 pins can read linked/legacy. Unknown/foreign runs, null/malformed inputs, stale pins and unregistered roles fail; client duplicate/alias/null/extra/trailing/oversize values never select legacy. Classification grants no lease; actual legacy/linked mutation fences remain mandatory against races. Real Go-client fixtures prove both protocols and unchanged run state. Initial grouped7569a3/2ce519 failed because a fixture-only dispatch grant was still present; the test now asserts55000 for that drift and revokes it before client construction. No production permission was widened. Final owned grouped03e2b6/f8fc30/5f1ee3/1ca498/5a50fb/073028 passed cancellation28.20s, finish35.56s, claim/heartbeat47.03s, HTTP4.78s, known HTTPS16.02s, unknown HTTPS13.51s, legacy8.02s, journal client20.11s, fingerprint3.24s and release8.20s. Repository race14a48e passed4.937s; migration race327dff passed4.940s; worker race4a244b passed4.606s with Node enabled. Independent source and fixture-correction reviews found no Critical/Important issues. Owned calibration848cc0 pins55 at8f0fd342aa1ea24c593fbf070ddb84887957ef92b91c9fd1adcb8a6a7d704e00. Production still composes the legacy repository: dual-protocol routing/composition, reconciliation, full artifact/secret-version association and A-D/live acceptance remain open. These are controlled component fixtures, not production execution proof. M7A-21 stays component-only/disabled; unchanged UI inputs were not rebuilt this batch, and no full release gate, commit or push occurred. Linked worker cancellation checkpoint (2026-09-17): missing-client RED04de4e and processor RED7783d7 drove CancelLinkedRedTeamRun plus explicit cancellation finalization. The client validates exact bounded outer/nested JSON, run/outcome consistency, positive attempt and cancellation flag, exact scope/input/raw lease and release55 pins; malformed responses cannot convert uncertainty to confirmed cancellation. A distinct optional worker method prevents legacy fallback. Only a valid nonrenewed cancellation heartbeat under the last confirmed live lease stops execution and enables finalization after joined heartbeat work. Finalization retains root shutdown and min(last lease,5s); lease loss, generic failure, contradictory heartbeat, missing capability and failed acknowledgement stay unacknowledged. Matching durable cancelled or failed/outcome_unknown permits queue acknowledgement without claiming external rollback. Unit clientc935a6 passed2.683s; actual Go client/registered DB cancellationb8e92c passed25.30s. Final grouped repository raceafda41 passed4.631s and worker race526098 passed4.595s with Node enabled, including renewal-before-cancellation and no-legacy-capability coverage. Independent client/lifecycle/final-delta reviews found no Critical/Important findings. Linkerfc6601 hit disk exhaustion; only the owned generated Go cache was cleared, recovering about35GB, then tests rebuilt successfully. SQL55 pin94433fa087b9a7a23bc11a796aeadc18ac86282508b637a41b4088ab3c064a0c and UI inputs are unchanged; previous database release group and UI build remain separately recorded, not rerun claims. These are controlled boundaries/DB fixtures, not a composed production worker or live-provider proof. Production selection, linked retry/reconciliation, full artifact/secret-version association and A-D/live gates remain open. M7A-21 stays component-only/disabled; no full release gate, commit or push. Linked cancellation checkpoint (2026-09-17): shared private SQL cancellation preserves journal history and records before-execution, partial-execution or outcome_unknown classification. Human HTTP cancellation retains version/idempotency/audit semantics and works after parent lease expiry; exact-lease worker cancellation requires a requested cancellation. Unknown execution stays failed/outcome_unknown, never confirmed cancelled. Go/web validators now consume that bounded shape; consumer RED8dceac/35542e and DB RED084bf3/8ecd7b exposed rejection, nullable receipt and post-write expiry defects. Explicit outcome/time pairing and original-lease post-check now enforce rollback. Owned grouped20082b through ae81f9 passed cancellation26.45s, finish35.02s, claim/heartbeat45.02s, HTTP5.20s, known HTTPS13.60s, unknown HTTPS11.07s, legacy5.25s, journal client17.65s, fingerprint3.45s and release8.36s. Real HTTP->repository->registered DB, persisted reads, replay/no duplicate audit, late completion without erased uncertainty, private grants and rollback identity are covered. Repository race69767a passed3.974s; migrations967bc0 passed5.410s; web719a4a passed52 tests. UI builda8aca4 and compiled import985629 passed. Independent consumer and SQL reviews found no Critical/Important issues; explicit unlinked human cancellation positives remain a Minor coverage opportunity. Controlled calibration482670 pins55 at94433fa087b9a7a23bc11a796aeadc18ac86282508b637a41b4088ab3c064a0c. These are component fixtures, not live execution. Worker cancellation client/processor integration, reconciliation, immutable artifact/actual secret-version association, production composition and A-D/live acceptance remain open. M7A-21 stays component-only/disabled. Full release/advisory authorization remains open; no commit or push. Linked completion checkpoint (2026-09-17): SQL RED55edf2 and Go API RED1ce68f drove a pinned registered-worker finish wrapper and strict Go client. Completion holds parent-before-child/current lease and pinned target authority; every journal row must match attempt/input/lease/target/category. Pass/fail requires all configured categories completed with HTTP200 and exact ordered evidence, aggregate verdict and objective/behavior. Engine error remains inconclusive and preserves unresolved starts. Private predecessor persistence retains immutable input/output artifact receipts; post-write readiness plus original lease and parent deadline checks roll back expired writes. The Go client sends raw lease bytes/exact release pins, requires input receipt, and rejects duplicate/aliased/null/extra/mismatched response fields. Real Go-to-SQL completion tests cover pass, mixed three-category fail, engine-error uncertainty and observed INSERT waits crossing lease/budget with unchanged run/attempt/journal; snapshots are ordered. Final owned group53742f/1dc03b/ddc014 passes finish33.53s, claim/heartbeat45.08s, HTTP5.07s, known HTTPS13.26s, unknown HTTPS10.83s, legacy5.06s, journal client17.32s, fingerprint3.41s and release7.88s. Exact repository race092d0e passes4.440s, full migration race4.425s, worker racee65e93 passes3.362s with Node enabled. Independent review has no Critical/Important findings. Calibrationb1004b pins55 at98c44a65fe04073bda1e26c243128555ad0be7cb5e04c8d61e0ccf0c00959470. Initial SQL CASE parse failure4d21a2 was fixed; an over-broad local selector652165 attempted host initdb and failed shared-memory setup, which is not verification evidence and caused no host-service/shared-memory cleanup. Final database evidence comes from the owned offline container. Artifact references here are controlled receipts, not live uploads/content retrieval. Full artifact comparison/secret-version association, linked cancellation/reconciliation, production composition and A-D/live acceptance remain open. M7A-21 stays component-only/disabled; no UI release gate, commit or push. Linked processor checkpoint (2026-09-17): behavioral REDd9ac63 exposed dropped claim version and legacy retry handling. The processor now routes exact red-team-v2 claims to a separate linked lifecycle, propagates evidence version to Run, rejects unknown versions/expired leases, and leaves reconcile_required unacknowledged. A deadline monitor stays active during serialized heartbeat I/O; only valid live renewal plus queue visibility success replaces the prior local deadline. Visibility uses whole seconds rounded down to the DB expiry. Run errors, cancellation, missing input evidence and lease loss never call legacy retry/cancel or acknowledge; completion uses the live cancellation context and only acknowledged durable completion permits queue acknowledgement. Initial focused racef7d6c5 passes2.964s; final grouped worker race82e154 passes3.500s with explicit Node contract enabled. Seventeen controlled-boundary cases include renewal past initial expiry, deadline before first heartbeat, blocked heartbeat, malformed/contradictory expiry, visibility failure, missing input artifact, failed completion acknowledgement and deadline-blocked finish. Independent re-review has no Critical/Important findings. Authority/queue/runner lifecycle boundaries are controlled here, not actual database finish, external cancellation or live execution. Production still composes the legacy repository; linked database completion/cancellation/reconciliation, full artifact comparison and exact secret-version association, A-D acceptance and live gates remain open. M7A-21 stays component-only/disabled; no UI release gate, commit or push. Linked runner-input checkpoint (2026-09-17): API REDb1ddd2 and behavioral REDab81ae exposed missing version selection. Explicit red-team-v2 execution requests now persist v2 input with the configured immutable runner-image digest and invoke the same fixed adapter host at /v1/linked/evaluate. Empty version preserves v1; unsupported values fail before artifact persistence/execution. Actual Run feeds actual Node configuration/summary/native producers and the Go bundle verifier across six mixed-verdict categories, preserving the image and excluding authority secrets. Controlled command/storage and native responses are not live engine, provider, upload or image-attestation proof. Initial grouped882583 caught fixture output permissions; the fixture now uses the real producer's exclusive0600 files. Final grouped worker racec19c71 passes2.430s with ZASP_TEST_NODE explicitly enabled. Independent review has no Critical/Important findings. Production processor still does not propagate/select linked claims: deadline-aware execution, finish/cancel/reconciliation, exact secret version, comparison settlement and A-D/live gates remain open. M7A-21 stays component-only/disabled. No fresh UI release gate, commit or push. Linked heartbeat 2026-09-17: SQLRED3fa587; actual Go renewal/cancellation-report/expiry-race/journal-drift tests PASS DB83a127/7e76dd; repository racedf1ede, worker8dcd4c, migrationcdd3a5 PASS; independent review clean; pin2ca53c90989ce66033d5cbf0b701b3fb925187fa2d5ed1d0a5f10f674d64309d. Production selection/deadlines, completion/cancellation/settlement/live gates open; disabled/unshipped. Go linked claim client 2026-09-17: strict v2/pinned decoder; real registered Go->SQL claims/reclaims/reconcile/ack PASS DBbb28d7/94436d; REDac90b7 readiness/retry fixes; repository racebd4cf7, worker race087bc7, migration race79b389 PASS; independent review clean; pinf78810f52a3383e678dde93bfda17c99509a8aabb8adb5be337b7d2c158e78d0. Production selection/lifecycle/settlement/live gates open; disabled/unshipped. Linked claim 2026-09-17: REDc78ae5/f1cefd; registered worker lease+budget+reclaim/reconcile/terminal ack component verified in grouped offline DB047884/5930b8/cd03dc; migration racece24bb PASS; review issue fixed/re-review clean; pin0bc4e09fbec8b4b99b78b2074dddddd69105cc3feebd8ae1d47ec522ad63fd02. Go selection/lifecycle/settlement/live gates open; disabled/unshipped. Completion fence 2026-09-17: RED1d8512; valid linked receipts refused with run/attempt unchanged, unlinked completion/input retention PASS; grouped owned DBa83e5d/9055bc and migration raceb40f9a PASS; independent review clean; pin af585ed5f4d96c5ada4b853916429c1919e6a9f952a94c30ac7a20e01b6248fd. Linked execution/settlement/live gates open; unshipped. Lifecycle fence 2026-09-17: RED8ea3ff; heartbeat/cancel linked refusal plus unlinked positives; grouped owned PostgreSQL7e143e/fedc60/5b5b58/56ad42/b467c1 PASS incl rollback/drift; migrations race9ee60c PASS; independent review clean; pin9faacbb4fbdb27ebaa6be1f0efec3db753a6350f0d351e9262188a56dbe0b4a9. Finish fence and linked protocol/settlement/live gates still open; unshipped. 2026-09-17 image declaration: same-image Helm env+required immutable runtime config, v2 input/identity digest validation, REDb90d84/8b8472/5fd17b/27dd39; Node16/render65090f, Go race2e88a6, controlled enginece48c5 and full release-render89db18(45) pass; review no Critical/Important. Non-Helm must supply ZASP_RED_TEAM_RUNNER_IMAGE. Config-to-v2-input, deployed-image attestation, secret-version and DB/artifact association remain open; linked disabled/component-only. 2026-09-17 linked evaluation identity: RED814134/162b96; Node16-test30e63d, actual pinned engine2fd89939.08s and Go race9342e42.464s pass, including explicit all6-category actual Node-to-Go producer/consumer contract and reordered identity refusal. Exact engine/pack/check/prompt/assertion identities retained/verified; independent review no Critical/Important. Built image, actual secret version and DB/artifact association still open; linked component-only disabled. 2026-09-17 scoped test/safety snapshot: RED ce8da6 fixed; exact scope/test/version/target, ordered categories and safety hash join prior comparison fields; direct stored identity and immutable drift refusal checks pass. Grouped DB/TLS/release e46f4b and migration race db1756 pass; independent review no Critical/Important. Compiled55 pin844aa23ab89501c6c5da3864be6c6368d0c58c66f3104029a6c39aae861e2261. Engine/image/check/secret/artifact association and linked integration gates remain; component-only disabled. 2026-09-17 target/credential comparison pin: RED fac0d2 rotation reuse fixed; durable endpoint/config hashes and credential ID/version/digest reject drift; final four-mode TLS a0f670 passes13.08s, grouped DB compatibility/fingerprint/rollback6ffd6d passes and migration race f540f0 passes. Independent review no Critical/Important, immutable-row assertions added. Compiled55 pin371e8aa7e93e59c44105ee0a1230c488feb8dedd423b0a5cf1c4b9b87fb3f259. Actual secret-version coupling and remaining full tuple/integration gates open, linked disabled. 2026-09-17 handler/DB/TLS component integration b420fb/afab09 passes known11.03s/unknown10.37s: exact scoped/auth/lease refusals, safe redacted HTTP envelope, committed-start and lost-ack replay; malformed response remains started and never resends across fresh handler/DB connection. Independent review no Critical/Important; exact-field Minor addressed. Controlled fixture, not production/live proof; component-only disabled. 2026-09-17 DB-to-HTTPS component proof afd8fb: four real registered journal/TLS cases, committed start before target response, lost-completion-ack and fresh DB connection replay exactly one request; adapter race fd59bd passes; independent review no Critical/Important. Seeded discovery/lease and controlled transport/credentials, not full process restart or worker-handler/live proof. 2026-09-17 linked Node-v2/Go artifact component checkpoint: Node 15-test d28f1e and Go race 937470 pass; duplicate/case-alias regression RED ca83b6 fixed; pinned controlled engine proof 9e31df verifies v1/v2 outcomes, v2 cancellation and serialized exact calls. Summary duplicate regression RED eba987 fixed with shared v2 decoder; positive pass/adapter503/absent-native cases pass; independent re-review has no Critical/Important component findings. Launcher still v1; linked disabled; no DB-to-HTTPS/live proof or production promotion. 2026-09-16-security-agent-existing-test-authority.md; linked handler RED4ef5d2 repaired. Separate /v1/linked/evaluate requires exact authenticated/scoped request and journaled invocation, returns versioned redacted observation only. Controlled journal+owned TLS verifies fresh/replay one request, lost ack, unknown no resend and malformed/auth refusal. Adapter race9d331b1.999s; owned runtime0dd5ec/93efb7 config/concurrency0.49s/commit0.41s/shutdown0.44s pass. Independent review no blockers. Production still uses legacy handler: linked route NOT enabled. SQL pin remains3ef421c5120ccc443d06411894152a564b646cd562157addcef536d4f724bebf. Worker response compatibility, live composition, real DB-to-HTTPS counting, full comparison, claim/retry/cancellation/settlement and A-D acceptance open. No UI gate, push or promotion.; Stopped queued cancellation: docs/internal/2026-09-17-existing-test-stopped-cancellation-plan.md; owned75577 normal+stopped four modes each PASS bb9020; leased/direct-cancel/expiry/runtime/live gates OPEN; component-only disabled unshipped; Stopped leased cancellation: docs/internal/2026-09-17-existing-test-stopped-cancellation-plan.md; owned22034 direct+stopped four modes each PASS 10cfaa/10e97b; blocked-write expiry rollback and late unknown preservation; retryable/drift/leased-composition/exhaustion/runtime/live OPEN; Cancellation retry/drift: docs/internal/2026-09-17-existing-test-stopped-cancellation-plan.md; owned20833 direct+stopped leased/retryable all4each PASS c47ebd/fd3d63; worker race5a370d PASS; leased-composition/exhaustion/runtime/live OPEN; Generation fencing: docs/internal/2026-09-17-existing-test-generation-plan.md; owned48778 rollover and50482 max settlement/expired replay PASS; worker644861 migration654885 race PASS; UI build88795a PASS only; runtime/restart/live OPEN; component-only disabled unshipped; composed-stop checkpoint 2026-09-17-existing-test-composed-stop-checkpoint.md: owned80184 all12 mode cases PASS, runtime/restart/live gates open
M7A	M7A-22	Complete	component-only	T08-supervised-agent	security-agent-attack-lab-20260918/task-3/report.md: connected exact-test57 workflow, both distinct operator floors, bounded runtime readiness, controlled mounted API/database/worker/reconciler browser12, restart/lost-reply recovery, public stop/cleanup, unavailable source and zero-effect negatives pass; independent affected review passes; live provider scope/canary, hosted CI/advisory and production acceptance remain open
M7A	M7A-23	Complete	component-only	T08-supervised-agent	security-agent-export-20260919/restart/final-report.md, storage-matrix/README.md and cleanup-process/final-report.md: release58 controlled public setup through native downloads, A-H process-loss recovery, registered grant/revocation/concurrency, corruption, exact-version deletion, cleanup-worker loss/retry/accounting and true second-Organization stored-artifact isolation pass independent review; multi-step, live-provider/deployment and prerequisite SHIP gates remain
M7A	M7A-24	Complete	component-only	T08-supervised-agent	2026-09-18-security-agent-action-runtime-gap.md: dependent action disabled; configured-destination authority and durable signed acknowledgement/restart acceptance remain
M7A	M7A-25	Complete	component-only	T08-supervised-agent	Historical v21 status-only execution does not prove full assignment/status-note contract; 2026-09-24-temporal-finding-response-report.md records local78 atomic assignment/note/status, forbidden-state and native approval/cancel evidence; 2026-09-24-temporal-finding-response-fix1-review.md accepts scoped Unicode/display corrections; 2026-09-24-temporal-finding-human-native-review.md accepts local supervised human-native one-effect/readback evidence; current P7 worker authority and deployed full-contract proof remain open
M7A	M7A-26	Complete	production-available	T08-supervised-agent	production-composed v23 connector-revoke metadata is admin-approved, irreversible, and provider-capability filtered
M7A	M7A-27	Complete	production-available	T08-supervised-agent	production-composed v23 worker dispatches exact supported GitHub and Okta connection revocation through the durable reconciler
M7A	M7A-28	Complete	production-available	T08-supervised-agent	production-composed v23 authority verifies terminal connector state before remediating the run
M7A	M7A-29	Complete	production-available	PROD-current-composition	audited shipped composition: Built-in template registry
M7A	M7A-30	Complete	production-available	PROD-current-composition	audited shipped composition: Suspicious Egress template
M7A	M7A-31	Complete	production-available	PROD-current-composition	audited shipped composition: Credential Exposure template
M7A	M7A-32	Complete	production-available	PROD-current-composition	audited shipped composition: Prompt/Tool Injection template
M7A	M7A-33	Complete	production-available	PROD-current-composition	audited shipped composition: Repeated Policy Violation template
M7A	M7A-34	Complete	production-available	PROD-current-composition	audited shipped composition: Shadow Agent Triage template
M7A	M7A-35	Complete	production-available	T07-security-agent-authority	production-composed v27 Security Agent worker: tenant-scoped finding trigger matcher
M7A	M7A-36	Complete	production-available	T07-security-agent-authority	production-composed v33 tenant-scoped matcher requires exact observed or verified canonical attack-path state
M7A	M7A-37	Complete	production-available	T07-security-agent-authority	production-composed v27 Security Agent worker: bounded runtime-decision session matcher
M7A	M7A-38	Complete	production-available	T07-security-agent-authority	production-composed v27 Security Agent worker: tenant-scoped trigger fingerprint replay suppression
M7A	M7A-38a	Complete	production-available	T07-security-agent-authority	production-composed v33 scoped attack-path receipt binds exact ID version digest and one durable run
M7A	M7A-38b	Complete	production-available	T07-security-agent-authority	production-composed v33 tenant-scoped definition-fair scheduler creates at most one eligible path run per definition under kill-switch and concurrency fences
M7A	M7A-38c	Complete	production-available	T07-security-agent-authority	production-composed v33 scheduler reads canonical path authority and planner revalidates exact path version and state before approval
M7A	M7A-38d	Complete	production-available	T07-security-agent-authority	production combined E2E migrates v33 and proves one verified path creates one exact version-bound supervised plan with replay suppression
M7A	M7A-39	Complete	production-available	T07-security-agent-authority	production-composed v27 Security Agent worker: canonical scoped evidence snapshot and digest
M7A	M7A-40	Complete	production-available	T07-security-agent-authority	production-composed v32 planner keeps the fixed system authority separate from one bounded tenant-context user message and labels evidence untrusted
M7A	M7A-41	Complete	production-available	T07-security-agent-authority	production-composed one-call OpenRouter planner pins the security-response purpose, model, schema, token budget, timeout, and no-retry transport
M7A	M7A-42	Complete	production-available	T07-security-agent-authority	production-composed v27 Security Agent authority: definition and product action-count limits
M7A	M7A-43	Complete	production-available	T07-security-agent-authority	production-composed v27 Security Agent authority: tenant and run reference validation
M7A	M7A-44	Complete	production-available	T07-security-agent-authority	production-composed v27 Security Agent authority: exact allowed-action schema validation
M7A	M7A-45	Complete	production-available	T07-security-agent-authority	production-composed v27 Security Agent authority: untrusted evidence cannot introduce action, target, URL, or argument drift
M7A	M7A-46	Complete	production-available	T07-security-agent-authority	production-composed v27 Security Agent authority: deterministic allow, approval-required, and deny decisions
M7A	M7A-47	Complete	production-available	T07-security-agent-authority	production-composed v27 Security Agent authority: mandatory approval floors for irreversible and containment actions
M7A	M7A-48	Complete	production-available	T07-security-agent-authority	production-composed v27 Security Agent API: fresh-auth activation and capability-gated action enablement Historical availability is not current Temporal/OpenFGA production proof. Local finding worker group PASS141.054s covers real grantor/service Checks, grantor withdrawal and reconciliation repair, native revocation fence, effect, captured cleanup and exact receipt replay without duplication. This is finite local evidence, not full worker acceptance. Concurrent task revocation, proof-key/purpose boundaries, planning and production wiring remain open; enable-time authority and full P7/P8/deployed acceptance remain required. See implementation_status_v1.5.md latest worker checkpoint.
M7A	M7A-49	Complete	component-only	T07-security-agent-authority	2026-09-15-security-agent-budget-gap.md: staged admission/step reservations and composed worker stops reviewed; pending/expired reclaim cleanup pass eb0fce, partial-source cleanup pass592a63; legacy bundle wait RED87653a repaired with transactional rollback and persisted stop, four-case pass90c09c; remaining action/accounting matrix, credential lifecycle, v53 rollout and live proof incomplete; unpublished; 2026-09-17-planner-request-binding-checkpoint.md: reviewed immutable prepare/reserve/dispatch prerequisite, 11 owned DB/crash cases78638 and full local current55 run9898 passed; release61 Task11P commits 7ee20bc/701c39e add independently reviewed dormant tenant-scoped immutable pricing/account ceiling authority with exact request and credential revision binding, RLS/ACL/readiness/rollback/replay/revision-ceiling proof; release61 Task11A commits bcb39d1/828150b/cc06540/994263f add independently reviewed dormant private planning claim, committed send intent, stable immutable artifacts, provider-reported usage settlement, earliest lease/budget/pricing deadline enforcement, no-resend recovery and reviewed admission handoff; release61 Task11 commits e4c59006/98c61e95/75957f63 add independently reviewed dormant private bounded worker orchestration across planning, admission, application/deployment, approval pause, existing-test settlement, uncertainty, stop, cleanup and restart with exact clean-tree build and fail-before-I/O preflight; controlled local component only; production catalog/credential configuration, public/default worker/API/CLI/UI activation, live provider/cloud storage/physical gateway, deployment canaries and release gates remain open; no availability promotion
M7A	M7A-50	Complete	production-available	T09-agent-actions	production-composed tenant-scoped database queue with lease fencing and replay-safe run identity
M7A	M7A-51	Complete	production-available	T09-agent-actions	production-composed v32 worker loads and accepts one lease-fenced tenant plan, persists its digests and receipt, then advances the exact run under durable replay authority Historical availability is not current Temporal/OpenFGA production proof. Local finding worker group PASS141.054s covers real grantor/service Checks, grantor withdrawal and reconciliation repair, native revocation fence, effect, captured cleanup and exact receipt replay without duplication. This is finite local evidence, not full worker acceptance. Subsequent local groups prove concurrent committed-revocation refusal, native proof/key boundaries and native78 complete planning admission/accounting (165.758s); these are not shared-planner/provider integration or full worker acceptance. Prepared/queued cleanup passes119.38s in the covering370.718s group after the timestamp-context repair; exact retries and capture/ACL negatives remain enforced. Actual product Plan/shared planner now passes123.103s with owned HTTPS/file artifacts: one request, two artifacts, exact settled reservation, admitted plan and unchanged retry cardinality. Shared-planner recovery passes320.158s: prepared revocation releases unsent debt with zero requests; post-start revoke/official Check-transport outage account for one response without another send, plan or output artifact. Late+normal covering group passes236.956s, including two late-response recovery repeats with unchanged original terminal audit, one late ledger/charge/send and no plan. Planner-specific proof checks pass155.119s. Single-test74 native planning passes112.173s; definition binding and credential/inventory invalidation plus captured recovery pass422.889s, including real expiry within live-proof lifetime and normal Pending-to-Reconcile tuple removal. Actual single-test shared Plan passes116.172s with owned HTTPS/file artifacts, one send/two artifacts, one plan/step and exact30tokens/30000nanocredits accounting with unchanged retry. Single-test shared recovery/outage/late-response passes in the757.622s covering group with retained78 normal/late checks: unsent release or one-response settlement without a new plan, and exact late-audit/cardinality preservation on two repeats. Adapter execution, cross-session receipt portability, other worker families, independent review and full P7/P8/deployed acceptance remain required; this is controlled-provider local proof. Earlier planning RED71.52s used rolled-back transactions; no committed unauthorized effect is claimed. See implementation_status_v1.5.md latest worker checkpoint.
M7A	M7A-52	Complete	production-available	T09-agent-actions	production-composed idempotent autonomous finding-response executor with exact prior-outcome replay Historical availability is not current Temporal/OpenFGA production proof. Local finding worker group PASS141.054s covers real grantor/service Checks, grantor withdrawal and reconciliation repair, native revocation fence, effect, captured cleanup and exact receipt replay without duplication. This is finite local evidence, not full worker acceptance. Subsequent native groups prove task-specific/concurrent revocation and proof/key boundaries; actual finding Activity apply/replay remains covered in current-machine183.72s within the370.718s group. Single-test74 signed effect/input/dispatch/retry passes173.679s, with proof/revocation covering group181.020s; unchanged manual-envelope controls are confirmed in the214.688s adapter RED. Dedicated signed adapter resolve/start passes220.060s with one native invocation and unsigned refusal. These are local controlled native tests, not provider execution or full workflow proof. Captured Complete RED211.113s identified the missing typed operation; native GREEN305.851s now proves held-result completion after revoke, exact16-field receipt and retry, altered-result refusal and one-row cardinality. Journal-digest tamper coverage passes in the326.62s captured-completion subcase. Actual handler/native journal passes242.586s after adapter revision batching: one committed-start controlled TLS send, one credential read, mid-Check1/8 revocation refusal, revoke-before-response and two held retries without extra IO, under unchanged10s call limits. Source manifests match and independent bounded consumer/bracket reviews pass. These are local controlled-provider results, not live provider proof; fresh-handler recovery, runner and full runtime remain open. Full workflow delivery, captured completion/recovery, other worker families, independent review and deployed acceptance remain required. See implementation_status_v1.5.md latest worker checkpoint.
M7A	M7A-53	Complete	production-available	T09-agent-actions	production-composed plan authority persists approval-required steps and stops progression in waiting_approval
M7A	M7A-54	Complete	production-available	T09-agent-actions	production-composed approval decision requires bounded fresh browser authentication
M7A	M7A-55	Complete	production-available	T09-agent-actions	production-composed approval decision resumes the exact run once or terminates it on reject and cancel
M7A	M7A-56	Complete	production-available	T09-agent-actions	production-composed action authorities classify verified, known-failure, and unknown provider outcomes without blind replay
M7A	M7A-57	Complete	production-available	T09-agent-actions	production-composed action-specific finding, policy, session, and connector verification dispatch
M7A	M7A-58	Complete	production-available	T09-agent-actions	production-composed run evaluator reaches contained or remediated only after durable verification
M7A	M7A-59	Complete	production-available	T09-agent-actions	production-composed cancellation stops future progression while retaining cleanup authority
M7A	M7A-60	Complete	production-available	T09-agent-actions	production-composed redacted audit authority records trigger, plan, authorization, approval, execution, verification, and outcome
M7A	M7A-61	Complete	production-available	PROD-current-composition	audited shipped composition: API listSecurityAgentTemplates
M7A	M7A-62	Complete	production-available	T07-security-agent-authority	production-composed public API: capability-filtered listSecurityActions
M7A	M7A-63	Complete	production-available	PROD-current-composition	audited shipped composition: API listSecurityAgents
M7A	M7A-64	Complete	production-available	PROD-current-composition	audited shipped composition: API createSecurityAgent
M7A	M7A-65	Complete	production-available	PROD-current-composition	audited shipped composition: API getSecurityAgent
M7A	M7A-66	Complete	production-available	PROD-current-composition	audited shipped composition: API updateSecurityAgent
M7A	M7A-67	Complete	production-available	PROD-current-composition	audited shipped composition: API deleteSecurityAgent
M7A	M7A-68	Complete	production-available	T07-security-agent-authority	production-composed v27 dry-run authority: scoped plan and approval simulation with zero effects
M7A	M7A-69	Complete	production-available	T07-security-agent-authority	production-composed public API: replay-safe simulateSecurityAgent with zero side effects
M7A	M7A-70	Complete	production-available	T07-security-agent-authority	production-composed public API: scoped replay-safe manual runSecurityAgent
M7A	M7A-71	Complete	production-available	T07-security-agent-authority	production-composed public API: tenant-bound filtered cursor listSecurityAgentRuns
M7A	M7A-72	Complete	production-available	T07-security-agent-authority	production-composed public API: redacted plan, approval, execution, and verification run detail
M7A	M7A-73	Complete	production-available	T07-security-agent-authority	production-composed public API: version-fenced replay-safe cancelSecurityAgentRun
M7A	M7A-74	Complete	production-available	T07-security-agent-authority	production-composed public API: tenant-bound filtered cursor listSecurityAgentApprovals
M7A	M7A-75	Complete	production-available	T07-security-agent-authority	production-composed public API: scoped approval detail with effect, reversibility, TTL, and evidence
M7A	M7A-76	Complete	production-available	T07-security-agent-authority	production-composed public API: fresh-auth approve, reject, and cancel with self-approval denial
M7A	M7A-77	Complete	production-available	PROD-current-composition	audited shipped composition: Security Agents nav/list UI
M7A	M7A-78	Complete	production-available	PROD-current-composition	audited shipped composition: Security Agent builder Start/Trigger UI
M7A	M7A-79	Complete	production-available	PROD-current-composition	audited shipped composition: Security Agent builder Goal/Scope UI
M7A	M7A-80	Complete	production-available	PROD-current-composition	audited shipped composition: Security Agent builder Actions UI
M7A	M7A-81	Complete	production-available	PROD-current-composition	audited shipped composition: Security Agent builder Autonomy UI
M7A	M7A-82	Complete	production-available	PROD-current-composition	audited shipped composition: Security Agent builder Limits UI
M7A	M7A-83	Complete	production-available	PROD-current-composition	audited shipped composition: Security Agent builder Verification UI
M7A	M7A-84	Complete	component-only	T10-product-ui	2026-09-15-security-agent-simulation-evidence.md: local browser/API, 69 affected tests, 17 protocol tests and build passed; independent review approved; unpublished, no live-provider proof
M7A	M7A-85	Complete	production-available	PROD-current-composition	audited shipped composition: Security Agent detail UI
M7A	M7A-86	Complete	component-only	T10-product-ui	audited component-only proof: Security Agent run plan UI
M7A	M7A-87	Complete	component-only	T10-product-ui	unpublished54 persisted action API/UI; grouped SQL/Go/client/UI and bounded owned browser evidence in 2026-09-16-release-verification-checkpoint.md; remaining acceptance and release gates open
M7A	M7A-88	Complete	component-only	T10-product-ui	registered54 scoped SQL/repository and opted-in client; browser context, inactive-member/signed-out refusal, stale-scope and independently authenticated foreign-tenant list/detail isolation verified with seeded identities; shared-run reuse/mixed-run parity pass; reference-load performance, live identity/deployment and publication remain open; see 2026-09-16-release-verification-checkpoint.md
M7A	M7A-89	Complete	component-only	T10-product-ui	registered54 four-action decision/replay matrix; browser temporary-policy approve/reject/cancel, read-only context refresh, stale-auth403 and controlled-IdP reauthentication verified; four-action browser coverage, full lifecycle, live identity/provider execution and publication remain open; see 2026-09-16-release-verification-checkpoint.md
M7A	M7A-90	Complete	component-only	T10-product-ui	exact scoped finding/path/session/run/audit UI and bidirectional relation APIs locally implemented; dispatcher omission repaired after mounted404 regression, real surface HTTP tests pass f07376/d13ba4; UI/client166 tests f0a786, lint/typecheck63d52e and standalone build7eb0f6 pass; historical batch41d642 compiled54 pin 0a88dadd8dde5c25adb0f48d6b36eff9cd58394cb3f4a773f890914078b2a73f; current private-test-binding pin3e4569f4bc5aec90dfa17fe6c4124e45a0c2b281b475369695c7c2ada773dffb verified c229f6 and release409c15; registered SQL/API/pin/drift/rollback and custom+generic audit/trigger/action plans batch41d642 pass; reverse trigger index reduces receipt searches100 to1 across100 definitions in owned fixture, review found no blocker; owned real-browser/API/DB all4 roundtrips9cd49b and strengthened reverse20+1 paging/scope/refreshed-revocation70ae3f pass; audit reload has completed-response and scoped-history assertions; local fixtures/owned identity are not deployment or live provider proof; forward20+1 paging/nine-read scope+inactive-membership batch e5c5af passes; independent owned foreign-session relation/audit matrix d28a3a passes without primary data disclosure; GIN action index and split kind branches eliminate4950 filtered rows in candidate fixtures, review found no blocker; registered repository nested fullpath30d4ae passes with10000 stoppedruns2scopes/exact20+20+10pages/foreign-gap isolation/local-gap partialcoverage; local serial no-plan fixture is not productionload; action-plan/concurrent/live-load proof, tenant-bitmap/shared-target/high-fan-out/non-audit coverage scaling, fresh release gate and publication unfinished
M7A	M7A-90a	Complete	production-available	T10-product-ui	production-composed v29 tenant-scoped Home summary counts pending approvals, oldest age, Needs-human/Failed/Inconclusive runs and recent Contained/Remediated outcomes
M7A	M7A-90b	Complete	production-available	T10-product-ui	production Home renders ordered navigable attention cards from strict scoped summary authority and preserves degraded coverage state
M7A	M7A-90c	Complete	production-available	T10-product-ui	production-composed v30 approval trigger deduplicates tenant-scoped notifications and the API lifecycle delivers one HMAC-signed minimal Generic Webhook event through pinned egress without evidence or secret material
M7A	M7A-90d	Complete	production-available	T10-product-ui	production combined E2E proves exact tenant-scoped Home critical-exposure, pending-approval, Needs-human, and degraded-sensor routes through shipped browser/API authority with foreign resources absent and the sensor action persisted as deleted
M7A	M7A-91	Complete	production-available	T09-agent-actions	combined disposable-PostgreSQL E2E invokes the shipped worker composition through a local TLS OpenRouter-compatible 503 endpoint and proves durable planner_unavailable, zero plan/step/approval/effect rows, and unchanged enforced policy
M7A	M7A-92	Complete	production-available	T09-agent-actions	v28 worker-only reconciler atomically expires tenant-scoped approvals, cancels the step, moves the run to needs_human, emits one redacted audit event, and never reclaims the run
M7A	M7A-93	Complete	production-available	T09-agent-actions	production-composed connector timeout and ambiguous-provider outcome remains needs_human without side-effect replay
M7A	M7A-94	Complete	component-only	T09-agent-actions	2026-09-15-planner-tenant-boundary-evidence.md: actual planner/processor/registered PostgreSQL rejects seeded foreign asset and environment before preparation; explicit target authority fixed; local controlled-provider acceptance, unpublished
M7A	M7A-95	Complete	component-only	T09-agent-actions	2026-09-15-security-agent-budget-gap.md: composed action stop and heartbeat d263ab; pending/repeated cleanup eb0fce and two-device partial-source cleanup592a63; legacy current-clock and post-insert rollback checks after RED87653a pass90c09c, independently reviewed; distinct-step contention, isolation/revocation matrices, credential lifecycle, token/cost accounting, deployment and release verification incomplete; 2026-09-17-planner-request-binding-checkpoint.md: reviewed immutable prepare/reserve/dispatch prerequisite, 11 owned DB/crash cases78638 and full local current55 run9898 passed; release61 Task11P commits 7ee20bc/701c39e provide reviewed tenant-scoped pricing/account ceilings; Task11A commits bcb39d1/828150b/cc06540/994263f provide reviewed controlled provider usage/cost settlement and admission handoff with earliest authority deadlines and no-resend recovery; Task11 commits e4c59006/98c61e95/75957f63 provide reviewed dormant one-transition worker orchestration, authoritative rereads, application/test/cleanup recovery and zero-I/O configuration rejection; production configuration, public/default activation, live provider/cloud/gateway deployment and release verification remain open; no availability promotion
M7A	M7A-96	Complete	component-only	T09-agent-actions	audited component-only proof: Security Agent auto-response E2E; 2026-09-17-planner-request-binding-checkpoint.md: reviewed immutable prepare/reserve/dispatch prerequisite, 11 owned DB/crash cases78638 and full local current55 run9898 passed; release61 Task11P and Task11A commits through 994263f provide reviewed dormant pricing/planning/provider-result authority with controlled actual usage settlement; Task11 commits e4c59006/98c61e95/75957f63 provide independently reviewed dormant worker orchestration through application, existing-test settlement, recovery, stop and cleanup with clean-tree proof; production configuration, public/default API/CLI/UI activation, live provider/cloud storage/physical gateway, deployed canary and release gates remain open; no availability promotion
M7A	M7A-97	Complete	production-available	T09-agent-actions	combined browser and real-worker E2E proves no connector revoke before fresh-auth admin approval and exactly one verified execution
M7A	M7A-98	Complete	production-available	T09-agent-actions	combined PostgreSQL and browser E2E proves complete redacted supervised and autonomous audit chains
M7A	M7A-99	Complete	production-available	T09-agent-actions	combined multi-tenant E2E proves same-looking triggers, approvals, actions, and outcomes remain tenant isolated
M7A	M7A-100	Complete	component-only	T09-agent-actions	audited component-only proof: Security Agent single-tenant profile E2E
M7A	M7A-101	Complete	component-only	T09-agent-actions	audited component-only proof: M7A gate
M8	M8-01a	Complete	component-only	T15-deployment	audited component-only proof: production overlay VPC review
M8	M8-01b	Complete	component-only	T15-deployment	audited component-only proof: production overlay EKS review
M8	M8-01c	Complete	component-only	T15-deployment	audited component-only proof: release Terraform root
M8	M8-01	Complete	component-only	T15-deployment	audited component-only proof: AWS production overlay gate
M8	M8-02	Complete	component-only	T15-deployment	audited component-only proof: AWS S3/KMS/Secrets hardening
M8	M8-03	Complete	component-only	T15-deployment	audited component-only proof: AWS SQS/DLQ hardening
M8	M8-04	Complete	component-only	T15-deployment	audited component-only proof: AWS OpenSearch hardening
M8	M8-05	Complete	component-only	T15-deployment	audited component-only proof: AWS IRSA least-privilege hardening
M8	M8-06	Complete	component-only	T15-deployment	audited component-only proof: Fargate profile
M8	M8-07	Complete	component-only	T15-deployment	audited component-only proof: Attack Lab security group
M8	M8-08a	Complete	production-available	PROD-current-composition	audited shipped composition: Helm web deployment
M8	M8-08b	Complete	production-available	PROD-current-composition	audited shipped composition: Helm API deployment
M8	M8-08c	Complete	production-available	PROD-current-composition	audited shipped composition: Helm web/API services
M8	M8-08	Complete	production-available	PROD-current-composition	audited shipped composition: Helm web/api
M8	M8-09a	Complete	production-available	T15-deployment	shipped private agentsec worker Deployments use immutable images, probes, and bounded resources; release render gate 20/20 at b0caf99
M8	M8-09b	Complete	production-available	T15-deployment	shipped replicated event-ingest Deployment and internal Service bind probes, internal auth, and isolated runtime identity; release render gate 20/20 at b0caf99
M8	M8-09c	Complete	production-available	T15-deployment	shipped worker and ingest pods bind nonzero termination grace, preStop drain, and bounded shutdown; release render gate 20/20 at b0caf99
M8	M8-09	Complete	production-available	T15-deployment	shipped release composes private worker and event-ingest connectivity with exact shutdown authority; release render gate 20/20 at b0caf99
M8	M8-10	Complete	production-available	T15-deployment	customer-edge release ships a private runtime-gateway Deployment and Service with durable bounded policy cache and no database dependency; release render gate 20/20 at b0caf99
M8	M8-11	Complete	production-available	T15-deployment	hosted release selects one verified neo4j+s external endpoint with exact CIDR and secret refs, separate schema init, and no Neo4j ingress; release render gate 20/20 at b0caf99
M8	M8-12	Complete	production-available	T15-deployment	audited shipped composition: exact-pinned private Nango with serialized migration, verified database TLS, bounded egress, pinned-image proof, and zero-finding release review
M8	M8-13	Complete	production-available	T15-deployment	audited shipped composition: exact-pinned private OTel Collector with fail-closed bounded redaction and release proof
M8	M8-14	Complete	production-available	T15-deployment	customer-edge release renders the exact-digest Tetragon 1.7 wrapper, documented privilege boundary, two tracing policies, and disable-safe sensor profile; release render gate 20/20 at b0caf99
M8	M8-15	Complete	production-available	PROD-current-composition	audited shipped composition: Pod disruption/topology
M8	M8-16	Complete	component-only	T16-recovery-ops	audited component-only proof: preflight base
M8	M8-17a	Complete	component-only	T16-recovery-ops	audited component-only proof: preflight IAM IRSA
M8	M8-17b	Complete	component-only	T16-recovery-ops	audited component-only proof: preflight S3 KMS Secrets
M8	M8-17c	Complete	component-only	T16-recovery-ops	audited component-only proof: preflight SQS
M8	M8-17d	Complete	component-only	T16-recovery-ops	audited component-only proof: preflight OpenSearch
M8	M8-17e	Complete	component-only	T16-recovery-ops	audited component-only proof: preflight EKS Fargate
M8	M8-17	Complete	component-only	T16-recovery-ops	audited component-only proof: preflight AWS
M8	M8-18	Complete	component-only	T16-recovery-ops	audited component-only proof: preflight Neon/Stytch
M8	M8-19	Complete	component-only	T16-recovery-ops	audited component-only proof: preflight sensor
M8	M8-20a	Complete	production-available	T16-recovery-ops	v27 signed manifest schema is production-composed; combined E2E verifies scoped version-pinned artifacts and manifest-last publication
M8	M8-20b	Complete	production-available	T16-recovery-ops	recovery backup worker captures tenant configuration and exact PostgreSQL LSN under a fenced hold in combined E2E
M8	M8-20c	Complete	production-available	T16-recovery-ops	recovery backup worker captures version-pinned projection and evidence references with canonical UTC samples in combined E2E
M8	M8-20	Complete	production-available	T16-recovery-ops	public recovery API, agentsecctl, outbox, queue, backup worker, signed artifacts, and browser recovery are production-composed and pass combined E2E
M8	M8-21a	Complete	production-available	T16-recovery-ops	restore worker verifies the exact signed manifest and every pinned child artifact before use in combined E2E
M8	M8-21b	Complete	production-available	T16-recovery-ops	restore worker starts only an isolated non-source Neon branch and namespace through bounded injected production drivers in combined E2E
M8	M8-21c	Complete	production-available	T16-recovery-ops	public API, agentsecctl, and browser poll one durable restore through terminal state and reload in combined E2E
M8	M8-21d	Complete	production-available	T16-recovery-ops	restore validation proves exact asset, finding, policy, and projection rebuild digests in combined E2E
M8	M8-21e	Complete	production-available	T16-recovery-ops	restore cleanup runs under independent authority and retains deleted cleanup evidence in combined E2E
M8	M8-21	Complete	production-available	T16-recovery-ops	full tenant-scoped backup and restore rehearsal passes API, CLI, outbox, queue, workers, artifacts, browser reload, cross-tenant denial, and cleanup E2E
M8	M8-22a	Complete	component-only	T16-recovery-ops	audited component-only proof: upgrade version check
M8	M8-22b	Complete	component-only	T16-recovery-ops	audited component-only proof: upgrade migration check
M8	M8-22c	Complete	component-only	T16-recovery-ops	audited component-only proof: upgrade bundle check
M8	M8-22d	Complete	component-only	T16-recovery-ops	audited component-only proof: upgrade rollback check
M8	M8-22	Complete	component-only	T16-recovery-ops	audited component-only proof: upgrade preflight
M8	M8-23a	Complete	component-only	T16-recovery-ops	audited component-only proof: Start upgrade fixture
M8	M8-23b	Complete	component-only	T16-recovery-ops	audited component-only proof: Run upgrade
M8	M8-23c	Complete	component-only	T16-recovery-ops	audited component-only proof: Inject rollback condition
M8	M8-23d	Complete	component-only	T16-recovery-ops	audited component-only proof: Validate rollback state
M8	M8-23	Complete	component-only	T16-recovery-ops	audited component-only proof: upgrade rollback test
M8	M8-24	Complete	component-only	T16-recovery-ops	audited component-only proof: diagnostics bundle
M8	M8-25	Blocked	blocked/external	EXT-cloud-deploy	audited external evidence gate: real AWS parity IAM
M8	M8-26	Blocked	blocked/external	EXT-cloud-deploy	audited external evidence gate: real AWS parity storage
M8	M8-27	Blocked	blocked/external	EXT-cloud-deploy	audited external evidence gate: real AWS Fargate parity
M8	M8-28	Blocked	blocked/external	EXT-cloud-deploy	audited external evidence gate: Stytch outage test
M8	M8-29	Blocked	blocked/external	EXT-cloud-deploy	audited external evidence gate: Neon outage test
M8	M8-30	Blocked	blocked/external	EXT-cloud-deploy	audited external evidence gate: Nango outage test
M8	M8-31	Blocked	blocked/external	EXT-cloud-deploy	audited external evidence gate: optional vendor outage test
M8	M8-32	Blocked	blocked/external	EXT-cloud-deploy	audited external evidence gate: OpenSearch outage test
M8	M8-33	Blocked	blocked/external	EXT-cloud-deploy	audited external evidence gate: Neo4j outage test
M8	M8-34	Blocked	blocked/external	EXT-cloud-deploy	audited external evidence gate: SQS saturation test
M8	M8-35	Blocked	blocked/external	EXT-cloud-deploy	audited external evidence gate: runtime latency test
M8	M8-36a	Complete	component-only	T16-recovery-ops	audited component-only proof: API load scenario
M8	M8-36b	Blocked	blocked/external	EXT-cloud-deploy	audited external evidence gate: Run API load
M8	M8-36c	Complete	component-only	T16-recovery-ops	audited component-only proof: Evaluate API load
M8	M8-36	Blocked	blocked/external	EXT-cloud-deploy	audited external evidence gate: API reference load
M8	M8-37	Blocked	blocked/external	EXT-cloud-deploy	audited external evidence gate: graph bounded load
M8	M8-38a	Complete	component-only	T16-recovery-ops	audited component-only proof: Event load generator
M8	M8-38b	Blocked	blocked/external	EXT-cloud-deploy	audited external evidence gate: Run event floor load
M8	M8-38c	Complete	component-only	T16-recovery-ops	audited component-only proof: Evaluate event floor load
M8	M8-38	Blocked	blocked/external	EXT-cloud-deploy	audited external evidence gate: event floor load
M8	M8-39	Blocked	blocked/external	EXT-cloud-deploy	audited external evidence gate: sensor overhead measurement
M8	M8-40a	Complete	component-only	T16-recovery-ops	audited component-only proof: API tenant isolation security test
M8	M8-40b	Complete	component-only	T16-recovery-ops	audited component-only proof: graph tenant isolation security test
M8	M8-40c	Complete	component-only	T16-recovery-ops	audited component-only proof: OpenSearch tenant isolation security test
M8	M8-40d	Complete	component-only	T16-recovery-ops	audited component-only proof: S3 tenant isolation security test
M8	M8-40	Complete	component-only	T16-recovery-ops	audited component-only proof: Organization/Workspace isolation security result
M8	M8-41	Complete	component-only	T03-launch-connectors	connector-rejection-green-20260918/task-1-report.md and independent-review.md: mounted registered-role audit, real pgxpool/traced runtime, authority races and rollback cases pass; 48 affected Go race tests and pinned Node22 UI2136/types/lint/build pass; scoped independent spec/quality review approved; no migration/privilege change; local dispatch observations are not live egress proof and external publication gates remain open
M8	M8-42a	Complete	component-only	T14-data-workflows	audited component-only proof: log secret leakage test
M8	M8-42b	Complete	component-only	T14-data-workflows	audited component-only proof: PostHog secret leakage test
M8	M8-42c	Complete	component-only	T14-data-workflows	audited component-only proof: AI secret leakage test
M8	M8-42d	Complete	component-only	T14-data-workflows	audited component-only proof: OTLP secret leakage test
M8	M8-42e	Complete	component-only	T14-data-workflows	audited component-only proof: support bundle leakage test
M8	M8-42f	Complete	component-only	T14-data-workflows	audited component-only proof: evidence leakage policy test
M8	M8-42	Complete	component-only	T14-data-workflows	audited component-only proof: secret leakage security test
M8	M8-43	Complete	production-available	T06-runtime-data-plane	production evidence: composed gateway blocks before transport, rejects traversal and unsafe methods, and forwards only the fixed TLS authority after signed cleanup; focused race and combined E2E pass
M8	M8-44	Complete	production-available	T13-attack-lab	production evidence: fail-closed non-production sandbox, exact egress, bounded resources, no-sandbox cancellation and mandatory cleanup gates
M8	M8-45	Blocked	blocked/external	EXT-image-attestation	audited external evidence gate: SBOM generation
M8	M8-46	Blocked	blocked/external	EXT-image-attestation	audited external evidence gate: image signing
M8	M8-47	Complete	component-only	T15-deployment	Local release containment blocks unavailable scanner evidence; vulnerability-exception-20260918/report.md and independent-review.md approve strict UTC expiry correction with behavioralRED, fivefocusedGREEN and elevenaffectedracePASS; evaluator still has only testcallers, no approved scanner/reportacceptance wiring; exact-input dependency and built-image scan evidence and publication remain open; see2026-09-15-offline-audit-gate-gap.md
M8	M8-48	Complete	production-available	PROD-current-composition	audited shipped composition: license/subprocessor inventory
M8	M8-49	Complete	production-available	PROD-current-composition	audited shipped composition: HIPAA profile test
M8	M8-50	Complete	production-available	PROD-current-composition	audited shipped composition: SOC2 evidence checklist
M8	M8-51a	Blocked	blocked/external	EXT-cloud-deploy	audited external evidence gate: Golden stage deploy/discover
M8	M8-51b	Blocked	blocked/external	EXT-cloud-deploy	audited external evidence gate: Golden stage exposure/test
M8	M8-51c	Blocked	blocked/external	EXT-cloud-deploy	audited external evidence gate: Golden stage Attack Lab
M8	M8-51d	Blocked	blocked/external	EXT-cloud-deploy	audited external evidence gate: Golden stage policy/retest
M8	M8-51e	Blocked	blocked/external	EXT-cloud-deploy	audited external evidence gate: Golden stage investigate/audit
M8	M8-51	Blocked	blocked/external	EXT-cloud-deploy	audited external evidence gate: golden E2E
M8	M8-52a	Blocked	blocked/external	EXT-human-observation	audited external evidence gate: Usability fresh-install setup
M8	M8-52b	Blocked	blocked/external	EXT-human-observation	audited external evidence gate: Usability install observation
M8	M8-52c	Blocked	blocked/external	EXT-human-observation	audited external evidence gate: Usability failure diagnosis
M8	M8-52d	Blocked	blocked/external	EXT-human-observation	audited external evidence gate: Usability diagnostics observation
M8	M8-52	Blocked	blocked/external	EXT-human-observation	audited external evidence gate: single-tenant install usability test
M8	M8-53	Blocked	blocked/external	EXT-human-observation	audited external evidence gate: design-partner value gate
M8	M8-55	Complete	production-available	PROD-current-composition	audited shipped composition: SaaS values profile
M8	M8-56	Complete	component-only	T15-deployment	audited component-only proof: single-tenant values profile
M8	M8-57a	Complete	production-available	T15-deployment	customer-edge values render exact-pinned Tetragon plus the sensor adapter and no hosted control-plane workload; release render gate 20/20 at b0caf99
M8	M8-57b	Complete	production-available	T15-deployment	customer-edge values render runtime gateway, durable local policy cache, and bounded SaaS destination with no Neon or graph dependency; release render gate 20/20 at b0caf99
M8	M8-57c	Complete	production-available	T15-deployment	customer-edge render requires scoped Organization, Workspace, Environment, device, and secret references without plaintext credentials; release render gate 20/20 at b0caf99
M8	M8-57	Complete	production-available	T15-deployment	supported customer-edge profile composes only runtime gateway, sensor adapter, and Tetragon with no hosted web, API, database, graph, or Nango dependency; release render gate 20/20 at b0caf99
M8	M8-58a	Complete	component-only	T16-recovery-ops	audited component-only proof: SaaS quota load fixture
M8	M8-58b	Blocked	blocked/external	EXT-cloud-deploy	audited external evidence gate: SaaS quota load trigger
M8	M8-58	Blocked	blocked/external	EXT-cloud-deploy	audited external evidence gate: SaaS Organization quota result
M8	M8-59a1	Complete	component-only	T16-recovery-ops	audited component-only proof: SaaS isolation API/Neon fixture references
M8	M8-59a2	Complete	component-only	T16-recovery-ops	audited component-only proof: SaaS isolation graph/search fixture references
M8	M8-59a3	Complete	component-only	T16-recovery-ops	audited component-only proof: SaaS isolation S3/queue fixture references
M8	M8-59a	Complete	component-only	T16-recovery-ops	audited component-only proof: SaaS tenant isolation release fixture
M8	M8-59b	Blocked	blocked/external	EXT-cloud-deploy	audited external evidence gate: SaaS tenant isolation trigger
M8	M8-59	Blocked	blocked/external	EXT-cloud-deploy	audited external evidence gate: SaaS tenant isolation result
M8	M8-60a	Complete	component-only	T16-recovery-ops	audited component-only proof: SaaS golden fixture
M8	M8-60b	Blocked	blocked/external	EXT-cloud-deploy	audited external evidence gate: SaaS golden trigger
M8	M8-60	Blocked	blocked/external	EXT-cloud-deploy	audited external evidence gate: SaaS golden result
M8	M8-61a	Blocked	blocked/external	EXT-cloud-deploy	audited external evidence gate: single-tenant golden trigger
M8	M8-61	Blocked	blocked/external	EXT-cloud-deploy	audited external evidence gate: single-tenant golden result
M8	M8-62a	Blocked	blocked/external	EXT-human-observation	audited external evidence gate: SaaS first-Admin bootstrap usability
M8	M8-62b	Blocked	blocked/external	EXT-human-observation	audited external evidence gate: SaaS AWS setup usability
M8	M8-62c	Blocked	blocked/external	EXT-human-observation	audited external evidence gate: SaaS Kubernetes setup usability
M8	M8-62d	Blocked	blocked/external	EXT-human-observation	audited external evidence gate: SaaS GitHub setup usability
M8	M8-62e	Blocked	blocked/external	EXT-human-observation	audited external evidence gate: SaaS launch-IdP setup usability
M8	M8-62	Blocked	blocked/external	EXT-human-observation	audited external evidence gate: SaaS onboarding usability result
M8	M8-63a	Blocked	blocked/external	EXT-cloud-deploy	audited external evidence gate: SaaS DR recovery fixture
M8	M8-63b	Blocked	blocked/external	EXT-cloud-deploy	audited external evidence gate: SaaS DR start recovery
M8	M8-63c	Blocked	blocked/external	EXT-cloud-deploy	audited external evidence gate: SaaS DR inspect core recovery
M8	M8-63d	Blocked	blocked/external	EXT-cloud-deploy	audited external evidence gate: SaaS DR rebuild derived stores
M8	M8-63e	Blocked	blocked/external	EXT-cloud-deploy	audited external evidence gate: SaaS DR measure objectives
M8	M8-63	Blocked	blocked/external	EXT-cloud-deploy	audited external evidence gate: SaaS DR gate
M8	M8-54	Blocked	blocked/external	EXT-cloud-deploy	audited external evidence gate: M8 release gate
